name,mobile,email,password,taluka,district,companyName
Amol Holkar,8083075899,taranganoilmills@nexora.in,buy123,Buldhana,Buldhana,Tarangan Oil Mills Pvt Ltd
Nitin Randhawa,6381388131,shrishticottonmi@nexora.in,buy123,Telhara,Akola,Shrishti Cotton Mills Ltd
Gopichand Fadnavis,8754164931,tapifisheriespvt@nexora.in,buy123,Devgad,Sindhudurg,Tapi Fisheries Pvt Ltd
Vishal Joshi,9459960185,padmavatisoyapro2@nexora.in,buy123,Sengaon,Hingoli,Padmavati Soya Processors
Rahul Wagh,7179156572,vitthalchikooexp@nexora.in,buy123,Vikramgad,Palghar,Vitthal Chikoo Exports
Umesh Sable,7699832629,shivshaktiwinesp@nexora.in,buy123,Velhe,Pune,Shivshakti Wines Pvt Ltd
Namdev Bhagat,6012996727,krantihaldiudyog@nexora.in,buy123,Bhokar,Nanded,Kranti Haldi Udyog
Neelam Ubale,9646727204,panchgangavineya@nexora.in,buy123,Malegaon,Nashik,Panchganga Vineyards
Chandrakant Patil,6950830273,chandraagrotradi@nexora.in,buy123,Andheri,Mumbai Suburban,Chandra Agro Trading Co.
Yogesh Lokhande,6371433070,mulamuthacottont2@nexora.in,buy123,Ashti,Beed,Mula-Mutha Cotton Traders
Rupali Gawali,9375695053,sahyadritextiles2@nexora.in,buy123,Mudkhed,Nanded,Sahyadri Textiles Pvt Ltd
Vasant Shelke,7812646446,marathagrainsmai@nexora.in,buy123,Talode,Nandurbar,Maratha Grains & Maize Traders
Santosh Lokhande,6081435225,shreericemills2@nexora.in,buy123,Jawhar,Palghar,Shree Rice Mills
Popat Chavan,9961797598,annapurnasahakar@nexora.in,buy123,Kadegaon,Sangli,Annapurna Sahakari Sakhar Karkhana
Vinod Jagtap,6067471387,konkansoyaproces@nexora.in,buy123,Mangrulpir,Washim,Konkan Soya Processors
Gopal Joshi,6402503024,ghodseedspvtltd@nexora.in,buy123,Jalna,Jalna,Ghod Seeds Pvt Ltd
Sunil Dhumal,9813298657,bhairavnathfresh2@nexora.in,buy123,Thane,Thane,Bhairavnath Fresh Vegetable Traders
Dattatray Jadhav,6119252000,waingangacottonm@nexora.in,buy123,Chikhli,Buldhana,Wainganga Cotton Mills Ltd
Tanaji Solanke,9737387899,padmavatisoyapro3@nexora.in,buy123,Balapur,Akola,Padmavati Soya Processors
Yogesh Pawar,8947461400,manaspapayaexpor@nexora.in,buy123,Navapur,Nandurbar,Manas Papaya Exports
Vinod Randhawa,7541065202,ghodsahakarisakh@nexora.in,buy123,Karad,Satara,Ghod Sahakari Sakhar Karkhana
Dattatray Ghorpade,9456129675,saraswatifoodgra@nexora.in,buy123,Deori,Gondia,Saraswati Foodgrains Pvt Ltd
Dattatray Holkar,6526767495,tirupaticottonmi@nexora.in,buy123,Dhamangaon,Amravati,Tirupati Cotton Mills Ltd
Bapurao Yadav,8789333312,panchgangacitrus@nexora.in,buy123,Arvi,Wardha,Panchganga Citrus Exports Pvt Ltd
Rajesh Gadhave,7525950844,malharcitrusexpo@nexora.in,buy123,Achalpur,Amravati,Malhar Citrus Exports Pvt Ltd
Rekha Shelke,8145285828,sureshsweetsfood@nexora.in,buy123,Ambad,Jalna,Suresh Sweets & Foods Pvt Ltd
Ganesh Gaikwad,6631175123,shubhamagroindus2@nexora.in,buy123,Renapur,Latur,Shubham Agro Industries
Archana Rathod,7025332872,shubhamricetrade@nexora.in,buy123,Mohadi,Bhandara,Shubham Rice Traders Pvt Ltd
Tanaji Fadnavis,7707765980,jaihindfreshgrap@nexora.in,buy123,Junnar,Pune,Jaihind Fresh Grapes Exports
Anjali Khedkar,9043769522,deccanseafoodexp2@nexora.in,buy123,Ratnagiri,Ratnagiri,Deccan Seafood Exports Co.
Pooja Fadnavis,9724337187,sarthihapusexpor@nexora.in,buy123,Alibag,Raigad,Sarthi Hapus Exports Pvt Ltd
Nitin Ghorpade,9863743730,shreeramseedspvt@nexora.in,buy123,Badnapur,Jalna,Shreeram Seeds Pvt Ltd
Prakash Kulkarni,8478785998,rajlaxmisugarspv@nexora.in,buy123,Palus,Sangli,Rajlaxmi Sugars Pvt Ltd
Mahendra Thorat,9760325590,amrutfruittrader2@nexora.in,buy123,Raver,Jalgaon,Amrut Fruit Traders Pvt Ltd
Mangesh Mahajan,6197423293,sahakarsantratra@nexora.in,buy123,Mouda,Nagpur,Sahakar Santra Traders
Jyoti Waghmare,9910141187,manasagroexports@nexora.in,buy123,Mahabaleshwar,Satara,Manas Agro Exports Pvt Ltd
Mahendra Chougule,6589379474,khandobagrainsma@nexora.in,buy123,Navapur,Nandurbar,Khandoba Grains & Maize Traders
Ravindra Chougule,8664551240,girnarsoyaproces2@nexora.in,buy123,Akot,Akola,Girnar Soya Processors
Shobha Randhawa,6537186480,ekviraspicetrade@nexora.in,buy123,Radhanagari,Kolhapur,Ekvira Spice Traders
Deepak Randhawa,9427173394,saraswaticottont@nexora.in,buy123,Arvi,Wardha,Saraswati Cotton Traders
Sunita Kulkarni,7298304943,kundacitrusexpor@nexora.in,buy123,Kuhi,Nagpur,Kunda Citrus Exports Pvt Ltd
Sunil Shinde,6590830166,krantimangotrade@nexora.in,buy123,Kankavli,Sindhudurg,Kranti Mango Traders
Kiran Jagtap,7312581535,shreeramseafoode@nexora.in,buy123,Dahanu,Palghar,Shreeram Seafood Exports Co.
Prakash Borate,7712681096,jagdambaagroexpo@nexora.in,buy123,Shahapur,Thane,Jagdamba Agro Exports Pvt Ltd
Mahendra Ghadge,6304057511,bhairavgadsoyapr@nexora.in,buy123,Ausa,Latur,Bhairavgad Soya Processors
Jyoti Patil,6969783309,padmavatiricemil2@nexora.in,buy123,Lakhani,Bhandara,Padmavati Rice Mills
Eknath Chougule,8143110020,marathasugarmill@nexora.in,buy123,Bhor,Pune,Maratha Sugar Mills Ltd
Eknath Holkar,8147008945,sahakarsugarfact@nexora.in,buy123,Karmala,Solapur,Sahakar Sugar Factory
Nitin Jadhav,7754263843,pragatifoodsexpo@nexora.in,buy123,Dadar,Mumbai City,Pragati Foods & Exports Pvt Ltd
Shivaji Deshpande,9035979359,nutansoyaprocess@nexora.in,buy123,Purna,Parbhani,Nutan Soya Processors
Archana Gaikwad,6848910799,suryaagroexports2@nexora.in,buy123,Kalyan,Thane,Surya Agro Exports Pvt Ltd
Rupali Mahajan,9320008062,jaihindgroundnut@nexora.in,buy123,Parola,Jalgaon,Jaihind Groundnut Traders
Ajit Deshpande,8842049193,ajinkyamangotrad@nexora.in,buy123,Talasari,Palghar,Ajinkya Mango Traders
Amol Shelke,7736350921,girnarcottontrad@nexora.in,buy123,Seloo,Wardha,Girnar Cotton Traders
Shivaji Borate,8079593718,panchvaticottonm@nexora.in,buy123,Umarkhed,Yavatmal,Panchvati Cotton Mills Ltd
Sachin Rathod,6696892701,jaibhavanisoybea@nexora.in,buy123,Manwath,Parbhani,Jai Bhavani Soybean Traders
Mahendra Yadav,6966766014,kisansugarfactor2@nexora.in,buy123,Pandharpur,Solapur,Kisan Sugar Factory
Raghunath Chougule,7002935011,shreefisheriespv2@nexora.in,buy123,Guhagar,Ratnagiri,Shree Fisheries Pvt Ltd
Namdev Gawali,9432177291,someshwarricetra2@nexora.in,buy123,Khalapur,Raigad,Someshwar Rice Traders Pvt Ltd
Yogesh Ghorpade,8738738918,ekvirasoyaproces@nexora.in,buy123,Ghatanji,Yavatmal,Ekvira Soya Processors
Kalpana More,8826873057,karhaagrotechpvt@nexora.in,buy123,Andheri,Mumbai Suburban,Karha AgroTech Pvt Ltd
Rupali Sathe,7713123019,vaishnaviorangep@nexora.in,buy123,Nandgaon Khandeshwar,Amravati,Vaishnavi Orange Processing Co.
Chandrakant Thorat,8170471874,khandobaricemill@nexora.in,buy123,Kalyan,Thane,Khandoba Rice Mills
Bapurao Chavan,9877038763,mulamuthaseafood@nexora.in,buy123,Devgad,Sindhudurg,Mula-Mutha Seafood Exports Co.
Anand Borate,8460475375,shrishtispicetra@nexora.in,buy123,Aundha Nagnath,Hingoli,Shrishti Spice Traders
Gopal Chavan,7482480854,karhasahakarisak2@nexora.in,buy123,Haveli,Pune,Karha Sahakari Sakhar Karkhana
Manohar Kadam,9523682991,padmavatioilmill@nexora.in,buy123,Mangrulpir,Washim,Padmavati Oil Mills Pvt Ltd
Pravin Bhagat,6077158072,santtukaramcopra@nexora.in,buy123,Sudhagad-Pali,Raigad,Sant Tukaram Copra & Oil Mills
Pooja More,9587416228,ashokacottontrad@nexora.in,buy123,Wardha,Wardha,Ashoka Cotton Traders
Ravindra Gadhave,7859003144,jaihindturmericp@nexora.in,buy123,Risod,Washim,Jaihind Turmeric Processing Co.
Gopal Thorat,8772159770,bhogawatiagroind2@nexora.in,buy123,Telhara,Akola,Bhogawati Agro Industries
Santosh Mahajan,9724645519,pravaraguludyog@nexora.in,buy123,Bhudargad,Kolhapur,Pravara Gul Udyog
Santosh Ghorpade,9163976486,ganrajkajuudyog@nexora.in,buy123,Mandangad,Ratnagiri,Ganraj Kaju Udyog
Milind Rathod,8351520642,shreeramraisintr@nexora.in,buy123,Miraj,Sangli,Shreeram Raisin Traders
Nitin Dhumal,8816084749,shivneriagroindu@nexora.in,buy123,Aundha Nagnath,Hingoli,Shivneri Agro Industries
Shrikant Kale,9363576688,someshwaronionve@nexora.in,buy123,Baglan,Nashik,Someshwar Onion & Vegetable Traders
Chandrakant Gawali,6165068709,adityaricemills@nexora.in,buy123,Chimur,Chandrapur,Aditya Rice Mills
Madhuri Ubale,7009693464,sahyadrifoodsexp2@nexora.in,buy123,Andheri,Mumbai Suburban,Sahyadri Foods & Exports Pvt Ltd
Vandana Khedkar,6193339803,ajinkyasoyaproce@nexora.in,buy123,Jalkot,Latur,Ajinkya Soya Processors
Jyoti Nalawade,7362553488,krishnavalleyoil@nexora.in,buy123,Chandur,Amravati,Krishna Valley Oil Mills Pvt Ltd
Eknath Nalawade,7572105983,karharicetraders@nexora.in,buy123,Nagbhid,Chandrapur,Karha Rice Traders Pvt Ltd
Suresh Jagtap,7837989284,shrishtitextiles@nexora.in,buy123,Ashti,Wardha,Shrishti Textiles Pvt Ltd
Madhuri Wagh,6219351982,shrishtispicetra3@nexora.in,buy123,Shirala,Sangli,Shrishti Spice Traders
Vishal Chavan,9631842072,ganeshcooperativ@nexora.in,buy123,Osmanabad,Dharashiv (Osmanabad),Ganesh Cooperative Sugar Karkhana
Ravindra Vhatkar,6926791370,mulahapusexports@nexora.in,buy123,Sudhagad-Pali,Raigad,Mula Hapus Exports Pvt Ltd
Balasaheb Jadhav,7517732814,priyastrawberryj@nexora.in,buy123,Khatav,Satara,Priya Strawberry Jam Ltd
Vandana Bhosale,8930609263,bhagwanforestpro@nexora.in,buy123,Bhadravati,Chandrapur,Bhagwan Forest Produce Traders
Ramesh Zaware,9668364507,taranganchikooex@nexora.in,buy123,Talasari,Palghar,Tarangan Chikoo Exports
Ramesh Ghadge,8918426535,shreeramfreshveg@nexora.in,buy123,Peth,Nashik,Shreeram Fresh Vegetable Exports Pvt Ltd
Pravin Hande,9333335064,utkarshaagrotech@nexora.in,buy123,Bandra,Mumbai Suburban,Utkarsha AgroTech Pvt Ltd
Ramesh Hande,8447133809,shreesugarspvtlt@nexora.in,buy123,Miraj,Sangli,Shree Sugars Pvt Ltd
Seema Jadhav,6816701210,digvijaysuparitr@nexora.in,buy123,Vengurla,Sindhudurg,Digvijay Supari Traders
Namdev Randhawa,9247148805,panchgangaagroex@nexora.in,buy123,Malegaon,Nashik,Panchganga Agro Exports
Kiran Randhawa,6255380284,nutanagriseedsco@nexora.in,buy123,Vaijapur,Chhatrapati Sambhajinagar (Aurangabad),Nutan Agri Seeds Co.
Dattatray Thorat,7353965042,bhogawaticashewe@nexora.in,buy123,Vaibhavwadi,Sindhudurg,Bhogawati Cashew Exports Pvt Ltd
Rupali Gawali,9458367643,sanmantenduleave@nexora.in,buy123,Korchi,Gadchiroli,Sanman Tendu Leaves Co.
Vishal Takawale,6289481737,konkancottonginn@nexora.in,buy123,Phulambri,Chhatrapati Sambhajinagar (Aurangabad),Konkan Cotton Ginning & Pressing
Baburao Powar,6257542573,sinhagadsahakari@nexora.in,buy123,Khatav,Satara,Sinhagad Sahakari Sakhar Karkhana
Sunil Chavan,6972082734,kaverisahakarisa@nexora.in,buy123,Patoda,Beed,Kaveri Sahakari Sakhar Karkhana
Namdev More,7132328489,chandracottonmil2@nexora.in,buy123,Dharmabad,Nanded,Chandra Cotton Mills Ltd
Vijay Bhosale,6978262874,jaihindsoybeantr@nexora.in,buy123,Jalkot,Latur,Jaihind Soybean Traders
Neelam Deshpande,8077527536,vitthalraisintra@nexora.in,buy123,Atpadi,Sangli,Vitthal Raisin Traders
Jyoti Salunkhe,6202743958,ekvirasunflowert@nexora.in,buy123,Ashti,Beed,Ekvira Sunflower Traders
Kavita Holkar,7928548827,rajgadoilmillspv2@nexora.in,buy123,Chikhli,Buldhana,Rajgad Oil Mills Pvt Ltd
Rajesh Kale,8588471464,sinhagadagriseed@nexora.in,buy123,Ghansawangi,Jalna,Sinhagad Agri Seeds Co.
Deepak Fadnavis,7785225629,shivneritendulea@nexora.in,buy123,Mulchera,Gadchiroli,Shivneri Tendu Leaves Co.
Milind Holkar,6454726013,sahyadrisantratr@nexora.in,buy123,Nagpur Urban,Nagpur,Sahyadri Santra Traders
Shobha Bhagat,7946869580,ekvirasahakarisa@nexora.in,buy123,Solapur North,Solapur,Ekvira Sahakari Sakhar Karkhana
Chandrakant Rane,9232881660,chandrahaldiudyo@nexora.in,buy123,Manora,Washim,Chandra Haldi Udyog
Kalpana Fadnavis,9683682707,khandobaagroexpo@nexora.in,buy123,Bhiwandi,Thane,Khandoba Agro Exports Pvt Ltd
Mangesh Chougule,7817181463,mulamuthasoybean@nexora.in,buy123,Karanja,Washim,Mula-Mutha Soybean Traders
Shivaji Yadav,7325365936,kedareshwarbanan@nexora.in,buy123,Chalisgaon,Jalgaon,Kedareshwar Banana Exports
Shrikant Gawali,9797657605,tuljabhavanifrui@nexora.in,buy123,Akkalkuwa,Nandurbar,Tulja Bhavani Fruit Traders Pvt Ltd
Anjali Nalawade,7604798907,panchvatiorangep@nexora.in,buy123,Katol,Nagpur,Panchvati Orange Processing Co.
Shobha Rathod,6685005487,sanmancopraoilmi@nexora.in,buy123,Uran,Raigad,Sanman Copra & Oil Mills
Gopal Shelke,9330986567,omagriseedsco@nexora.in,buy123,Ambad,Jalna,Om Agri Seeds Co.
Vandana Hande,7406558194,nilkanthgroundnu@nexora.in,buy123,Amalner,Jalgaon,Nilkanth Groundnut Traders
Milind Damle,8656832164,bhogawaticottont@nexora.in,buy123,Malegaon,Washim,Bhogawati Cotton Traders
Jyoti Thorat,8846968636,konkansugarfacto2@nexora.in,buy123,Aurangabad,Chhatrapati Sambhajinagar (Aurangabad),Konkan Sugar Factory
Balasaheb Gawali,8030694151,yashwantcashewex@nexora.in,buy123,Vengurla,Sindhudurg,Yashwant Cashew Exports Pvt Ltd
Archana Nikam,7973368870,uttamcottontrade@nexora.in,buy123,Hinganghat,Wardha,Uttam Cotton Traders
Madhuri Powar,9561314819,swarajcitrusexpo@nexora.in,buy123,Chikhaldara,Amravati,Swaraj Citrus Exports Pvt Ltd
Tanaji Randhawa,6779996462,priyacottonginni@nexora.in,buy123,Talode,Nandurbar,Priya Cotton Ginning & Pressing
Ramesh Lokhande,8337501019,yashwantagrotech2@nexora.in,buy123,Parel,Mumbai City,Yashwant AgroTech Pvt Ltd
Rupali Borate,8046694536,vaibhavsweetsfoo@nexora.in,buy123,Kannad,Chhatrapati Sambhajinagar (Aurangabad),Vaibhav Sweets & Foods Pvt Ltd
Manisha Jadhav,6310535166,anjaliricemills@nexora.in,buy123,Nagbhid,Chandrapur,Anjali Rice Mills
Rekha Shelke,7436320550,vitthalfoodgrain@nexora.in,buy123,Tiroda,Gondia,Vitthal Foodgrains Pvt Ltd
Snehal Nalawade,7997048172,vitthalbetelnute@nexora.in,buy123,Mahad,Raigad,Vitthal Betelnut Exports
Tanaji Yadav,8026859952,mahindrakajuudyo@nexora.in,buy123,Sangameshwar,Ratnagiri,Mahindra Kaju Udyog
Sachin Vhatkar,7641186077,someshwarfisheri@nexora.in,buy123,Rajapur,Ratnagiri,Someshwar Fisheries Pvt Ltd
Chandrakant Hande,8623710447,jagdambasugarspv@nexora.in,buy123,Bhum,Dharashiv (Osmanabad),Jagdamba Sugars Pvt Ltd
Kiran Jagtap,9972051052,girnartextilespv@nexora.in,buy123,Buldhana,Buldhana,Girnar Textiles Pvt Ltd
Rajesh Jadhav,6056613905,purnavalleysitap@nexora.in,buy123,Majalgaon,Beed,Purna Valley Sitaphal Traders
Meera Lokhande,7522239689,sinhagadricetrad@nexora.in,buy123,Gondia,Gondia,Sinhagad Rice Traders Pvt Ltd
Shobha Dhumal,9694928371,kaverijaggerytra@nexora.in,buy123,Chandgad,Kolhapur,Kaveri Jaggery Traders
Manohar Shinde,8616156556,yashwantcottonmi@nexora.in,buy123,Balapur,Akola,Yashwant Cotton Mills Ltd
Anand More,7599050262,jagdambaalphonso@nexora.in,buy123,Ambarnath,Thane,Jagdamba Alphonso Exports
Mahendra Pawar,7641099335,ekvirafoodgrains@nexora.in,buy123,Pombhurna,Chandrapur,Ekvira Foodgrains Pvt Ltd
Rahul Wagh,9519456484,samruddhicottont2@nexora.in,buy123,Kandhar,Nanded,Samruddhi Cotton Traders
Sunita Ghadge,9709682506,sahakaroilmillsp@nexora.in,buy123,Telhara,Akola,Sahakar Oil Mills Pvt Ltd
Mangesh Borate,6095110723,vishwasagroexpor2@nexora.in,buy123,Thane,Thane,Vishwas Agro Exports Pvt Ltd
Ganesh Ghorpade,9541819392,lokmangalagrotec@nexora.in,buy123,Byculla,Mumbai City,Lokmangal AgroTech Pvt Ltd
Vandana Deshmukh,8207940536,kaverioilmillspv@nexora.in,buy123,Mehkar,Buldhana,Kaveri Oil Mills Pvt Ltd
Kavita Chougule,7404735361,ekviracottonginn@nexora.in,buy123,Arvi,Wardha,Ekvira Cotton Ginning & Pressing
Dilip Dhumal,8283108602,tapitomatotrader@nexora.in,buy123,Baglan,Nashik,Tapi Tomato Traders
Snehal Kulkarni,9609310202,mahindraanartrad@nexora.in,buy123,Malshiras,Solapur,Mahindra Anar Traders
Shankar Ghorpade,8191305615,navnathdalmills@nexora.in,buy123,Nilanga,Latur,Navnath Dal Mills
Vandana Yadav,6607056782,jaihindcottontra4@nexora.in,buy123,Lonar,Buldhana,Jaihind Cotton Traders
Archana Sable,9425494421,priyasoybeantrad@nexora.in,buy123,Mangrulpir,Washim,Priya Soybean Traders
Vinod Wagh,6149318155,rajhanscooperati@nexora.in,buy123,Beed,Beed,Rajhans Cooperative Sugar Karkhana
Deepak Waghmare,6285805601,shivneritextiles@nexora.in,buy123,Sakri,Dhule,Shivneri Textiles Pvt Ltd
Swati Kadam,6178711352,saraswatiagrisee@nexora.in,buy123,Mantha,Jalna,Saraswati Agri Seeds Co.
Dattatray Pawar,7321819975,chandraricemills3@nexora.in,buy123,Dahanu,Palghar,Chandra Rice Mills
Jyoti Deshmukh,7698595004,swarajalphonsoex@nexora.in,buy123,Mokhada,Palghar,Swaraj Alphonso Exports
Amol Nikam,9696472518,kalikacottontrad@nexora.in,buy123,Mangrulpir,Washim,Kalika Cotton Traders
Eknath Kale,9569762929,khandobacashewpr@nexora.in,buy123,Guhagar,Ratnagiri,Khandoba Cashew Processors
Amol Deshpande,7710661886,balajiagroexport@nexora.in,buy123,Daund,Pune,Balaji Agro Exports Pvt Ltd
Ajit Kulkarni,8136934031,vijayricemills@nexora.in,buy123,Bramhapuri,Chandrapur,Vijay Rice Mills
Sarika Hande,8548018485,vaibhavsantratra@nexora.in,buy123,Warud,Amravati,Vaibhav Santra Traders
Anita Waghmare,9074101239,mulatextilespvtl3@nexora.in,buy123,Kelapur,Yavatmal,Mula Textiles Pvt Ltd
Ravindra Patil,8476378811,konkanfreshveget@nexora.in,buy123,Koregaon,Satara,Konkan Fresh Vegetable Traders
Deepak Kale,6927205433,deccancottontrad@nexora.in,buy123,Ballarpur,Chandrapur,Deccan Cotton Traders
Rupali Lokhande,6993502899,shreeorangeproce@nexora.in,buy123,Chandurbazar,Amravati,Shree Orange Processing Co.
Yogesh Rathod,8982956430,tuljabhavanitext@nexora.in,buy123,Barshitakli,Akola,Tulja Bhavani Textiles Pvt Ltd
Snehal Randhawa,8458451560,vinayakricemills@nexora.in,buy123,Lakhandur,Bhandara,Vinayak Rice Mills
Pooja Gaikwad,9656245126,ghodricemills@nexora.in,buy123,Gondia,Gondia,Ghod Rice Mills
Manohar Rane,8235503650,lokmangalcottonm@nexora.in,buy123,Sakri,Dhule,Lokmangal Cotton Mills Ltd
Bapurao Damle,8969295199,vitthalsoybeantr3@nexora.in,buy123,Karanja,Washim,Vitthal Soybean Traders
Manohar Sable,8712715347,vijayseafoodexpo@nexora.in,buy123,Khalapur,Raigad,Vijay Seafood Exports Co.
Ramesh Ghorpade,7092960312,anjalicooperativ@nexora.in,buy123,Parli,Beed,Anjali Cooperative Sugar Karkhana
Vandana More,8832237035,laxmiguludyog@nexora.in,buy123,Chandgad,Kolhapur,Laxmi Gul Udyog
Raghunath Rathod,8368981187,tapicottonmillsl4@nexora.in,buy123,Risod,Washim,Tapi Cotton Mills Ltd
Kavita Jagtap,8295541025,bhairavgadcooper@nexora.in,buy123,Akole,Ahilyanagar (Ahmednagar),Bhairavgad Cooperative Sugar Karkhana
Pooja Chavan,6822346530,malharmilkproduc@nexora.in,buy123,Pathardi,Ahilyanagar (Ahmednagar),Malhar Milk Producers Co.
Prashant Sathe,7727903168,pravarafoodsexpo@nexora.in,buy123,Borivali,Mumbai Suburban,Pravara Foods & Exports Pvt Ltd
Neelam Nalawade,6478661827,chandraagrofoods@nexora.in,buy123,Nandurbar,Nandurbar,Chandra Agro Foods Pvt Ltd
Prashant Gaikwad,9644669725,pavanaturmericpr@nexora.in,buy123,Purna,Parbhani,Pavana Turmeric Processing Co.
Vinod Deshmukh,9936052575,vitthaltextilesp2@nexora.in,buy123,Shahada,Nandurbar,Vitthal Textiles Pvt Ltd
Anjali Bhagat,9115630434,panchvatisugarsp@nexora.in,buy123,Kaij,Beed,Panchvati Sugars Pvt Ltd
Snehal Hande,9536076311,aishwaryacashewp@nexora.in,buy123,Dapoli,Ratnagiri,Aishwarya Cashew Processors
Mahendra Salunkhe,7854405713,shivshaktionionv@nexora.in,buy123,Velhe,Pune,Shivshakti Onion & Vegetable Traders
Balasaheb Ghorpade,9592006280,ganeshfoodgrains3@nexora.in,buy123,Arjuni-Morgaon,Gondia,Ganesh Foodgrains Pvt Ltd
Shankar Suryawanshi,9236403855,samratcottonginn@nexora.in,buy123,Raver,Jalgaon,Samrat Cotton Ginning & Pressing
Anjali Damle,6470801875,konkankelavyapar@nexora.in,buy123,Pandharpur,Solapur,Konkan Kela Vyapari
Kavita Suryawanshi,8960424476,shubhampapayaexp@nexora.in,buy123,Dhadgaon,Nandurbar,Shubham Papaya Exports
Anita Kulkarni,9592316351,malharspicetrade2@nexora.in,buy123,Sailu,Parbhani,Malhar Spice Traders
Suresh Shinde,7166343529,suvarnacopraoilm@nexora.in,buy123,Mahad,Raigad,Suvarna Copra & Oil Mills
Archana Shinde,8962436584,vaibhavraisintra@nexora.in,buy123,Khanapur,Sangli,Vaibhav Raisin Traders
Milind Jadhav,7902047503,sinnaroniontrade@nexora.in,buy123,Deola,Nashik,Sinnar Onion Traders
Rahul Deshpande,6331056935,shivnerialphonso@nexora.in,buy123,Lanja,Ratnagiri,Shivneri Alphonso Exports
Archana Sable,8328842918,rajlaxmifreshveg@nexora.in,buy123,Shahapur,Thane,Rajlaxmi Fresh Vegetable Traders
Madhuri More,7925750905,chhatrapatitexti@nexora.in,buy123,Erandol,Jalgaon,Chhatrapati Textiles Pvt Ltd
Shobha Vhatkar,8422144562,konkankelavyapar2@nexora.in,buy123,Chopda,Jalgaon,Konkan Kela Vyapari
Seema Waghmare,7493612459,jaihindricetrade@nexora.in,buy123,Salekasa,Gondia,Jaihind Rice Traders Pvt Ltd
Bharat Bhagat,6307830923,sahyadriricetrad@nexora.in,buy123,Ambarnath,Thane,Sahyadri Rice Traders Pvt Ltd
Sopan Dhumal,8567902235,samruddhimangotr@nexora.in,buy123,Khed,Ratnagiri,Samruddhi Mango Traders
Eknath Rathod,7151380319,purnavalleycashe2@nexora.in,buy123,Devgad,Sindhudurg,Purna Valley Cashew Processors
Vishal Chavan,9851404121,godavaricooperat2@nexora.in,buy123,Chandgad,Kolhapur,Godavari Cooperative Sugar Karkhana
Kalpana Patil,8901547382,amrutasugarfacto@nexora.in,buy123,Purandhar,Pune,Amruta Sugar Factory
Ganesh Ghadge,7988217673,ganeshkajuudyog@nexora.in,buy123,Khed,Ratnagiri,Ganesh Kaju Udyog
Shobha Gadhave,7427766144,rajmatapulsestra@nexora.in,buy123,Nilanga,Latur,Rajmata Pulses Traders Pvt Ltd
Vijay Rane,9754257692,marathafisheries@nexora.in,buy123,Guhagar,Ratnagiri,Maratha Fisheries Pvt Ltd
Sunil Powar,8486057293,ghodsugarfactory@nexora.in,buy123,Bhor,Pune,Ghod Sugar Factory
Sunita Nalawade,6255608112,digvijaysoyaproc2@nexora.in,buy123,Tuljapur,Dharashiv (Osmanabad),Digvijay Soya Processors
Manohar Patil,8640560620,vaishnavifruitpr@nexora.in,buy123,Khatav,Satara,Vaishnavi Fruit Preserves Co.
Rahul Gadhave,8956255352,godavaricottonmi@nexora.in,buy123,Darwha,Yavatmal,Godavari Cotton Mills Ltd
Ramesh Deshpande,7226194708,godavarivalleyvi@nexora.in,buy123,Shirur,Pune,Godavari Valley Vineyards
Sanjay Pawar,7944202710,kundastrawberryj@nexora.in,buy123,Satara,Satara,Kunda Strawberry Jam Ltd
Sanjay Mane,9999543000,suryaseedspvtltd@nexora.in,buy123,Kannad,Chhatrapati Sambhajinagar (Aurangabad),Surya Seeds Pvt Ltd
Archana Kale,9592751948,vaishnavicottont@nexora.in,buy123,Dhule,Dhule,Vaishnavi Cotton Traders
Anand Vhatkar,7179160746,rajlaxmihaldiudy@nexora.in,buy123,Shirala,Sangli,Rajlaxmi Haldi Udyog
Dilip More,7962599224,vaibhavchikooexp@nexora.in,buy123,Palghar,Palghar,Vaibhav Chikoo Exports
Rahul Nalawade,6368438704,padmavatiricetra@nexora.in,buy123,Deori,Gondia,Padmavati Rice Traders Pvt Ltd
Vandana Nalawade,9685027390,tapicottonmillsl@nexora.in,buy123,Bodwad,Jalgaon,Tapi Cotton Mills Ltd
Shobha Hande,7752741831,harihareshwarfre2@nexora.in,buy123,Miraj,Sangli,Harihareshwar Fresh Grapes Exports
Swati Waghmare,6956820882,rajlaxmidalmills@nexora.in,buy123,Deoni,Latur,Rajlaxmi Dal Mills
Ajit Pawar,9996890770,adityacitrusexpo@nexora.in,buy123,Warud,Amravati,Aditya Citrus Exports Pvt Ltd
Gopichand Fadnavis,6226400072,nilkanthsugarspv@nexora.in,buy123,Shirur-Kasar,Beed,Nilkanth Sugars Pvt Ltd
Vijay Solanke,9004760634,ashirwadwinespvt@nexora.in,buy123,Yeola,Nashik,Ashirwad Wines Pvt Ltd
Rajendra Sathe,8054034436,nilkanthsugarfac@nexora.in,buy123,Mohol,Solapur,Nilkanth Sugar Factory
Dilip Rathod,6641873224,amrutagrotrading@nexora.in,buy123,Borivali,Mumbai Suburban,Amrut Agro Trading Co.
Prashant Kadam,9520797644,bhairavnathstraw@nexora.in,buy123,Phaltan,Satara,Bhairavnath Strawberry Jam Ltd
Kavita Hande,6169533378,bhairavnathfresh@nexora.in,buy123,Ambegaon,Pune,Bhairavnath Fresh Grapes Exports
Ravindra Nalawade,6578299179,sureshfoodgrains2@nexora.in,buy123,Solapur South,Solapur,Suresh Foodgrains Pvt Ltd
Manohar Nikam,8545956641,sureshcitrusexpo@nexora.in,buy123,Mouda,Nagpur,Suresh Citrus Exports Pvt Ltd
Hanumant Khedkar,8118647361,swarajagrotradin@nexora.in,buy123,Parel,Mumbai City,Swaraj Agro Trading Co.
Dilip Holkar,8563616553,yashwanttextiles@nexora.in,buy123,Bhadravati,Chandrapur,Yashwant Textiles Pvt Ltd
Milind Gadhave,7369774273,tapiricetradersp@nexora.in,buy123,Deori,Gondia,Tapi Rice Traders Pvt Ltd
Baburao Wagh,7309746164,rajmatasantratra@nexora.in,buy123,Tiosa,Amravati,Rajmata Santra Traders
Dattatray Rane,9581887633,waranaorangeproc@nexora.in,buy123,Deoli,Wardha,Warana Orange Processing Co.
Shobha Vhatkar,8865735542,bhairavgadcotton@nexora.in,buy123,Malegaon,Washim,Bhairavgad Cotton Mills Ltd
Rahul Lokhande,9766721767,pavanaseedspvtlt@nexora.in,buy123,Sillod,Chhatrapati Sambhajinagar (Aurangabad),Pavana Seeds Pvt Ltd
Ashok Bhagat,8559636839,vitthalcooperati@nexora.in,buy123,Umarga,Dharashiv (Osmanabad),Vitthal Cooperative Sugar Karkhana
Manohar Yadav,8498003893,tarangansugarmil@nexora.in,buy123,Bhudargad,Kolhapur,Tarangan Sugar Mills Ltd
Vasant More,7058905995,purnavalleytexti@nexora.in,buy123,Dhule,Dhule,Purna Valley Textiles Pvt Ltd
Vishal Kale,6707658568,ajinkyatomatotra@nexora.in,buy123,Yeola,Nashik,Ajinkya Tomato Traders
Seema Mane,6222029729,adarshricetrader@nexora.in,buy123,Alibag,Raigad,Adarsh Rice Traders Pvt Ltd
Shivaji Bhagat,7054046891,adarshtomatotrad@nexora.in,buy123,Malegaon,Nashik,Adarsh Tomato Traders
Rekha Powar,7198296572,rameshfoodsexpor2@nexora.in,buy123,Kurla,Mumbai Suburban,Ramesh Foods & Exports Pvt Ltd
Chandrakant Kale,9365852403,waranaagrotechpv@nexora.in,buy123,Fort,Mumbai City,Warana AgroTech Pvt Ltd
Anjali More,9855391429,khandobaagrotrad@nexora.in,buy123,Borivali,Mumbai Suburban,Khandoba Agro Trading Co.
Ajit Thorat,9960036907,karhaforestprodu@nexora.in,buy123,Etapalli,Gadchiroli,Karha Forest Produce Traders
Deepak Sable,7502053308,pragatipulsestra@nexora.in,buy123,Renapur,Latur,Pragati Pulses Traders Pvt Ltd
Sunil Damle,6848928274,sureshricemills2@nexora.in,buy123,Bhandara,Bhandara,Suresh Rice Mills
Ajit Waghmare,8513137353,bhimahapusexport@nexora.in,buy123,Khed,Ratnagiri,Bhima Hapus Exports Pvt Ltd
Rajesh Jadhav,8815273471,ektahaldiudyog@nexora.in,buy123,Pathri,Parbhani,Ekta Haldi Udyog
Prashant Nikam,7898578439,indrayanifoodsex@nexora.in,buy123,Colaba,Mumbai City,Indrayani Foods & Exports Pvt Ltd
Neelam Borate,7967274819,maratharicetrade@nexora.in,buy123,Shahapur,Thane,Maratha Rice Traders Pvt Ltd
Sarika More,7425915486,ganrajgulbhandar@nexora.in,buy123,Ajra,Kolhapur,Ganraj Gul Bhandar
Santosh Mahajan,8266854657,sahyadriagrotech@nexora.in,buy123,Malad,Mumbai Suburban,Sahyadri AgroTech Pvt Ltd
Manohar Khedkar,8179298097,shivneriturmeric2@nexora.in,buy123,Mangrulpir,Washim,Shivneri Turmeric Processing Co.
Namdev Deshpande,6572333288,mahindraagrofood@nexora.in,buy123,Sindkheda,Dhule,Mahindra Agro Foods Pvt Ltd
Chandrakant Nalawade,8227914208,vijaycottonginni@nexora.in,buy123,Parbhani,Parbhani,Vijay Cotton Ginning & Pressing
Anjali Holkar,7117717630,waingangaagrotec@nexora.in,buy123,Borivali,Mumbai Suburban,Wainganga AgroTech Pvt Ltd
Shivaji Suryawanshi,7078487643,ganeshricemills@nexora.in,buy123,Gadchiroli,Gadchiroli,Ganesh Rice Mills
Swati Chavan,9167513613,mulamuthafisheri@nexora.in,buy123,Mangaon,Raigad,Mula-Mutha Fisheries Pvt Ltd
Seema Pawar,7809773564,shubhamseedspvtl@nexora.in,buy123,Jafrabad,Jalna,Shubham Seeds Pvt Ltd
Sunil Nikam,6117286023,adityaturmericpr@nexora.in,buy123,Sailu,Parbhani,Aditya Turmeric Processing Co.
Hanumant Pawar,8593775268,girnarcooperativ@nexora.in,buy123,Akole,Ahilyanagar (Ahmednagar),Girnar Cooperative Sugar Karkhana
Vinod Lokhande,7509010277,rajhansagrofoods@nexora.in,buy123,Akkalkuwa,Nandurbar,Rajhans Agro Foods Pvt Ltd
Pooja Lokhande,6796902566,godavarivalleytu@nexora.in,buy123,Shahuwadi,Kolhapur,Godavari Valley Turmeric Processing Co.
Ashok Dhumal,8133747868,harihareshwarfre@nexora.in,buy123,Junnar,Pune,Harihareshwar Fresh Vegetable Traders
Archana Gaikwad,7937159502,bhimafoodgrainsp@nexora.in,buy123,Shirur Anantpal,Latur,Bhima Foodgrains Pvt Ltd
Meera Jagtap,8805470666,sarthisantratrad@nexora.in,buy123,Nagpur Rural,Nagpur,Sarthi Santra Traders
Kiran Sathe,7721575862,ekvirasoyaproces2@nexora.in,buy123,Purna,Parbhani,Ekvira Soya Processors
Amol Takawale,9521387803,bhairavnathhapus2@nexora.in,buy123,Vada,Palghar,Bhairavnath Hapus Exports Pvt Ltd
Vinod Khedkar,7742441507,malharhaldiudyog@nexora.in,buy123,Sonpeth,Parbhani,Malhar Haldi Udyog
Popat Gaikwad,8287064411,anjalifruittrade2@nexora.in,buy123,Parola,Jalgaon,Anjali Fruit Traders Pvt Ltd
Sopan Damle,6137723818,malharsoybeantra@nexora.in,buy123,Hingoli,Hingoli,Malhar Soybean Traders
Rupali More,6221948674,tarangancooperat@nexora.in,buy123,Karvir,Kolhapur,Tarangan Cooperative Sugar Karkhana
Rupali Shelke,6867518326,waranaricetrader@nexora.in,buy123,Amgaon,Gondia,Warana Rice Traders Pvt Ltd
Kalpana Ghorpade,7651233080,mulacottonginnin@nexora.in,buy123,Sindkheda,Dhule,Mula Cotton Ginning & Pressing
Chandrakant Joshi,8266262478,harihareshwardai@nexora.in,buy123,Rahuri,Ahilyanagar (Ahmednagar),Harihareshwar Dairy Pvt Ltd
Shivaji Khedkar,6785974487,krantihaldiudyog2@nexora.in,buy123,Naigaon,Nanded,Kranti Haldi Udyog
Meera Rathod,7783830640,bhairavnathkanda@nexora.in,buy123,Nashik,Nashik,Bhairavnath Kanda Vyapari Sangh
Anita Borate,7340342126,tuljabhavanitext4@nexora.in,buy123,Anjangaon-Surji,Amravati,Tulja Bhavani Textiles Pvt Ltd
Kavita Damle,9147301112,santtukarambanan@nexora.in,buy123,Malshiras,Solapur,Sant Tukaram Banana Exports
Shobha Ghorpade,6561969976,kavericottonginn@nexora.in,buy123,Korpana,Chandrapur,Kaveri Cotton Ginning & Pressing
Rajendra Gawali,8702496036,priyatextilespvt@nexora.in,buy123,Akola,Akola,Priya Textiles Pvt Ltd
Vasant Ubale,7237185304,shubhamagroindus@nexora.in,buy123,Shegaon,Buldhana,Shubham Agro Industries
Pooja Sathe,7950259905,navnathcottonmil@nexora.in,buy123,Umred,Nagpur,Navnath Cotton Mills Ltd
Ravindra Pawar,6716928455,ganrajmilkproduc@nexora.in,buy123,Kopargaon,Ahilyanagar (Ahmednagar),Ganraj Milk Producers Co.
Shivaji Takawale,6367171255,prithvirajagroin@nexora.in,buy123,Digras,Yavatmal,Prithviraj Agro Industries
Tanaji Suryawanshi,9063492228,vijaycitrusexpor@nexora.in,buy123,Ramtek,Nagpur,Vijay Citrus Exports Pvt Ltd
Raghunath Fadnavis,8993539721,saigrainsmaizetr2@nexora.in,buy123,Talode,Nandurbar,Sai Grains & Maize Traders
Sarika Ghorpade,6334046129,digvijayfreshveg@nexora.in,buy123,Velhe,Pune,Digvijay Fresh Vegetable Traders
Baburao Thorat,6271829726,priyasugarmillsl@nexora.in,buy123,Karvir,Kolhapur,Priya Sugar Mills Ltd
Manohar Chavan,8738344922,rajgadcottontrad@nexora.in,buy123,Mehkar,Buldhana,Rajgad Cotton Traders
Balasaheb Thorat,7548337145,kalikamishtanbha@nexora.in,buy123,Partur,Jalna,Kalika Mishtan Bhandar
Mahendra Rathod,8272573996,bhairavgadagroin3@nexora.in,buy123,Sindkhed Raja,Buldhana,Bhairavgad Agro Industries
Sachin Waghmare,7030339408,vitthalalphonsoe@nexora.in,buy123,Poladpur,Raigad,Vitthal Alphonso Exports
Hanumant Mahajan,9366547929,vaibhavhaldiudyo@nexora.in,buy123,Kadegaon,Sangli,Vaibhav Haldi Udyog
Tanaji Kulkarni,6213149944,ganeshspicetrade@nexora.in,buy123,Basmath,Hingoli,Ganesh Spice Traders
Ravindra Jagtap,7236056243,balajifruitexpor@nexora.in,buy123,Majalgaon,Beed,Balaji Fruit Exports Pvt Ltd
Neelam Bhagat,8406546791,vinayakforestpro@nexora.in,buy123,Gadchiroli,Gadchiroli,Vinayak Forest Produce Traders
Dattatray Fadnavis,7817131063,digvijaysitaphal@nexora.in,buy123,Shirur-Kasar,Beed,Digvijay Sitaphal Traders
Pravin Thorat,6004997294,purnavalleyfoodg2@nexora.in,buy123,Sakoli,Bhandara,Purna Valley Foodgrains Pvt Ltd
Vandana Lokhande,7191704823,anjaliagroindust@nexora.in,buy123,Pusad,Yavatmal,Anjali Agro Industries
Shivaji Fadnavis,9817571824,krishnavalleysug3@nexora.in,buy123,Pandharpur,Solapur,Krishna Valley Sugars Pvt Ltd
Ajit Kale,7438338843,tuljabhavanigrai@nexora.in,buy123,Chakur,Latur,Tulja Bhavani Grains Traders
Milind Ghorpade,6588571546,kalikaricetrader@nexora.in,buy123,Rajura,Chandrapur,Kalika Rice Traders Pvt Ltd
Anand Nikam,6626395462,rushikeshhapusex@nexora.in,buy123,Sangameshwar,Ratnagiri,Rushikesh Hapus Exports Pvt Ltd
Nitin Sable,9329340053,malharoilmillspv2@nexora.in,buy123,Washim,Washim,Malhar Oil Mills Pvt Ltd
Vishal Shinde,6858322362,vinayaktenduleav@nexora.in,buy123,Bhadravati,Chandrapur,Vinayak Tendu Leaves Co.
Mangesh Mahajan,8813302901,deccantextilespv@nexora.in,buy123,Mukhed,Nanded,Deccan Textiles Pvt Ltd
Eknath Yadav,6083844661,khandobaonionveg@nexora.in,buy123,Sangamner,Ahilyanagar (Ahmednagar),Khandoba Onion & Vegetable Traders
Ganesh Mane,9492865841,shrishtisoybeant@nexora.in,buy123,Khamgaon,Buldhana,Shrishti Soybean Traders
Mahendra Kale,9139703570,kundacottonginni@nexora.in,buy123,Khuldabad,Chhatrapati Sambhajinagar (Aurangabad),Kunda Cotton Ginning & Pressing
Dilip Holkar,8587889858,prithvirajberryf2@nexora.in,buy123,Patan,Satara,Prithviraj Berry Foods Pvt Ltd
Ramesh More,9365838294,navnathorangepro@nexora.in,buy123,Nagpur Rural,Nagpur,Navnath Orange Processing Co.
Gopichand Ubale,6320846514,rushikeshcoopera@nexora.in,buy123,Pathardi,Ahilyanagar (Ahmednagar),Rushikesh Cooperative Sugar Karkhana
Ajit Thorat,6796825688,nilkanthfoodgrai@nexora.in,buy123,Lakhandur,Bhandara,Nilkanth Foodgrains Pvt Ltd
Nanda Joshi,6742135755,jagdambacottonmi@nexora.in,buy123,Zari Jamani,Yavatmal,Jagdamba Cotton Mills Ltd
Bharat Yadav,8054032763,shubhamagrotechp@nexora.in,buy123,Byculla,Mumbai City,Shubham AgroTech Pvt Ltd
Milind Ubale,8696732762,santtukaramfores@nexora.in,buy123,Gondpimpri,Chandrapur,Sant Tukaram Forest Produce Traders
Sanjay Kadam,7164184854,khandobaoniontra2@nexora.in,buy123,Sinnar,Nashik,Khandoba Onion Traders
Ajit Kale,7923384107,saraswatiricemil@nexora.in,buy123,Gadchiroli,Gadchiroli,Saraswati Rice Mills
Swati Nikam,9658759017,girnaragrotradin@nexora.in,buy123,Borivali,Mumbai Suburban,Girnar Agro Trading Co.
Ramesh Suryawanshi,8757748003,niratextilespvtl2@nexora.in,buy123,Ashti,Wardha,Nira Textiles Pvt Ltd
Ganesh Solanke,7467799625,sinhagadfoodsexp@nexora.in,buy123,Borivali,Mumbai Suburban,Sinhagad Foods & Exports Pvt Ltd
Sunita Waghmare,8024491273,laxmiricemills2@nexora.in,buy123,Tumsar,Bhandara,Laxmi Rice Mills
Amol Bhandare,7123953516,rajgadcoconuttra@nexora.in,buy123,Pen,Raigad,Rajgad Coconut Traders
Madhuri Kadam,9837639675,ramrajacottonmil2@nexora.in,buy123,Malegaon,Washim,Ramraja Cotton Mills Ltd
Nanda Jagtap,7251369806,pragatiagrofoods@nexora.in,buy123,Sindkheda,Dhule,Pragati Agro Foods Pvt Ltd
Bapurao Sable,7686142733,bhairavnathpulse@nexora.in,buy123,Renapur,Latur,Bhairavnath Pulses Traders Pvt Ltd
Kalpana Rathod,8303897602,tapicottonmillsl3@nexora.in,buy123,Sillod,Chhatrapati Sambhajinagar (Aurangabad),Tapi Cotton Mills Ltd
Ajit Randhawa,8359384303,shreefisheriespv@nexora.in,buy123,Khed,Ratnagiri,Shree Fisheries Pvt Ltd
Madhuri Ghadge,9323069995,samruddhionionve@nexora.in,buy123,Shrirampur,Ahilyanagar (Ahmednagar),Samruddhi Onion & Vegetable Traders
Shrikant Deshmukh,9304759611,chandraricetrade2@nexora.in,buy123,Bhadravati,Chandrapur,Chandra Rice Traders Pvt Ltd
Ajit Vhatkar,7922641592,bhagwanricetrade@nexora.in,buy123,Kurkheda,Gadchiroli,Bhagwan Rice Traders Pvt Ltd
Anand Randhawa,6539041945,vishwasbananaexp@nexora.in,buy123,Erandol,Jalgaon,Vishwas Banana Exports
Shrikant Damle,9065180299,rajlaxmifruitexp@nexora.in,buy123,Patoda,Beed,Rajlaxmi Fruit Exports Pvt Ltd
Amol Bhosale,9484629716,rajendraricetrad@nexora.in,buy123,Deori,Gondia,Rajendra Rice Traders Pvt Ltd
Shivaji Jagtap,9522719328,shreeramgrainsma@nexora.in,buy123,Sindkheda,Dhule,Shreeram Grains & Maize Traders
Prashant Gaikwad,7147649534,ajinkyafisheries@nexora.in,buy123,Sawantwadi,Sindhudurg,Ajinkya Fisheries Pvt Ltd
Vinod Wagh,8159150811,girnarwinespvtlt@nexora.in,buy123,Mangalvedhe,Solapur,Girnar Wines Pvt Ltd
Jyoti Kale,7663262872,suvarnavineyards@nexora.in,buy123,Surgana,Nashik,Suvarna Vineyards
Amol Rane,6223819179,adarshricetrader2@nexora.in,buy123,Gondia,Gondia,Adarsh Rice Traders Pvt Ltd
Sanjay Takawale,6832688348,shivnericottongi@nexora.in,buy123,Khamgaon,Buldhana,Shivneri Cotton Ginning & Pressing
Ravindra Takawale,9098343614,shivneribetelnut@nexora.in,buy123,Dodamarg,Sindhudurg,Shivneri Betelnut Exports
Kiran Ubale,7309795399,laxmisugarfactor@nexora.in,buy123,Haveli,Pune,Laxmi Sugar Factory
Deepak Shelke,6199892891,rajmatamishtanbh@nexora.in,buy123,Aurangabad,Chhatrapati Sambhajinagar (Aurangabad),Rajmata Mishtan Bhandar
Sachin Solanke,6243698184,mahindracottonmi2@nexora.in,buy123,Manora,Washim,Mahindra Cotton Mills Ltd
Pravin Ghorpade,8169269433,panchvaticoopera@nexora.in,buy123,Solapur South,Solapur,Panchvati Cooperative Sugar Karkhana
Pooja Suryawanshi,9735801837,bhimasahakarisak@nexora.in,buy123,Khandala,Satara,Bhima Sahakari Sakhar Karkhana
Amol Salunkhe,8789121678,malharturmericpr@nexora.in,buy123,Sengaon,Hingoli,Malhar Turmeric Processing Co.
Ravindra Rane,9000680192,sureshvineyardsw@nexora.in,buy123,Surgana,Nashik,Suresh Vineyards & Wines Pvt Ltd
Vishal Khedkar,6153712247,digvijayseedspvt@nexora.in,buy123,Bhokardan,Jalna,Digvijay Seeds Pvt Ltd
Kavita Mahajan,8363091896,shivneriricetrad@nexora.in,buy123,Tumsar,Bhandara,Shivneri Rice Traders Pvt Ltd
Balasaheb Nikam,7918186949,manasagrotechpvt@nexora.in,buy123,Borivali,Mumbai Suburban,Manas AgroTech Pvt Ltd
Rekha Gadhave,8442225072,purnavalleysantr@nexora.in,buy123,Mouda,Nagpur,Purna Valley Santra Traders
Nitin Nikam,7689052688,aishwaryaagrotra@nexora.in,buy123,Dadar,Mumbai City,Aishwarya Agro Trading Co.
Mahendra Damle,6672919359,waingangacottont@nexora.in,buy123,Georai,Beed,Wainganga Cotton Traders
Baburao Chougule,7164684160,harihareshwarfoo@nexora.in,buy123,Nilanga,Latur,Harihareshwar Foodgrains Pvt Ltd
Sunita Bhosale,9850370599,tuljabhavanitext3@nexora.in,buy123,Kalamnuri,Hingoli,Tulja Bhavani Textiles Pvt Ltd
Vijay Rathod,7057552004,swarajfisheriesp@nexora.in,buy123,Mokhada,Palghar,Swaraj Fisheries Pvt Ltd
Shivaji Randhawa,7094167131,konkankokumproce@nexora.in,buy123,Rajapur,Ratnagiri,Konkan Kokum Processing Co.
Sanjay More,6851274983,godavarioilmills3@nexora.in,buy123,Jalgaon Jamod,Buldhana,Godavari Oil Mills Pvt Ltd
Manohar Damle,9134580394,padmavaticottont2@nexora.in,buy123,Kelapur,Yavatmal,Padmavati Cotton Traders
Anand Damle,7644203527,krishnavalleytur@nexora.in,buy123,Karanja,Washim,Krishna Valley Turmeric Processing Co.
Rekha Borate,7858365185,godavarioilmills@nexora.in,buy123,Ausa,Latur,Godavari Oil Mills Pvt Ltd
Rajendra Wagh,7773817128,bhairavnathagris@nexora.in,buy123,Partur,Jalna,Bhairavnath Agri Seeds Co.
Namdev Pawar,9320963547,navnathagroindus@nexora.in,buy123,Latur,Latur,Navnath Agro Industries
Hanumant More,6424937566,rajendramangotra@nexora.in,buy123,Khed,Ratnagiri,Rajendra Mango Traders
Anjali Rane,6614590865,ektafoodgrainspv@nexora.in,buy123,Goregaon,Gondia,Ekta Foodgrains Pvt Ltd
Kalpana Borate,9305854179,padmavatianartra@nexora.in,buy123,Parner,Ahilyanagar (Ahmednagar),Padmavati Anar Traders
Archana Gadhave,6635603281,tuljabhavanisoyb@nexora.in,buy123,Pathri,Parbhani,Tulja Bhavani Soybean Traders
Shivaji Chavan,8472410309,samruddhioilmill@nexora.in,buy123,Akola,Akola,Samruddhi Oil Mills Pvt Ltd
Santosh Salunkhe,7881011287,marathafoodgrain@nexora.in,buy123,Korchi,Gadchiroli,Maratha Foodgrains Pvt Ltd
Seema Ubale,7490678185,jaihindtextilesp@nexora.in,buy123,Seloo,Wardha,Jaihind Textiles Pvt Ltd
Sunil Shelke,8479580451,aishwaryaricetra@nexora.in,buy123,Etapalli,Gadchiroli,Aishwarya Rice Traders Pvt Ltd
Amol Bhagat,7455893383,panchvatisugarfa@nexora.in,buy123,Shevgaon,Ahilyanagar (Ahmednagar),Panchvati Sugar Factory
Namdev Solanke,8005815088,yashwantagroindu2@nexora.in,buy123,Babhulgaon,Yavatmal,Yashwant Agro Industries
Gopal Ghorpade,9019746770,bhogawaticottong2@nexora.in,buy123,Karanja,Wardha,Bhogawati Cotton Ginning & Pressing
Vinod Mane,6429286713,vaibhavtextilesp4@nexora.in,buy123,Sillod,Chhatrapati Sambhajinagar (Aurangabad),Vaibhav Textiles Pvt Ltd
Kavita Thorat,9323324935,vaibhavkandavyap@nexora.in,buy123,Sinnar,Nashik,Vaibhav Kanda Vyapari Sangh
Snehal Rane,9209079861,mulachikooexport@nexora.in,buy123,Vada,Palghar,Mula Chikoo Exports
Rupali Suryawanshi,6582903451,suryacottonginni2@nexora.in,buy123,Washim,Washim,Surya Cotton Ginning & Pressing
Rupali More,9176731287,manasagroexports2@nexora.in,buy123,Ambegaon,Pune,Manas Agro Exports Pvt Ltd
Popat Vhatkar,7412800937,ashokaagrotradin@nexora.in,buy123,Fort,Mumbai City,Ashoka Agro Trading Co.
Yogesh Sable,6583055049,amrutaagrotechpv2@nexora.in,buy123,Malad,Mumbai Suburban,Amruta AgroTech Pvt Ltd
Vandana Powar,7000269446,mahindratendulea@nexora.in,buy123,Dhanora,Gadchiroli,Mahindra Tendu Leaves Co.
Gopichand Jagtap,8748900285,rajendrasugarfac@nexora.in,buy123,Shrirampur,Ahilyanagar (Ahmednagar),Rajendra Sugar Factory
Kalpana Sathe,9254536208,godavariwinespvt@nexora.in,buy123,Indapur,Pune,Godavari Wines Pvt Ltd
Kavita Bhagat,6822720558,rushikeshsugarfa@nexora.in,buy123,Mahabaleshwar,Satara,Rushikesh Sugar Factory
Seema Vhatkar,7535833917,marathagulbhanda2@nexora.in,buy123,Ajra,Kolhapur,Maratha Gul Bhandar
Shobha Yadav,9409979813,anjalikajuudyog@nexora.in,buy123,Kudal,Sindhudurg,Anjali Kaju Udyog
Popat Suryawanshi,8670131985,shivshaktisweets@nexora.in,buy123,Phulambri,Chhatrapati Sambhajinagar (Aurangabad),Shivshakti Sweets & Foods Pvt Ltd
Manohar Sable,8323909024,kedareshwarcotto@nexora.in,buy123,Yavatmal,Yavatmal,Kedareshwar Cotton Ginning & Pressing
Gopal Solanke,7019001847,panchgangasugarf@nexora.in,buy123,Pandharpur,Solapur,Panchganga Sugar Factory
Shankar Deshmukh,6531693222,purnavalleycotto5@nexora.in,buy123,Nandura,Buldhana,Purna Valley Cotton Mills Ltd
Madhuri More,6165168792,purnavalleygrain@nexora.in,buy123,Karmala,Solapur,Purna Valley Grains Traders
Sanjay Takawale,9244198772,nirasitaphaltrad@nexora.in,buy123,Kaij,Beed,Nira Sitaphal Traders
Rekha Kadam,6694313475,laxmiagrotrading@nexora.in,buy123,Malad,Mumbai Suburban,Laxmi Agro Trading Co.
Mahendra Bhosale,6046113835,prithvirajberryf@nexora.in,buy123,Maan,Satara,Prithviraj Berry Foods Pvt Ltd
Chandrakant Dhumal,9978258003,vijayricetraders@nexora.in,buy123,Etapalli,Gadchiroli,Vijay Rice Traders Pvt Ltd
Prashant Fadnavis,8421979030,rajendraguludyog@nexora.in,buy123,Panhala,Kolhapur,Rajendra Gul Udyog
Santosh Gaikwad,9470188399,vaishnavisweetsf@nexora.in,buy123,Ambad,Jalna,Vaishnavi Sweets & Foods Pvt Ltd
Amol Solanke,7525634367,swarajcottonginn2@nexora.in,buy123,Aurangabad,Chhatrapati Sambhajinagar (Aurangabad),Swaraj Cotton Ginning & Pressing
Vandana Takawale,8852188715,kedareshwarhaldi@nexora.in,buy123,Hingoli,Hingoli,Kedareshwar Haldi Udyog
Milind Yadav,7672141278,shrishtialphonso@nexora.in,buy123,Vaibhavwadi,Sindhudurg,Shrishti Alphonso Exports
Sarika Borate,7819591463,krantitextilespv2@nexora.in,buy123,Telhara,Akola,Kranti Textiles Pvt Ltd
Bharat Pawar,6530592831,nilkanthoilmills@nexora.in,buy123,Maregaon,Yavatmal,Nilkanth Oil Mills Pvt Ltd
Anand Wagh,9056559998,rajendratextiles2@nexora.in,buy123,Nandura,Buldhana,Rajendra Textiles Pvt Ltd
Shobha Bhandare,8679951595,bhairavgadgulbha@nexora.in,buy123,Shahuwadi,Kolhapur,Bhairavgad Gul Bhandar
Vijay Yadav,7122287821,ganrajagrotechpv@nexora.in,buy123,Byculla,Mumbai City,Ganraj AgroTech Pvt Ltd
Meera Solanke,6547594622,krantifoodsexpor@nexora.in,buy123,Colaba,Mumbai City,Kranti Foods & Exports Pvt Ltd
Ganesh Rane,9104974650,bhairavnathcashe@nexora.in,buy123,Vengurla,Sindhudurg,Bhairavnath Cashew Processors
Seema Dhumal,7668109522,nutancottonmills@nexora.in,buy123,Wardha,Wardha,Nutan Cotton Mills Ltd
Kiran Thorat,8593160205,vinayakagroexpor@nexora.in,buy123,Karad,Satara,Vinayak Agro Exports Pvt Ltd
Kiran Sable,9782369622,mahindrabetelnut@nexora.in,buy123,Pen,Raigad,Mahindra Betelnut Exports
Milind Gaikwad,8027287240,indrayaniagrotra@nexora.in,buy123,Dadar,Mumbai City,Indrayani Agro Trading Co.
Ravindra Borate,8343571644,laxmicottontrade2@nexora.in,buy123,Raver,Jalgaon,Laxmi Cotton Traders
Vinod Jadhav,6068385402,vishwasbetelnute@nexora.in,buy123,Devgad,Sindhudurg,Vishwas Betelnut Exports
Prakash Jagtap,8293978469,krantitextilespv@nexora.in,buy123,Bramhapuri,Chandrapur,Kranti Textiles Pvt Ltd
Swati Jagtap,7629688259,shivnerialphonso2@nexora.in,buy123,Guhagar,Ratnagiri,Shivneri Alphonso Exports
Shivaji Sathe,9546577079,rajlaxmipulsestr@nexora.in,buy123,Shirur Anantpal,Latur,Rajlaxmi Pulses Traders Pvt Ltd
Vasant Borate,9788781310,girnarkajuudyog@nexora.in,buy123,Khed,Ratnagiri,Girnar Kaju Udyog
Gopal Khedkar,6877032277,shivshaktisugarf@nexora.in,buy123,Kalamb,Dharashiv (Osmanabad),Shivshakti Sugar Factory
Nanda Zaware,9512434402,sinhagadseafoode@nexora.in,buy123,Lanja,Ratnagiri,Sinhagad Seafood Exports Co.
Kavita Bhagat,8897932185,rajhansagriseeds@nexora.in,buy123,Badnapur,Jalna,Rajhans Agri Seeds Co.
Bapurao Fadnavis,7805007129,khandobaorangepr@nexora.in,buy123,Hingna,Nagpur,Khandoba Orange Processing Co.
Neelam Ghorpade,6063943699,mangalmurtisunfl@nexora.in,buy123,Buldhana,Buldhana,Mangalmurti Sunflower Traders
Popat Vhatkar,7788029682,malharfoodsexpor@nexora.in,buy123,Bandra,Mumbai Suburban,Malhar Foods & Exports Pvt Ltd
Popat Ghorpade,7189262439,someshwarfreshve@nexora.in,buy123,Murbad,Thane,Someshwar Fresh Vegetable Traders
Archana Gawali,9933008788,ramrajaricemills@nexora.in,buy123,Ambarnath,Thane,Ramraja Rice Mills
Vinod Jagtap,9414356433,girnarsantratrad@nexora.in,buy123,Savner,Nagpur,Girnar Santra Traders
Manohar Kulkarni,7063452454,vijayfoodsexport@nexora.in,buy123,Malad,Mumbai Suburban,Vijay Foods & Exports Pvt Ltd
Dattatray Solanke,7132084395,santtukaramseeds@nexora.in,buy123,Vaijapur,Chhatrapati Sambhajinagar (Aurangabad),Sant Tukaram Seeds Pvt Ltd
Raghunath Nikam,8759183623,rajendratomatotr@nexora.in,buy123,Nandgaon,Nashik,Rajendra Tomato Traders
Sarika Shinde,9388620626,mahindrafreshveg@nexora.in,buy123,Sinnar,Nashik,Mahindra Fresh Vegetable Exports Pvt Ltd
Anand Powar,8104167767,ektasoybeantrade@nexora.in,buy123,Manora,Washim,Ekta Soybean Traders
Suresh Powar,6318764268,chandragrainstra@nexora.in,buy123,Chakur,Latur,Chandra Grains Traders
Sarika Bhandare,6036230353,suryaagroexports@nexora.in,buy123,Velhe,Pune,Surya Agro Exports Pvt Ltd
Ramesh Zaware,7422328907,someshwarricetra@nexora.in,buy123,Talasari,Palghar,Someshwar Rice Traders Pvt Ltd
Raghunath Chavan,6882873339,malharcottonmill@nexora.in,buy123,Parli,Beed,Malhar Cotton Mills Ltd
Gopichand Bhosale,7041722021,kaverigrapeexpor@nexora.in,buy123,Tasgaon,Sangli,Kaveri Grape Exports Pvt Ltd
Ravindra Wagh,7603505001,vijaydurgagroexp@nexora.in,buy123,Nevasa,Ahilyanagar (Ahmednagar),Vijaydurg Agro Exports
Shankar Joshi,8196263472,tarangansugarfac@nexora.in,buy123,Ajra,Kolhapur,Tarangan Sugar Factory
Umesh Yadav,6172527562,yashwantsugarmil@nexora.in,buy123,Ambegaon,Pune,Yashwant Sugar Mills Ltd
Ajit Rathod,8554188308,sinhagadricemill2@nexora.in,buy123,Arjuni-Morgaon,Gondia,Sinhagad Rice Mills
Suresh Vhatkar,8408423515,mulamuthacottont@nexora.in,buy123,Barshitakli,Akola,Mula-Mutha Cotton Traders
Rajendra Powar,8112109238,manasricetraders@nexora.in,buy123,Desaiganj,Gadchiroli,Manas Rice Traders Pvt Ltd
Vishal Sathe,6825477549,khandobaoniontra@nexora.in,buy123,Sindkheda,Dhule,Khandoba Onion Traders
Dattatray Gaikwad,6345966812,ashokafoodgrains@nexora.in,buy123,Chandrapur,Chandrapur,Ashoka Foodgrains Pvt Ltd
Rahul Chavan,7309040891,godavarivalleyfr2@nexora.in,buy123,Wai,Satara,Godavari Valley Fruit Preserves Co.
Sunil Ghorpade,6321762941,sundarbanpapayae@nexora.in,buy123,Dhadgaon,Nandurbar,Sundarban Papaya Exports
Sunita Powar,8767459704,vitthalsoybeantr2@nexora.in,buy123,Telhara,Akola,Vitthal Soybean Traders
Vandana Bhosale,9702815370,ektaagrotradingc@nexora.in,buy123,Colaba,Mumbai City,Ekta Agro Trading Co.
Neelam Takawale,6472648676,sarthisoybeantra@nexora.in,buy123,Tuljapur,Dharashiv (Osmanabad),Sarthi Soybean Traders
Namdev Ghorpade,7143667640,samruddhichikooe@nexora.in,buy123,Jawhar,Palghar,Samruddhi Chikoo Exports
Nanda Hande,9337896513,sureshagrotechpv@nexora.in,buy123,Parel,Mumbai City,Suresh AgroTech Pvt Ltd
Sopan Sathe,9466325051,rajmataorangepro@nexora.in,buy123,Chandurbazar,Amravati,Rajmata Orange Processing Co.
Mahendra Jagtap,9638123911,rajmatagrapeexpo@nexora.in,buy123,Indapur,Pune,Rajmata Grape Exports Pvt Ltd
Anita Shinde,6961422166,samruddhiwinespv@nexora.in,buy123,Pandharpur,Solapur,Samruddhi Wines Pvt Ltd
Nitin Randhawa,7220145530,samratcottonmill@nexora.in,buy123,Katol,Nagpur,Samrat Cotton Mills Ltd
Kalpana Borate,7764606964,bhimaoilmillspvt@nexora.in,buy123,Latur,Latur,Bhima Oil Mills Pvt Ltd
Yogesh Mane,6197509211,annapurnasugarmi@nexora.in,buy123,Wai,Satara,Annapurna Sugar Mills Ltd
Anjali Rathod,7177372187,sarthikokumproce@nexora.in,buy123,Khed,Ratnagiri,Sarthi Kokum Processing Co.
Gopal Deshpande,6110903448,jankalyancottong2@nexora.in,buy123,Patur,Akola,Jankalyan Cotton Ginning & Pressing
Vinod Sathe,8968814241,rajlaxmicottontr@nexora.in,buy123,Ghatanji,Yavatmal,Rajlaxmi Cotton Traders
Gopichand Thorat,8837525588,vaishnavitendule@nexora.in,buy123,Korpana,Chandrapur,Vaishnavi Tendu Leaves Co.
Sopan Gadhave,9323586325,tirupatijaggeryt@nexora.in,buy123,Gadhinglaj,Kolhapur,Tirupati Jaggery Traders
Dilip Deshpande,6360754426,konkansugarfacto3@nexora.in,buy123,Karvir,Kolhapur,Konkan Sugar Factory
Sarika Patil,6207777401,ganrajsunflowert@nexora.in,buy123,Parli,Beed,Ganraj Sunflower Traders
Dattatray Lokhande,8531696916,jagdambaricemill@nexora.in,buy123,Lakhani,Bhandara,Jagdamba Rice Mills
Mahendra Nalawade,7263898692,jaihindbananaexp@nexora.in,buy123,Chopda,Jalgaon,Jaihind Banana Exports
Sachin Solanke,7063535876,kisancottonmills@nexora.in,buy123,Hinganghat,Wardha,Kisan Cotton Mills Ltd
Milind Holkar,9760043372,tuljabhavaniagro@nexora.in,buy123,Borivali,Mumbai Suburban,Tulja Bhavani AgroTech Pvt Ltd
Pravin Lokhande,8207851337,renukasugarmills@nexora.in,buy123,Parli,Beed,Renuka Sugar Mills Ltd
Popat Bhagat,9203625155,amrutcottonginni@nexora.in,buy123,Bhatkuli,Amravati,Amrut Cotton Ginning & Pressing
Nitin Takawale,9411180151,krishnacooperati@nexora.in,buy123,Baramati,Pune,Krishna Cooperative Sugar Karkhana
Hanumant Bhandare,9774840289,sinhagadturmeric@nexora.in,buy123,Ardhapur,Nanded,Sinhagad Turmeric Processing Co.
Baburao Wagh,7679381444,shrishtionionveg@nexora.in,buy123,Niphad,Nashik,Shrishti Onion & Vegetable Traders
Pravin Shelke,6290115303,navnathsugarfact@nexora.in,buy123,Solapur South,Solapur,Navnath Sugar Factory
Vasant Nikam,9289744421,ghodcottontrader@nexora.in,buy123,Mudkhed,Nanded,Ghod Cotton Traders
Nitin Mane,7787736450,bhairavnathsugar3@nexora.in,buy123,Ajra,Kolhapur,Bhairavnath Sugars Pvt Ltd
Rajesh Bhosale,6680382853,taranganfruitpre@nexora.in,buy123,Phaltan,Satara,Tarangan Fruit Preserves Co.
Archana Deshpande,8418764470,vinayaksoyaproce2@nexora.in,buy123,Akot,Akola,Vinayak Soya Processors
Balasaheb Nikam,8724873949,rajhanscottontra@nexora.in,buy123,Dharangaon,Jalgaon,Rajhans Cotton Traders
Hanumant Dhumal,7267845257,shrishtiricetrad2@nexora.in,buy123,Bhiwandi,Thane,Shrishti Rice Traders Pvt Ltd
Anjali Ubale,6188242726,ekvirafoodgrains2@nexora.in,buy123,Bhadravati,Chandrapur,Ekvira Foodgrains Pvt Ltd
Rajesh Mane,7440792441,malhargrainstrad@nexora.in,buy123,Jalkot,Latur,Malhar Grains Traders
Prashant Sathe,7204508004,kundasantratrade@nexora.in,buy123,Nagpur Urban,Nagpur,Kunda Santra Traders
Milind Vhatkar,9796697107,ramrajasoybeantr@nexora.in,buy123,Chakur,Latur,Ramraja Soybean Traders
Ravindra Yadav,9205798682,ganrajcoconuttra@nexora.in,buy123,Panvel,Raigad,Ganraj Coconut Traders
Swati Kulkarni,6497854441,digvijaysahakari2@nexora.in,buy123,Ashti,Beed,Digvijay Sahakari Sakhar Karkhana
Manisha Ghadge,8214566159,saiseedspvtltd@nexora.in,buy123,Sillod,Chhatrapati Sambhajinagar (Aurangabad),Sai Seeds Pvt Ltd
Sunita Kulkarni,7339696674,waingangacottonm2@nexora.in,buy123,Georai,Beed,Wainganga Cotton Mills Ltd
Ravindra Jadhav,9335001067,ghodcottonginnin@nexora.in,buy123,Vaijapur,Chhatrapati Sambhajinagar (Aurangabad),Ghod Cotton Ginning & Pressing
Jyoti Deshmukh,9883106792,bhimaricetraders@nexora.in,buy123,Ambarnath,Thane,Bhima Rice Traders Pvt Ltd
Eknath Gadhave,9238056982,pavanacottonmill2@nexora.in,buy123,Deoli,Wardha,Pavana Cotton Mills Ltd
Amol Hande,9726217187,adityahapusexpor@nexora.in,buy123,Khed,Ratnagiri,Aditya Hapus Exports Pvt Ltd
Kalpana Shinde,7421162776,manashaldiudyog@nexora.in,buy123,Aundha Nagnath,Hingoli,Manas Haldi Udyog
Eknath Sathe,9641323813,swarajcottontrad@nexora.in,buy123,Ralegaon,Yavatmal,Swaraj Cotton Traders
Anita Sathe,7328338233,konkancottontrad@nexora.in,buy123,Sindkheda,Dhule,Konkan Cotton Traders
Suresh Holkar,8800151347,prithvirajorange@nexora.in,buy123,Morshi,Amravati,Prithviraj Orange Processing Co.
Milind Nikam,7473673133,khandobacottongi@nexora.in,buy123,Deglur,Nanded,Khandoba Cotton Ginning & Pressing
Hanumant Gadhave,6163810322,malharcottonmill3@nexora.in,buy123,Sakri,Dhule,Malhar Cotton Mills Ltd
Snehal Vhatkar,9993382864,mulatextilespvtl@nexora.in,buy123,Malegaon,Washim,Mula Textiles Pvt Ltd
Vinod Suryawanshi,6860571233,utkarshaagrotrad2@nexora.in,buy123,Dadar,Mumbai City,Utkarsha Agro Trading Co.
Mahendra Nikam,9529413078,nilkanthpapayaex@nexora.in,buy123,Shahada,Nandurbar,Nilkanth Papaya Exports
Ashok Patil,7351285665,renukaricemills@nexora.in,buy123,Lakhandur,Bhandara,Renuka Rice Mills
Shivaji Lokhande,6712048050,kisanfruitexport@nexora.in,buy123,Majalgaon,Beed,Kisan Fruit Exports Pvt Ltd
Dattatray Dhumal,8282116734,vaibhavgrainsmai@nexora.in,buy123,Dhule,Dhule,Vaibhav Grains & Maize Traders
Eknath Chavan,8602254921,ekviraagroexport2@nexora.in,buy123,Koregaon,Satara,Ekvira Agro Exports Pvt Ltd
Dattatray Chougule,7468043283,lokmangalsugarmi@nexora.in,buy123,Shrigonda,Ahilyanagar (Ahmednagar),Lokmangal Sugar Mills Ltd
Vandana More,7563480770,ganeshsweetsfood@nexora.in,buy123,Mantha,Jalna,Ganesh Sweets & Foods Pvt Ltd
Ashok Ubale,7065777876,panchvaticottont2@nexora.in,buy123,Wardha,Wardha,Panchvati Cotton Traders
Kavita Nalawade,8840574440,samruddhicottont@nexora.in,buy123,Akkalkuwa,Nandurbar,Samruddhi Cotton Traders
Sachin Rane,9782082882,tuljabhavanitext2@nexora.in,buy123,Ashti,Wardha,Tulja Bhavani Textiles Pvt Ltd
Umesh Wagh,9450480556,uttamricetraders@nexora.in,buy123,Korchi,Gadchiroli,Uttam Rice Traders Pvt Ltd
Sunita Gaikwad,9068099981,laxmisuparitrade@nexora.in,buy123,Tala,Raigad,Laxmi Supari Traders
Sarika Nalawade,8688363585,sarthifoodsexpor2@nexora.in,buy123,Colaba,Mumbai City,Sarthi Foods & Exports Pvt Ltd
Sanjay Suryawanshi,8817936072,malhargroundnutt@nexora.in,buy123,Chalisgaon,Jalgaon,Malhar Groundnut Traders
Shivaji Bhagat,7146550574,malharricetrader2@nexora.in,buy123,Mhasala,Raigad,Malhar Rice Traders Pvt Ltd
Shobha Borate,7565688788,panchgangagrains@nexora.in,buy123,Dhule,Dhule,Panchganga Grains & Maize Traders
Dattatray Borate,9673344832,ramrajatenduleav@nexora.in,buy123,Dhanora,Gadchiroli,Ramraja Tendu Leaves Co.
Kalpana Zaware,9263614969,adityaagriseedsc@nexora.in,buy123,Bhokardan,Jalna,Aditya Agri Seeds Co.
Jyoti Dhumal,8397835720,kalikahaldiudyog@nexora.in,buy123,Jintur,Parbhani,Kalika Haldi Udyog
Dattatray Jadhav,9828890931,ashokaagrotechpv@nexora.in,buy123,Andheri,Mumbai Suburban,Ashoka AgroTech Pvt Ltd
Rajendra Khedkar,9086771575,kundaalphonsoexp@nexora.in,buy123,Thane,Thane,Kunda Alphonso Exports
Neelam Shelke,6654478393,amrutagulbhandar@nexora.in,buy123,Shirol,Kolhapur,Amruta Gul Bhandar
Bapurao Wagh,8133026578,saifoodgrainspvt@nexora.in,buy123,Korchi,Gadchiroli,Sai Foodgrains Pvt Ltd
Prashant Joshi,9393435879,rajgadricetrader3@nexora.in,buy123,Chandrapur,Chandrapur,Rajgad Rice Traders Pvt Ltd
Prakash Deshpande,6138764836,amrutcottonginni3@nexora.in,buy123,Hinganghat,Wardha,Amrut Cotton Ginning & Pressing
Anita Powar,8514416144,ganrajricemills@nexora.in,buy123,Sakoli,Bhandara,Ganraj Rice Mills
Kalpana Takawale,6278987710,uttamturmericpro2@nexora.in,buy123,Aundha Nagnath,Hingoli,Uttam Turmeric Processing Co.
Milind Khedkar,6888283201,annapurnaricetra@nexora.in,buy123,Pauni,Bhandara,Annapurna Rice Traders Pvt Ltd
Snehal Mahajan,7674932828,mulamuthaspicetr@nexora.in,buy123,Sengaon,Hingoli,Mula-Mutha Spice Traders
Vijay Shelke,8091068675,kedareshwarfores@nexora.in,buy123,Sindewahi,Chandrapur,Kedareshwar Forest Produce Traders
Kiran Rathod,8422993518,rajgadricetrader2@nexora.in,buy123,Jiwati,Chandrapur,Rajgad Rice Traders Pvt Ltd
Sachin Suryawanshi,9589829953,rajendraturmeric@nexora.in,buy123,Hingoli,Hingoli,Rajendra Turmeric Processing Co.
Vandana Takawale,6826284522,shreekokumproces@nexora.in,buy123,Ratnagiri,Ratnagiri,Shree Kokum Processing Co.
Nanda Zaware,8299941743,shreeramalphonso@nexora.in,buy123,Ratnagiri,Ratnagiri,Shreeram Alphonso Exports
Rajesh Hande,7289674035,uttamcottonmills@nexora.in,buy123,Amravati,Amravati,Uttam Cotton Mills Ltd
Rajendra More,6404255822,nilkanthstrawber@nexora.in,buy123,Jaoli,Satara,Nilkanth Strawberry Jam Ltd
Tanaji Zaware,8521372592,chandracottongin@nexora.in,buy123,Sengaon,Hingoli,Chandra Cotton Ginning & Pressing
Bharat Shinde,8370966208,sanmancottonmill@nexora.in,buy123,Kelapur,Yavatmal,Sanman Cotton Mills Ltd
Anand Wagh,8846795157,omsoyaprocessors@nexora.in,buy123,Deoni,Latur,Om Soya Processors
Shrikant Bhosale,8762732073,vaibhavcitrusexp@nexora.in,buy123,Kamptee,Nagpur,Vaibhav Citrus Exports Pvt Ltd
Manisha Bhandare,9799424814,malharspicetrade@nexora.in,buy123,Kadegaon,Sangli,Malhar Spice Traders
Dilip Dhumal,6079185281,sinhagadcashewex@nexora.in,buy123,Kudal,Sindhudurg,Sinhagad Cashew Exports Pvt Ltd
Kiran Patil,9074137484,rajgadricetrader@nexora.in,buy123,Thane,Thane,Rajgad Rice Traders Pvt Ltd
Bharat Jadhav,7300289396,navjeevanagroind@nexora.in,buy123,Purna,Parbhani,Navjeevan Agro Industries
Vasant Chougule,8597406055,vitthalcottontra@nexora.in,buy123,Kandhar,Nanded,Vitthal Cotton Traders
Suresh Rane,9914397501,kranticitrusexpo@nexora.in,buy123,Warud,Amravati,Kranti Citrus Exports Pvt Ltd
Anjali Bhosale,6897199525,padmavaticottont@nexora.in,buy123,Darwha,Yavatmal,Padmavati Cotton Traders
Madhuri Waghmare,8278205444,utkarsharicetrad@nexora.in,buy123,Palghar,Palghar,Utkarsha Rice Traders Pvt Ltd
Anita Ghadge,6518215638,samratricetrader@nexora.in,buy123,Sakoli,Bhandara,Samrat Rice Traders Pvt Ltd
Raghunath More,6196037672,vaibhavcottontra@nexora.in,buy123,Digras,Yavatmal,Vaibhav Cotton Traders
Nanda Lokhande,7289934140,mulafreshgrapese@nexora.in,buy123,Karmala,Solapur,Mula Fresh Grapes Exports
Madhuri Fadnavis,6088715016,krantitextilespv3@nexora.in,buy123,Lonar,Buldhana,Kranti Textiles Pvt Ltd
Amol Ghadge,6435889368,ganeshfruitexpor@nexora.in,buy123,Patoda,Beed,Ganesh Fruit Exports Pvt Ltd
Snehal Dhumal,6491531931,nirasoybeantrade@nexora.in,buy123,Dhamangaon,Amravati,Nira Soybean Traders
Dilip Kadam,9694630182,aishwaryahaldiud@nexora.in,buy123,Kadegaon,Sangli,Aishwarya Haldi Udyog
Nanda Zaware,7142170273,rajmatacottonmil@nexora.in,buy123,Sillod,Chhatrapati Sambhajinagar (Aurangabad),Rajmata Cotton Mills Ltd
Milind Rane,8904544091,krishnawinespvtl@nexora.in,buy123,Baglan,Nashik,Krishna Wines Pvt Ltd
Seema Bhandare,7175134511,navnathsugarspvt@nexora.in,buy123,Maan,Satara,Navnath Sugars Pvt Ltd
Kavita Waghmare,6758904927,omcitrusexportsp2@nexora.in,buy123,Arvi,Wardha,Om Citrus Exports Pvt Ltd
Sopan Chougule,9018955597,uttamkajuudyog@nexora.in,buy123,Kudal,Sindhudurg,Uttam Kaju Udyog
Raghunath Powar,9516849518,prithvirajtextil@nexora.in,buy123,Jafrabad,Jalna,Prithviraj Textiles Pvt Ltd
Deepak Chavan,9205673501,digvijayoilmills@nexora.in,buy123,Kalamb,Dharashiv (Osmanabad),Digvijay Oil Mills Pvt Ltd
Namdev Shinde,9756408579,panchvatiagrotra@nexora.in,buy123,Bandra,Mumbai Suburban,Panchvati Agro Trading Co.
Rupali Takawale,9647481370,sundarbansoybean@nexora.in,buy123,Osmanabad,Dharashiv (Osmanabad),Sundarban Soybean Traders
Dilip Salunkhe,7023019607,tapifreshgrapese@nexora.in,buy123,Baramati,Pune,Tapi Fresh Grapes Exports
Manisha Kale,6383268939,krishnafoodsexpo@nexora.in,buy123,Colaba,Mumbai City,Krishna Foods & Exports Pvt Ltd
Pooja Rathod,9485403535,girnarfruittrade@nexora.in,buy123,Jawhar,Palghar,Girnar Fruit Traders Pvt Ltd
Milind Salunkhe,8302782724,navnathcottongin@nexora.in,buy123,Katol,Nagpur,Navnath Cotton Ginning & Pressing
Kiran Patil,7480503550,harihareshwarcot@nexora.in,buy123,Dharmabad,Nanded,Harihareshwar Cotton Traders
Umesh Deshpande,8851907996,vishwasoilmillsp@nexora.in,buy123,Shirur Anantpal,Latur,Vishwas Oil Mills Pvt Ltd
Santosh Lokhande,9067559909,kalikatextilespv2@nexora.in,buy123,Seloo,Wardha,Kalika Textiles Pvt Ltd
Dattatray Ubale,7886443337,suryafreshvegeta@nexora.in,buy123,Maval,Pune,Surya Fresh Vegetable Traders
Suresh Kale,7901374635,pravaramangotrad@nexora.in,buy123,Sudhagad-Pali,Raigad,Pravara Mango Traders
Pooja Bhagat,6441117250,sanmanricemills@nexora.in,buy123,Sadak-Arjuni,Gondia,Sanman Rice Mills
Sanjay Holkar,9119237739,panchgangajagger@nexora.in,buy123,Radhanagari,Kolhapur,Panchganga Jaggery Traders
Snehal Joshi,6379480043,sinhagadmangotra@nexora.in,buy123,Sangameshwar,Ratnagiri,Sinhagad Mango Traders
Archana Solanke,7828732461,ashokaricemills@nexora.in,buy123,Shahapur,Thane,Ashoka Rice Mills
Namdev Deshmukh,9692084417,kedareshwarsantr@nexora.in,buy123,Daryapur,Amravati,Kedareshwar Santra Traders
Prashant Suryawanshi,7813246033,sarthisugarspvtl@nexora.in,buy123,Koregaon,Satara,Sarthi Sugars Pvt Ltd
Seema Powar,6414280836,manassugarfactor@nexora.in,buy123,Ambegaon,Pune,Manas Sugar Factory
Ravindra Thorat,8951192735,rajlaxmitextiles@nexora.in,buy123,Umarkhed,Yavatmal,Rajlaxmi Textiles Pvt Ltd
Shankar Deshmukh,8993344288,vaibhavcashewexp@nexora.in,buy123,Vengurla,Sindhudurg,Vaibhav Cashew Exports Pvt Ltd
Milind Patil,7156363593,balajifreshgrape@nexora.in,buy123,Peth,Nashik,Balaji Fresh Grapes Exports
Shobha Rathod,7238711882,samruddhicottonm@nexora.in,buy123,Samudrapur,Wardha,Samruddhi Cotton Mills Ltd
Ganesh Fadnavis,8649298804,adityasugarmills@nexora.in,buy123,Wai,Satara,Aditya Sugar Mills Ltd
Ramesh Sathe,6535661473,ektatextilespvtl@nexora.in,buy123,Jamner,Jalgaon,Ekta Textiles Pvt Ltd
Ajit Nalawade,8349383588,rameshfisheriesp@nexora.in,buy123,Mokhada,Palghar,Ramesh Fisheries Pvt Ltd
Vinod Chougule,6137908368,godavarisitaphal@nexora.in,buy123,Parli,Beed,Godavari Sitaphal Traders
Snehal Kulkarni,9497367737,ekviracottontrad2@nexora.in,buy123,Shirpur,Dhule,Ekvira Cotton Traders
Sopan Jagtap,8012783628,vitthalricemills@nexora.in,buy123,Amgaon,Gondia,Vitthal Rice Mills
Sarika Shinde,6939663942,navjeevansahakar@nexora.in,buy123,Malshiras,Solapur,Navjeevan Sahakari Sakhar Karkhana
Shankar Chavan,8407926684,aishwaryapulsest@nexora.in,buy123,Deoni,Latur,Aishwarya Pulses Traders Pvt Ltd
Namdev Rane,6412904561,yashwanthaldiudy2@nexora.in,buy123,Kalamnuri,Hingoli,Yashwant Haldi Udyog
Anand Joshi,7159884134,ashirwadoilmills2@nexora.in,buy123,Jalgaon,Jalgaon,Ashirwad Oil Mills Pvt Ltd
Gopal Wagh,8546737716,godavarivalleysu2@nexora.in,buy123,Rahuri,Ahilyanagar (Ahmednagar),Godavari Valley Sugar Mills Ltd
Snehal Hande,9851086580,rajendrasuparitr@nexora.in,buy123,Sawantwadi,Sindhudurg,Rajendra Supari Traders
Vasant Ghorpade,9507674284,ganrajricetrader@nexora.in,buy123,Sadak-Arjuni,Gondia,Ganraj Rice Traders Pvt Ltd
Bharat Khedkar,9655059753,samruddhitextile@nexora.in,buy123,Loha,Nanded,Samruddhi Textiles Pvt Ltd
Rahul Thorat,8516180467,navjeevancottonm2@nexora.in,buy123,Daryapur,Amravati,Navjeevan Cotton Mills Ltd
Manisha Patil,9421660546,indrayanitextile@nexora.in,buy123,Ramtek,Nagpur,Indrayani Textiles Pvt Ltd
Neelam Jagtap,9243814622,jagdambabedanaex@nexora.in,buy123,Tasgaon,Sangli,Jagdamba Bedana Exports Pvt Ltd
Shrikant Rane,7129327983,godavarivalleysu@nexora.in,buy123,Khed,Pune,Godavari Valley Sugar Factory
Nitin Chougule,8244802430,pragatiagroindus@nexora.in,buy123,Deglur,Nanded,Pragati Agro Industries
Manohar Shelke,7217654163,sundarbanagroind@nexora.in,buy123,Akot,Akola,Sundarban Agro Industries
Raghunath Wagh,7643860554,saraswatiorangep@nexora.in,buy123,Anjangaon-Surji,Amravati,Saraswati Orange Processing Co.
Madhuri Chougule,7630910585,vaibhavtextilesp5@nexora.in,buy123,Washim,Washim,Vaibhav Textiles Pvt Ltd
Sunita Kulkarni,6559874906,rameshcottontrad@nexora.in,buy123,Sangrampur,Buldhana,Ramesh Cotton Traders
Rajendra Ghorpade,9691867502,ekviracottontrad@nexora.in,buy123,Purna,Parbhani,Ekvira Cotton Traders
Jyoti Takawale,8695778625,prithvirajkokump@nexora.in,buy123,Chiplun,Ratnagiri,Prithviraj Kokum Processing Co.
Shankar Patil,7324150183,tuljabhavanisoyb2@nexora.in,buy123,Mehkar,Buldhana,Tulja Bhavani Soybean Traders
Nitin Khedkar,8853769492,sahyadrioilmills@nexora.in,buy123,Osmanabad,Dharashiv (Osmanabad),Sahyadri Oil Mills Pvt Ltd
Vijay Nikam,7656988655,vitthalfoodsexpo@nexora.in,buy123,Andheri,Mumbai Suburban,Vitthal Foods & Exports Pvt Ltd
Vandana Sathe,7702069744,bhimasugarfactor@nexora.in,buy123,Gaganbawada,Kolhapur,Bhima Sugar Factory
Yogesh Khedkar,9125906305,konkanoilmillspv@nexora.in,buy123,Maregaon,Yavatmal,Konkan Oil Mills Pvt Ltd
Balasaheb Chavan,6327112464,ashokafruittrade@nexora.in,buy123,Amalner,Jalgaon,Ashoka Fruit Traders Pvt Ltd
Ajit Khedkar,7439039427,panchvatisugarmi@nexora.in,buy123,Karvir,Kolhapur,Panchvati Sugar Mills Ltd
Vandana Jadhav,9971205514,pragatioilmillsp@nexora.in,buy123,Hingoli,Hingoli,Pragati Oil Mills Pvt Ltd
Popat Salunkhe,9500069862,mulamuthafruitex@nexora.in,buy123,Georai,Beed,Mula-Mutha Fruit Exports Pvt Ltd
Mangesh Deshmukh,7815688515,chhatrapaticashe@nexora.in,buy123,Vengurla,Sindhudurg,Chhatrapati Cashew Processors
Prakash Ubale,9332897961,karhacottonginni@nexora.in,buy123,Yavatmal,Yavatmal,Karha Cotton Ginning & Pressing
Neelam Rane,7025429107,shubhamfisheries@nexora.in,buy123,Vikramgad,Palghar,Shubham Fisheries Pvt Ltd
Vijay Bhagat,9886512567,amrutaagroexport@nexora.in,buy123,Satara,Satara,Amruta Agro Exports Pvt Ltd
Nitin Zaware,6195381613,godavarivalleyco@nexora.in,buy123,Deulgaon Raja,Buldhana,Godavari Valley Cotton Ginning & Pressing
Rupali Fadnavis,7902227918,vijaysuparitrade@nexora.in,buy123,Uran,Raigad,Vijay Supari Traders
Meera Lokhande,6900400238,shivshaktioilmil2@nexora.in,buy123,Umarga,Dharashiv (Osmanabad),Shivshakti Oil Mills Pvt Ltd
Popat Shinde,9565477171,santtukaramsoyap@nexora.in,buy123,Bhum,Dharashiv (Osmanabad),Sant Tukaram Soya Processors
Shankar Ghorpade,7535254323,vijaydurgtextile@nexora.in,buy123,Chopda,Jalgaon,Vijaydurg Textiles Pvt Ltd
Vasant Gawali,8252003552,adityahaldiudyog@nexora.in,buy123,Deglur,Nanded,Aditya Haldi Udyog
Baburao Patil,7373512431,pragatifreshvege@nexora.in,buy123,Kalwan,Nashik,Pragati Fresh Vegetable Exports Pvt Ltd
Santosh More,7993158279,ganrajcottonmill@nexora.in,buy123,Nandurbar,Nandurbar,Ganraj Cotton Mills Ltd
Popat Shelke,9278347926,jankalyancottont2@nexora.in,buy123,Shahada,Nandurbar,Jankalyan Cotton Traders
Hanumant Mane,6207764265,panchgangaricetr@nexora.in,buy123,Bhiwandi,Thane,Panchganga Rice Traders Pvt Ltd
Namdev Chougule,7480356373,vishwascottonmil2@nexora.in,buy123,Jalna,Jalna,Vishwas Cotton Mills Ltd
Sachin Mahajan,8848775124,jagdambaricetrad@nexora.in,buy123,Deori,Gondia,Jagdamba Rice Traders Pvt Ltd
Amol Jadhav,6156907857,suvarnawinespvtl@nexora.in,buy123,Jat,Sangli,Suvarna Wines Pvt Ltd
Amol Thorat,9119006606,bhairavgadfoodgr@nexora.in,buy123,Roha,Raigad,Bhairavgad Foodgrains Pvt Ltd
Ajit Khedkar,6087958638,krishnavalleysug@nexora.in,buy123,Khandala,Satara,Krishna Valley Sugar Factory
Nanda Chougule,9649425834,samratagrotechpv@nexora.in,buy123,Dadar,Mumbai City,Samrat AgroTech Pvt Ltd
Bapurao Shinde,7924867527,tarangancashewpr@nexora.in,buy123,Devgad,Sindhudurg,Tarangan Cashew Processors
Deepak Borate,9431797419,jagdambaagrotech@nexora.in,buy123,Kurla,Mumbai Suburban,Jagdamba AgroTech Pvt Ltd
Nanda Sable,9221272036,marathasunflower@nexora.in,buy123,Khamgaon,Buldhana,Maratha Sunflower Traders
Mangesh Fadnavis,8384090153,amrutasugarmills@nexora.in,buy123,Kopargaon,Ahilyanagar (Ahmednagar),Amruta Sugar Mills Ltd
Ashok Nalawade,7786579754,sahakaralphonsoe@nexora.in,buy123,Malwan,Sindhudurg,Sahakar Alphonso Exports
Dattatray Sathe,7837156103,vishwassantratra2@nexora.in,buy123,Chikhaldara,Amravati,Vishwas Santra Traders
Nitin Rathod,8941974126,godavarivalleysu3@nexora.in,buy123,Ambegaon,Pune,Godavari Valley Sugar Factory
Sachin Rane,6323273915,marathacottonmil@nexora.in,buy123,Dhule,Dhule,Maratha Cotton Mills Ltd
Shrikant Ubale,8042690838,chandraricemills@nexora.in,buy123,Khalapur,Raigad,Chandra Rice Mills
Ramesh Nalawade,6595213811,swarajsunflowert@nexora.in,buy123,Shegaon,Buldhana,Swaraj Sunflower Traders
Vasant Patil,9637675703,bhairavgadtextil@nexora.in,buy123,Samudrapur,Wardha,Bhairavgad Textiles Pvt Ltd
Dilip Chougule,6089183125,vijaysugarmillsl@nexora.in,buy123,Junnar,Pune,Vijay Sugar Mills Ltd
Archana Thorat,8950858105,saicottontraders@nexora.in,buy123,Mukhed,Nanded,Sai Cotton Traders
Manohar Pawar,8593536000,lokmangaltendule@nexora.in,buy123,Gadchiroli,Gadchiroli,Lokmangal Tendu Leaves Co.
Santosh Dhumal,9208495997,amrutfruittrader@nexora.in,buy123,Talode,Nandurbar,Amrut Fruit Traders Pvt Ltd
Ganesh Dhumal,6092642899,suvarnagroundnut@nexora.in,buy123,Chalisgaon,Jalgaon,Suvarna Groundnut Traders
Vandana Bhandare,6540582531,indrayanicottong@nexora.in,buy123,Nandura,Buldhana,Indrayani Cotton Ginning & Pressing
Namdev Lokhande,6440699576,sundarbanagrotra@nexora.in,buy123,Colaba,Mumbai City,Sundarban Agro Trading Co.
Balasaheb Holkar,6507690418,shrishtiricetrad@nexora.in,buy123,Mohadi,Bhandara,Shrishti Rice Traders Pvt Ltd
Sunil Mane,6327235304,suryaagrotrading@nexora.in,buy123,Colaba,Mumbai City,Surya Agro Trading Co.
Mangesh Thorat,7639537623,panchvaticottonm3@nexora.in,buy123,Nandurbar,Nandurbar,Panchvati Cotton Mills Ltd
Santosh Shelke,7311662984,shrishtibetelnut@nexora.in,buy123,Panvel,Raigad,Shrishti Betelnut Exports
Suresh Zaware,8858793679,adarshspicetrade@nexora.in,buy123,Sengaon,Hingoli,Adarsh Spice Traders
Vandana Fadnavis,9782991598,kedareshwartexti@nexora.in,buy123,Dhule,Dhule,Kedareshwar Textiles Pvt Ltd
Madhuri Dhumal,7710312728,yashwantcottontr3@nexora.in,buy123,Ashti,Wardha,Yashwant Cotton Traders
Rupali Hande,9948985736,godavarivalleyco2@nexora.in,buy123,Chikhaldara,Amravati,Godavari Valley Cotton Ginning & Pressing
Anjali Joshi,9284053267,waingangacashewe@nexora.in,buy123,Sangameshwar,Ratnagiri,Wainganga Cashew Exports Pvt Ltd
Jyoti Rathod,6534468826,mulamuthaoilmill@nexora.in,buy123,Khamgaon,Buldhana,Mula-Mutha Oil Mills Pvt Ltd
Shankar Powar,6757216477,bhogawatisoybean@nexora.in,buy123,Mahagaon,Yavatmal,Bhogawati Soybean Traders
Anjali Chavan,8308101848,rajlaxmicitrusex2@nexora.in,buy123,Ashti,Wardha,Rajlaxmi Citrus Exports Pvt Ltd
Meera Deshmukh,6725688626,shivnerisugarfac@nexora.in,buy123,Maan,Satara,Shivneri Sugar Factory
Sarika Gawali,6847901736,balajicottonginn@nexora.in,buy123,Sindkheda,Dhule,Balaji Cotton Ginning & Pressing
Prakash Gadhave,9586694280,rajlaxmioniontra@nexora.in,buy123,Shirpur,Dhule,Rajlaxmi Onion Traders
Namdev Powar,7224983976,kedareshwarspice@nexora.in,buy123,Sengaon,Hingoli,Kedareshwar Spice Traders
Ganesh Chavan,9105095260,amrutfoodsexport@nexora.in,buy123,Malad,Mumbai Suburban,Amrut Foods & Exports Pvt Ltd
Manohar Shelke,8296502733,suryafruittrader@nexora.in,buy123,Talasari,Palghar,Surya Fruit Traders Pvt Ltd
Anjali Nikam,8613044516,jaibhavaniagroex@nexora.in,buy123,Shahapur,Thane,Jai Bhavani Agro Exports Pvt Ltd
Dilip Mane,9755228864,priyafruitexport@nexora.in,buy123,Mohol,Solapur,Priya Fruit Exports Pvt Ltd
Amol Bhandare,9161772367,someshwarstrawbe@nexora.in,buy123,Mahabaleshwar,Satara,Someshwar Strawberry Jam Ltd
Eknath Chougule,6386747449,sinhagadagroexpo@nexora.in,buy123,Wai,Satara,Sinhagad Agro Exports Pvt Ltd
Pooja Pawar,9982718246,purnavalleyfoodg@nexora.in,buy123,Gondia,Gondia,Purna Valley Foodgrains Pvt Ltd
Snehal Thorat,9781273355,rajhansalphonsoe2@nexora.in,buy123,Devgad,Sindhudurg,Rajhans Alphonso Exports
Rajendra Kulkarni,7443697379,harihareshwarfoo2@nexora.in,buy123,Lakhandur,Bhandara,Harihareshwar Foodgrains Pvt Ltd
Dattatray Sable,6799764689,jaihindcottongin@nexora.in,buy123,Ashti,Wardha,Jaihind Cotton Ginning & Pressing
Rajesh Gaikwad,6861859358,ekviraricetrader@nexora.in,buy123,Lakhandur,Bhandara,Ekvira Rice Traders Pvt Ltd
Vasant Rathod,9498174520,tapisugarspvtltd@nexora.in,buy123,Sangamner,Ahilyanagar (Ahmednagar),Tapi Sugars Pvt Ltd
Rupali Rane,6449481397,padmavaticottong2@nexora.in,buy123,Telhara,Akola,Padmavati Cotton Ginning & Pressing
Tanaji Mane,9511253287,shivnerivineyard@nexora.in,buy123,Trimbakeshwar,Nashik,Shivneri Vineyards
Pravin Sable,7272083064,digvijaysugarfac@nexora.in,buy123,Sillod,Chhatrapati Sambhajinagar (Aurangabad),Digvijay Sugar Factory
Eknath Kulkarni,8139035626,saialphonsoexpor@nexora.in,buy123,Lanja,Ratnagiri,Sai Alphonso Exports
Amol Chougule,6342366712,pragatisuparitra@nexora.in,buy123,Dodamarg,Sindhudurg,Pragati Supari Traders
Sunil Rane,9418536730,karhakokumagropr@nexora.in,buy123,Chiplun,Ratnagiri,Karha Kokum Agro Products
Anjali Kadam,9495004698,bhogawatihapusex@nexora.in,buy123,Chiplun,Ratnagiri,Bhogawati Hapus Exports Pvt Ltd
Jyoti Kulkarni,9174515388,shubhamfruitexpo@nexora.in,buy123,Patoda,Beed,Shubham Fruit Exports Pvt Ltd
Archana Patil,9036649071,ganeshcottontrad@nexora.in,buy123,Nandura,Buldhana,Ganesh Cotton Traders
Nanda Patil,7829809923,rajlaxmifoodgrai2@nexora.in,buy123,Latur,Latur,Rajlaxmi Foodgrains Pvt Ltd
Nanda Powar,7082257311,omcitrusexportsp@nexora.in,buy123,Deoli,Wardha,Om Citrus Exports Pvt Ltd
Prashant Gadhave,7910345627,kedareshwarricet2@nexora.in,buy123,Ambarnath,Thane,Kedareshwar Rice Traders Pvt Ltd
Hanumant Bhandare,6643771491,mulafoodsexports@nexora.in,buy123,Dadar,Mumbai City,Mula Foods & Exports Pvt Ltd
Bharat Lokhande,9993135053,nilkanthcottontr@nexora.in,buy123,Babhulgaon,Yavatmal,Nilkanth Cotton Traders
Umesh Bhandare,7189539201,girnarricetrader@nexora.in,buy123,Jiwati,Chandrapur,Girnar Rice Traders Pvt Ltd
Vinod Bhandare,7043947295,rajgadagrofoodsp@nexora.in,buy123,Sindkheda,Dhule,Rajgad Agro Foods Pvt Ltd
Seema Waghmare,8591735209,vaibhavfoodsexpo@nexora.in,buy123,Fort,Mumbai City,Vaibhav Foods & Exports Pvt Ltd
Popat Takawale,8721446627,annapurnasugarfa@nexora.in,buy123,Indapur,Pune,Annapurna Sugar Factory
Dilip Nalawade,8281632381,navjeevanoilmill@nexora.in,buy123,Chandurbazar,Amravati,Navjeevan Oil Mills Pvt Ltd
Bapurao Sable,8483783210,waranaricemills@nexora.in,buy123,Sakoli,Bhandara,Warana Rice Mills
Archana Holkar,6197409694,kisansugarfactor@nexora.in,buy123,Shevgaon,Ahilyanagar (Ahmednagar),Kisan Sugar Factory
Balasaheb Mane,6021379451,ghodoilmillspvtl@nexora.in,buy123,Washi,Dharashiv (Osmanabad),Ghod Oil Mills Pvt Ltd
Vishal Suryawanshi,9518884341,manasfoodsexport@nexora.in,buy123,Bandra,Mumbai Suburban,Manas Foods & Exports Pvt Ltd
Snehal Shelke,9168012352,rushikeshagrotra@nexora.in,buy123,Bandra,Mumbai Suburban,Rushikesh Agro Trading Co.
Tanaji Nalawade,7533327294,yashwantagroexpo@nexora.in,buy123,Murbad,Thane,Yashwant Agro Exports Pvt Ltd
Kiran Ghadge,8656321223,chandramangotrad@nexora.in,buy123,Ratnagiri,Ratnagiri,Chandra Mango Traders
Vijay Wagh,8387404934,vithobagrapeexpo@nexora.in,buy123,Nashik,Nashik,Vithoba Grape Exports Pvt Ltd
Rupali Joshi,6399601211,mulacitrusexport2@nexora.in,buy123,Parseoni,Nagpur,Mula Citrus Exports Pvt Ltd
Snehal Chavan,8479764801,balajicottonmill@nexora.in,buy123,Hinganghat,Wardha,Balaji Cotton Mills Ltd
Pravin More,9455242718,navjeevandalmill@nexora.in,buy123,Ahmedpur,Latur,Navjeevan Dal Mills
Rupali More,7202001984,malharsoyaproces@nexora.in,buy123,Washi,Dharashiv (Osmanabad),Malhar Soya Processors
Deepak Patil,9674445918,vaibhavricetrade@nexora.in,buy123,Bhandara,Bhandara,Vaibhav Rice Traders Pvt Ltd
Anita Pawar,7064071799,bhimaricetraders4@nexora.in,buy123,Etapalli,Gadchiroli,Bhima Rice Traders Pvt Ltd
Shrikant Ghadge,6292401021,ganeshonionveget@nexora.in,buy123,Shirpur,Dhule,Ganesh Onion & Vegetable Traders
Swati Kulkarni,6544629042,mulamuthacottonm@nexora.in,buy123,Wardha,Wardha,Mula-Mutha Cotton Mills Ltd
Dilip Bhosale,9213737369,ashokasoyaproces@nexora.in,buy123,Kandhar,Nanded,Ashoka Soya Processors
Vishal Zaware,6809478585,mangalmurtiagroi@nexora.in,buy123,Ausa,Latur,Mangalmurti Agro Industries
Eknath Randhawa,7877400394,konkanagroindust@nexora.in,buy123,Loha,Nanded,Konkan Agro Industries
Sunil Khedkar,6271621517,sahyadrisoyaproc@nexora.in,buy123,Basmath,Hingoli,Sahyadri Soya Processors
Bapurao Mane,7645491705,ajinkyafoodsexpo@nexora.in,buy123,Bandra,Mumbai Suburban,Ajinkya Foods & Exports Pvt Ltd
Vasant Ubale,8178251164,waingangaricemil@nexora.in,buy123,Vada,Palghar,Wainganga Rice Mills
Kalpana More,9686219613,sinhagadcottontr2@nexora.in,buy123,Parli,Beed,Sinhagad Cotton Traders
Gopal Rathod,9444237212,chhatrapatisoyap@nexora.in,buy123,Jalkot,Latur,Chhatrapati Soya Processors
Madhuri Kadam,9487043837,navjeevanspicetr@nexora.in,buy123,Umri,Nanded,Navjeevan Spice Traders
Shankar Fadnavis,6271398223,rajmatasahakaris@nexora.in,buy123,Shirur,Pune,Rajmata Sahakari Sakhar Karkhana
Dilip Zaware,6018283643,anjalitenduleave@nexora.in,buy123,Dhanora,Gadchiroli,Anjali Tendu Leaves Co.
Gopichand Deshmukh,8385503518,mahindraflowertr@nexora.in,buy123,Shirur,Pune,Mahindra Flower Traders Pvt Ltd
Manohar Zaware,7973833955,mulamuthapulsest@nexora.in,buy123,Ausa,Latur,Mula-Mutha Pulses Traders Pvt Ltd
Prashant Nikam,8082737729,kaveriorangeproc@nexora.in,buy123,Narkhed,Nagpur,Kaveri Orange Processing Co.
Namdev Kulkarni,7677977478,laxmifreshvegeta@nexora.in,buy123,Kalyan,Thane,Laxmi Fresh Vegetable Traders
Pravin Waghmare,7316846782,pragationionvege@nexora.in,buy123,Junnar,Pune,Pragati Onion & Vegetable Traders
Neelam Pawar,8011065878,ajinkyahapusexpo@nexora.in,buy123,Mandangad,Ratnagiri,Ajinkya Hapus Exports Pvt Ltd
Bapurao Joshi,7123991278,kundasoyaprocess@nexora.in,buy123,Risod,Washim,Kunda Soya Processors
Vijay Yadav,8867537529,vithobatextilesp@nexora.in,buy123,Seloo,Wardha,Vithoba Textiles Pvt Ltd
Kavita Mahajan,8222805377,niraoilmillspvtl@nexora.in,buy123,Basmath,Hingoli,Nira Oil Mills Pvt Ltd
Vasant Waghmare,8686834497,kalikaturmericpr@nexora.in,buy123,Kadegaon,Sangli,Kalika Turmeric Processing Co.
Sunil Vhatkar,9806671723,krishnacottontra@nexora.in,buy123,Pachora,Jalgaon,Krishna Cotton Traders
Namdev Rane,9810929343,krishnawinespvtl2@nexora.in,buy123,Sinnar,Nashik,Krishna Wines Pvt Ltd
Bharat Mahajan,8419515852,sahyadriricetrad2@nexora.in,buy123,Tiroda,Gondia,Sahyadri Rice Traders Pvt Ltd
Vijay Kulkarni,8142768313,konkansugarfacto@nexora.in,buy123,Bhum,Dharashiv (Osmanabad),Konkan Sugar Factory
Ganesh Kadam,6713831312,panchgangatextil@nexora.in,buy123,Pusad,Yavatmal,Panchganga Textiles Pvt Ltd
Yogesh Kadam,7811211355,waingangasoybean@nexora.in,buy123,Murtajapur,Akola,Wainganga Soybean Traders
Kavita Nikam,6618200638,vitthalgrapeexpo2@nexora.in,buy123,Velhe,Pune,Vitthal Grape Exports Pvt Ltd
Milind Ghadge,8041042346,waranafreshveget@nexora.in,buy123,Ulhasnagar,Thane,Warana Fresh Vegetable Traders
Shrikant Ubale,6521690458,rajhanssantratra@nexora.in,buy123,Chandurbazar,Amravati,Rajhans Santra Traders
Bharat Mahajan,6294963666,jaihindorangepro@nexora.in,buy123,Tiosa,Amravati,Jaihind Orange Processing Co.
Neelam Waghmare,7706493546,samratagriseedsc@nexora.in,buy123,Badnapur,Jalna,Samrat Agri Seeds Co.
Vishal Bhosale,7962659620,tirupatigrapeexp@nexora.in,buy123,Solapur South,Solapur,Tirupati Grape Exports Pvt Ltd
Mangesh Bhandare,6508169504,aishwaryasugarsp@nexora.in,buy123,Beed,Beed,Aishwarya Sugars Pvt Ltd
Sanjay Lokhande,6284529841,purnavalleyfresh@nexora.in,buy123,Murbad,Thane,Purna Valley Fresh Vegetable Traders
Seema Nikam,8870455011,sureshalphonsoex@nexora.in,buy123,Mandangad,Ratnagiri,Suresh Alphonso Exports
Madhuri Pawar,6023904248,samratricemills@nexora.in,buy123,Vada,Palghar,Samrat Rice Mills
Balasaheb Fadnavis,8681527967,kedareshwarricet@nexora.in,buy123,Armori,Gadchiroli,Kedareshwar Rice Traders Pvt Ltd
Anand Kulkarni,8646658662,nilkanthhaldiudy@nexora.in,buy123,Pathri,Parbhani,Nilkanth Haldi Udyog
Ramesh Hande,8908517747,lokmangaltendule2@nexora.in,buy123,Warora,Chandrapur,Lokmangal Tendu Leaves Co.
Mahendra Deshpande,8535709385,laxmicashewexpor@nexora.in,buy123,Mandangad,Ratnagiri,Laxmi Cashew Exports Pvt Ltd
Pravin Pawar,6099903036,priyacooperative@nexora.in,buy123,Khatav,Satara,Priya Cooperative Sugar Karkhana
Dattatray Bhagat,8278510074,vitthalricemills2@nexora.in,buy123,Mokhada,Palghar,Vitthal Rice Mills
Sunil Shelke,8760830287,aishwaryafreshve@nexora.in,buy123,Khed,Pune,Aishwarya Fresh Vegetable Traders
Mahendra Bhandare,9159417673,vitthalcottongin@nexora.in,buy123,Babhulgaon,Yavatmal,Vitthal Cotton Ginning & Pressing
Bapurao Suryawanshi,6531603840,someshwarsugarsp@nexora.in,buy123,Ambajogai,Beed,Someshwar Sugars Pvt Ltd
Shrikant Mahajan,8927774601,swarajricetrader@nexora.in,buy123,Gondia,Gondia,Swaraj Rice Traders Pvt Ltd
Gopichand Sathe,9983218184,sundarbantendule@nexora.in,buy123,Pombhurna,Chandrapur,Sundarban Tendu Leaves Co.
Amol Takawale,8355273545,saicottonginning2@nexora.in,buy123,Buldhana,Buldhana,Sai Cotton Ginning & Pressing
Amol Randhawa,7650778523,saifoodgrainspvt2@nexora.in,buy123,Lakhandur,Bhandara,Sai Foodgrains Pvt Ltd
Deepak Ubale,6828817975,sahyadriagroexpo@nexora.in,buy123,Ulhasnagar,Thane,Sahyadri Agro Exports Pvt Ltd
Manohar Nalawade,6437521154,navnathsoyaproce@nexora.in,buy123,Ahmedpur,Latur,Navnath Soya Processors
Rajendra Kulkarni,6083488284,nirasahakarisakh@nexora.in,buy123,Pathardi,Ahilyanagar (Ahmednagar),Nira Sahakari Sakhar Karkhana
Vinod Borate,9495858530,krishnaagrotechp2@nexora.in,buy123,Byculla,Mumbai City,Krishna AgroTech Pvt Ltd
Manohar Lokhande,9160267320,jankalyansoyapro2@nexora.in,buy123,Kalamb,Dharashiv (Osmanabad),Jankalyan Soya Processors
Vishal Kale,9535158844,vithobacooperati@nexora.in,buy123,Kalamb,Dharashiv (Osmanabad),Vithoba Cooperative Sugar Karkhana
Sarika Thorat,8864883422,vitthalagroindus@nexora.in,buy123,Nandura,Buldhana,Vitthal Agro Industries
Madhuri Shinde,8272646828,kranticottontrad2@nexora.in,buy123,Mehkar,Buldhana,Kranti Cotton Traders
Raghunath Kadam,7559025511,bhairavnathhapus@nexora.in,buy123,Ambarnath,Thane,Bhairavnath Hapus Exports Pvt Ltd
Prashant Zaware,6370337367,kedareshwaragris@nexora.in,buy123,Mantha,Jalna,Kedareshwar Agri Seeds Co.
Nanda Dhumal,8320762934,panchgangafruite@nexora.in,buy123,Mohol,Solapur,Panchganga Fruit Exports Pvt Ltd
Vishal Jadhav,6889008304,ashokaalphonsoex@nexora.in,buy123,Murud,Raigad,Ashoka Alphonso Exports
Popat Kadam,6458628483,panchvatitendule@nexora.in,buy123,Desaiganj,Gadchiroli,Panchvati Tendu Leaves Co.
Kiran Sathe,8913330383,kalikacitrusexpo@nexora.in,buy123,Ramtek,Nagpur,Kalika Citrus Exports Pvt Ltd
Ramesh Borate,9621777220,amrutasugarmills2@nexora.in,buy123,Shirala,Sangli,Amruta Sugar Mills Ltd
Namdev Hande,6817414333,krishnaagrotechp@nexora.in,buy123,Bandra,Mumbai Suburban,Krishna AgroTech Pvt Ltd
Pravin Suryawanshi,9707088510,shivshaktisahaka@nexora.in,buy123,Karvir,Kolhapur,Shivshakti Sahakari Sakhar Karkhana
Kiran Patil,6738331218,digvijaykandavya@nexora.in,buy123,Sakri,Dhule,Digvijay Kanda Vyapari Sangh
Prashant Gadhave,7617063201,tirupatibetelnut@nexora.in,buy123,Devgad,Sindhudurg,Tirupati Betelnut Exports
Sunil Vhatkar,8854489898,bhogawaticopraoi@nexora.in,buy123,Shrivardhan,Raigad,Bhogawati Copra & Oil Mills
Nanda Kadam,6177364328,jaibhavanicotton@nexora.in,buy123,Pusad,Yavatmal,Jai Bhavani Cotton Ginning & Pressing
Rajesh Powar,8808550469,utkarshaoilmills@nexora.in,buy123,Achalpur,Amravati,Utkarsha Oil Mills Pvt Ltd
Manisha Gawali,9596220146,indrayanifruittr@nexora.in,buy123,Amalner,Jalgaon,Indrayani Fruit Traders Pvt Ltd
Shivaji Powar,8710763941,sinnarcottonmill@nexora.in,buy123,Deglur,Nanded,Sinnar Cotton Mills Ltd
Deepak Randhawa,9506377834,rajmatasugarmill@nexora.in,buy123,Kadegaon,Sangli,Rajmata Sugar Mills Ltd
Nanda Randhawa,8784549563,rajendracottongi@nexora.in,buy123,Phulambri,Chhatrapati Sambhajinagar (Aurangabad),Rajendra Cotton Ginning & Pressing
Mangesh Solanke,7430622215,manasfoodgrainsp2@nexora.in,buy123,Amgaon,Gondia,Manas Foodgrains Pvt Ltd
Kavita Solanke,6633480330,sinnarsugarspvtl@nexora.in,buy123,Aurangabad,Chhatrapati Sambhajinagar (Aurangabad),Sinnar Sugars Pvt Ltd
Rupali Waghmare,8784856927,ghodsugarmillslt@nexora.in,buy123,Shrirampur,Ahilyanagar (Ahmednagar),Ghod Sugar Mills Ltd
Ashok Powar,8198980014,someshwarpomegra@nexora.in,buy123,Sangole,Solapur,Someshwar Pomegranate Exports
Ganesh Jagtap,9953239464,krishnavalleysug2@nexora.in,buy123,Satara,Satara,Krishna Valley Sugar Factory
Balasaheb Fadnavis,6202109441,deccanvineyards@nexora.in,buy123,Chandwad,Nashik,Deccan Vineyards
Archana Wagh,8716279204,shivshaktigrapee@nexora.in,buy123,Deola,Nashik,Shivshakti Grape Exports Pvt Ltd
Sunita Bhandare,7049624865,vitthalsoybeantr@nexora.in,buy123,Risod,Washim,Vitthal Soybean Traders
Kalpana Mahajan,7155653432,yashwantsugarfac@nexora.in,buy123,Hatkanangale,Kolhapur,Yashwant Sugar Factory
Rahul More,7032585240,digvijaytextiles@nexora.in,buy123,Shahada,Nandurbar,Digvijay Textiles Pvt Ltd
Anand Bhagat,7772075183,saraswaticottong2@nexora.in,buy123,Aurangabad,Chhatrapati Sambhajinagar (Aurangabad),Saraswati Cotton Ginning & Pressing
Umesh Ghadge,8713703613,chhatrapatiricem@nexora.in,buy123,Talasari,Palghar,Chhatrapati Rice Mills
Rajendra Hande,6009012709,uttamsugarspvtlt@nexora.in,buy123,Mulshi,Pune,Uttam Sugars Pvt Ltd
Vasant Waghmare,6317054744,sahyadrifreshveg@nexora.in,buy123,Wai,Satara,Sahyadri Fresh Vegetable Traders
Rahul Gawali,6164938582,vaishnavisahakar@nexora.in,buy123,Maval,Pune,Vaishnavi Sahakari Sakhar Karkhana
Sarika Sathe,6420772721,someshwarsoybean@nexora.in,buy123,Kalamb,Dharashiv (Osmanabad),Someshwar Soybean Traders
Prakash Bhosale,8320916247,omtenduleavesco@nexora.in,buy123,Dhanora,Gadchiroli,Om Tendu Leaves Co.
Jyoti Chougule,8610083233,kalikaagrotradin@nexora.in,buy123,Dadar,Mumbai City,Kalika Agro Trading Co.
Ramesh Rathod,7704985920,ganeshcottontrad2@nexora.in,buy123,Digras,Yavatmal,Ganesh Cotton Traders
Sarika Solanke,9539938780,rushikeshfruitpr@nexora.in,buy123,Patan,Satara,Rushikesh Fruit Preserves Co.
Rahul Waghmare,9033505668,amrutorangeproce@nexora.in,buy123,Tiosa,Amravati,Amrut Orange Processing Co.
Swati Salunkhe,6816966148,prithvirajfruitt@nexora.in,buy123,Navapur,Nandurbar,Prithviraj Fruit Traders Pvt Ltd
Balasaheb Bhosale,6332122965,kavericottonginn4@nexora.in,buy123,Paithan,Chhatrapati Sambhajinagar (Aurangabad),Kaveri Cotton Ginning & Pressing
Sanjay Takawale,9364799831,krantiricetrader@nexora.in,buy123,Lakhani,Bhandara,Kranti Rice Traders Pvt Ltd
Sunita Sable,9825331992,sinhagadcitrusex@nexora.in,buy123,Wardha,Wardha,Sinhagad Citrus Exports Pvt Ltd
Deepak Rathod,8236109210,suryahaldiudyog@nexora.in,buy123,Kalamnuri,Hingoli,Surya Haldi Udyog
Hanumant Chougule,9742972503,mangalmurtisahak@nexora.in,buy123,Osmanabad,Dharashiv (Osmanabad),Mangalmurti Sahakari Sakhar Karkhana
Ravindra Joshi,6349673582,taranganjaggeryt@nexora.in,buy123,Panhala,Kolhapur,Tarangan Jaggery Traders
Milind Ghorpade,8554501760,godavarivalleyse2@nexora.in,buy123,Vada,Palghar,Godavari Valley Seafood Exports Co.
Dilip Gawali,9239802664,waranasugarspvtl@nexora.in,buy123,Shirol,Kolhapur,Warana Sugars Pvt Ltd
Milind Solanke,9841119667,kedareshwarcoope@nexora.in,buy123,Ajra,Kolhapur,Kedareshwar Cooperative Sugar Karkhana
Meera Patil,8025347213,vinayakoilmillsp4@nexora.in,buy123,Patoda,Beed,Vinayak Oil Mills Pvt Ltd
Rupali Ubale,6658948113,chandramangotrad2@nexora.in,buy123,Sudhagad-Pali,Raigad,Chandra Mango Traders
Prakash Waghmare,9580728441,kalikaorangeproc@nexora.in,buy123,Umred,Nagpur,Kalika Orange Processing Co.
Neelam Holkar,9442793193,sureshricetrader@nexora.in,buy123,Pauni,Bhandara,Suresh Rice Traders Pvt Ltd
Seema Dhumal,7925716651,tirupatifoodgrai2@nexora.in,buy123,Palghar,Palghar,Tirupati Foodgrains Pvt Ltd
Vishal Dhumal,7693764786,amrutaseedspvtlt@nexora.in,buy123,Bhokardan,Jalna,Amruta Seeds Pvt Ltd
Chandrakant Kale,7410965020,deccanvineyardsw@nexora.in,buy123,Surgana,Nashik,Deccan Vineyards & Wines Pvt Ltd
Popat Bhagat,7841704464,navjeevankajuudy@nexora.in,buy123,Rajapur,Ratnagiri,Navjeevan Kaju Udyog
Meera Suryawanshi,9761010577,sundarbanagrotra2@nexora.in,buy123,Kurla,Mumbai Suburban,Sundarban Agro Trading Co.
Jyoti Ghorpade,7443860105,suvarnamishtanbh@nexora.in,buy123,Phulambri,Chhatrapati Sambhajinagar (Aurangabad),Suvarna Mishtan Bhandar
Jyoti Powar,7824969048,kundasahakarisak@nexora.in,buy123,Kalamb,Dharashiv (Osmanabad),Kunda Sahakari Sakhar Karkhana
Rajesh Suryawanshi,7710028311,kedareshwarchiko@nexora.in,buy123,Vasai,Palghar,Kedareshwar Chikoo Exports
Madhuri Joshi,6271074282,deccanoilmillspv@nexora.in,buy123,Sengaon,Hingoli,Deccan Oil Mills Pvt Ltd
Swati Hande,6308220296,tirupatiricetrad@nexora.in,buy123,Sakoli,Bhandara,Tirupati Rice Traders Pvt Ltd
Sunil Randhawa,6532910520,krantialphonsoex@nexora.in,buy123,Ratnagiri,Ratnagiri,Kranti Alphonso Exports
Rekha Thorat,6306125260,malharonionveget@nexora.in,buy123,Shirur,Pune,Malhar Onion & Vegetable Traders
Rajesh Mane,6016659413,ekvirasoybeantra@nexora.in,buy123,Murtajapur,Akola,Ekvira Soybean Traders
Pravin Nalawade,7090049010,vithobaonionvege@nexora.in,buy123,Baglan,Nashik,Vithoba Onion & Vegetable Traders
Rupali Salunkhe,7919000598,waranafreshgrape2@nexora.in,buy123,Khanapur,Sangli,Warana Fresh Grapes Exports
Rahul Sathe,6274881573,jagdambasoyaproc@nexora.in,buy123,Renapur,Latur,Jagdamba Soya Processors
Ganesh Dhumal,6795887646,marathacottongin@nexora.in,buy123,Dhule,Dhule,Maratha Cotton Ginning & Pressing
Shobha Wagh,9963563084,bhagwansantratra@nexora.in,buy123,Chandurbazar,Amravati,Bhagwan Santra Traders
Manohar Borate,9718726904,ashirwadhaldiudy@nexora.in,buy123,Hingoli,Hingoli,Ashirwad Haldi Udyog
Bapurao Sable,9469893108,digvijaycitrusex@nexora.in,buy123,Seloo,Wardha,Digvijay Citrus Exports Pvt Ltd
Milind More,6380838728,chandraoilmillsp@nexora.in,buy123,Buldhana,Buldhana,Chandra Oil Mills Pvt Ltd
Prashant Ubale,7862058450,adarshfruittrade@nexora.in,buy123,Vada,Palghar,Adarsh Fruit Traders Pvt Ltd
Yogesh Randhawa,8304772436,sarthicashewproc@nexora.in,buy123,Vaibhavwadi,Sindhudurg,Sarthi Cashew Processors
Pooja Gaikwad,7886842271,karhaagrotrading@nexora.in,buy123,Kurla,Mumbai Suburban,Karha Agro Trading Co.
Shivaji Vhatkar,6890289562,ganrajwinespvtlt@nexora.in,buy123,Walwa,Sangli,Ganraj Wines Pvt Ltd
Snehal Damle,6853314624,saraswaticottonm@nexora.in,buy123,Sindkheda,Dhule,Saraswati Cotton Mills Ltd
Rajesh Sathe,6098507211,shivnerisugarspv@nexora.in,buy123,Bhum,Dharashiv (Osmanabad),Shivneri Sugars Pvt Ltd
Ajit Bhagat,6893194260,ajinkyacottongin@nexora.in,buy123,Malkapur,Buldhana,Ajinkya Cotton Ginning & Pressing
Deepak Shinde,8034273951,amrutasugarmills3@nexora.in,buy123,Daund,Pune,Amruta Sugar Mills Ltd
Namdev Gaikwad,8005364258,bhairavgadagroin2@nexora.in,buy123,Pathri,Parbhani,Bhairavgad Agro Industries
Gopichand Yadav,8994372286,shivshakticotton2@nexora.in,buy123,Manora,Washim,Shivshakti Cotton Traders
Yogesh Hande,6230199221,annapurnakelavya@nexora.in,buy123,Chalisgaon,Jalgaon,Annapurna Kela Vyapari
Sunita Lokhande,6506347520,jagdambafreshveg@nexora.in,buy123,Khandala,Satara,Jagdamba Fresh Vegetable Traders
Anjali Mahajan,9754266450,konkandalmills@nexora.in,buy123,Shirur Anantpal,Latur,Konkan Dal Mills
Chandrakant Gaikwad,7335916494,amrutaagroindust@nexora.in,buy123,Kalamb,Dharashiv (Osmanabad),Amruta Agro Industries
Vijay Bhosale,9375471336,omricemills@nexora.in,buy123,Palghar,Palghar,Om Rice Mills
Umesh Pawar,8373419931,lokmangalfreshgr@nexora.in,buy123,Shirala,Sangli,Lokmangal Fresh Grapes Exports
Bharat Deshpande,9728182578,navnathdalmills2@nexora.in,buy123,Jalkot,Latur,Navnath Dal Mills
Suresh Jadhav,6261577502,kaverifoodgrains@nexora.in,buy123,Deori,Gondia,Kaveri Foodgrains Pvt Ltd
Anand Sathe,8250070206,bhogawaticottong3@nexora.in,buy123,Ralegaon,Yavatmal,Bhogawati Cotton Ginning & Pressing
Deepak Kulkarni,8479632190,navnathoniontrad@nexora.in,buy123,Kalwan,Nashik,Navnath Onion Traders
Yogesh Sathe,9299347553,ashokasoyaproces3@nexora.in,buy123,Risod,Washim,Ashoka Soya Processors
Mangesh Wagh,9652138543,sureshcottonginn@nexora.in,buy123,Shirpur,Dhule,Suresh Cotton Ginning & Pressing
Anita Salunkhe,7252333510,sureshdalmills@nexora.in,buy123,Shirur Anantpal,Latur,Suresh Dal Mills
Shankar Deshpande,8002927714,swarajwinespvtlt@nexora.in,buy123,Bhor,Pune,Swaraj Wines Pvt Ltd
Gopichand Hande,7364294357,rameshsantratrad@nexora.in,buy123,Chandur,Amravati,Ramesh Santra Traders
Mahendra Borate,6313330967,nilkanthsugarfac2@nexora.in,buy123,Jamkhed,Ahilyanagar (Ahmednagar),Nilkanth Sugar Factory
Umesh Shinde,6352182048,vinayakoilmillsp2@nexora.in,buy123,Hadgaon,Nanded,Vinayak Oil Mills Pvt Ltd
Anita Gawali,6888136442,balajifruitexpor2@nexora.in,buy123,Patoda,Beed,Balaji Fruit Exports Pvt Ltd
Vandana Rathod,7568590657,ghodsugarspvtltd@nexora.in,buy123,Osmanabad,Dharashiv (Osmanabad),Ghod Sugars Pvt Ltd
Anand Kulkarni,8286164454,padmavatiagroexp@nexora.in,buy123,Indapur,Pune,Padmavati Agro Exports Pvt Ltd
Hanumant Damle,6261964986,karhasahakarisak@nexora.in,buy123,Atpadi,Sangli,Karha Sahakari Sakhar Karkhana
Dattatray Solanke,9015138128,shreeramricemill2@nexora.in,buy123,Gondpimpri,Chandrapur,Shreeram Rice Mills
Rupali More,7273733928,bhimaoniontrader@nexora.in,buy123,Dindori,Nashik,Bhima Onion Traders
Snehal Ghorpade,6567587803,rajhansforestpro@nexora.in,buy123,Sindewahi,Chandrapur,Rajhans Forest Produce Traders
Yogesh Khedkar,8461444358,khandobaagrotech@nexora.in,buy123,Byculla,Mumbai City,Khandoba AgroTech Pvt Ltd
Amol Gadhave,7359410148,kundaagroindustr@nexora.in,buy123,Kandhar,Nanded,Kunda Agro Industries
Milind Waghmare,6864623247,vaibhavfoodgrain@nexora.in,buy123,Bhadravati,Chandrapur,Vaibhav Foodgrains Pvt Ltd
Pooja Dhumal,7089747667,ganeshsoyaproces@nexora.in,buy123,Washi,Dharashiv (Osmanabad),Ganesh Soya Processors
Seema Kulkarni,7753464627,bhairavgadagroin@nexora.in,buy123,Washim,Washim,Bhairavgad Agro Industries
Shrikant Solanke,7026113472,pragatiagroexpor@nexora.in,buy123,Khandala,Satara,Pragati Agro Exports Pvt Ltd
Kiran Bhagat,8394099105,saisugarmillsltd@nexora.in,buy123,Dharur,Beed,Sai Sugar Mills Ltd
Ganesh Rane,6261401419,sinhagadbetelnut@nexora.in,buy123,Poladpur,Raigad,Sinhagad Betelnut Exports
Raghunath Jadhav,6718391360,ashirwadagrotech@nexora.in,buy123,Borivali,Mumbai Suburban,Ashirwad AgroTech Pvt Ltd
Kavita Nalawade,6211506558,deccantextilespv2@nexora.in,buy123,Hingoli,Hingoli,Deccan Textiles Pvt Ltd
Hanumant Randhawa,8437985966,vithobafoodgrain@nexora.in,buy123,Bhadravati,Chandrapur,Vithoba Foodgrains Pvt Ltd
Rupali Wagh,7904844950,shubhambananaexp@nexora.in,buy123,Muktainagar,Jalgaon,Shubham Banana Exports
Eknath Joshi,6485253888,purnavalleycashe@nexora.in,buy123,Dapoli,Ratnagiri,Purna Valley Cashew Processors
Bapurao Wagh,9207880785,nutancottontrade@nexora.in,buy123,Shirpur,Dhule,Nutan Cotton Traders
Ganesh Chavan,8312188592,konkancottonmill2@nexora.in,buy123,Seloo,Wardha,Konkan Cotton Mills Ltd
Bharat Kulkarni,8415867889,ganeshsugarmills@nexora.in,buy123,Jaoli,Satara,Ganesh Sugar Mills Ltd
Rajesh Jagtap,6954298023,utkarshaforestpr@nexora.in,buy123,Chamorshi,Gadchiroli,Utkarsha Forest Produce Traders
Kalpana Kale,8565674139,saraswatisugarfa@nexora.in,buy123,Akkalkot,Solapur,Saraswati Sugar Factory
Rekha Solanke,8341990045,ekvirasugarmills@nexora.in,buy123,Parner,Ahilyanagar (Ahmednagar),Ekvira Sugar Mills Ltd
Rupali Chougule,9703067488,sinnarcottontrad2@nexora.in,buy123,Kannad,Chhatrapati Sambhajinagar (Aurangabad),Sinnar Cotton Traders
Popat Holkar,9485626345,annapurnacottonm@nexora.in,buy123,Navapur,Nandurbar,Annapurna Cotton Mills Ltd
Seema Pawar,6747881043,nilkanthonionveg@nexora.in,buy123,Dhule,Dhule,Nilkanth Onion & Vegetable Traders
Vandana Gawali,9127244160,kalikaonionveget@nexora.in,buy123,Chandwad,Nashik,Kalika Onion & Vegetable Traders
Rajesh Dhumal,8610735873,shubhamagroexpor@nexora.in,buy123,Deola,Nashik,Shubham Agro Exports
Neelam Fadnavis,9811732060,ramrajacottonmil@nexora.in,buy123,Warud,Amravati,Ramraja Cotton Mills Ltd
Amol Zaware,9234985208,krantisugarmills@nexora.in,buy123,Gadhinglaj,Kolhapur,Kranti Sugar Mills Ltd
Bapurao Joshi,6420101693,nilkanthsahakari@nexora.in,buy123,Soegaon,Chhatrapati Sambhajinagar (Aurangabad),Nilkanth Sahakari Sakhar Karkhana
Kavita Rane,6242646288,kisanfisheriespv@nexora.in,buy123,Mahad,Raigad,Kisan Fisheries Pvt Ltd
Vandana Bhandare,8661250090,khandobaagroindu@nexora.in,buy123,Amravati,Amravati,Khandoba Agro Industries
Tanaji Wagh,9609260309,ashokafreshgrape@nexora.in,buy123,Peth,Nashik,Ashoka Fresh Grapes Exports
Balasaheb Sable,6948046668,ghodhaldiudyog@nexora.in,buy123,Basmath,Hingoli,Ghod Haldi Udyog
Vasant Damle,8562402965,ramrajaspicetrad@nexora.in,buy123,Manora,Washim,Ramraja Spice Traders
Jyoti Bhagat,6011339152,ganrajfruittrade@nexora.in,buy123,Vikramgad,Palghar,Ganraj Fruit Traders Pvt Ltd
Manohar Lokhande,9949590722,adarshvineyards@nexora.in,buy123,Palus,Sangli,Adarsh Vineyards
Swati More,7357251524,shivshaktiagrote3@nexora.in,buy123,Andheri,Mumbai Suburban,Shivshakti AgroTech Pvt Ltd
Nanda Chavan,7130727060,jankalyantendule@nexora.in,buy123,Armori,Gadchiroli,Jankalyan Tendu Leaves Co.
Popat More,7323683175,shrishtispicetra2@nexora.in,buy123,Purna,Parbhani,Shrishti Spice Traders
Snehal Nikam,7970852380,shrishtifruittra@nexora.in,buy123,Barshi,Solapur,Shrishti Fruit Traders Pvt Ltd
Vijay Takawale,6234013551,pravarafisheries@nexora.in,buy123,Poladpur,Raigad,Pravara Fisheries Pvt Ltd
Kalpana Khedkar,8722008261,panchvatigrainsm@nexora.in,buy123,Dhadgaon,Nandurbar,Panchvati Grains & Maize Traders
Shankar Bhosale,6005257735,konkanoilmillspv2@nexora.in,buy123,Risod,Washim,Konkan Oil Mills Pvt Ltd
Yogesh Fadnavis,6487103641,bhagwanpomegrana@nexora.in,buy123,Mangalvedhe,Solapur,Bhagwan Pomegranate Exports
Kiran Zaware,7253095246,kaverifisheriesp@nexora.in,buy123,Tala,Raigad,Kaveri Fisheries Pvt Ltd
Rajesh Joshi,8366159841,bhagwancottongin2@nexora.in,buy123,Mukhed,Nanded,Bhagwan Cotton Ginning & Pressing
Dilip Sathe,6293968801,annapurnacottong2@nexora.in,buy123,Hingna,Nagpur,Annapurna Cotton Ginning & Pressing
Sachin Kulkarni,8474740370,sundarbanbedanae@nexora.in,buy123,Shirala,Sangli,Sundarban Bedana Exports Pvt Ltd
Vijay Kulkarni,7811528962,sarthiseedspvtlt@nexora.in,buy123,Bhokardan,Jalna,Sarthi Seeds Pvt Ltd
Pooja Hande,7193713566,panchgangasoyapr@nexora.in,buy123,Bhum,Dharashiv (Osmanabad),Panchganga Soya Processors
Balasaheb Thorat,8052202627,suryaricemills@nexora.in,buy123,Dhanora,Gadchiroli,Surya Rice Mills
Anita Rane,9234020865,ekvirahaldiudyog@nexora.in,buy123,Walwa,Sangli,Ekvira Haldi Udyog
Kavita Joshi,9394364161,vitthalmangotrad@nexora.in,buy123,Guhagar,Ratnagiri,Vitthal Mango Traders
Sarika Ubale,8277202186,bhairavgadricetr@nexora.in,buy123,Pauni,Bhandara,Bhairavgad Rice Traders Pvt Ltd
Mangesh Ubale,7997673302,rajmatacottontra@nexora.in,buy123,Georai,Beed,Rajmata Cotton Traders
Sachin Pawar,7994595653,jaibhavaniagrotr@nexora.in,buy123,Bandra,Mumbai Suburban,Jai Bhavani Agro Trading Co.
Tanaji Borate,9798087193,panchvatitextile@nexora.in,buy123,Samudrapur,Wardha,Panchvati Textiles Pvt Ltd
Rajendra Waghmare,9918447713,saiagrotechpvtlt@nexora.in,buy123,Fort,Mumbai City,Sai AgroTech Pvt Ltd
Eknath Ubale,9769195515,indrayaniagroind2@nexora.in,buy123,Chakur,Latur,Indrayani Agro Industries
Amol Salunkhe,6683883387,tirupatifruitexp@nexora.in,buy123,Dharur,Beed,Tirupati Fruit Exports Pvt Ltd
Snehal Fadnavis,9715904667,amrutspicetrader@nexora.in,buy123,Shahuwadi,Kolhapur,Amrut Spice Traders
Sachin Randhawa,9053663062,balajikelavyapar@nexora.in,buy123,Akkalkuwa,Nandurbar,Balaji Kela Vyapari
Nitin Takawale,9085547106,pravarasantratra@nexora.in,buy123,Parseoni,Nagpur,Pravara Santra Traders
Amol Deshpande,9540855866,godavarivalleyco3@nexora.in,buy123,Bhokardan,Jalna,Godavari Valley Cotton Mills Ltd
Santosh Gaikwad,7353849869,nilkanthfruittra@nexora.in,buy123,Talasari,Palghar,Nilkanth Fruit Traders Pvt Ltd
Rajesh Zaware,7851955923,nilkanthricetrad@nexora.in,buy123,Mulchera,Gadchiroli,Nilkanth Rice Traders Pvt Ltd
Vasant Deshpande,7450197726,renukaagrotechpv@nexora.in,buy123,Kurla,Mumbai Suburban,Renuka AgroTech Pvt Ltd
Sopan Nalawade,6615716037,ashokaagroindust@nexora.in,buy123,Sonpeth,Parbhani,Ashoka Agro Industries
Vishal Gawali,9932296908,laxmikokumproces@nexora.in,buy123,Vaibhavwadi,Sindhudurg,Laxmi Kokum Processing Co.
Kavita Hande,9316655287,vijaydalmills@nexora.in,buy123,Latur,Latur,Vijay Dal Mills
Swati Jagtap,6486546592,karhafruittrader@nexora.in,buy123,Raver,Jalgaon,Karha Fruit Traders Pvt Ltd
Shankar Khedkar,6169671069,padmavaticottong@nexora.in,buy123,Morshi,Amravati,Padmavati Cotton Ginning & Pressing
Tanaji Borate,8525235964,ganeshagroindust@nexora.in,buy123,Paranda,Dharashiv (Osmanabad),Ganesh Agro Industries
Vijay Chavan,8760517189,rajlaxmifoodsexp@nexora.in,buy123,Parel,Mumbai City,Rajlaxmi Foods & Exports Pvt Ltd
Seema Fadnavis,9314057300,chhatrapaticotto@nexora.in,buy123,Yavatmal,Yavatmal,Chhatrapati Cotton Mills Ltd
Chandrakant Vhatkar,9929777277,jaibhavanihapuse@nexora.in,buy123,Rajapur,Ratnagiri,Jai Bhavani Hapus Exports Pvt Ltd
Namdev Deshmukh,9023918682,santtukaramfoodg@nexora.in,buy123,Murud,Raigad,Sant Tukaram Foodgrains Pvt Ltd
Vandana Takawale,9652147842,sahakarturmericp@nexora.in,buy123,Manwath,Parbhani,Sahakar Turmeric Processing Co.
Hanumant Mane,9995812555,bhimaricetraders2@nexora.in,buy123,Mulchera,Gadchiroli,Bhima Rice Traders Pvt Ltd
Kavita Lokhande,9670738963,godavarivalleyse@nexora.in,buy123,Uran,Raigad,Godavari Valley Seafood Exports Co.
Ramesh Sathe,9264059252,tapisugarmillslt@nexora.in,buy123,Parner,Ahilyanagar (Ahmednagar),Tapi Sugar Mills Ltd
Prashant Gadhave,7538782515,santtukaramgulud@nexora.in,buy123,Bhudargad,Kolhapur,Sant Tukaram Gul Udyog
Kiran Khedkar,8422329021,jaihindagroindus@nexora.in,buy123,Nilanga,Latur,Jaihind Agro Industries
Ganesh Mahajan,9418006131,chandraseafoodex@nexora.in,buy123,Murud,Raigad,Chandra Seafood Exports Co.
Amol Jadhav,7453709710,chandracottontra@nexora.in,buy123,Ardhapur,Nanded,Chandra Cotton Traders
Vinod Vhatkar,6452396670,uttampapayaexpor@nexora.in,buy123,Shahada,Nandurbar,Uttam Papaya Exports
Pooja Shinde,6380685405,mahindrahaldiudy@nexora.in,buy123,Manwath,Parbhani,Mahindra Haldi Udyog
Ashok More,7765715996,samruddhionionve2@nexora.in,buy123,Indapur,Pune,Samruddhi Onion & Vegetable Traders
Seema Mahajan,7114718284,ashirwadcottonmi@nexora.in,buy123,Arni,Yavatmal,Ashirwad Cotton Mills Ltd
Santosh Holkar,8393784948,purnavalleycotto@nexora.in,buy123,Arvi,Wardha,Purna Valley Cotton Traders
Mangesh Deshmukh,6521603402,sanmanagrotechpv@nexora.in,buy123,Byculla,Mumbai City,Sanman AgroTech Pvt Ltd
Gopichand Yadav,6001894315,godavarivalleyco4@nexora.in,buy123,Phaltan,Satara,Godavari Valley Cooperative Sugar Karkhana
Rahul Zaware,8472803852,omalphonsoexport@nexora.in,buy123,Guhagar,Ratnagiri,Om Alphonso Exports
Vinod Thorat,7014212216,ganeshcottonginn@nexora.in,buy123,Jalgaon Jamod,Buldhana,Ganesh Cotton Ginning & Pressing
Sunil Holkar,8079568190,rajhansalphonsoe@nexora.in,buy123,Rajapur,Ratnagiri,Rajhans Alphonso Exports
Snehal Jadhav,7389136463,sureshmishtanbha@nexora.in,buy123,Jafrabad,Jalna,Suresh Mishtan Bhandar
Manisha Mane,9499277843,krishnavalleyfoo2@nexora.in,buy123,Arjuni-Morgaon,Gondia,Krishna Valley Foodgrains Pvt Ltd
Mangesh Khedkar,9434691634,utkarshaagrotrad@nexora.in,buy123,Kurla,Mumbai Suburban,Utkarsha Agro Trading Co.
Vandana Jagtap,8591841590,sanmansugarmills@nexora.in,buy123,Nagar,Ahilyanagar (Ahmednagar),Sanman Sugar Mills Ltd
Neelam Vhatkar,8588996172,amrutfoodgrainsp@nexora.in,buy123,Mohol,Solapur,Amrut Foodgrains Pvt Ltd
Rupali Vhatkar,8893512014,rameshagriseedsc@nexora.in,buy123,Jalna,Jalna,Ramesh Agri Seeds Co.
Balasaheb Ghadge,9649960508,kalikaoilmillspv@nexora.in,buy123,Paranda,Dharashiv (Osmanabad),Kalika Oil Mills Pvt Ltd
Dilip Waghmare,8753691422,vijayagroindustr@nexora.in,buy123,Murtajapur,Akola,Vijay Agro Industries
Eknath Borate,9580603017,shivshakticashew2@nexora.in,buy123,Ratnagiri,Ratnagiri,Shivshakti Cashew Exports Pvt Ltd
Deepak Nikam,7160829321,rajlaxmicottontr2@nexora.in,buy123,Patoda,Beed,Rajlaxmi Cotton Traders
Anjali Bhandare,7748079890,saraswatianartra@nexora.in,buy123,Nagar,Ahilyanagar (Ahmednagar),Saraswati Anar Traders
Namdev Shinde,7734337344,aishwaryawinespv@nexora.in,buy123,Dindori,Nashik,Aishwarya Wines Pvt Ltd
Santosh Takawale,9432361154,purnavalleycotto4@nexora.in,buy123,Amalner,Jalgaon,Purna Valley Cotton Traders
Pravin Mane,8161105669,rajendrafisherie2@nexora.in,buy123,Mokhada,Palghar,Rajendra Fisheries Pvt Ltd
Archana Lokhande,9426630837,vitthaltextilesp@nexora.in,buy123,Badnapur,Jalna,Vitthal Textiles Pvt Ltd
Rekha Bhosale,7576231002,rushikeshcottonm@nexora.in,buy123,Deglur,Nanded,Rushikesh Cotton Mills Ltd
Manisha Powar,7195816475,rajhansricetrade@nexora.in,buy123,Amgaon,Gondia,Rajhans Rice Traders Pvt Ltd
Sarika Rane,6223522225,utkarshaturmeric@nexora.in,buy123,Bhudargad,Kolhapur,Utkarsha Turmeric Processing Co.
Rajendra Khedkar,6587683465,vaishnavifoodgra@nexora.in,buy123,Lakhani,Bhandara,Vaishnavi Foodgrains Pvt Ltd
Kavita Hande,7852045662,shivshaktifoodgr2@nexora.in,buy123,Mul,Chandrapur,Shivshakti Foodgrains Pvt Ltd
Sanjay Fadnavis,7774958952,vaishnaviricetra@nexora.in,buy123,Sakoli,Bhandara,Vaishnavi Rice Traders Pvt Ltd
Bharat Salunkhe,6229084180,digvijayagroexpo@nexora.in,buy123,Shirur,Pune,Digvijay Agro Exports Pvt Ltd
Vijay Randhawa,7560952302,uttamhaldiudyog@nexora.in,buy123,Kavathemahankal,Sangli,Uttam Haldi Udyog
Tanaji Pawar,7186047880,godavariagroindu@nexora.in,buy123,Lonar,Buldhana,Godavari Agro Industries
Snehal Kadam,7253443579,padmavatichikooe@nexora.in,buy123,Dahanu,Palghar,Padmavati Chikoo Exports
Shivaji Kulkarni,6676631262,mangalmurtigulud@nexora.in,buy123,Bhudargad,Kolhapur,Mangalmurti Gul Udyog
Chandrakant Wagh,6146299132,nilkanthoniontra2@nexora.in,buy123,Dhule,Dhule,Nilkanth Onion Traders
Kiran Kale,7720751738,yashwantcottonmi2@nexora.in,buy123,Shirpur,Dhule,Yashwant Cotton Mills Ltd
Eknath Vhatkar,9363696379,mulamuthagrainsm2@nexora.in,buy123,Dhule,Dhule,Mula-Mutha Grains & Maize Traders
Bapurao Thorat,8019326396,pragatifruittrad2@nexora.in,buy123,Palghar,Palghar,Pragati Fruit Traders Pvt Ltd
Suresh Bhagat,9839461384,mahindraoilmills@nexora.in,buy123,Mehkar,Buldhana,Mahindra Oil Mills Pvt Ltd
Chandrakant Chougule,9001209692,karhacottontrade2@nexora.in,buy123,Bhokardan,Jalna,Karha Cotton Traders
Neelam Mahajan,7170026672,saraswatiagroexp@nexora.in,buy123,Shahapur,Thane,Saraswati Agro Exports Pvt Ltd
Milind Wagh,6791138404,santtukarampulse@nexora.in,buy123,Jalkot,Latur,Sant Tukaram Pulses Traders Pvt Ltd
Ramesh Ghadge,9173674536,purnavalleysunfl@nexora.in,buy123,Ambajogai,Beed,Purna Valley Sunflower Traders
Santosh Mane,6390840183,adarshalphonsoex@nexora.in,buy123,Sangameshwar,Ratnagiri,Adarsh Alphonso Exports
Sunita Damle,6560440509,shrishtifoodsexp@nexora.in,buy123,Malad,Mumbai Suburban,Shrishti Foods & Exports Pvt Ltd
Gopal Chougule,6095542784,pavanafoodsexpor@nexora.in,buy123,Parel,Mumbai City,Pavana Foods & Exports Pvt Ltd
Nanda Nalawade,9536920926,mahindraspicetra@nexora.in,buy123,Chandgad,Kolhapur,Mahindra Spice Traders
Rajendra Jadhav,7925074694,krishnavalleyric@nexora.in,buy123,Bhamragad,Gadchiroli,Krishna Valley Rice Mills
Manisha Powar,8657346831,rajhansforestpro2@nexora.in,buy123,Mulchera,Gadchiroli,Rajhans Forest Produce Traders
Manisha Thorat,6510430438,indrayanioilmill@nexora.in,buy123,Tiosa,Amravati,Indrayani Oil Mills Pvt Ltd
Ganesh Lokhande,9745880569,jankalyancottont@nexora.in,buy123,Kalamb,Yavatmal,Jankalyan Cotton Traders
Madhuri Jadhav,8720423998,girnarsugarmills@nexora.in,buy123,Umarga,Dharashiv (Osmanabad),Girnar Sugar Mills Ltd
Sunita Holkar,6202420956,ganrajcottonmill2@nexora.in,buy123,Sakri,Dhule,Ganraj Cotton Mills Ltd
Madhuri Joshi,9979428199,rajlaxmioilmills@nexora.in,buy123,Ardhapur,Nanded,Rajlaxmi Oil Mills Pvt Ltd
Ajit Deshmukh,8612727954,ekviraagroexport@nexora.in,buy123,Mulshi,Pune,Ekvira Agro Exports Pvt Ltd
Anand Nalawade,7850822231,nirasoyaprocesso@nexora.in,buy123,Renapur,Latur,Nira Soya Processors
Balasaheb Chavan,8228378233,priyaoilmillspvt@nexora.in,buy123,Jintur,Parbhani,Priya Oil Mills Pvt Ltd
Bharat Gadhave,8100387645,chandraricemills2@nexora.in,buy123,Vasai,Palghar,Chandra Rice Mills
Jyoti Jadhav,9805318078,waranacottonginn@nexora.in,buy123,Arvi,Wardha,Warana Cotton Ginning & Pressing
Santosh Jagtap,6610974971,tuljabhavanibana@nexora.in,buy123,Muktainagar,Jalgaon,Tulja Bhavani Banana Exports
Dattatray Chougule,8301101938,balajisugarspvtl@nexora.in,buy123,Ambegaon,Pune,Balaji Sugars Pvt Ltd
Amol Takawale,8712577954,malharoilmillspv@nexora.in,buy123,Arni,Yavatmal,Malhar Oil Mills Pvt Ltd
Jyoti Powar,8518172380,sureshsugarspvtl@nexora.in,buy123,Purandhar,Pune,Suresh Sugars Pvt Ltd
Kalpana Deshpande,7568673021,sinnaragroindust2@nexora.in,buy123,Jalkot,Latur,Sinnar Agro Industries
Raghunath Sathe,9687682335,tapicooperatives@nexora.in,buy123,Shahuwadi,Kolhapur,Tapi Cooperative Sugar Karkhana
Tanaji Wagh,6617320368,rajlaxmispicetra@nexora.in,buy123,Hingoli,Hingoli,Rajlaxmi Spice Traders
Anjali Damle,6955006433,sundarbangrainsm@nexora.in,buy123,Shahada,Nandurbar,Sundarban Grains & Maize Traders
Rekha Ghadge,8311436700,yashwantcottontr@nexora.in,buy123,Lonar,Buldhana,Yashwant Cotton Traders
Eknath Mahajan,8992137865,nutanorangeproce2@nexora.in,buy123,Hinganghat,Wardha,Nutan Orange Processing Co.
Vasant Khedkar,9402959621,balajisweetsfood@nexora.in,buy123,Khuldabad,Chhatrapati Sambhajinagar (Aurangabad),Balaji Sweets & Foods Pvt Ltd
Ganesh Thorat,7359019411,jaibhavaniagrofo@nexora.in,buy123,Shirpur,Dhule,Jai Bhavani Agro Foods Pvt Ltd
Anjali Kulkarni,8502796944,lokmangalricemil@nexora.in,buy123,Goregaon,Gondia,Lokmangal Rice Mills
Anand Gawali,6857153314,yashwantspicetra@nexora.in,buy123,Jintur,Parbhani,Yashwant Spice Traders
Vinod Chavan,7006202125,kalikawinespvtlt@nexora.in,buy123,Tasgaon,Sangli,Kalika Wines Pvt Ltd
Umesh Chougule,8469006973,sahyadriagroindu@nexora.in,buy123,Kandhar,Nanded,Sahyadri Agro Industries
Prashant Hande,8140315935,indrayanisugarsp@nexora.in,buy123,Madha,Solapur,Indrayani Sugars Pvt Ltd
Shankar Joshi,7701131600,sahakargrainsmai@nexora.in,buy123,Akkalkuwa,Nandurbar,Sahakar Grains & Maize Traders
Santosh Kadam,9640417088,omagroindustries@nexora.in,buy123,Manora,Washim,Om Agro Industries
Anand Ghadge,6230213929,vishwasagroexpor@nexora.in,buy123,Murbad,Thane,Vishwas Agro Exports Pvt Ltd
Shrikant Mahajan,9846493665,saraswatigrainsm@nexora.in,buy123,Shirpur,Dhule,Saraswati Grains & Maize Traders
Tanaji Vhatkar,6102392979,ganrajtextilespv@nexora.in,buy123,Bhatkuli,Amravati,Ganraj Textiles Pvt Ltd
Shrikant Bhandare,8993426578,manassoybeantrad@nexora.in,buy123,Akola,Akola,Manas Soybean Traders
Shivaji Kale,6579091326,aishwaryaricemil@nexora.in,buy123,Ulhasnagar,Thane,Aishwarya Rice Mills
Kiran Deshmukh,7262134050,suryaoilmillspvt@nexora.in,buy123,Ahmedpur,Latur,Surya Oil Mills Pvt Ltd
Vasant Thorat,7880951923,rajendrapapayaex2@nexora.in,buy123,Nandurbar,Nandurbar,Rajendra Papaya Exports
Mahendra Patil,8723724632,vaibhavtextilesp3@nexora.in,buy123,Deoli,Wardha,Vaibhav Textiles Pvt Ltd
Rajendra Zaware,8305783933,panchgangaforest2@nexora.in,buy123,Warora,Chandrapur,Panchganga Forest Produce Traders
Snehal Shelke,7318165965,saicottontraders2@nexora.in,buy123,Dhadgaon,Nandurbar,Sai Cotton Traders
Balasaheb Fadnavis,8024878614,vijaydurgfoodgra@nexora.in,buy123,Madha,Solapur,Vijaydurg Foodgrains Pvt Ltd
Milind Deshpande,8720844251,mahindrabetelnut2@nexora.in,buy123,Tala,Raigad,Mahindra Betelnut Exports
Shivaji Solanke,8094652447,sarthicooperativ@nexora.in,buy123,Solapur South,Solapur,Sarthi Cooperative Sugar Karkhana
Ramesh Holkar,8043018914,panchgangacotton@nexora.in,buy123,Mantha,Jalna,Panchganga Cotton Ginning & Pressing
Shrikant Yadav,8868604436,saiagriseedsco@nexora.in,buy123,Gangapur,Chhatrapati Sambhajinagar (Aurangabad),Sai Agri Seeds Co.
Deepak Patil,7268636465,suryaoilmillspvt2@nexora.in,buy123,Malegaon,Washim,Surya Oil Mills Pvt Ltd
Eknath Mane,6007729111,laxmifoodgrainsp@nexora.in,buy123,Jawhar,Palghar,Laxmi Foodgrains Pvt Ltd
Shankar Shinde,7587039305,padmavatiguludyo@nexora.in,buy123,Chandgad,Kolhapur,Padmavati Gul Udyog
Hanumant Mane,7527104996,vijaycottontrade@nexora.in,buy123,Aundha Nagnath,Hingoli,Vijay Cotton Traders
Vinod Takawale,8054306488,purnavalleyhaldi@nexora.in,buy123,Basmath,Hingoli,Purna Valley Haldi Udyog
Namdev Lokhande,7214692482,indrayanisoyapro@nexora.in,buy123,Jalgaon Jamod,Buldhana,Indrayani Soya Processors
Umesh Kulkarni,9564804457,vijayorangeproce@nexora.in,buy123,Nandgaon Khandeshwar,Amravati,Vijay Orange Processing Co.
Mangesh Waghmare,6918634939,bhagwansoyaproce2@nexora.in,buy123,Deoni,Latur,Bhagwan Soya Processors
Jyoti Gaikwad,9169508110,sinnarseedspvtlt@nexora.in,buy123,Vaijapur,Chhatrapati Sambhajinagar (Aurangabad),Sinnar Seeds Pvt Ltd
Deepak Takawale,7409978371,ashirwadricemill@nexora.in,buy123,Bhandara,Bhandara,Ashirwad Rice Mills
Shobha Ghadge,7810803427,saipomegranateex@nexora.in,buy123,Rahuri,Ahilyanagar (Ahmednagar),Sai Pomegranate Exports
Ajit Ubale,8176669401,niracottontrader@nexora.in,buy123,Basmath,Hingoli,Nira Cotton Traders
Madhuri Gawali,7225840621,shreecottontrade2@nexora.in,buy123,Purna,Parbhani,Shree Cotton Traders
Vijay Vhatkar,7983996634,sureshricemills@nexora.in,buy123,Ulhasnagar,Thane,Suresh Rice Mills
Bharat Sathe,8530666121,vinayakagriseeds@nexora.in,buy123,Kannad,Chhatrapati Sambhajinagar (Aurangabad),Vinayak Agri Seeds Co.
Hanumant Sathe,9680785916,santtukaramagrof@nexora.in,buy123,Shirpur,Dhule,Sant Tukaram Agro Foods Pvt Ltd
Snehal Chavan,6521494679,rushikeshricemil@nexora.in,buy123,Sudhagad-Pali,Raigad,Rushikesh Rice Mills
Eknath Deshpande,7211189612,ashirwadfreshveg@nexora.in,buy123,Khatav,Satara,Ashirwad Fresh Vegetable Traders
Shrikant Vhatkar,9076924592,vishwascitrusexp@nexora.in,buy123,Hingna,Nagpur,Vishwas Citrus Exports Pvt Ltd
Rahul Rane,7040813676,vaibhavtenduleav@nexora.in,buy123,Etapalli,Gadchiroli,Vaibhav Tendu Leaves Co.
Pravin Bhagat,8902862668,pravaraalphonsoe@nexora.in,buy123,Jawhar,Palghar,Pravara Alphonso Exports
Archana Dhumal,7686389892,krishnacottongin@nexora.in,buy123,Ashti,Beed,Krishna Cotton Ginning & Pressing
Nitin Zaware,8010168992,someshwarchikooe@nexora.in,buy123,Jawhar,Palghar,Someshwar Chikoo Exports
Anand Gaikwad,9115622310,ektaseafoodexpor@nexora.in,buy123,Jawhar,Palghar,Ekta Seafood Exports Co.
Vasant Shelke,9566135964,samratsoyaproces@nexora.in,buy123,Osmanabad,Dharashiv (Osmanabad),Samrat Soya Processors
Swati Bhosale,8832489284,vijaydurgsoyapro@nexora.in,buy123,Mehkar,Buldhana,Vijaydurg Soya Processors
Rahul Shelke,8780890337,saihaldiudyog@nexora.in,buy123,Karanja,Washim,Sai Haldi Udyog
Anand Ghadge,9167017263,marathasugarmill2@nexora.in,buy123,Wadwani,Beed,Maratha Sugar Mills Ltd
Rajesh Bhosale,7453088571,vaibhavvineyards@nexora.in,buy123,Nandgaon,Nashik,Vaibhav Vineyards & Wines Pvt Ltd
Rajesh Bhagat,7134668243,sundarbancottonm@nexora.in,buy123,Partur,Jalna,Sundarban Cotton Mills Ltd
Ravindra Joshi,8607317559,lokmangalcashewp@nexora.in,buy123,Lanja,Ratnagiri,Lokmangal Cashew Processors
Anita Patil,8666703422,godavarivalleytu3@nexora.in,buy123,Kadegaon,Sangli,Godavari Valley Turmeric Processing Co.
Eknath Joshi,7007992237,rajmatapomegrana@nexora.in,buy123,Rahuri,Ahilyanagar (Ahmednagar),Rajmata Pomegranate Exports
Amol Holkar,9313119980,purnavalleysugar@nexora.in,buy123,Hatkanangale,Kolhapur,Purna Valley Sugar Factory
Swati Holkar,9640302177,nilkanthcottongi@nexora.in,buy123,Sindkheda,Dhule,Nilkanth Cotton Ginning & Pressing
Ajit Pawar,9267185395,ashirwadricetrad2@nexora.in,buy123,Shrivardhan,Raigad,Ashirwad Rice Traders Pvt Ltd
Sachin Sathe,7160569198,girnaragroindust@nexora.in,buy123,Akola,Akola,Girnar Agro Industries
Bapurao Holkar,6775001867,shrishtisugarfac@nexora.in,buy123,Lohara,Dharashiv (Osmanabad),Shrishti Sugar Factory
Kiran Fadnavis,9993802279,shreeramfoodgrai2@nexora.in,buy123,Amgaon,Gondia,Shreeram Foodgrains Pvt Ltd
Gopal Bhagat,8035338869,malharfoodgrains@nexora.in,buy123,Salekasa,Gondia,Malhar Foodgrains Pvt Ltd
Gopal Hande,9528134221,mahindraguludyog@nexora.in,buy123,Karvir,Kolhapur,Mahindra Gul Udyog
Mahendra Jadhav,9263729859,kalikatextilespv@nexora.in,buy123,Mehkar,Buldhana,Kalika Textiles Pvt Ltd
Vijay Gawali,9032118657,tarangancottonmi@nexora.in,buy123,Sakri,Dhule,Tarangan Cotton Mills Ltd
Pravin Nikam,9831837904,anjalipomegranat@nexora.in,buy123,Karjat,Ahilyanagar (Ahmednagar),Anjali Pomegranate Exports
Ravindra Deshpande,8137103642,purnavalleycotto2@nexora.in,buy123,Seloo,Wardha,Purna Valley Cotton Traders
Sunita Deshpande,7243531681,bhagwancottongin@nexora.in,buy123,Talode,Nandurbar,Bhagwan Cotton Ginning & Pressing
Shrikant Randhawa,8137907748,mulaalphonsoexpo@nexora.in,buy123,Sudhagad-Pali,Raigad,Mula Alphonso Exports
Swati Patil,9149170247,prithvirajhapuse@nexora.in,buy123,Rajapur,Ratnagiri,Prithviraj Hapus Exports Pvt Ltd
Manisha Deshpande,8762692457,krantiturmericpr@nexora.in,buy123,Karanja,Washim,Kranti Turmeric Processing Co.
Ramesh Takawale,9825667517,samratseafoodexp2@nexora.in,buy123,Sawantwadi,Sindhudurg,Samrat Seafood Exports Co.
Sachin Rathod,6379072797,balajiagriseedsc@nexora.in,buy123,Gangapur,Chhatrapati Sambhajinagar (Aurangabad),Balaji Agri Seeds Co.
Raghunath Suryawanshi,6887932598,niraagroindustri@nexora.in,buy123,Sonpeth,Parbhani,Nira Agro Industries
Ashok Rathod,6952354204,rajhanstenduleav@nexora.in,buy123,Aheri,Gadchiroli,Rajhans Tendu Leaves Co.
Nitin Rathod,7424810903,kisantextilespvt@nexora.in,buy123,Mehkar,Buldhana,Kisan Textiles Pvt Ltd
Prakash Chavan,6779855816,godavarivalleyfr@nexora.in,buy123,Chopda,Jalgaon,Godavari Valley Fruit Traders Pvt Ltd
Umesh Holkar,8137115889,utkarshacooperat@nexora.in,buy123,Umarga,Dharashiv (Osmanabad),Utkarsha Cooperative Sugar Karkhana
Amol Sable,6109281590,rajmatafisheries@nexora.in,buy123,Rajapur,Ratnagiri,Rajmata Fisheries Pvt Ltd
Manohar Bhagat,8109589187,shrishtisantratr@nexora.in,buy123,Chikhaldara,Amravati,Shrishti Santra Traders
Milind Yadav,7625318041,kundacottonmills@nexora.in,buy123,Sindkheda,Dhule,Kunda Cotton Mills Ltd
Manohar Dhumal,8180168326,bhogawatiagrisee@nexora.in,buy123,Partur,Jalna,Bhogawati Agri Seeds Co.
Suresh Gadhave,6351917037,jaibhavanihaldiu@nexora.in,buy123,Sengaon,Hingoli,Jai Bhavani Haldi Udyog
Kalpana Kulkarni,6710490549,bhagwanmangotrad@nexora.in,buy123,Vaibhavwadi,Sindhudurg,Bhagwan Mango Traders
Nanda Bhandare,8596443757,ashokatextilespv@nexora.in,buy123,Risod,Washim,Ashoka Textiles Pvt Ltd
Chandrakant Mane,6641003790,ganeshtextilespv2@nexora.in,buy123,Chikhaldara,Amravati,Ganesh Textiles Pvt Ltd
Sachin Zaware,6011591970,sinnarcottontrad@nexora.in,buy123,Amravati,Amravati,Sinnar Cotton Traders
Snehal Ghorpade,6103979934,ashirwadcottontr@nexora.in,buy123,Karanja,Wardha,Ashirwad Cotton Traders
Sunil Chougule,6987801939,mulatextilespvtl2@nexora.in,buy123,Telhara,Akola,Mula Textiles Pvt Ltd
Suresh Bhagat,7117729752,bhairavnathsitap@nexora.in,buy123,Majalgaon,Beed,Bhairavnath Sitaphal Traders
Anjali Mane,7462013683,shrishtiagroexpo@nexora.in,buy123,Murbad,Thane,Shrishti Agro Exports Pvt Ltd
Sachin Yadav,9909165499,santtukaramonion@nexora.in,buy123,Baramati,Pune,Sant Tukaram Onion Traders
Mangesh Bhosale,9987422783,navnathcooperati2@nexora.in,buy123,Koregaon,Satara,Navnath Cooperative Sugar Karkhana
Amol Holkar,9130205149,jagdambacottongi@nexora.in,buy123,Seloo,Wardha,Jagdamba Cotton Ginning & Pressing
Ashok Jadhav,6833966865,niraforestproduc@nexora.in,buy123,Etapalli,Gadchiroli,Nira Forest Produce Traders
Kavita Hande,7920687855,bhogawatitextile2@nexora.in,buy123,Warora,Chandrapur,Bhogawati Textiles Pvt Ltd
Shivaji Fadnavis,9707004270,mulajaggerytrade@nexora.in,buy123,Hatkanangale,Kolhapur,Mula Jaggery Traders
Sanjay Hande,8721532721,saraswaticottong3@nexora.in,buy123,Karanja,Washim,Saraswati Cotton Ginning & Pressing
Milind Vhatkar,8066558237,ghodtextilespvtl@nexora.in,buy123,Shahada,Nandurbar,Ghod Textiles Pvt Ltd
Nanda Suryawanshi,8160956613,shreeramagroindu@nexora.in,buy123,Bhokar,Nanded,Shreeram Agro Industries
Vijay Dhumal,7662302512,sahakarmangotrad@nexora.in,buy123,Kankavli,Sindhudurg,Sahakar Mango Traders
Gopichand Pawar,6166359478,yashwantagroindu@nexora.in,buy123,Mahur,Nanded,Yashwant Agro Industries
Gopal Kulkarni,9993560442,kaverichikooexpo@nexora.in,buy123,Jawhar,Palghar,Kaveri Chikoo Exports
Pooja Thorat,9465204500,bhogawatiagroind@nexora.in,buy123,Latur,Latur,Bhogawati Agro Industries
Rekha Mane,7492422151,chandrasugarspvt@nexora.in,buy123,Nevasa,Ahilyanagar (Ahmednagar),Chandra Sugars Pvt Ltd
Shrikant Pawar,9853545434,shrishtisoyaproc@nexora.in,buy123,Udgir,Latur,Shrishti Soya Processors
Rajendra Gaikwad,8053344903,sureshfoodgrains@nexora.in,buy123,Sangole,Solapur,Suresh Foodgrains Pvt Ltd
Rekha Hande,9434684142,anjalianartrader@nexora.in,buy123,Rahuri,Ahilyanagar (Ahmednagar),Anjali Anar Traders
Rahul Bhosale,7670083330,prithvirajsugarm@nexora.in,buy123,Purandhar,Pune,Prithviraj Sugar Mills Ltd
Raghunath Sable,6862646081,laxmiturmericpro@nexora.in,buy123,Aundha Nagnath,Hingoli,Laxmi Turmeric Processing Co.
Amol Shinde,8038928285,mangalmurtisantr@nexora.in,buy123,Savner,Nagpur,Mangalmurti Santra Traders
Anita Takawale,8325792213,ganeshstrawberry@nexora.in,buy123,Jaoli,Satara,Ganesh Strawberry Jam Ltd
Ashok Gawali,6180146045,sinhagadfoodgrai@nexora.in,buy123,Bramhapuri,Chandrapur,Sinhagad Foodgrains Pvt Ltd
Anjali Jadhav,7654668673,mahindrastrawber@nexora.in,buy123,Jaoli,Satara,Mahindra Strawberry Jam Ltd
Kalpana Mane,7354448705,bhagwantextilesp@nexora.in,buy123,Nandurbar,Nandurbar,Bhagwan Textiles Pvt Ltd
Meera Shelke,9935782223,vitthalsoybeantr4@nexora.in,buy123,Osmanabad,Dharashiv (Osmanabad),Vitthal Soybean Traders
Gopichand Kale,7542706316,utkarshatextiles@nexora.in,buy123,Patur,Akola,Utkarsha Textiles Pvt Ltd
Jyoti Khedkar,8196937961,digvijayagrotrad@nexora.in,buy123,Dadar,Mumbai City,Digvijay Agro Trading Co.
Meera Shelke,8620082726,shreeramfoodgrai@nexora.in,buy123,Salekasa,Gondia,Shreeram Foodgrains Pvt Ltd
Anita Hande,6571215858,annapurnagrainsm@nexora.in,buy123,Shirpur,Dhule,Annapurna Grains & Maize Traders
Gopichand Rane,6331725965,rajendrafisherie@nexora.in,buy123,Mandangad,Ratnagiri,Rajendra Fisheries Pvt Ltd
Vishal Yadav,7653705656,kalikafreshgrape@nexora.in,buy123,Igatpuri,Nashik,Kalika Fresh Grapes Exports
Nanda Mane,9000949480,tapiricemills@nexora.in,buy123,Lakhani,Bhandara,Tapi Rice Mills
Balasaheb Shelke,6939601711,navnathcottongin2@nexora.in,buy123,Mahur,Nanded,Navnath Cotton Ginning & Pressing
Anita Ubale,6091946197,malharricemills@nexora.in,buy123,Dhanora,Gadchiroli,Malhar Rice Mills
Namdev Damle,8314134264,waingangaricetra@nexora.in,buy123,Warora,Chandrapur,Wainganga Rice Traders Pvt Ltd
Vandana Gadhave,7437767077,vaibhavhapusexpo@nexora.in,buy123,Roha,Raigad,Vaibhav Hapus Exports Pvt Ltd
Gopal Holkar,6140618836,karhasoyaprocess@nexora.in,buy123,Latur,Latur,Karha Soya Processors
Dattatray Borate,7409824965,sahakartextilesp@nexora.in,buy123,Sakri,Dhule,Sahakar Textiles Pvt Ltd
Gopal Deshmukh,7222507890,shreeramricemill@nexora.in,buy123,Warora,Chandrapur,Shreeram Rice Mills
Madhuri Powar,8957382539,jaibhavanimangot@nexora.in,buy123,Guhagar,Ratnagiri,Jai Bhavani Mango Traders
Anita Rane,6603478693,girnartextilespv2@nexora.in,buy123,Gondpimpri,Chandrapur,Girnar Textiles Pvt Ltd
Kavita Sable,6142411904,swarajsugarfacto@nexora.in,buy123,Hatkanangale,Kolhapur,Swaraj Sugar Factory
Shobha Shelke,9512981495,jagdambacottontr@nexora.in,buy123,Pathri,Parbhani,Jagdamba Cotton Traders
Vijay Kadam,8966524915,kalikasoybeantra@nexora.in,buy123,Murtajapur,Akola,Kalika Soybean Traders
Bharat More,8469474190,khandobasugarmil@nexora.in,buy123,Kopargaon,Ahilyanagar (Ahmednagar),Khandoba Sugar Mills Ltd
Hanumant Dhumal,9137015046,vijaycottonginni2@nexora.in,buy123,Babhulgaon,Yavatmal,Vijay Cotton Ginning & Pressing
Madhuri Thorat,8931624318,bhairavnathcoope@nexora.in,buy123,Sangamner,Ahilyanagar (Ahmednagar),Bhairavnath Cooperative Sugar Karkhana
Yogesh Jadhav,6495893454,samruddhiricetra@nexora.in,buy123,Kalyan,Thane,Samruddhi Rice Traders Pvt Ltd
Dattatray Zaware,6769863470,swarajagroindust@nexora.in,buy123,Anjangaon-Surji,Amravati,Swaraj Agro Industries
Shankar Mane,7649916774,padmavatiricemil@nexora.in,buy123,Arjuni-Morgaon,Gondia,Padmavati Rice Mills
Amol Hande,7258337850,mahindrapulsestr@nexora.in,buy123,Shirur Anantpal,Latur,Mahindra Pulses Traders Pvt Ltd
Deepak Gawali,7512446913,manastextilespvt@nexora.in,buy123,Mangrulpir,Washim,Manas Textiles Pvt Ltd
Kiran Mane,7638927232,omsoybeantraders@nexora.in,buy123,Lohara,Dharashiv (Osmanabad),Om Soybean Traders
Kalpana Borate,7478337249,pragatiricemills3@nexora.in,buy123,Ballarpur,Chandrapur,Pragati Rice Mills
Madhuri Jagtap,9305767852,ganrajsoybeantra@nexora.in,buy123,Naigaon,Nanded,Ganraj Soybean Traders
Ganesh Joshi,7436798345,ajinkyahapusexpo2@nexora.in,buy123,Chiplun,Ratnagiri,Ajinkya Hapus Exports Pvt Ltd
Popat Bhosale,6440913678,vijayagroexports@nexora.in,buy123,Daund,Pune,Vijay Agro Exports Pvt Ltd
Vasant Nalawade,9611500277,yashwantsantratr2@nexora.in,buy123,Dhamangaon,Amravati,Yashwant Santra Traders
Nanda Nalawade,8603908584,vijaydurgfreshve@nexora.in,buy123,Thane,Thane,Vijaydurg Fresh Vegetable Traders
Baburao Yadav,8972918484,uttamfoodgrainsp@nexora.in,buy123,Arjuni-Morgaon,Gondia,Uttam Foodgrains Pvt Ltd
Archana Chavan,6393173486,ramrajasugarfact@nexora.in,buy123,Gaganbawada,Kolhapur,Ramraja Sugar Factory
Milind Rane,6540875576,bhimacottonmills@nexora.in,buy123,Karanja,Wardha,Bhima Cotton Mills Ltd
Sunita Rathod,9862827820,godavarivalleyfo4@nexora.in,buy123,Bhamragad,Gadchiroli,Godavari Valley Foodgrains Pvt Ltd
Sarika Ghadge,8224340776,ekviraagroindust@nexora.in,buy123,Gangakhed,Parbhani,Ekvira Agro Industries
Pooja Chougule,7347295926,shreerampapayaex@nexora.in,buy123,Navapur,Nandurbar,Shreeram Papaya Exports
Shrikant Bhandare,7501016503,waingangahaldiud@nexora.in,buy123,Aundha Nagnath,Hingoli,Wainganga Haldi Udyog
Ashok Borate,7490781756,chandraricetrade@nexora.in,buy123,Kalyan,Thane,Chandra Rice Traders Pvt Ltd
Jyoti Mahajan,9285852265,pravaragrainstra2@nexora.in,buy123,Nilanga,Latur,Pravara Grains Traders
Vandana Gadhave,6887449859,yashwantricemill@nexora.in,buy123,Sadak-Arjuni,Gondia,Yashwant Rice Mills
Prashant Deshmukh,8701206815,suryacottontrade@nexora.in,buy123,Shirpur,Dhule,Surya Cotton Traders
Manisha Borate,8348337427,godavarivalleyfo@nexora.in,buy123,Borivali,Mumbai Suburban,Godavari Valley Foods & Exports Pvt Ltd
Sunita Randhawa,6604934130,digvijayagrotrad2@nexora.in,buy123,Colaba,Mumbai City,Digvijay Agro Trading Co.
Bharat Joshi,8757601710,sahyadrisugarfac@nexora.in,buy123,Bhum,Dharashiv (Osmanabad),Sahyadri Sugar Factory
Vinod Lokhande,9646780508,bhagwancottontra2@nexora.in,buy123,Akola,Akola,Bhagwan Cotton Traders
Mangesh Lokhande,6480019484,ekviracottonmill@nexora.in,buy123,Jalgaon,Jalgaon,Ekvira Cotton Mills Ltd
Gopichand Shinde,8598773033,nirafruitexports@nexora.in,buy123,Rahuri,Ahilyanagar (Ahmednagar),Nira Fruit Exports Pvt Ltd
Neelam Nikam,8459199817,sanmanmishtanbha@nexora.in,buy123,Ambad,Jalna,Sanman Mishtan Bhandar
Deepak Chougule,8324630787,amrutcottonginni2@nexora.in,buy123,Barshitakli,Akola,Amrut Cotton Ginning & Pressing
Jyoti Sathe,6885057777,rushikeshcottont@nexora.in,buy123,Seloo,Wardha,Rushikesh Cotton Traders
Yogesh Bhandare,9592869788,aishwaryaagrotec@nexora.in,buy123,Borivali,Mumbai Suburban,Aishwarya AgroTech Pvt Ltd
Milind Deshmukh,7254426933,saisantratraders@nexora.in,buy123,Kuhi,Nagpur,Sai Santra Traders
Gopal Suryawanshi,8762726905,rushikeshcoopera2@nexora.in,buy123,Gaganbawada,Kolhapur,Rushikesh Cooperative Sugar Karkhana
Jyoti Bhosale,6885113115,shrishtisugarmil@nexora.in,buy123,Junnar,Pune,Shrishti Sugar Mills Ltd
Pravin Gaikwad,6375465840,balajisugarspvtl2@nexora.in,buy123,Gadhinglaj,Kolhapur,Balaji Sugars Pvt Ltd
Vasant Pawar,9538185734,godavarifreshgra@nexora.in,buy123,Kalwan,Nashik,Godavari Fresh Grapes Exports
Rajendra Mahajan,9046121217,waranafoodgrains@nexora.in,buy123,Malshiras,Solapur,Warana Foodgrains Pvt Ltd
Anjali Mane,7388990787,mularicetradersp@nexora.in,buy123,Tumsar,Bhandara,Mula Rice Traders Pvt Ltd
Sarika Sable,9192318779,ajinkyacottonmil@nexora.in,buy123,Loha,Nanded,Ajinkya Cotton Mills Ltd
Hanumant Dhumal,7076862404,girnarfruitexpor@nexora.in,buy123,Jamkhed,Ahilyanagar (Ahmednagar),Girnar Fruit Exports Pvt Ltd
Neelam Rane,7380141269,sanmanagrotradin@nexora.in,buy123,Byculla,Mumbai City,Sanman Agro Trading Co.
Rupali Randhawa,9913194275,harihareshwarcot2@nexora.in,buy123,Kandhar,Nanded,Harihareshwar Cotton Traders
Anjali Dhumal,9695630985,samruddhisoybean@nexora.in,buy123,Basmath,Hingoli,Samruddhi Soybean Traders
Santosh Zaware,8654537473,samratseafoodexp@nexora.in,buy123,Kankavli,Sindhudurg,Samrat Seafood Exports Co.
Sanjay Gaikwad,9442766853,saisoyaprocessor@nexora.in,buy123,Jalkot,Latur,Sai Soya Processors
Nitin Zaware,8014550419,sinhagadcottongi@nexora.in,buy123,Navapur,Nandurbar,Sinhagad Cotton Ginning & Pressing
Sarika Khedkar,9538865908,jankalyancottont3@nexora.in,buy123,Sindkhed Raja,Buldhana,Jankalyan Cotton Traders
Dattatray Jadhav,8118231476,ajinkyacoconuttr@nexora.in,buy123,Pen,Raigad,Ajinkya Coconut Traders
Kalpana Kale,8034980551,saifreshvegetabl@nexora.in,buy123,Ambarnath,Thane,Sai Fresh Vegetable Traders
Chandrakant Deshmukh,6384324384,vijaydurgoilmill2@nexora.in,buy123,Nandura,Buldhana,Vijaydurg Oil Mills Pvt Ltd
Manohar Randhawa,9111148170,sarthitenduleave@nexora.in,buy123,Gadchiroli,Gadchiroli,Sarthi Tendu Leaves Co.
Ajit Chavan,8803308239,chandrasuparitra@nexora.in,buy123,Kankavli,Sindhudurg,Chandra Supari Traders
Archana Gaikwad,6168493407,sarthifoodsexpor@nexora.in,buy123,Dadar,Mumbai City,Sarthi Foods & Exports Pvt Ltd
Ramesh Pawar,9021373221,kalikasugarfacto@nexora.in,buy123,Washi,Dharashiv (Osmanabad),Kalika Sugar Factory
Manohar Mane,6790423033,ashirwadraisintr@nexora.in,buy123,Palus,Sangli,Ashirwad Raisin Traders
Vinod Solanke,9382183167,karhacottontrade@nexora.in,buy123,Ghatanji,Yavatmal,Karha Cotton Traders
Shivaji Pawar,7983751822,vishwascottonmil@nexora.in,buy123,Sengaon,Hingoli,Vishwas Cotton Mills Ltd
Shobha Kale,8919066967,vijayspicetrader@nexora.in,buy123,Purna,Parbhani,Vijay Spice Traders
Baburao Nikam,7808757735,jaihindcottontra@nexora.in,buy123,Karanja,Wardha,Jaihind Cotton Traders
Nitin Rane,7188363505,waranaturmericpr@nexora.in,buy123,Hingoli,Hingoli,Warana Turmeric Processing Co.
Vandana Thorat,6935260647,waranasoyaproces2@nexora.in,buy123,Umarga,Dharashiv (Osmanabad),Warana Soya Processors
Sarika Yadav,6270711228,tapisahakarisakh@nexora.in,buy123,Pune City,Pune,Tapi Sahakari Sakhar Karkhana
Meera Bhandare,7699090243,konkanvineyards@nexora.in,buy123,Haveli,Pune,Konkan Vineyards
Pooja Kale,7719826531,mulafreshvegetab@nexora.in,buy123,Kalyan,Thane,Mula Fresh Vegetable Traders
Balasaheb Damle,8151575012,panchvatiagrotra2@nexora.in,buy123,Fort,Mumbai City,Panchvati Agro Trading Co.
Sarika Jagtap,6231279030,vinayakfisheries@nexora.in,buy123,Poladpur,Raigad,Vinayak Fisheries Pvt Ltd
Dattatray Vhatkar,7464184599,bhairavnathcotto@nexora.in,buy123,Kandhar,Nanded,Bhairavnath Cotton Ginning & Pressing
Sanjay Takawale,7003521088,harihareshwarcot4@nexora.in,buy123,Vaijapur,Chhatrapati Sambhajinagar (Aurangabad),Harihareshwar Cotton Ginning & Pressing
Ravindra Randhawa,7591359370,godavariricetrad@nexora.in,buy123,Murud,Raigad,Godavari Rice Traders Pvt Ltd
Prashant Fadnavis,8170744427,kundaagriseedsco@nexora.in,buy123,Jafrabad,Jalna,Kunda Agri Seeds Co.
Sopan Takawale,7391155408,waingangaalphons@nexora.in,buy123,Vada,Palghar,Wainganga Alphonso Exports
Chandrakant More,6105481367,vijayhaldiudyog@nexora.in,buy123,Hingoli,Hingoli,Vijay Haldi Udyog
Anita Deshmukh,8440852016,adarshfoodgrains@nexora.in,buy123,Lakhandur,Bhandara,Adarsh Foodgrains Pvt Ltd
Ashok Solanke,7927820010,anjalifruittrade@nexora.in,buy123,Erandol,Jalgaon,Anjali Fruit Traders Pvt Ltd
Rajendra Sable,7886241209,deccanagrofoodsp@nexora.in,buy123,Sindkheda,Dhule,Deccan Agro Foods Pvt Ltd
Tanaji Chavan,6465697772,annapurnakajuudy@nexora.in,buy123,Malwan,Sindhudurg,Annapurna Kaju Udyog
Rupali Borate,6325159720,sinhagadtextiles@nexora.in,buy123,Samudrapur,Wardha,Sinhagad Textiles Pvt Ltd
Yogesh Lokhande,9551451808,jaihindcottontra2@nexora.in,buy123,Motala,Buldhana,Jaihind Cotton Traders
Gopal Vhatkar,9228940235,priyaricemills@nexora.in,buy123,Pombhurna,Chandrapur,Priya Rice Mills
Namdev Yadav,8346832388,digvijaysoyaproc@nexora.in,buy123,Ausa,Latur,Digvijay Soya Processors
Popat Chougule,8670808879,adarshfruittrade2@nexora.in,buy123,Jawhar,Palghar,Adarsh Fruit Traders Pvt Ltd
Prakash Suryawanshi,7597620764,lokmangalkokumpr@nexora.in,buy123,Vengurla,Sindhudurg,Lokmangal Kokum Processing Co.
Suresh Lokhande,9573689370,bhogawaticottong@nexora.in,buy123,Mukhed,Nanded,Bhogawati Cotton Ginning & Pressing
Suresh Bhandare,8440809489,chhatrapatisoybe2@nexora.in,buy123,Patur,Akola,Chhatrapati Soybean Traders
Santosh Bhandare,6586492083,krishnaricetrade@nexora.in,buy123,Shrivardhan,Raigad,Krishna Rice Traders Pvt Ltd
Tanaji Shelke,9379743724,ghodbedanaexport@nexora.in,buy123,Khanapur,Sangli,Ghod Bedana Exports Pvt Ltd
Popat Khedkar,7277774377,sarthiricetrader2@nexora.in,buy123,Vada,Palghar,Sarthi Rice Traders Pvt Ltd
Vandana Chougule,8071374499,vijaysitaphaltra@nexora.in,buy123,Kaij,Beed,Vijay Sitaphal Traders
Amol Shinde,7650420174,rajendrafreshveg@nexora.in,buy123,Junnar,Pune,Rajendra Fresh Vegetable Traders
Rahul Kale,8418817354,girnaralphonsoex@nexora.in,buy123,Guhagar,Ratnagiri,Girnar Alphonso Exports
Dattatray Takawale,7227610773,suvarnasoyaproce@nexora.in,buy123,Ner,Yavatmal,Suvarna Soya Processors
Rekha Vhatkar,6004255784,vijaydurgsugarfa@nexora.in,buy123,Khuldabad,Chhatrapati Sambhajinagar (Aurangabad),Vijaydurg Sugar Factory
Rajesh Powar,9165176446,jaihindsugarfact@nexora.in,buy123,Patoda,Beed,Jaihind Sugar Factory
Tanaji Hande,6952403411,jankalyantextile@nexora.in,buy123,Telhara,Akola,Jankalyan Textiles Pvt Ltd
Shrikant Deshpande,9350853370,kaverisoybeantra@nexora.in,buy123,Mudkhed,Nanded,Kaveri Soybean Traders
Bapurao Mahajan,7906347522,sinhagadcottontr@nexora.in,buy123,Mantha,Jalna,Sinhagad Cotton Traders
Shobha Wagh,7064112881,shivshaktioilmil@nexora.in,buy123,Washim,Washim,Shivshakti Oil Mills Pvt Ltd
Ramesh Damle,8205933296,kundasunflowertr@nexora.in,buy123,Majalgaon,Beed,Kunda Sunflower Traders
Anjali Lokhande,8102353696,rajgadmishtanbha@nexora.in,buy123,Gangapur,Chhatrapati Sambhajinagar (Aurangabad),Rajgad Mishtan Bhandar
Suresh Rane,8524715771,renukasantratrad@nexora.in,buy123,Narkhed,Nagpur,Renuka Santra Traders
Sanjay Solanke,7964072086,ramrajafoodgrain@nexora.in,buy123,Bhandara,Bhandara,Ramraja Foodgrains Pvt Ltd
Vishal Ghadge,6448622833,rushikeshsoybean@nexora.in,buy123,Tuljapur,Dharashiv (Osmanabad),Rushikesh Soybean Traders
Tanaji Borate,6938180152,ashirwadricetrad@nexora.in,buy123,Pombhurna,Chandrapur,Ashirwad Rice Traders Pvt Ltd
Pravin Gadhave,9555298560,mangalmurtifores@nexora.in,buy123,Armori,Gadchiroli,Mangalmurti Forest Produce Traders
Madhuri Sathe,8437065407,sanmantextilespv@nexora.in,buy123,Darwha,Yavatmal,Sanman Textiles Pvt Ltd
Seema Kadam,9534381124,samruddhisoybean2@nexora.in,buy123,Aundha Nagnath,Hingoli,Samruddhi Soybean Traders
Madhuri Pawar,7289131248,shreeturmericpro@nexora.in,buy123,Hingoli,Hingoli,Shree Turmeric Processing Co.
Sopan Kadam,7689799490,vijaydurgkandavy@nexora.in,buy123,Nandgaon,Nashik,Vijaydurg Kanda Vyapari Sangh
Dattatray Vhatkar,6487740000,nutanorangeproce@nexora.in,buy123,Anjangaon-Surji,Amravati,Nutan Orange Processing Co.
Mangesh Gadhave,8214558883,konkanfruitexpor@nexora.in,buy123,Georai,Beed,Konkan Fruit Exports Pvt Ltd
Anjali Randhawa,6804085604,karhatextilespvt@nexora.in,buy123,Shegaon,Buldhana,Karha Textiles Pvt Ltd
Manohar Mahajan,6180918748,bhimatextilespvt@nexora.in,buy123,Mul,Chandrapur,Bhima Textiles Pvt Ltd
Nanda Gawali,8111573717,tirupatiturmeric@nexora.in,buy123,Panhala,Kolhapur,Tirupati Turmeric Processing Co.
Amol Pawar,6405296861,priyacoconuttrad@nexora.in,buy123,Poladpur,Raigad,Priya Coconut Traders
Vandana Pawar,9066054314,rajendraricemill@nexora.in,buy123,Bhandara,Bhandara,Rajendra Rice Mills
Raghunath Gawali,6427472354,jankalyancottong@nexora.in,buy123,Anjangaon-Surji,Amravati,Jankalyan Cotton Ginning & Pressing
Milind Khedkar,8318192008,pragatiagrotechp@nexora.in,buy123,Borivali,Mumbai Suburban,Pragati AgroTech Pvt Ltd
Deepak Powar,7100935875,mangalmurtispice@nexora.in,buy123,Basmath,Hingoli,Mangalmurti Spice Traders
Balasaheb Kulkarni,6991379425,kedareshwarcoope2@nexora.in,buy123,Shirur,Pune,Kedareshwar Cooperative Sugar Karkhana
Archana Mane,7757972447,bhogawatitextile3@nexora.in,buy123,Ambad,Jalna,Bhogawati Textiles Pvt Ltd
Bapurao Deshpande,8792780410,malhartextilespv@nexora.in,buy123,Sakri,Dhule,Malhar Textiles Pvt Ltd
Rupali Deshmukh,8973364669,godavarivalleyfo3@nexora.in,buy123,Panvel,Raigad,Godavari Valley Foodgrains Pvt Ltd
Gopichand Vhatkar,8879566066,nutanricetraders@nexora.in,buy123,Aheri,Gadchiroli,Nutan Rice Traders Pvt Ltd
Vishal Khedkar,8771081474,tapicottonmillsl2@nexora.in,buy123,Wardha,Wardha,Tapi Cotton Mills Ltd
Dilip Chougule,9578437977,renukasoybeantra@nexora.in,buy123,Amravati,Amravati,Renuka Soybean Traders
Gopichand Lokhande,9309128428,pravaragrainstra@nexora.in,buy123,Karmala,Solapur,Pravara Grains Traders
Rajesh Bhosale,7794569825,bhagwancottontra@nexora.in,buy123,Digras,Yavatmal,Bhagwan Cotton Traders
Amol Vhatkar,9062316148,kisanricetraders@nexora.in,buy123,Bhadravati,Chandrapur,Kisan Rice Traders Pvt Ltd
Dattatray Hande,7626367081,mahindrafreshveg2@nexora.in,buy123,Indapur,Pune,Mahindra Fresh Vegetable Traders
Ganesh Mane,9022038482,shubhamcooperati@nexora.in,buy123,Mahabaleshwar,Satara,Shubham Cooperative Sugar Karkhana
Gopal Thorat,8807458891,samruddhisantrat@nexora.in,buy123,Bhiwapur,Nagpur,Samruddhi Santra Traders
Kavita Hande,7092269459,navnathspicetrad@nexora.in,buy123,Shirol,Kolhapur,Navnath Spice Traders
Ravindra Nalawade,9040501044,ganrajsugarfacto@nexora.in,buy123,Maval,Pune,Ganraj Sugar Factory
Mahendra Holkar,7476020409,shreeramdalmills@nexora.in,buy123,Udgir,Latur,Shreeram Dal Mills
Rajesh Mahajan,9209597020,lokmangalagroind@nexora.in,buy123,Latur,Latur,Lokmangal Agro Industries
Suresh Nikam,6595154853,pravararicetrade@nexora.in,buy123,Saoli,Chandrapur,Pravara Rice Traders Pvt Ltd
Bapurao Damle,9566402645,shreefoodgrainsp@nexora.in,buy123,Pauni,Bhandara,Shree Foodgrains Pvt Ltd
Shobha Chavan,6611213133,kavericottonginn2@nexora.in,buy123,Chikhli,Buldhana,Kaveri Cotton Ginning & Pressing
Deepak Chougule,8597053395,pavanasunflowert@nexora.in,buy123,Ashti,Beed,Pavana Sunflower Traders
Anand Vhatkar,9895392315,kedareshwarsoybe@nexora.in,buy123,Ahmedpur,Latur,Kedareshwar Soybean Traders
Dilip Sable,9325468232,indrayanisoyapro2@nexora.in,buy123,Deoni,Latur,Indrayani Soya Processors
Kiran Jadhav,6875187568,panchgangaforest@nexora.in,buy123,Mulchera,Gadchiroli,Panchganga Forest Produce Traders
Kalpana Gaikwad,7997682019,navjeevanbedanae@nexora.in,buy123,Palus,Sangli,Navjeevan Bedana Exports Pvt Ltd
Gopal Jagtap,8261149131,nilkanthoniontra@nexora.in,buy123,Chandwad,Nashik,Nilkanth Onion Traders
Santosh Vhatkar,8460646658,vinayakricetrade2@nexora.in,buy123,Sakoli,Bhandara,Vinayak Rice Traders Pvt Ltd
Balasaheb Patil,7834583568,jaihindfruitpres@nexora.in,buy123,Wai,Satara,Jaihind Fruit Preserves Co.
Dilip Solanke,6629304802,kundawinespvtltd@nexora.in,buy123,Pandharpur,Solapur,Kunda Wines Pvt Ltd
Archana Bhandare,6938335299,tuljabhavanihald@nexora.in,buy123,Aundha Nagnath,Hingoli,Tulja Bhavani Haldi Udyog
Eknath Zaware,9375715751,pravarafoodgrain2@nexora.in,buy123,Gondia,Gondia,Pravara Foodgrains Pvt Ltd
Jyoti Salunkhe,7652736647,tapikelavyapari@nexora.in,buy123,Bhusawal,Jalgaon,Tapi Kela Vyapari
Sunil Bhandare,9666176031,girnarcashewexpo@nexora.in,buy123,Lanja,Ratnagiri,Girnar Cashew Exports Pvt Ltd
Sachin Joshi,6858369492,anjalikelavyapar@nexora.in,buy123,Yawal,Jalgaon,Anjali Kela Vyapari
Shobha Powar,6223925856,ghodsugarmillslt2@nexora.in,buy123,Solapur North,Solapur,Ghod Sugar Mills Ltd
Vijay Rathod,8846084241,sahakarseedspvtl@nexora.in,buy123,Partur,Jalna,Sahakar Seeds Pvt Ltd
Ganesh Deshpande,6270493720,vishwassantratra@nexora.in,buy123,Daryapur,Amravati,Vishwas Santra Traders
Vandana Nalawade,6465931332,vinayakagroexpor2@nexora.in,buy123,Khandala,Satara,Vinayak Agro Exports Pvt Ltd
Gopal More,6250349971,shrishtiorangepr@nexora.in,buy123,Nagpur Rural,Nagpur,Shrishti Orange Processing Co.
Suresh Damle,9306907084,ektawinespvtltd@nexora.in,buy123,Barshi,Solapur,Ekta Wines Pvt Ltd
Vijay Zaware,7553556064,waingangasoybean2@nexora.in,buy123,Sonpeth,Parbhani,Wainganga Soybean Traders
Yogesh Lokhande,9626908616,marathacottontra@nexora.in,buy123,Bhiwapur,Nagpur,Maratha Cotton Traders
Anita Sable,8274947036,sanmankelavyapar@nexora.in,buy123,Navapur,Nandurbar,Sanman Kela Vyapari
Baburao Kulkarni,6099768175,yashwantoilmills@nexora.in,buy123,Mangrulpir,Washim,Yashwant Oil Mills Pvt Ltd
Neelam Gadhave,8415665492,vinayakseafoodex@nexora.in,buy123,Khalapur,Raigad,Vinayak Seafood Exports Co.
Ravindra Chougule,8716307179,godavarioilmills2@nexora.in,buy123,Telhara,Akola,Godavari Oil Mills Pvt Ltd
Shivaji Sathe,7958745301,sahyadrifoodsexp@nexora.in,buy123,Byculla,Mumbai City,Sahyadri Foods & Exports Pvt Ltd
Seema Rane,7627312800,pavanacottonmill@nexora.in,buy123,Risod,Washim,Pavana Cotton Mills Ltd
Shrikant Chougule,9398275702,mangalmurtisugar@nexora.in,buy123,Bhudargad,Kolhapur,Mangalmurti Sugar Mills Ltd
Ajit Rathod,8718409529,jagdambaberryfoo@nexora.in,buy123,Satara,Satara,Jagdamba Berry Foods Pvt Ltd
Popat Ghadge,7076561816,sinhagadcottonmi2@nexora.in,buy123,Bhokardan,Jalna,Sinhagad Cotton Mills Ltd
Rajesh Yadav,6830940924,ajinkyaagriseeds@nexora.in,buy123,Mantha,Jalna,Ajinkya Agri Seeds Co.
Deepak Jagtap,9743896800,laxmicooperative@nexora.in,buy123,Nagar,Ahilyanagar (Ahmednagar),Laxmi Cooperative Sugar Karkhana
Dilip Takawale,8189280746,kalikasugarmills@nexora.in,buy123,Jat,Sangli,Kalika Sugar Mills Ltd
Archana Kadam,8235979118,amrutaorangeproc@nexora.in,buy123,Kamptee,Nagpur,Amruta Orange Processing Co.
Rahul Yadav,8220373431,bhagwancooperati@nexora.in,buy123,Junnar,Pune,Bhagwan Cooperative Sugar Karkhana
Prakash Deshpande,7451792056,navjeevansoyapro@nexora.in,buy123,Chakur,Latur,Navjeevan Soya Processors
Raghunath Lokhande,6637189814,shubhambetelnute@nexora.in,buy123,Shrivardhan,Raigad,Shubham Betelnut Exports
Anjali Shelke,9990088246,waranasantratrad@nexora.in,buy123,Umred,Nagpur,Warana Santra Traders
Rekha Deshmukh,8707198368,amrutricetraders@nexora.in,buy123,Ambarnath,Thane,Amrut Rice Traders Pvt Ltd
Ramesh Patil,9737972761,rajmatabananaexp@nexora.in,buy123,Jalgaon,Jalgaon,Rajmata Banana Exports
Santosh Suryawanshi,8527705458,yashwantcottontr2@nexora.in,buy123,Phulambri,Chhatrapati Sambhajinagar (Aurangabad),Yashwant Cotton Traders
Ramesh Sable,8321613036,ghoddalmills@nexora.in,buy123,Renapur,Latur,Ghod Dal Mills
Anita Powar,6444937830,sinnarvineyards@nexora.in,buy123,Jat,Sangli,Sinnar Vineyards
Sachin Pawar,8943120062,saraswaticottong@nexora.in,buy123,Kalamb,Yavatmal,Saraswati Cotton Ginning & Pressing
Suresh Vhatkar,9234599150,bhogawaticoopera@nexora.in,buy123,Kalamb,Dharashiv (Osmanabad),Bhogawati Cooperative Sugar Karkhana
Ashok Deshmukh,7038437932,amrutgulbhandar@nexora.in,buy123,Bhudargad,Kolhapur,Amrut Gul Bhandar
Vishal Rane,7882478878,mulamuthacottong@nexora.in,buy123,Buldhana,Buldhana,Mula-Mutha Cotton Ginning & Pressing
Kiran Deshmukh,6913274231,kedareshwarfruit@nexora.in,buy123,Erandol,Jalgaon,Kedareshwar Fruit Traders Pvt Ltd
Rekha Deshpande,9170763186,digvijaycottongi@nexora.in,buy123,Digras,Yavatmal,Digvijay Cotton Ginning & Pressing
Vishal Wagh,8255885871,saiforestproduce@nexora.in,buy123,Saoli,Chandrapur,Sai Forest Produce Traders
Sachin Mane,7307515712,ganrajcitrusexpo@nexora.in,buy123,Ashti,Wardha,Ganraj Citrus Exports Pvt Ltd
Hanumant Hande,7684927581,uttamagroexports@nexora.in,buy123,Ambarnath,Thane,Uttam Agro Exports Pvt Ltd
Santosh Suryawanshi,7854554487,renukatextilespv@nexora.in,buy123,Khamgaon,Buldhana,Renuka Textiles Pvt Ltd
Ajit Salunkhe,9208896030,tapicottonmillsl5@nexora.in,buy123,Chandurbazar,Amravati,Tapi Cotton Mills Ltd
Sunita Sathe,6318534404,prithvirajoilmil@nexora.in,buy123,Lohara,Dharashiv (Osmanabad),Prithviraj Oil Mills Pvt Ltd
Sunil Deshmukh,6607764839,vijayfruittrader@nexora.in,buy123,Akkalkuwa,Nandurbar,Vijay Fruit Traders Pvt Ltd
Nanda Ghorpade,8569688280,krishnavalleyfoo@nexora.in,buy123,Thane,Thane,Krishna Valley Foodgrains Pvt Ltd
Rekha Takawale,6431668042,deccanagrotradin@nexora.in,buy123,Colaba,Mumbai City,Deccan Agro Trading Co.
Namdev Ghorpade,7170107375,ekviragrapeexpor@nexora.in,buy123,Yeola,Nashik,Ekvira Grape Exports Pvt Ltd
Seema Nalawade,7548677857,shubhamcooperati2@nexora.in,buy123,Barshi,Solapur,Shubham Cooperative Sugar Karkhana
Ramesh Chavan,7484274141,annapurnaorangep@nexora.in,buy123,Umred,Nagpur,Annapurna Orange Processing Co.
Eknath Wagh,6603795628,vishwassuparitra@nexora.in,buy123,Tala,Raigad,Vishwas Supari Traders
Anjali Vhatkar,9687153480,tirupatihapusexp@nexora.in,buy123,Talasari,Palghar,Tirupati Hapus Exports Pvt Ltd
Sopan Jadhav,6184043673,tirupaticottontr2@nexora.in,buy123,Kaij,Beed,Tirupati Cotton Traders
Rekha Hande,8896886675,mulamutharicetra@nexora.in,buy123,Dhanora,Gadchiroli,Mula-Mutha Rice Traders Pvt Ltd
Chandrakant Suryawanshi,6806514033,tirupatipulsestr@nexora.in,buy123,Chakur,Latur,Tirupati Pulses Traders Pvt Ltd
Rajesh Salunkhe,8595711777,nirahapusexports@nexora.in,buy123,Chiplun,Ratnagiri,Nira Hapus Exports Pvt Ltd
Pooja Deshmukh,6021302324,marathagulbhanda@nexora.in,buy123,Shahuwadi,Kolhapur,Maratha Gul Bhandar
Bharat Borate,9977753897,ashirwadtextiles@nexora.in,buy123,Loha,Nanded,Ashirwad Textiles Pvt Ltd
Pravin Deshmukh,8588790857,nutanfoodgrainsp@nexora.in,buy123,Lakhani,Bhandara,Nutan Foodgrains Pvt Ltd
Sunita Joshi,9686705581,renukacottonmill2@nexora.in,buy123,Sillod,Chhatrapati Sambhajinagar (Aurangabad),Renuka Cotton Mills Ltd
Raghunath Ubale,7134828773,navjeevancottonm@nexora.in,buy123,Mul,Chandrapur,Navjeevan Cotton Mills Ltd
Vijay Nalawade,9241086517,vaibhavcottongin@nexora.in,buy123,Pusad,Yavatmal,Vaibhav Cotton Ginning & Pressing
Rajesh Deshmukh,6768817168,shivnericottontr@nexora.in,buy123,Mantha,Jalna,Shivneri Cotton Traders
Yogesh Nikam,9299944537,indrayanitextile2@nexora.in,buy123,Shirpur,Dhule,Indrayani Textiles Pvt Ltd
Yogesh Rane,6386680382,krishnaagrofoods@nexora.in,buy123,Talode,Nandurbar,Krishna Agro Foods Pvt Ltd
Suresh Powar,9360607104,sarthifreshgrape@nexora.in,buy123,Surgana,Nashik,Sarthi Fresh Grapes Exports
Vijay Bhosale,8404868443,jagdambaoilmills@nexora.in,buy123,Bhadgaon,Jalgaon,Jagdamba Oil Mills Pvt Ltd
Snehal Randhawa,6866700456,purnavalleyhapus@nexora.in,buy123,Sawantwadi,Sindhudurg,Purna Valley Hapus Exports Pvt Ltd
Prakash Joshi,9385581065,godavarivalleyfo2@nexora.in,buy123,Ambarnath,Thane,Godavari Valley Foodgrains Pvt Ltd
Dilip Suryawanshi,6378114673,rushikeshtextile@nexora.in,buy123,Seloo,Wardha,Rushikesh Textiles Pvt Ltd
Manisha Borate,7330763001,saiagriseedsco2@nexora.in,buy123,Ambad,Jalna,Sai Agri Seeds Co.
Sanjay Yadav,9214443872,suvarnaonionvege@nexora.in,buy123,Pune City,Pune,Suvarna Onion & Vegetable Traders
Rupali Kulkarni,7847887075,sanmanricemills2@nexora.in,buy123,Deori,Gondia,Sanman Rice Mills
Snehal Fadnavis,8765628125,vinayakcottontra@nexora.in,buy123,Akot,Akola,Vinayak Cotton Traders
Sunita Joshi,7203857792,karhacooperative@nexora.in,buy123,Paithan,Chhatrapati Sambhajinagar (Aurangabad),Karha Cooperative Sugar Karkhana
Manohar Chougule,7495582491,yashwantsantratr@nexora.in,buy123,Karanja,Wardha,Yashwant Santra Traders
Sachin Yadav,9935974139,waranaturmericpr2@nexora.in,buy123,Himayatnagar,Nanded,Warana Turmeric Processing Co.
Kalpana Fadnavis,8607835201,sanmantextilespv2@nexora.in,buy123,Pombhurna,Chandrapur,Sanman Textiles Pvt Ltd
Sarika Nikam,8489146166,khandobafoodgrai@nexora.in,buy123,Jiwati,Chandrapur,Khandoba Foodgrains Pvt Ltd
Eknath More,9428224109,manashaldiudyog2@nexora.in,buy123,Basmath,Hingoli,Manas Haldi Udyog
Seema Fadnavis,7562718250,vitthalricetrade@nexora.in,buy123,Bhadravati,Chandrapur,Vitthal Rice Traders Pvt Ltd
Gopichand Yadav,7823923917,chhatrapatisupar@nexora.in,buy123,Kudal,Sindhudurg,Chhatrapati Supari Traders
Prashant Gaikwad,6383826198,chandrasugarspvt2@nexora.in,buy123,Washi,Dharashiv (Osmanabad),Chandra Sugars Pvt Ltd
Dilip Waghmare,9140887675,girnarspicetrade@nexora.in,buy123,Mudkhed,Nanded,Girnar Spice Traders
Manisha Deshmukh,7429260120,taranganwinespvt@nexora.in,buy123,Solapur South,Solapur,Tarangan Wines Pvt Ltd
Namdev Kadam,6259036780,jankalyansugarsp@nexora.in,buy123,Baramati,Pune,Jankalyan Sugars Pvt Ltd
Sachin Dhumal,9134227733,jaihindricemills@nexora.in,buy123,Korpana,Chandrapur,Jaihind Rice Mills
Mangesh Shinde,8748473765,mahindraagroindu@nexora.in,buy123,Ausa,Latur,Mahindra Agro Industries
Prakash Rane,9967028845,priyacottontrade@nexora.in,buy123,Pusad,Yavatmal,Priya Cotton Traders
Sarika Thorat,9494858684,digvijaytextiles2@nexora.in,buy123,Kalameshwar,Nagpur,Digvijay Textiles Pvt Ltd
Anita Bhosale,7264434785,nutansoyaprocess2@nexora.in,buy123,Akot,Akola,Nutan Soya Processors
Neelam Gadhave,7440329416,waingangasantrat@nexora.in,buy123,Narkhed,Nagpur,Wainganga Santra Traders
Swati Hande,7550618394,tapicottontrader@nexora.in,buy123,Kannad,Chhatrapati Sambhajinagar (Aurangabad),Tapi Cotton Traders
Vasant Pawar,6299972553,shubhamguludyog@nexora.in,buy123,Panhala,Kolhapur,Shubham Gul Udyog
Vasant Bhosale,7213878375,malharricetrader@nexora.in,buy123,Vasai,Palghar,Malhar Rice Traders Pvt Ltd
Vinod Bhandare,9145922128,mulamuthaalphons@nexora.in,buy123,Thane,Thane,Mula-Mutha Alphonso Exports
Rupali Sable,7785852687,ashokaspicetrade@nexora.in,buy123,Kalamnuri,Hingoli,Ashoka Spice Traders
Kalpana Salunkhe,7612342086,vijaydurgagroind@nexora.in,buy123,Sailu,Parbhani,Vijaydurg Agro Industries
Pooja Patil,7740666120,jaibhavanisweets@nexora.in,buy123,Mantha,Jalna,Jai Bhavani Sweets & Foods Pvt Ltd
Kalpana Takawale,7772286286,vijaydurgfisheri@nexora.in,buy123,Vikramgad,Palghar,Vijaydurg Fisheries Pvt Ltd
Shivaji Deshpande,9193033429,konkanagroindust2@nexora.in,buy123,Deulgaon Raja,Buldhana,Konkan Agro Industries
Dattatray Bhosale,9208042317,bhairavgadtextil2@nexora.in,buy123,Akot,Akola,Bhairavgad Textiles Pvt Ltd
Hanumant Fadnavis,7837455528,shrishtisoyaproc2@nexora.in,buy123,Manora,Washim,Shrishti Soya Processors
Sanjay Holkar,8260803310,nutanagrotechpvt@nexora.in,buy123,Dadar,Mumbai City,Nutan AgroTech Pvt Ltd
Neelam Rathod,8152883800,uttamsantratrade@nexora.in,buy123,Kamptee,Nagpur,Uttam Santra Traders
Manohar Chougule,7117815516,vinayakoilmillsp@nexora.in,buy123,Nandura,Buldhana,Vinayak Oil Mills Pvt Ltd
Mahendra Wagh,6379771868,waranagulbhandar@nexora.in,buy123,Kagal,Kolhapur,Warana Gul Bhandar
Bapurao Kadam,7035617491,swarajberryfoods@nexora.in,buy123,Khatav,Satara,Swaraj Berry Foods Pvt Ltd
Milind Chougule,8864275303,shivshaktitextil@nexora.in,buy123,Shirpur,Dhule,Shivshakti Textiles Pvt Ltd
Yogesh Holkar,7633875004,tapihapusexports@nexora.in,buy123,Mandangad,Ratnagiri,Tapi Hapus Exports Pvt Ltd
Shobha Nalawade,8043407251,vishwasalphonsoe@nexora.in,buy123,Kankavli,Sindhudurg,Vishwas Alphonso Exports
Vandana Randhawa,9493509186,vitthalguludyog@nexora.in,buy123,Kagal,Kolhapur,Vitthal Gul Udyog
Sopan Bhandare,6498694441,saicottonginning@nexora.in,buy123,Mahagaon,Yavatmal,Sai Cotton Ginning & Pressing
Manohar Powar,6584588237,vinayakoilmillsp3@nexora.in,buy123,Washi,Dharashiv (Osmanabad),Vinayak Oil Mills Pvt Ltd
Jyoti Nalawade,9380693295,rameshcooperativ@nexora.in,buy123,Khandala,Satara,Ramesh Cooperative Sugar Karkhana
Dilip Deshmukh,6286420398,konkanagroexport@nexora.in,buy123,Bhiwandi,Thane,Konkan Agro Exports Pvt Ltd
Namdev Dhumal,7715354291,kedareshwarcitru@nexora.in,buy123,Dharni,Amravati,Kedareshwar Citrus Exports Pvt Ltd
Mangesh Nalawade,7199082204,bhairavnathsugar2@nexora.in,buy123,Umarga,Dharashiv (Osmanabad),Bhairavnath Sugar Factory
Gopal Patil,8352645552,harihareshwargra@nexora.in,buy123,Walwa,Sangli,Harihareshwar Grape Exports Pvt Ltd
Vishal Powar,9337857044,jagdambahapusexp@nexora.in,buy123,Pen,Raigad,Jagdamba Hapus Exports Pvt Ltd
Gopichand Bhandare,8107971845,girnarseafoodexp@nexora.in,buy123,Jawhar,Palghar,Girnar Seafood Exports Co.
Kiran Sable,8040871593,ramrajacashewexp@nexora.in,buy123,Kankavli,Sindhudurg,Ramraja Cashew Exports Pvt Ltd
Sopan Powar,8150787818,malharcottonginn2@nexora.in,buy123,Ambad,Jalna,Malhar Cotton Ginning & Pressing
Amol Shelke,7963193373,purnavalleyagroi@nexora.in,buy123,Washi,Dharashiv (Osmanabad),Purna Valley Agro Industries
Vishal Deshmukh,6026029474,marathagrapeexpo@nexora.in,buy123,Maval,Pune,Maratha Grape Exports Pvt Ltd
Gopal Kale,6162313305,deccancottonginn@nexora.in,buy123,Deulgaon Raja,Buldhana,Deccan Cotton Ginning & Pressing
Milind Sathe,7272056561,vijayseedspvtltd@nexora.in,buy123,Ambad,Jalna,Vijay Seeds Pvt Ltd
Sunita Kadam,6807083792,tirupatiberryfoo@nexora.in,buy123,Khatav,Satara,Tirupati Berry Foods Pvt Ltd
Sopan Ubale,8242731672,vaishnaviricemil@nexora.in,buy123,Tala,Raigad,Vaishnavi Rice Mills
Vinod Shelke,7423285427,indrayaniseedspv@nexora.in,buy123,Badnapur,Jalna,Indrayani Seeds Pvt Ltd
Hanumant Gawali,8935252181,mulamuthaagroind@nexora.in,buy123,Risod,Washim,Mula-Mutha Agro Industries
Santosh Shelke,6059855245,bhimaalphonsoexp@nexora.in,buy123,Ratnagiri,Ratnagiri,Bhima Alphonso Exports
Balasaheb Ghorpade,7627833359,adityatextilespv@nexora.in,buy123,Malegaon,Washim,Aditya Textiles Pvt Ltd
Bharat Deshmukh,7145139307,navjeevanfoodgra@nexora.in,buy123,Lakhandur,Bhandara,Navjeevan Foodgrains Pvt Ltd
Rajendra Wagh,8994633125,padmavatistrawbe@nexora.in,buy123,Patan,Satara,Padmavati Strawberry Jam Ltd
Eknath Jagtap,9180334018,samrathapusexpor@nexora.in,buy123,Karjat,Raigad,Samrat Hapus Exports Pvt Ltd
Ajit Salunkhe,7001826330,tirupatifoodgrai@nexora.in,buy123,Murud,Raigad,Tirupati Foodgrains Pvt Ltd
Kiran Rane,8474433039,bhairavnathsugar@nexora.in,buy123,Khandala,Satara,Bhairavnath Sugars Pvt Ltd
Mahendra Zaware,8155209330,godavaricitrusex@nexora.in,buy123,Nagpur Urban,Nagpur,Godavari Citrus Exports Pvt Ltd
Prakash More,7660777464,khandobafruitpre@nexora.in,buy123,Karad,Satara,Khandoba Fruit Preserves Co.
Chandrakant Thorat,6508818577,sahyadricitrusex@nexora.in,buy123,Nagpur Rural,Nagpur,Sahyadri Citrus Exports Pvt Ltd
Anand Takawale,6917827132,shivshakticotton@nexora.in,buy123,Babhulgaon,Yavatmal,Shivshakti Cotton Traders
Rahul Sable,6257715572,ashirwadsugarfac@nexora.in,buy123,Shrirampur,Ahilyanagar (Ahmednagar),Ashirwad Sugar Factory
Bharat Thorat,8079233655,malharcottonmill4@nexora.in,buy123,Buldhana,Buldhana,Malhar Cotton Mills Ltd
Vinod Ubale,8613857383,shubhamspicetrad@nexora.in,buy123,Sonpeth,Parbhani,Shubham Spice Traders
Yogesh Jagtap,7793639026,vijayoilmillspvt@nexora.in,buy123,Mangrulpir,Washim,Vijay Oil Mills Pvt Ltd
Anjali Yadav,8585304352,tuljabhavanifood@nexora.in,buy123,Parel,Mumbai City,Tulja Bhavani Foods & Exports Pvt Ltd
Sunil Kadam,7448347824,santtukaramseafo@nexora.in,buy123,Mhasala,Raigad,Sant Tukaram Seafood Exports Co.
Rajesh Hande,8904517822,chhatrapatifresh@nexora.in,buy123,Khed,Pune,Chhatrapati Fresh Grapes Exports
Deepak Waghmare,7405326100,vithobacitrusexp@nexora.in,buy123,Hinganghat,Wardha,Vithoba Citrus Exports Pvt Ltd
Ganesh Zaware,8799363857,vithobaricemills@nexora.in,buy123,Goregaon,Gondia,Vithoba Rice Mills
Vasant Suryawanshi,6701711965,navjeevansugarfa@nexora.in,buy123,Bhudargad,Kolhapur,Navjeevan Sugar Factory
Meera Shelke,6288210323,rajendrasoybeant@nexora.in,buy123,Deoni,Latur,Rajendra Soybean Traders
Kavita Deshpande,9145944681,purnavalleyanart2@nexora.in,buy123,Mangalvedhe,Solapur,Purna Valley Anar Traders
Nanda Chavan,8738975034,ganeshcashewexpo@nexora.in,buy123,Vengurla,Sindhudurg,Ganesh Cashew Exports Pvt Ltd
Madhuri Deshmukh,6732213183,shivneriturmeric@nexora.in,buy123,Sengaon,Hingoli,Shivneri Turmeric Processing Co.
Shobha Yadav,8139192495,yashwanthaldiudy@nexora.in,buy123,Mahur,Nanded,Yashwant Haldi Udyog
Rajendra Nalawade,9470358827,vijaydurgoilmill@nexora.in,buy123,Basmath,Hingoli,Vijaydurg Oil Mills Pvt Ltd
Bapurao Randhawa,7801233255,suvarnacottongin@nexora.in,buy123,Bhatkuli,Amravati,Suvarna Cotton Ginning & Pressing
Prashant Ghorpade,8673268195,girnarsoyaproces@nexora.in,buy123,Patur,Akola,Girnar Soya Processors
Rekha Ubale,7794648322,saraswatiwinespv@nexora.in,buy123,Tasgaon,Sangli,Saraswati Wines Pvt Ltd
Suresh Khedkar,9334219758,kedareshwarsahak@nexora.in,buy123,Daund,Pune,Kedareshwar Sahakari Sakhar Karkhana
Mangesh Nalawade,8817426106,pragatiricemills2@nexora.in,buy123,Deori,Gondia,Pragati Rice Mills
Sunil Zaware,6252989413,ektacottonginnin@nexora.in,buy123,Chikhli,Buldhana,Ekta Cotton Ginning & Pressing
Vijay Yadav,7238519783,waingangasoyapro@nexora.in,buy123,Balapur,Akola,Wainganga Soya Processors
Rupali Wagh,9731766446,taranganricetrad@nexora.in,buy123,Mulchera,Gadchiroli,Tarangan Rice Traders Pvt Ltd
Pooja Bhagat,9700673992,chandrasoybeantr@nexora.in,buy123,Parbhani,Parbhani,Chandra Soybean Traders
Deepak Bhandare,8043552553,malharkandavyapa@nexora.in,buy123,Surgana,Nashik,Malhar Kanda Vyapari Sangh
Kalpana Suryawanshi,6891840480,shivshaktiturmer@nexora.in,buy123,Hingoli,Hingoli,Shivshakti Turmeric Processing Co.
Baburao More,8983997884,mulacitrusexport@nexora.in,buy123,Chandurbazar,Amravati,Mula Citrus Exports Pvt Ltd
Raghunath Nikam,8744340028,pragatiricemills@nexora.in,buy123,Tiroda,Gondia,Pragati Rice Mills
Mangesh Vhatkar,6000561774,amrutcottonmills@nexora.in,buy123,Sindkhed Raja,Buldhana,Amrut Cotton Mills Ltd
Suresh Kale,6779226275,saraswatiagrotra@nexora.in,buy123,Parel,Mumbai City,Saraswati Agro Trading Co.
Vijay Gadhave,7703733279,chandramangotrad3@nexora.in,buy123,Sawantwadi,Sindhudurg,Chandra Mango Traders
Meera Rathod,6319800199,tirupaticottontr@nexora.in,buy123,Deulgaon Raja,Buldhana,Tirupati Cotton Traders
Milind Sathe,9400165340,shubhamagroexpor2@nexora.in,buy123,Wai,Satara,Shubham Agro Exports Pvt Ltd
Sachin Lokhande,9505375027,ajinkyafreshvege@nexora.in,buy123,Thane,Thane,Ajinkya Fresh Vegetable Traders
Sunita Nikam,9191578805,harihareshwarstr@nexora.in,buy123,Satara,Satara,Harihareshwar Strawberry Jam Ltd
Sunil Vhatkar,6953112767,chhatrapatiagroi@nexora.in,buy123,Loha,Nanded,Chhatrapati Agro Industries
Prakash Jagtap,8636135327,renukatextilespv2@nexora.in,buy123,Maregaon,Yavatmal,Renuka Textiles Pvt Ltd
Bharat Thorat,8770202711,niratextilespvtl@nexora.in,buy123,Seloo,Wardha,Nira Textiles Pvt Ltd
Sachin Damle,8742141360,pragatiseafoodex@nexora.in,buy123,Mokhada,Palghar,Pragati Seafood Exports Co.
Balasaheb More,8207858270,ganrajcitrusexpo2@nexora.in,buy123,Kalameshwar,Nagpur,Ganraj Citrus Exports Pvt Ltd
Shrikant Ghorpade,9927383089,chandracitrusexp@nexora.in,buy123,Nagpur Urban,Nagpur,Chandra Citrus Exports Pvt Ltd
Archana Deshpande,6999893908,vijaydurgberryfo@nexora.in,buy123,Wai,Satara,Vijaydurg Berry Foods Pvt Ltd
Madhuri Kale,8184512177,vijayagrotechpvt@nexora.in,buy123,Colaba,Mumbai City,Vijay AgroTech Pvt Ltd
Rajesh Nalawade,8017077064,karhafruittrader2@nexora.in,buy123,Dharangaon,Jalgaon,Karha Fruit Traders Pvt Ltd
Deepak Yadav,7697793543,ajinkyamangotrad2@nexora.in,buy123,Mandangad,Ratnagiri,Ajinkya Mango Traders
Bapurao Powar,8522237533,mulasoybeantrade@nexora.in,buy123,Khamgaon,Buldhana,Mula Soybean Traders
Gopal Deshpande,6831182541,ganeshfoodgrains4@nexora.in,buy123,Chakur,Latur,Ganesh Foodgrains Pvt Ltd
Hanumant Patil,6687731322,jankalyanfruittr@nexora.in,buy123,Mokhada,Palghar,Jankalyan Fruit Traders Pvt Ltd
Dilip Hande,8623284494,annapurnasoybean@nexora.in,buy123,Sailu,Parbhani,Annapurna Soybean Traders
Dattatray Fadnavis,6198657152,mulamuthagrainsm@nexora.in,buy123,Shirpur,Dhule,Mula-Mutha Grains & Maize Traders
Ganesh Zaware,8536645462,amrutacottonginn2@nexora.in,buy123,Barshitakli,Akola,Amruta Cotton Ginning & Pressing
Sunita Sathe,8718713264,vithobamishtanbh@nexora.in,buy123,Aurangabad,Chhatrapati Sambhajinagar (Aurangabad),Vithoba Mishtan Bhandar
Vinod Gadhave,6955849529,bhimagroundnuttr@nexora.in,buy123,Raver,Jalgaon,Bhima Groundnut Traders
Sopan Sable,8827813432,nutanspicetrader@nexora.in,buy123,Atpadi,Sangli,Nutan Spice Traders
Bapurao Deshpande,9567118744,vinayakseafoodex2@nexora.in,buy123,Jawhar,Palghar,Vinayak Seafood Exports Co.
Pooja Chougule,7372102805,padmavatisoyapro4@nexora.in,buy123,Patur,Akola,Padmavati Soya Processors
Vinod Bhagat,6316199730,someshwarsuparit@nexora.in,buy123,Vengurla,Sindhudurg,Someshwar Supari Traders
Popat Vhatkar,8599233064,deccanfoodgrains@nexora.in,buy123,Kurkheda,Gadchiroli,Deccan Foodgrains Pvt Ltd
Seema Joshi,8730545449,uttamcottonmills2@nexora.in,buy123,Mantha,Jalna,Uttam Cotton Mills Ltd
Umesh Chavan,6835726023,ekviraforestprod@nexora.in,buy123,Armori,Gadchiroli,Ekvira Forest Produce Traders
Hanumant Mahajan,6688583261,someshwarsantrat@nexora.in,buy123,Warud,Amravati,Someshwar Santra Traders
Suresh Shelke,7406123531,shubhamtextilesp@nexora.in,buy123,Gondpimpri,Chandrapur,Shubham Textiles Pvt Ltd
Sunita Hande,7222219124,pragatisoybeantr@nexora.in,buy123,Kalamnuri,Hingoli,Pragati Soybean Traders
Yogesh Gaikwad,9997405760,tuljabhavanicitr@nexora.in,buy123,Bhiwapur,Nagpur,Tulja Bhavani Citrus Exports Pvt Ltd
Sopan Salunkhe,8858090823,mangalmurticotto@nexora.in,buy123,Yavatmal,Yavatmal,Mangalmurti Cotton Ginning & Pressing
Manisha Joshi,6436063670,rushikeshhaldiud@nexora.in,buy123,Kagal,Kolhapur,Rushikesh Haldi Udyog
Ashok Gaikwad,9040724555,jankalyanchikooe@nexora.in,buy123,Talasari,Palghar,Jankalyan Chikoo Exports
Tanaji Suryawanshi,6732436165,mulamuthahaldiud@nexora.in,buy123,Hingoli,Hingoli,Mula-Mutha Haldi Udyog
Sunil Mane,8785790778,ashokacottonginn@nexora.in,buy123,Bhokardan,Jalna,Ashoka Cotton Ginning & Pressing
Ramesh Ubale,7170424878,nutansoyaprocess3@nexora.in,buy123,Sindkhed Raja,Buldhana,Nutan Soya Processors
Ramesh Bhosale,9669472583,someshwarcoopera@nexora.in,buy123,Tuljapur,Dharashiv (Osmanabad),Someshwar Cooperative Sugar Karkhana
Ravindra Patil,8686090570,uttamsunflowertr@nexora.in,buy123,Dharur,Beed,Uttam Sunflower Traders
Jyoti More,6390996030,saihapusexportsp@nexora.in,buy123,Vaibhavwadi,Sindhudurg,Sai Hapus Exports Pvt Ltd
Namdev Patil,8571761863,manassugarfactor2@nexora.in,buy123,Patoda,Beed,Manas Sugar Factory
Ajit Jagtap,7637453604,jaibhavanitextil@nexora.in,buy123,Saoli,Chandrapur,Jai Bhavani Textiles Pvt Ltd
Suresh Hande,9506104729,vaibhavsoybeantr@nexora.in,buy123,Tuljapur,Dharashiv (Osmanabad),Vaibhav Soybean Traders
Neelam Zaware,8397317727,shreecooperative2@nexora.in,buy123,Osmanabad,Dharashiv (Osmanabad),Shree Cooperative Sugar Karkhana
Ravindra Waghmare,9497992248,shreecottontrade@nexora.in,buy123,Sindkheda,Dhule,Shree Cotton Traders
Sunita Gawali,9354034866,vijayfruitexport@nexora.in,buy123,Nevasa,Ahilyanagar (Ahmednagar),Vijay Fruit Exports Pvt Ltd
Seema Borate,6499054839,renukabetelnutex@nexora.in,buy123,Dodamarg,Sindhudurg,Renuka Betelnut Exports
Anita Shelke,6028112009,renukasoyaproces@nexora.in,buy123,Sindkhed Raja,Buldhana,Renuka Soya Processors
Pravin Chougule,6952146702,rajlaxmiricetrad@nexora.in,buy123,Ambarnath,Thane,Rajlaxmi Rice Traders Pvt Ltd
Anjali Holkar,6536657194,vitthalsahakaris@nexora.in,buy123,Palus,Sangli,Vitthal Sahakari Sakhar Karkhana
Prakash Chougule,8792883858,waranafoodsexpor@nexora.in,buy123,Malad,Mumbai Suburban,Warana Foods & Exports Pvt Ltd
Rajesh Shinde,9409319254,bhairavnathfoods@nexora.in,buy123,Malad,Mumbai Suburban,Bhairavnath Foods & Exports Pvt Ltd
Kiran Chavan,6139860017,mulamuthasugarfa@nexora.in,buy123,Rahata,Ahilyanagar (Ahmednagar),Mula-Mutha Sugar Factory
Kiran Joshi,7759207569,santtukaramricem@nexora.in,buy123,Sakoli,Bhandara,Sant Tukaram Rice Mills
Yogesh Dhumal,9511412008,sundarbankandavy@nexora.in,buy123,Chandwad,Nashik,Sundarban Kanda Vyapari Sangh
Deepak Rane,8219994716,kisanfoodgrainsp@nexora.in,buy123,Pen,Raigad,Kisan Foodgrains Pvt Ltd
Sunita Gaikwad,9457517653,waingangadalmill@nexora.in,buy123,Chakur,Latur,Wainganga Dal Mills
Prakash Shelke,8876374595,priyaricetraders@nexora.in,buy123,Chamorshi,Gadchiroli,Priya Rice Traders Pvt Ltd
Dilip Powar,6817886331,pragatisahakaris2@nexora.in,buy123,Maan,Satara,Pragati Sahakari Sakhar Karkhana
Suresh Shelke,8833591842,nutankokumproces@nexora.in,buy123,Devgad,Sindhudurg,Nutan Kokum Processing Co.
Nanda Deshpande,9771149901,pravaracottonmil@nexora.in,buy123,Chikhli,Buldhana,Pravara Cotton Mills Ltd
Pravin Solanke,8646547763,kisancottontrade@nexora.in,buy123,Jalna,Jalna,Kisan Cotton Traders
Nanda Salunkhe,6948219935,shivshaktikajuud@nexora.in,buy123,Devgad,Sindhudurg,Shivshakti Kaju Udyog
Popat Shelke,9016862033,nutanagroexports@nexora.in,buy123,Bhiwandi,Thane,Nutan Agro Exports Pvt Ltd
Sanjay Holkar,7256294359,pavanaonionveget@nexora.in,buy123,Purandhar,Pune,Pavana Onion & Vegetable Traders
Popat Sable,8901646839,ganeshmishtanbha@nexora.in,buy123,Bhokardan,Jalna,Ganesh Mishtan Bhandar
Ravindra Zaware,6228975912,purnavalleycotto3@nexora.in,buy123,Aundha Nagnath,Hingoli,Purna Valley Cotton Traders
Vijay Patil,6883873716,rameshfoodsexpor@nexora.in,buy123,Fort,Mumbai City,Ramesh Foods & Exports Pvt Ltd
Rajesh Rane,6967417510,shivshakticashew@nexora.in,buy123,Vaibhavwadi,Sindhudurg,Shivshakti Cashew Processors
Anand Solanke,7996810394,godavaricooperat@nexora.in,buy123,Panhala,Kolhapur,Godavari Cooperative Sugar Karkhana
Vinod Patil,6346997511,ghodagrotradingc@nexora.in,buy123,Fort,Mumbai City,Ghod Agro Trading Co.
Dilip Wagh,9167614919,prithvirajsoyapr@nexora.in,buy123,Basmath,Hingoli,Prithviraj Soya Processors
Archana Sathe,8446515998,sahakartextilesp2@nexora.in,buy123,Ashti,Wardha,Sahakar Textiles Pvt Ltd
Anjali More,7896331468,sahakaragrotechp@nexora.in,buy123,Byculla,Mumbai City,Sahakar AgroTech Pvt Ltd
Tanaji Zaware,9706190863,jaibhavanitextil2@nexora.in,buy123,Babhulgaon,Yavatmal,Jai Bhavani Textiles Pvt Ltd
Balasaheb Kadam,8065410859,sundarbanseedspv@nexora.in,buy123,Aurangabad,Chhatrapati Sambhajinagar (Aurangabad),Sundarban Seeds Pvt Ltd
Raghunath Fadnavis,6182893402,sinhagadcooperat@nexora.in,buy123,Ambegaon,Pune,Sinhagad Cooperative Sugar Karkhana
Chandrakant Sathe,7112197395,mangalmurtiagroi2@nexora.in,buy123,Ahmedpur,Latur,Mangalmurti Agro Industries
Prakash Rathod,7486176656,shivshaktiagrote2@nexora.in,buy123,Parel,Mumbai City,Shivshakti AgroTech Pvt Ltd
Madhuri Kadam,9847010613,shivshakticotton3@nexora.in,buy123,Talode,Nandurbar,Shivshakti Cotton Mills Ltd
Rahul Nikam,8461769610,godavarisahakari@nexora.in,buy123,Wai,Satara,Godavari Sahakari Sakhar Karkhana
Vijay Thorat,7624562418,laxmicottontrade@nexora.in,buy123,Bhusawal,Jalgaon,Laxmi Cotton Traders
Mangesh Shinde,7913425808,harihareshwarcot3@nexora.in,buy123,Deulgaon Raja,Buldhana,Harihareshwar Cotton Ginning & Pressing
Manisha Kadam,7006624264,laxmicopraoilmil@nexora.in,buy123,Panvel,Raigad,Laxmi Copra & Oil Mills
Umesh Waghmare,7712606518,purnavalleyanart@nexora.in,buy123,Akole,Ahilyanagar (Ahmednagar),Purna Valley Anar Traders
Seema Vhatkar,8280340757,amrutavineyards@nexora.in,buy123,Dindori,Nashik,Amruta Vineyards
Ravindra Nikam,7536003950,sinhagadfloritec@nexora.in,buy123,Shirur,Pune,Sinhagad Floritech Exports
Vijay Fadnavis,8878458842,jagdambaagroindu@nexora.in,buy123,Sengaon,Hingoli,Jagdamba Agro Industries
Balasaheb Ubale,9865635515,bhairavgadfisher@nexora.in,buy123,Roha,Raigad,Bhairavgad Fisheries Pvt Ltd
Balasaheb Randhawa,9175310363,adityaorangeproc@nexora.in,buy123,Warud,Amravati,Aditya Orange Processing Co.
Dattatray Lokhande,8664306441,rushikeshmishtan@nexora.in,buy123,Gangapur,Chhatrapati Sambhajinagar (Aurangabad),Rushikesh Mishtan Bhandar
Sachin Patil,7548138636,vaishnaviorangep2@nexora.in,buy123,Samudrapur,Wardha,Vaishnavi Orange Processing Co.
Pravin Shinde,9904156812,shivshaktialphon@nexora.in,buy123,Ulhasnagar,Thane,Shivshakti Alphonso Exports
Pravin Rane,6625215589,rajhansonionvege@nexora.in,buy123,Deola,Nashik,Rajhans Onion & Vegetable Traders
Meera Salunkhe,6108698629,godavarivalleyri@nexora.in,buy123,Panvel,Raigad,Godavari Valley Rice Traders Pvt Ltd
Bapurao Pawar,9305475163,ekvirasugarmills2@nexora.in,buy123,Dharur,Beed,Ekvira Sugar Mills Ltd
Nanda Ghorpade,7895375695,vijaysugarspvtlt@nexora.in,buy123,Tasgaon,Sangli,Vijay Sugars Pvt Ltd
Yogesh Ubale,8135117668,shreecooperative@nexora.in,buy123,Soegaon,Chhatrapati Sambhajinagar (Aurangabad),Shree Cooperative Sugar Karkhana
Milind Gadhave,6571297826,ganrajcottonginn@nexora.in,buy123,Dhule,Dhule,Ganraj Cotton Ginning & Pressing
Kavita Kulkarni,7793487923,amrutasahakarisa@nexora.in,buy123,Akkalkot,Solapur,Amruta Sahakari Sakhar Karkhana
Balasaheb Takawale,8544132947,tuljabhavanirice@nexora.in,buy123,Mohadi,Bhandara,Tulja Bhavani Rice Mills
Pravin Kale,9894606033,saiagroindustrie@nexora.in,buy123,Parbhani,Parbhani,Sai Agro Industries
Shrikant Zaware,7093243167,rushikeshfruittr@nexora.in,buy123,Nandurbar,Nandurbar,Rushikesh Fruit Traders Pvt Ltd
Ravindra Chougule,8609427424,padmavaticoopera@nexora.in,buy123,Jat,Sangli,Padmavati Cooperative Sugar Karkhana
Yogesh Vhatkar,9022471993,rajmatahapusexpo@nexora.in,buy123,Karjat,Raigad,Rajmata Hapus Exports Pvt Ltd
Vasant Jadhav,7877794470,utkarshakelavyap@nexora.in,buy123,Muktainagar,Jalgaon,Utkarsha Kela Vyapari
Sanjay Yadav,9433062965,jagdambaspicetra@nexora.in,buy123,Kadegaon,Sangli,Jagdamba Spice Traders
Kavita Gawali,6573165775,kavericottontrad2@nexora.in,buy123,Deoli,Wardha,Kaveri Cotton Traders
Kalpana Bhagat,9250642853,shubhamcottontra2@nexora.in,buy123,Digras,Yavatmal,Shubham Cotton Traders
Sunil More,9519256518,digvijaysahakari@nexora.in,buy123,Akkalkot,Solapur,Digvijay Sahakari Sakhar Karkhana
Vinod Gadhave,8316512447,mulamuthacottonm2@nexora.in,buy123,Mukhed,Nanded,Mula-Mutha Cotton Mills Ltd
Milind Kale,9780083740,shivshaktiagrote@nexora.in,buy123,Borivali,Mumbai Suburban,Shivshakti AgroTech Pvt Ltd
Sarika Gawali,7222913091,ganrajagrotechpv2@nexora.in,buy123,Dadar,Mumbai City,Ganraj AgroTech Pvt Ltd
Jyoti Mahajan,7185922638,lokmangalspicetr@nexora.in,buy123,Risod,Washim,Lokmangal Spice Traders
Kiran Damle,8618957445,sarthiagroindust@nexora.in,buy123,Kalamb,Dharashiv (Osmanabad),Sarthi Agro Industries
Dilip Kadam,6601957964,deccanspicetrade@nexora.in,buy123,Biloli,Nanded,Deccan Spice Traders
Deepak Ghorpade,7109312569,krishnavalleyhal@nexora.in,buy123,Washim,Washim,Krishna Valley Haldi Udyog
Kalpana Yadav,7091769813,bhagwandalmills@nexora.in,buy123,Shirur Anantpal,Latur,Bhagwan Dal Mills
Ravindra Zaware,6523097173,yashwantberryfoo@nexora.in,buy123,Patan,Satara,Yashwant Berry Foods Pvt Ltd
Eknath Holkar,9774752699,krantioniontrade@nexora.in,buy123,Bhor,Pune,Kranti Onion Traders
Vinod Sable,9855212131,tirupatiagrotech@nexora.in,buy123,Parel,Mumbai City,Tirupati AgroTech Pvt Ltd
Tanaji More,6590600480,bhimaricetraders3@nexora.in,buy123,Armori,Gadchiroli,Bhima Rice Traders Pvt Ltd
Snehal Gaikwad,6313381236,tapisoybeantrade@nexora.in,buy123,Sailu,Parbhani,Tapi Soybean Traders
Sachin Joshi,8423124279,rushikeshfoodgra@nexora.in,buy123,Jawhar,Palghar,Rushikesh Foodgrains Pvt Ltd
Shankar Mahajan,7455173855,vishwasricemills@nexora.in,buy123,Mohadi,Bhandara,Vishwas Rice Mills
Pooja More,9438240677,samratsugarfacto@nexora.in,buy123,Chandgad,Kolhapur,Samrat Sugar Factory
Gopichand Bhagat,9814981297,godavarivalleypa@nexora.in,buy123,Talode,Nandurbar,Godavari Valley Papaya Exports
Deepak Zaware,8692329887,rameshagroexport@nexora.in,buy123,Maan,Satara,Ramesh Agro Exports Pvt Ltd
Baburao Jadhav,8177984111,bhagwanfoodgrain@nexora.in,buy123,Tumsar,Bhandara,Bhagwan Foodgrains Pvt Ltd
Dilip Sable,8422091785,uttamturmericpro@nexora.in,buy123,Deglur,Nanded,Uttam Turmeric Processing Co.
Shivaji Chougule,6237868358,ashirwadoilmills@nexora.in,buy123,Jalkot,Latur,Ashirwad Oil Mills Pvt Ltd
Bharat Holkar,7985715771,priyacottontrade2@nexora.in,buy123,Arvi,Wardha,Priya Cotton Traders
Vijay Ghorpade,6809346165,malharcottonginn3@nexora.in,buy123,Majalgaon,Beed,Malhar Cotton Ginning & Pressing
Prashant Ghorpade,7865136471,purnavalleysoybe@nexora.in,buy123,Khamgaon,Buldhana,Purna Valley Soybean Traders
Hanumant Deshpande,7379504480,sinhagadkandavya@nexora.in,buy123,Sindkheda,Dhule,Sinhagad Kanda Vyapari Sangh
Vinod Kadam,9412282891,khandobagroundnu@nexora.in,buy123,Erandol,Jalgaon,Khandoba Groundnut Traders
Mangesh Rane,7671717311,shivneriricetrad2@nexora.in,buy123,Amgaon,Gondia,Shivneri Rice Traders Pvt Ltd
Deepak Kadam,7211400861,harihareshwaragr@nexora.in,buy123,Jalna,Jalna,Harihareshwar Agri Seeds Co.
Vijay Holkar,6471213455,annapurnacottong@nexora.in,buy123,Jalgaon Jamod,Buldhana,Annapurna Cotton Ginning & Pressing
Prakash Gawali,6369173975,shivshaktiricetr@nexora.in,buy123,Panvel,Raigad,Shivshakti Rice Traders Pvt Ltd
Nitin More,8128074305,ghodonionvegetab@nexora.in,buy123,Akole,Ahilyanagar (Ahmednagar),Ghod Onion & Vegetable Traders
Jyoti Shinde,7947429604,annapurnaricemil@nexora.in,buy123,Etapalli,Gadchiroli,Annapurna Rice Mills
Rekha Suryawanshi,8498791579,adarshfruitexpor2@nexora.in,buy123,Karjat,Ahilyanagar (Ahmednagar),Adarsh Fruit Exports Pvt Ltd
Ganesh Thorat,6986407323,panchvatifruitpr@nexora.in,buy123,Maan,Satara,Panchvati Fruit Preserves Co.
Meera Ghorpade,7569990885,pragatisahakaris@nexora.in,buy123,Ajra,Kolhapur,Pragati Sahakari Sakhar Karkhana
Ravindra Jadhav,9457342722,omtextilespvtltd@nexora.in,buy123,Shirur-Kasar,Beed,Om Textiles Pvt Ltd
Kalpana Gaikwad,7777495187,chandracottontra2@nexora.in,buy123,Yawal,Jalgaon,Chandra Cotton Traders
Rupali Gawali,9858059418,mahindracottonmi@nexora.in,buy123,Bhadgaon,Jalgaon,Mahindra Cotton Mills Ltd
Snehal Dhumal,7795289892,santtukaramfruit2@nexora.in,buy123,Dhadgaon,Nandurbar,Sant Tukaram Fruit Traders Pvt Ltd
Kiran Suryawanshi,9046199443,purnavalleyfruit@nexora.in,buy123,Shahada,Nandurbar,Purna Valley Fruit Traders Pvt Ltd
Vishal Randhawa,6012214985,jankalyansoyapro@nexora.in,buy123,Loha,Nanded,Jankalyan Soya Processors
Rahul Suryawanshi,6488445368,krantisitaphaltr@nexora.in,buy123,Parli,Beed,Kranti Sitaphal Traders
Ashok Pawar,8810248109,nutanfisheriespv@nexora.in,buy123,Chiplun,Ratnagiri,Nutan Fisheries Pvt Ltd
Rajendra Deshmukh,8046335356,marathaagroindus@nexora.in,buy123,Parbhani,Parbhani,Maratha Agro Industries
Neelam Suryawanshi,9949785101,waranaagrotradin@nexora.in,buy123,Malad,Mumbai Suburban,Warana Agro Trading Co.
Mangesh Bhandare,7265610513,rajgadoilmillspv@nexora.in,buy123,Wadwani,Beed,Rajgad Oil Mills Pvt Ltd
Shankar Sathe,6574785645,vithobacooperati2@nexora.in,buy123,Pune City,Pune,Vithoba Cooperative Sugar Karkhana
Ashok Deshmukh,9586211065,krishnavalleyhap@nexora.in,buy123,Ratnagiri,Ratnagiri,Krishna Valley Hapus Exports Pvt Ltd
Dattatray Powar,7388692976,adityacottonginn@nexora.in,buy123,Arni,Yavatmal,Aditya Cotton Ginning & Pressing
Vishal Borate,8492790559,nilkanthorangepr@nexora.in,buy123,Chandur,Amravati,Nilkanth Orange Processing Co.
Anita Pawar,8875749118,godavarihapusexp@nexora.in,buy123,Sawantwadi,Sindhudurg,Godavari Hapus Exports Pvt Ltd
Mahendra Vhatkar,7413377848,godavarisugarspv@nexora.in,buy123,Phulambri,Chhatrapati Sambhajinagar (Aurangabad),Godavari Sugars Pvt Ltd
Baburao Nalawade,8252357233,renukaagrotradin@nexora.in,buy123,Malad,Mumbai Suburban,Renuka Agro Trading Co.
Prashant Damle,8138150241,sureshcottonmill@nexora.in,buy123,Mudkhed,Nanded,Suresh Cotton Mills Ltd
Dilip Salunkhe,7287286188,navnathchikooexp@nexora.in,buy123,Vada,Palghar,Navnath Chikoo Exports
Popat Solanke,7053811075,krishnavalleyoni@nexora.in,buy123,Nevasa,Ahilyanagar (Ahmednagar),Krishna Valley Onion & Vegetable Traders
Chandrakant Fadnavis,6191776195,samruddhiagrotra@nexora.in,buy123,Colaba,Mumbai City,Samruddhi Agro Trading Co.
Vijay Lokhande,7090626720,mangalmurtisugar2@nexora.in,buy123,Maval,Pune,Mangalmurti Sugar Mills Ltd
Anjali Ubale,9045008137,vijaydurgorangep@nexora.in,buy123,Hinganghat,Wardha,Vijaydurg Orange Processing Co.
Rupali Thorat,9591147454,bhairavgadfoodse@nexora.in,buy123,Malad,Mumbai Suburban,Bhairavgad Foods & Exports Pvt Ltd
Vishal Shelke,9722456325,godavaricashewex2@nexora.in,buy123,Sawantwadi,Sindhudurg,Godavari Cashew Exports Pvt Ltd
Ajit Shinde,8586822163,sinnaragroindust@nexora.in,buy123,Osmanabad,Dharashiv (Osmanabad),Sinnar Agro Industries
Mahendra Kadam,7855351675,deccanricetrader@nexora.in,buy123,Lakhani,Bhandara,Deccan Rice Traders Pvt Ltd
Pravin Chougule,6162642317,kisanoilmillspvt@nexora.in,buy123,Udgir,Latur,Kisan Oil Mills Pvt Ltd
Manisha Bhagat,8306150584,samratoilmillspv@nexora.in,buy123,Nandura,Buldhana,Samrat Oil Mills Pvt Ltd
Deepak Zaware,6296700089,adarshfruitexpor@nexora.in,buy123,Ambajogai,Beed,Adarsh Fruit Exports Pvt Ltd
Sunil Dhumal,8104649436,tirupaticottongi@nexora.in,buy123,Buldhana,Buldhana,Tirupati Cotton Ginning & Pressing
Hanumant Waghmare,8406948042,rameshfruitprese@nexora.in,buy123,Satara,Satara,Ramesh Fruit Preserves Co.
Rahul Jagtap,9383754395,rajgadbedanaexpo@nexora.in,buy123,Jat,Sangli,Rajgad Bedana Exports Pvt Ltd
Snehal Powar,7480686167,konkansugarmills@nexora.in,buy123,Solapur North,Solapur,Konkan Sugar Mills Ltd
Mahendra Yadav,6358857095,vijaydurghaldiud@nexora.in,buy123,Nanded,Nanded,Vijaydurg Haldi Udyog
Madhuri Chavan,6595827852,mangalmurtioilmi@nexora.in,buy123,Shegaon,Buldhana,Mangalmurti Oil Mills Pvt Ltd
Nitin Waghmare,9174135346,prithvirajmangot@nexora.in,buy123,Shahapur,Thane,Prithviraj Mango Traders
Suresh Nikam,8069521023,waranasoyaproces@nexora.in,buy123,Naigaon,Nanded,Warana Soya Processors
Sarika Salunkhe,9896254072,yashwantchikooex@nexora.in,buy123,Vada,Palghar,Yashwant Chikoo Exports
Suresh Vhatkar,6693664677,vinayakcottonmil@nexora.in,buy123,Nandura,Buldhana,Vinayak Cotton Mills Ltd
Sanjay Nalawade,8271601755,santtukaramsantr@nexora.in,buy123,Hingna,Nagpur,Sant Tukaram Santra Traders
Swati Yadav,7276945298,ganeshfoodgrains@nexora.in,buy123,Lakhandur,Bhandara,Ganesh Foodgrains Pvt Ltd
Chandrakant Chougule,8934450919,panchvaticitruse@nexora.in,buy123,Nagpur Rural,Nagpur,Panchvati Citrus Exports Pvt Ltd
Rahul More,9933122406,bhagwansoyaproce@nexora.in,buy123,Ahmedpur,Latur,Bhagwan Soya Processors
Rahul Mahajan,7657193657,pragaticashewpro@nexora.in,buy123,Lanja,Ratnagiri,Pragati Cashew Processors
Namdev Bhosale,9734187886,tuljabhavanifrui2@nexora.in,buy123,Amalner,Jalgaon,Tulja Bhavani Fruit Traders Pvt Ltd
Chandrakant Salunkhe,9710254766,navjeevanricetra2@nexora.in,buy123,Amgaon,Gondia,Navjeevan Rice Traders Pvt Ltd
Sarika Ubale,7512728781,ombedanaexportsp@nexora.in,buy123,Khanapur,Sangli,Om Bedana Exports Pvt Ltd
Sunil Gadhave,7620070778,saigrainsmaizetr@nexora.in,buy123,Sakri,Dhule,Sai Grains & Maize Traders
Sunil Takawale,7590036703,godavarivalleytu2@nexora.in,buy123,Mangrulpir,Washim,Godavari Valley Turmeric Processing Co.
Yogesh Ghorpade,8871145706,godavaricashewex@nexora.in,buy123,Vaibhavwadi,Sindhudurg,Godavari Cashew Exports Pvt Ltd
Vandana Holkar,7246232120,digvijayricemill@nexora.in,buy123,Jawhar,Palghar,Digvijay Rice Mills
Neelam Yadav,7940666645,yashwantagrotech@nexora.in,buy123,Malad,Mumbai Suburban,Yashwant AgroTech Pvt Ltd
Vishal Ubale,9947065898,navnathcooperati@nexora.in,buy123,Bhum,Dharashiv (Osmanabad),Navnath Cooperative Sugar Karkhana
Deepak Khedkar,6985196094,vitthalpulsestra@nexora.in,buy123,Jalkot,Latur,Vitthal Pulses Traders Pvt Ltd
Suresh Thorat,9213596311,malharfruitexpor@nexora.in,buy123,Madha,Solapur,Malhar Fruit Exports Pvt Ltd
Raghunath Lokhande,9935125447,sinnaragroexport@nexora.in,buy123,Bhor,Pune,Sinnar Agro Exports Pvt Ltd
Suresh Mahajan,8585221443,nutanricemills@nexora.in,buy123,Tumsar,Bhandara,Nutan Rice Mills
Bapurao Vhatkar,7102178989,vishwastextilesp@nexora.in,buy123,Nandgaon Khandeshwar,Amravati,Vishwas Textiles Pvt Ltd
Kiran Joshi,8803371295,vaibhavtextilesp2@nexora.in,buy123,Kelapur,Yavatmal,Vaibhav Textiles Pvt Ltd
Prashant Rane,7888660935,pravarafoodgrain@nexora.in,buy123,Palghar,Palghar,Pravara Foodgrains Pvt Ltd
Jyoti Nalawade,8955414127,ashokasoyaproces2@nexora.in,buy123,Kalamnuri,Hingoli,Ashoka Soya Processors
Nitin Thorat,8548318563,shivshaktiagroin@nexora.in,buy123,Kalamb,Dharashiv (Osmanabad),Shivshakti Agro Industries
Anand Ubale,6765056875,priyasoyaprocess@nexora.in,buy123,Malegaon,Washim,Priya Soya Processors
Rahul Holkar,7640811483,saraswatisoyapro@nexora.in,buy123,Purna,Parbhani,Saraswati Soya Processors
Deepak Shinde,8893643900,sinhagadricemill@nexora.in,buy123,Vikramgad,Palghar,Sinhagad Rice Mills
Shobha Kulkarni,8367797522,sureshsugarmills@nexora.in,buy123,Pandharpur,Solapur,Suresh Sugar Mills Ltd
Prakash Gaikwad,8386450738,sundarbancitruse@nexora.in,buy123,Nagpur Urban,Nagpur,Sundarban Citrus Exports Pvt Ltd
Neelam Pawar,9523965511,ektasugarmillslt@nexora.in,buy123,Paranda,Dharashiv (Osmanabad),Ekta Sugar Mills Ltd
Madhuri Joshi,6261939152,sinhagadcottonmi@nexora.in,buy123,Zari Jamani,Yavatmal,Sinhagad Cotton Mills Ltd
Namdev Khedkar,8974528965,shivshaktiagrotr@nexora.in,buy123,Malad,Mumbai Suburban,Shivshakti Agro Trading Co.
Dattatray Powar,6398496331,sahyadritextiles@nexora.in,buy123,Jalna,Jalna,Sahyadri Textiles Pvt Ltd
Rajesh Sable,7813396922,chhatrapatifoodg@nexora.in,buy123,Lakhandur,Bhandara,Chhatrapati Foodgrains Pvt Ltd
Anita Solanke,9936467031,kalikaforestprod@nexora.in,buy123,Sironcha,Gadchiroli,Kalika Forest Produce Traders
Vasant Patil,6225642671,shrishtioilmills@nexora.in,buy123,Nilanga,Latur,Shrishti Oil Mills Pvt Ltd
Popat Mahajan,9854026015,priyaberryfoodsp@nexora.in,buy123,Khandala,Satara,Priya Berry Foods Pvt Ltd
Jyoti Chavan,8943638701,rajmatacottongin@nexora.in,buy123,Malegaon,Washim,Rajmata Cotton Ginning & Pressing
Kiran Rathod,7178410782,sanmansugarspvtl@nexora.in,buy123,Shrirampur,Ahilyanagar (Ahmednagar),Sanman Sugars Pvt Ltd
Dattatray Deshmukh,8276506608,niraoilmillspvtl2@nexora.in,buy123,Paranda,Dharashiv (Osmanabad),Nira Oil Mills Pvt Ltd
Dilip Damle,8653273274,pragatiturmericp@nexora.in,buy123,Kavathemahankal,Sangli,Pragati Turmeric Processing Co.
Swati Chougule,7094306546,mulamuthagulbhan@nexora.in,buy123,Gaganbawada,Kolhapur,Mula-Mutha Gul Bhandar
Rajendra Salunkhe,7258276182,rajendraonionveg@nexora.in,buy123,Sindkheda,Dhule,Rajendra Onion & Vegetable Traders
Gopal Deshpande,7762821836,bhimabananaexpor@nexora.in,buy123,Nandurbar,Nandurbar,Bhima Banana Exports
Rahul Deshmukh,8050388253,vishwascottonmil3@nexora.in,buy123,Sindkheda,Dhule,Vishwas Cotton Mills Ltd
Gopal Rathod,8116372651,pavanacoconuttra@nexora.in,buy123,Pen,Raigad,Pavana Coconut Traders
Shankar Nalawade,6530701233,krishnasugarmill@nexora.in,buy123,Karvir,Kolhapur,Krishna Sugar Mills Ltd
Vishal Chavan,9298156087,saraswationiontr@nexora.in,buy123,Chandwad,Nashik,Saraswati Onion Traders
Meera More,9192396937,ganeshtextilespv@nexora.in,buy123,Sakri,Dhule,Ganesh Textiles Pvt Ltd
Baburao Vhatkar,7124577072,mahindrasugarmil@nexora.in,buy123,Khatav,Satara,Mahindra Sugar Mills Ltd
Rupali Gadhave,8785870956,bhagwanricemills@nexora.in,buy123,Kurkheda,Gadchiroli,Bhagwan Rice Mills
Manisha Takawale,7431967466,khandobaseedspvt@nexora.in,buy123,Partur,Jalna,Khandoba Seeds Pvt Ltd
Vinod Pawar,6866929711,rajlaxmifoodgrai@nexora.in,buy123,Dhanora,Gadchiroli,Rajlaxmi Foodgrains Pvt Ltd
Shobha Solanke,6801662879,padmavatisoyapro@nexora.in,buy123,Kinwat,Nanded,Padmavati Soya Processors
Amol Jadhav,7861905133,mahindraricemill@nexora.in,buy123,Murud,Raigad,Mahindra Rice Mills
Seema Bhagat,9423245586,indrayanisugarmi@nexora.in,buy123,Majalgaon,Beed,Indrayani Sugar Mills Ltd
Meera Hande,8340392270,girnaroniontrade@nexora.in,buy123,Sakri,Dhule,Girnar Onion Traders
Vishal Rathod,9848785389,krantisoybeantra@nexora.in,buy123,Basmath,Hingoli,Kranti Soybean Traders
Kavita Fadnavis,8992223519,pragatiturmericp2@nexora.in,buy123,Kinwat,Nanded,Pragati Turmeric Processing Co.
Vinod Suryawanshi,9076913823,ajinkyasuparitra@nexora.in,buy123,Poladpur,Raigad,Ajinkya Supari Traders
Anand Thorat,9474609358,sureshbedanaexpo@nexora.in,buy123,Atpadi,Sangli,Suresh Bedana Exports Pvt Ltd
Gopal Wagh,9248116165,samruddhicoopera@nexora.in,buy123,Ambegaon,Pune,Samruddhi Cooperative Sugar Karkhana
Prakash Gadhave,8038694033,kalikasantratrad@nexora.in,buy123,Daryapur,Amravati,Kalika Santra Traders
Kiran Takawale,9260904628,ganeshfoodgrains2@nexora.in,buy123,Sindewahi,Chandrapur,Ganesh Foodgrains Pvt Ltd
Rekha Borate,6171976474,kaveriricetrader@nexora.in,buy123,Tiroda,Gondia,Kaveri Rice Traders Pvt Ltd
Gopichand Kale,7015179715,girnarricemills2@nexora.in,buy123,Gondia,Gondia,Girnar Rice Mills
Bapurao Sathe,6090980870,annapurnahaldiud@nexora.in,buy123,Hingoli,Hingoli,Annapurna Haldi Udyog
Milind Ghadge,7972998507,someshwarforestp@nexora.in,buy123,Aheri,Gadchiroli,Someshwar Forest Produce Traders
Rajesh Kulkarni,6124737038,ghoddudhsangh@nexora.in,buy123,Kopargaon,Ahilyanagar (Ahmednagar),Ghod Dudh Sangh
Amol Salunkhe,6242851276,malharcottonginn@nexora.in,buy123,Palam,Parbhani,Malhar Cotton Ginning & Pressing
Hanumant Shinde,9114593186,vaibhavtextilesp@nexora.in,buy123,Samudrapur,Wardha,Vaibhav Textiles Pvt Ltd
Anita Bhandare,9853220554,lokmangalsugarsp@nexora.in,buy123,Osmanabad,Dharashiv (Osmanabad),Lokmangal Sugars Pvt Ltd
Pravin More,7397923747,waingangatextile2@nexora.in,buy123,Kalamnuri,Hingoli,Wainganga Textiles Pvt Ltd
Sunita Waghmare,9355064330,nutantextilespvt@nexora.in,buy123,Ralegaon,Yavatmal,Nutan Textiles Pvt Ltd
Rahul Waghmare,7530727717,suvarnacottonmil@nexora.in,buy123,Barshitakli,Akola,Suvarna Cotton Mills Ltd
Nitin Ghorpade,6415537979,pragatioilmillsp2@nexora.in,buy123,Chikhli,Buldhana,Pragati Oil Mills Pvt Ltd
Sanjay Suryawanshi,9551274225,mahindrasugarspv@nexora.in,buy123,Velhe,Pune,Mahindra Sugars Pvt Ltd
Anjali Dhumal,9172795849,vinayaksoyaproce@nexora.in,buy123,Motala,Buldhana,Vinayak Soya Processors
Vandana Ghorpade,9888754410,laxmisugarmillsl@nexora.in,buy123,Kagal,Kolhapur,Laxmi Sugar Mills Ltd
Sopan More,6773194170,navnathhapusexpo@nexora.in,buy123,Ratnagiri,Ratnagiri,Navnath Hapus Exports Pvt Ltd
Bharat Rathod,8266981307,ganrajcottontrad@nexora.in,buy123,Barshitakli,Akola,Ganraj Cotton Traders
Swati Nikam,9199256213,vitthalsugarfact@nexora.in,buy123,Washi,Dharashiv (Osmanabad),Vitthal Sugar Factory
Shankar Powar,7465411086,waingangafoodsex@nexora.in,buy123,Andheri,Mumbai Suburban,Wainganga Foods & Exports Pvt Ltd
Pravin Fadnavis,8350552463,girnarsugarmills2@nexora.in,buy123,Mahabaleshwar,Satara,Girnar Sugar Mills Ltd
Archana Chavan,9928743146,ashokasoybeantra@nexora.in,buy123,Kalamnuri,Hingoli,Ashoka Soybean Traders
Shankar Rathod,6857004178,saraswatipapayae@nexora.in,buy123,Akkalkuwa,Nandurbar,Saraswati Papaya Exports
Bapurao Patil,9304145210,ekviraricemills@nexora.in,buy123,Lakhandur,Bhandara,Ekvira Rice Mills
Sunil More,9628187896,rajmataspicetrad@nexora.in,buy123,Kalamnuri,Hingoli,Rajmata Spice Traders
Gopichand Jadhav,9865366586,chandracottonmil@nexora.in,buy123,Murtajapur,Akola,Chandra Cotton Mills Ltd
Rahul Gawali,9010818899,girnarsugarspvtl@nexora.in,buy123,Haveli,Pune,Girnar Sugars Pvt Ltd
Ramesh Deshmukh,6113275185,vaishnaviturmeri@nexora.in,buy123,Kagal,Kolhapur,Vaishnavi Turmeric Processing Co.
Sarika Solanke,6728881817,tarangansoyaproc@nexora.in,buy123,Wani,Yavatmal,Tarangan Soya Processors
Bharat Fadnavis,6050157934,chandracottonmil3@nexora.in,buy123,Ghatanji,Yavatmal,Chandra Cotton Mills Ltd
Raghunath Thorat,7885578065,krantiorangeproc@nexora.in,buy123,Daryapur,Amravati,Kranti Orange Processing Co.
Ramesh Ubale,6977408090,kavericottontrad@nexora.in,buy123,Kaij,Beed,Kaveri Cotton Traders
Bharat Lokhande,7660165699,someshwaronionve2@nexora.in,buy123,Kopargaon,Ahilyanagar (Ahmednagar),Someshwar Onion & Vegetable Traders
Nanda Shinde,9489173789,sinnarraisintrad@nexora.in,buy123,Shirala,Sangli,Sinnar Raisin Traders
Manohar Zaware,7680485671,uttamcottonginni@nexora.in,buy123,Phulambri,Chhatrapati Sambhajinagar (Aurangabad),Uttam Cotton Ginning & Pressing
Anand Waghmare,6575111615,kalikaagroexport@nexora.in,buy123,Ambarnath,Thane,Kalika Agro Exports Pvt Ltd
Vasant Pawar,9477157860,vithobabedanaexp@nexora.in,buy123,Kavathemahankal,Sangli,Vithoba Bedana Exports Pvt Ltd
Bapurao Mane,6581335082,vaibhavcottontra2@nexora.in,buy123,Malegaon,Washim,Vaibhav Cotton Traders
Ravindra Bhandare,7827676739,saisahakarisakha@nexora.in,buy123,Jaoli,Satara,Sai Sahakari Sakhar Karkhana
Manisha Kulkarni,6793093270,uttamagrotrading2@nexora.in,buy123,Parel,Mumbai City,Uttam Agro Trading Co.
Gopal Suryawanshi,9880966178,sinhagadcottonmi3@nexora.in,buy123,Yavatmal,Yavatmal,Sinhagad Cotton Mills Ltd
Eknath Damle,8510026272,khandobavineyard@nexora.in,buy123,Shirala,Sangli,Khandoba Vineyards
Kiran Deshmukh,7139221448,vijayorangeproce2@nexora.in,buy123,Bhiwapur,Nagpur,Vijay Orange Processing Co.
Kiran Nalawade,8230134045,suvarnadalmills@nexora.in,buy123,Jalkot,Latur,Suvarna Dal Mills
Sanjay Bhosale,8356904177,shreeramorangepr@nexora.in,buy123,Kuhi,Nagpur,Shreeram Orange Processing Co.
Gopal Powar,7529052873,godavaricottonmi2@nexora.in,buy123,Sindewahi,Chandrapur,Godavari Cotton Mills Ltd
Ravindra Deshpande,8937759701,kisanricetraders2@nexora.in,buy123,Jiwati,Chandrapur,Kisan Rice Traders Pvt Ltd
Kavita Rane,8388869475,mulaanartraders@nexora.in,buy123,Jamkhed,Ahilyanagar (Ahmednagar),Mula Anar Traders
Neelam Hande,9437884193,amrutaagrotechpv@nexora.in,buy123,Fort,Mumbai City,Amruta AgroTech Pvt Ltd
Dattatray Powar,6307212061,waingangatextile@nexora.in,buy123,Achalpur,Amravati,Wainganga Textiles Pvt Ltd
Suresh Vhatkar,9242954553,rajlaxmiwinespvt@nexora.in,buy123,Shirala,Sangli,Rajlaxmi Wines Pvt Ltd
Tanaji Patil,8685158656,pragatiricetrade@nexora.in,buy123,Chandrapur,Chandrapur,Pragati Rice Traders Pvt Ltd
Milind Gawali,7586505578,shubhamcottontra@nexora.in,buy123,Himayatnagar,Nanded,Shubham Cotton Traders
Santosh Nalawade,8510807525,tirupatifoodsexp@nexora.in,buy123,Andheri,Mumbai Suburban,Tirupati Foods & Exports Pvt Ltd
Archana Powar,7241121888,utkarshagrapeexp@nexora.in,buy123,Sinnar,Nashik,Utkarsha Grape Exports Pvt Ltd
Swati Shelke,7425589098,ganeshsahakarisa@nexora.in,buy123,Barshi,Solapur,Ganesh Sahakari Sakhar Karkhana
Sunita Kale,6144582741,balajibananaexpo@nexora.in,buy123,Talode,Nandurbar,Balaji Banana Exports
Gopal Ubale,6964566093,mangalmurtigrain@nexora.in,buy123,Dhule,Dhule,Mangalmurti Grains & Maize Traders
Manisha Wagh,9241920857,deccanseafoodexp@nexora.in,buy123,Mokhada,Palghar,Deccan Seafood Exports Co.
Raghunath Ubale,9792179613,chhatrapatipomeg@nexora.in,buy123,Karjat,Ahilyanagar (Ahmednagar),Chhatrapati Pomegranate Exports
Vinod Nalawade,6152630122,suryacottonginni@nexora.in,buy123,Jamner,Jalgaon,Surya Cotton Ginning & Pressing
Anjali Gawali,6563966579,santtukaramfruit@nexora.in,buy123,Pathardi,Ahilyanagar (Ahmednagar),Sant Tukaram Fruit Exports Pvt Ltd
Neelam Gadhave,7190663819,rushikeshtextile2@nexora.in,buy123,Shirur-Kasar,Beed,Rushikesh Textiles Pvt Ltd
Rajesh Lokhande,9935257042,khandobaagroindu2@nexora.in,buy123,Mangrulpir,Washim,Khandoba Agro Industries
Ashok Pawar,7626509439,sundarbanmangotr@nexora.in,buy123,Tala,Raigad,Sundarban Mango Traders
Suresh More,8496499711,tirupaticottonmi2@nexora.in,buy123,Nanded,Nanded,Tirupati Cotton Mills Ltd
Vishal Fadnavis,6769610106,shivneriforestpr@nexora.in,buy123,Kurkheda,Gadchiroli,Shivneri Forest Produce Traders
Prashant Chavan,8844260506,nilkanthsoyaproc@nexora.in,buy123,Chandurbazar,Amravati,Nilkanth Soya Processors
Vinod Borate,9121870334,vithobaspicetrad@nexora.in,buy123,Karanja,Washim,Vithoba Spice Traders
Rekha Wagh,8071167585,purnavalleyfruit2@nexora.in,buy123,Phaltan,Satara,Purna Valley Fruit Preserves Co.
Swati More,7044264304,sundarbanfisheri@nexora.in,buy123,Kudal,Sindhudurg,Sundarban Fisheries Pvt Ltd
Vasant Deshpande,8077338817,navnathcottontra@nexora.in,buy123,Zari Jamani,Yavatmal,Navnath Cotton Traders
Ashok Bhagat,9273728902,tirupatihaldiudy@nexora.in,buy123,Manora,Washim,Tirupati Haldi Udyog
Santosh Gawali,8121190973,samratsantratrad@nexora.in,buy123,Bhiwapur,Nagpur,Samrat Santra Traders
Seema Dhumal,9070749560,samruddhiturmeri@nexora.in,buy123,Aundha Nagnath,Hingoli,Samruddhi Turmeric Processing Co.
Snehal Gadhave,9652739771,rajmatacashewpro@nexora.in,buy123,Sawantwadi,Sindhudurg,Rajmata Cashew Processors
Shobha Khedkar,7092510809,bhimaalphonsoexp2@nexora.in,buy123,Khed,Ratnagiri,Bhima Alphonso Exports
Meera Solanke,9390350726,renukacottonmill@nexora.in,buy123,Gangakhed,Parbhani,Renuka Cotton Mills Ltd
Milind Holkar,9455263021,bhairavgadturmer@nexora.in,buy123,Manwath,Parbhani,Bhairavgad Turmeric Processing Co.
Anand Ubale,6561546773,samratsahakarisa@nexora.in,buy123,Chandgad,Kolhapur,Samrat Sahakari Sakhar Karkhana
Prakash Lokhande,8712343786,rameshfoodgrains@nexora.in,buy123,Mohadi,Bhandara,Ramesh Foodgrains Pvt Ltd
Rajesh Holkar,6283111311,deccanagroindust@nexora.in,buy123,Manora,Washim,Deccan Agro Industries
Neelam Kadam,6785073222,rajlaxmisoyaproc@nexora.in,buy123,Hingoli,Hingoli,Rajlaxmi Soya Processors
Yogesh Kadam,7607887173,annapurnatextile@nexora.in,buy123,Barshitakli,Akola,Annapurna Textiles Pvt Ltd
Rajendra Pawar,6646827530,vijaysoybeantrad@nexora.in,buy123,Jalkot,Latur,Vijay Soybean Traders
Ganesh Waghmare,7851590146,rajlaxmicitrusex@nexora.in,buy123,Morshi,Amravati,Rajlaxmi Citrus Exports Pvt Ltd
Deepak Lokhande,7377997190,sanmandairypvtlt@nexora.in,buy123,Shrigonda,Ahilyanagar (Ahmednagar),Sanman Dairy Pvt Ltd
Vasant Bhandare,7221378325,deccancottonmill@nexora.in,buy123,Barshitakli,Akola,Deccan Cotton Mills Ltd
Prakash Deshpande,9354213377,kundakajuudyog@nexora.in,buy123,Sangameshwar,Ratnagiri,Kunda Kaju Udyog
Swati Patil,6831658689,ektaricetradersp@nexora.in,buy123,Chamorshi,Gadchiroli,Ekta Rice Traders Pvt Ltd
Chandrakant Dhumal,6298885566,shivnerifoodsexp@nexora.in,buy123,Andheri,Mumbai Suburban,Shivneri Foods & Exports Pvt Ltd
Vandana Nikam,6310510963,konkanonionveget@nexora.in,buy123,Niphad,Nashik,Konkan Onion & Vegetable Traders
Ramesh Takawale,6329284462,kundacooperative@nexora.in,buy123,Pathardi,Ahilyanagar (Ahmednagar),Kunda Cooperative Sugar Karkhana
Sarika Kadam,7872439376,tirupatisoybeant@nexora.in,buy123,Umarga,Dharashiv (Osmanabad),Tirupati Soybean Traders
Tanaji Deshpande,9560920656,jaihindcottontra3@nexora.in,buy123,Chandurbazar,Amravati,Jaihind Cotton Traders
Manohar Wagh,7976206699,shivshaktifoodgr@nexora.in,buy123,Pauni,Bhandara,Shivshakti Foodgrains Pvt Ltd
Rahul Powar,8305520340,amrutacottonginn@nexora.in,buy123,Navapur,Nandurbar,Amruta Cotton Ginning & Pressing
Jyoti Ghadge,7258114786,mulamuthasoyapro@nexora.in,buy123,Arni,Yavatmal,Mula-Mutha Soya Processors
Vasant Waghmare,8681922300,jagdambaseedspvt@nexora.in,buy123,Badnapur,Jalna,Jagdamba Seeds Pvt Ltd
Kalpana Sable,9917395296,saicooperativesu@nexora.in,buy123,Maval,Pune,Sai Cooperative Sugar Karkhana
Prashant Sable,9210141561,vishwasfreshgrap@nexora.in,buy123,Kalwan,Nashik,Vishwas Fresh Grapes Exports
Mahendra Shelke,6327894882,konkanforestprod@nexora.in,buy123,Kurkheda,Gadchiroli,Konkan Forest Produce Traders
Sarika Shinde,7356145922,godavariforestpr@nexora.in,buy123,Desaiganj,Gadchiroli,Godavari Forest Produce Traders
Vijay Jagtap,6369154321,shivshaktispicet@nexora.in,buy123,Kinwat,Nanded,Shivshakti Spice Traders
Vinod Takawale,7092900124,jaibhavanigrains@nexora.in,buy123,Akkalkot,Solapur,Jai Bhavani Grains Traders
Shrikant Nikam,7869882107,rajendratextiles@nexora.in,buy123,Bodwad,Jalgaon,Rajendra Textiles Pvt Ltd
Rekha Kulkarni,6966680518,shivshaktikajuud2@nexora.in,buy123,Dodamarg,Sindhudurg,Shivshakti Kaju Udyog
Santosh Shelke,9279937265,tirupatisuparitr@nexora.in,buy123,Sudhagad-Pali,Raigad,Tirupati Supari Traders
Shankar Dhumal,8652746209,panchvatiagroind@nexora.in,buy123,Aundha Nagnath,Hingoli,Panchvati Agro Industries
Rupali Salunkhe,9250512394,bhogawatitextile@nexora.in,buy123,Rajura,Chandrapur,Bhogawati Textiles Pvt Ltd
Pravin Rane,7055607365,kundaricetraders@nexora.in,buy123,Chimur,Chandrapur,Kunda Rice Traders Pvt Ltd
Madhuri Jagtap,9584860865,rajlaxmisantratr@nexora.in,buy123,Dhamangaon,Amravati,Rajlaxmi Santra Traders
Prashant Suryawanshi,8816631154,shivshaktispicet2@nexora.in,buy123,Kandhar,Nanded,Shivshakti Spice Traders
Mahendra Patil,8634038037,manasfoodgrainsp@nexora.in,buy123,Pauni,Bhandara,Manas Foodgrains Pvt Ltd
Baburao Nikam,9326741963,karhafoodsexport@nexora.in,buy123,Parel,Mumbai City,Karha Foods & Exports Pvt Ltd
Mangesh Wagh,7659644237,rajendracottonmi@nexora.in,buy123,Karanja,Washim,Rajendra Cotton Mills Ltd
Kavita Khedkar,6022518325,uttamagrotrading@nexora.in,buy123,Dadar,Mumbai City,Uttam Agro Trading Co.
Yogesh Deshmukh,8290343001,waranaricetrader2@nexora.in,buy123,Korchi,Gadchiroli,Warana Rice Traders Pvt Ltd
Tanaji Powar,9312805410,kavericottonginn3@nexora.in,buy123,Bhadravati,Chandrapur,Kaveri Cotton Ginning & Pressing
Vijay Deshpande,8829867211,lokmangalcitruse@nexora.in,buy123,Kamptee,Nagpur,Lokmangal Citrus Exports Pvt Ltd
Meera Patil,9469178861,padmavatipomegra@nexora.in,buy123,Kopargaon,Ahilyanagar (Ahmednagar),Padmavati Pomegranate Exports
Mangesh Rane,7491036352,jaibhavaniagroex2@nexora.in,buy123,Indapur,Pune,Jai Bhavani Agro Exports Pvt Ltd
Namdev Joshi,7353265020,prithvirajfoodse@nexora.in,buy123,Colaba,Mumbai City,Prithviraj Foods & Exports Pvt Ltd
Shrikant More,9465375133,jaibhavaniseafoo@nexora.in,buy123,Sudhagad-Pali,Raigad,Jai Bhavani Seafood Exports Co.
Milind Lokhande,8775008627,vaibhavoilmillsp@nexora.in,buy123,Aundha Nagnath,Hingoli,Vaibhav Oil Mills Pvt Ltd
Kiran Jadhav,9663697831,amrutsahakarisak@nexora.in,buy123,Ambajogai,Beed,Amrut Sahakari Sakhar Karkhana
Sunita Fadnavis,6716116022,aishwaryasugarfa@nexora.in,buy123,Velhe,Pune,Aishwarya Sugar Factory
Anjali Khedkar,6561944832,rushikeshagroexp@nexora.in,buy123,Shahapur,Thane,Rushikesh Agro Exports Pvt Ltd
Deepak Zaware,7954449130,pragatikandavyap@nexora.in,buy123,Deola,Nashik,Pragati Kanda Vyapari Sangh
Anjali Vhatkar,7113202720,padmavatitendule@nexora.in,buy123,Etapalli,Gadchiroli,Padmavati Tendu Leaves Co.
Sachin Zaware,9683723316,indrayaniguludyo@nexora.in,buy123,Kagal,Kolhapur,Indrayani Gul Udyog
Rupali Nikam,7478878384,ashirwadcoconutt@nexora.in,buy123,Khalapur,Raigad,Ashirwad Coconut Traders
Ravindra Damle,6236219764,shivshakticooper@nexora.in,buy123,Jat,Sangli,Shivshakti Cooperative Sugar Karkhana
Anjali Mane,7031300706,indrayanianartra@nexora.in,buy123,Jamkhed,Ahilyanagar (Ahmednagar),Indrayani Anar Traders
Madhuri Sable,8306313554,ghodoniontraders@nexora.in,buy123,Daund,Pune,Ghod Onion Traders
Rupali Kulkarni,9252225403,navjeevanmangotr@nexora.in,buy123,Mahad,Raigad,Navjeevan Mango Traders
Rekha Randhawa,7928121274,karhaoilmillspvt@nexora.in,buy123,Lonar,Buldhana,Karha Oil Mills Pvt Ltd
Ravindra Chavan,6070254507,malharcottonmill2@nexora.in,buy123,Bhiwapur,Nagpur,Malhar Cotton Mills Ltd
Vijay Fadnavis,8932901214,waranafreshgrape@nexora.in,buy123,Nashik,Nashik,Warana Fresh Grapes Exports
Santosh Shinde,6892742694,navjeevanricetra@nexora.in,buy123,Gondia,Gondia,Navjeevan Rice Traders Pvt Ltd
Raghunath Solanke,9943431222,chandratenduleav@nexora.in,buy123,Kurkheda,Gadchiroli,Chandra Tendu Leaves Co.
Sarika More,9239692305,rajendrapapayaex@nexora.in,buy123,Shahada,Nandurbar,Rajendra Papaya Exports
Namdev Bhosale,8064269419,vishwassugarmill@nexora.in,buy123,Sangole,Solapur,Vishwas Sugar Mills Ltd
Meera Waghmare,8060611851,saraswatialphons@nexora.in,buy123,Kalyan,Thane,Saraswati Alphonso Exports
Ajit Solanke,9246891305,marathapomegrana@nexora.in,buy123,Kopargaon,Ahilyanagar (Ahmednagar),Maratha Pomegranate Exports
Rahul Kulkarni,8686570931,shivnerichikooex@nexora.in,buy123,Talasari,Palghar,Shivneri Chikoo Exports
Rekha Hande,9827276446,shubhamfoodgrain@nexora.in,buy123,Murud,Raigad,Shubham Foodgrains Pvt Ltd
Snehal Sable,9153238378,rajendraspicetra@nexora.in,buy123,Hingoli,Hingoli,Rajendra Spice Traders
Dattatray More,9838006781,sinhagadanartrad@nexora.in,buy123,Karmala,Solapur,Sinhagad Anar Traders
Sunita Holkar,6887286261,vitthalgrapeexpo@nexora.in,buy123,Tasgaon,Sangli,Vitthal Grape Exports Pvt Ltd
Ramesh Takawale,8668657770,amrutafreshveget@nexora.in,buy123,Khed,Pune,Amruta Fresh Vegetable Traders
Milind Wagh,9287498100,konkancottonmill@nexora.in,buy123,Aundha Nagnath,Hingoli,Konkan Cotton Mills Ltd
Sunil Chougule,6711862572,jankalyanspicetr@nexora.in,buy123,Risod,Washim,Jankalyan Spice Traders
Sachin Sathe,8577691524,adarshcottontrad@nexora.in,buy123,Malegaon,Washim,Adarsh Cotton Traders
Rahul Chavan,7399913705,jankalyanhapusex@nexora.in,buy123,Lanja,Ratnagiri,Jankalyan Hapus Exports Pvt Ltd
Vishal Bhosale,9023269136,jaibhavaniforest@nexora.in,buy123,Jiwati,Chandrapur,Jai Bhavani Forest Produce Traders
Popat Nalawade,9931780508,vithobaagroindus@nexora.in,buy123,Hingoli,Hingoli,Vithoba Agro Industries
Popat Suryawanshi,7343114858,aishwaryafruitex@nexora.in,buy123,Georai,Beed,Aishwarya Fruit Exports Pvt Ltd
Nitin Gadhave,8333978379,sundarbandalmill@nexora.in,buy123,Udgir,Latur,Sundarban Dal Mills
Hanumant Rane,6667626098,samratoilmillspv2@nexora.in,buy123,Patur,Akola,Samrat Oil Mills Pvt Ltd
Manisha Sable,9120619555,shubhamfoodgrain2@nexora.in,buy123,Bhandara,Bhandara,Shubham Foodgrains Pvt Ltd
Manohar Thorat,7193885426,panchvaticottont@nexora.in,buy123,Warud,Amravati,Panchvati Cotton Traders
Gopal Suryawanshi,9393373474,panchgangasahaka@nexora.in,buy123,Miraj,Sangli,Panchganga Sahakari Sakhar Karkhana
Vishal Bhandare,8956485561,annapurnaagroind@nexora.in,buy123,Loha,Nanded,Annapurna Agro Industries
Popat Wagh,8460938245,godavarivalleyag@nexora.in,buy123,Fort,Mumbai City,Godavari Valley AgroTech Pvt Ltd
Raghunath Gawali,8149042329,adarshcashewexpo@nexora.in,buy123,Vaibhavwadi,Sindhudurg,Adarsh Cashew Exports Pvt Ltd
Sopan Deshpande,6866018266,swarajgrainstrad@nexora.in,buy123,Nilanga,Latur,Swaraj Grains Traders
Ajit Salunkhe,7307676942,renukaturmericpr@nexora.in,buy123,Hadgaon,Nanded,Renuka Turmeric Processing Co.
Manohar Kadam,6535703693,panchvatihapusex@nexora.in,buy123,Alibag,Raigad,Panchvati Hapus Exports Pvt Ltd
Milind Hande,7519047148,mulamuthafoodgra@nexora.in,buy123,Lakhani,Bhandara,Mula-Mutha Foodgrains Pvt Ltd
Yogesh Damle,7002708609,vaishnavihapusex@nexora.in,buy123,Thane,Thane,Vaishnavi Hapus Exports Pvt Ltd
Manisha Damle,9354013499,samratgrapeexpor@nexora.in,buy123,Bhor,Pune,Samrat Grape Exports Pvt Ltd
Meera Kadam,9026514833,shrishtisugarfac2@nexora.in,buy123,Karvir,Kolhapur,Shrishti Sugar Factory
Vandana Mane,6259844073,uttamsoybeantrad@nexora.in,buy123,Washim,Washim,Uttam Soybean Traders
Bapurao Shinde,8583429903,waranaspicetrade@nexora.in,buy123,Umri,Nanded,Warana Spice Traders
Nanda Waghmare,7555493905,panchvaticottonm2@nexora.in,buy123,Pusad,Yavatmal,Panchvati Cotton Mills Ltd
Suresh Rathod,8904145667,ganeshcashewexpo2@nexora.in,buy123,Devgad,Sindhudurg,Ganesh Cashew Exports Pvt Ltd
Vasant Gawali,8326824251,vinayakpulsestra@nexora.in,buy123,Ahmedpur,Latur,Vinayak Pulses Traders Pvt Ltd
Amol Sathe,8409746488,amrutahaldiudyog@nexora.in,buy123,Bhudargad,Kolhapur,Amruta Haldi Udyog
Ravindra Dhumal,8926702739,nilkanthhaldiudy2@nexora.in,buy123,Malegaon,Washim,Nilkanth Haldi Udyog
Sunil Vhatkar,7244856642,marathaoilmillsp@nexora.in,buy123,Amravati,Amravati,Maratha Oil Mills Pvt Ltd
Sunil Kadam,8577355214,kranticottontrad@nexora.in,buy123,Parli,Beed,Kranti Cotton Traders
Vandana Rane,8077441367,someshwarsantrat2@nexora.in,buy123,Karanja,Wardha,Someshwar Santra Traders
Anand Nalawade,7759257782,malhargrapeexpor@nexora.in,buy123,Dindori,Nashik,Malhar Grape Exports Pvt Ltd
Dilip Pawar,7040816503,sanmanoilmillspv@nexora.in,buy123,Hadgaon,Nanded,Sanman Oil Mills Pvt Ltd
Milind Wagh,9023875643,swarajcottonginn@nexora.in,buy123,Kalamb,Yavatmal,Swaraj Cotton Ginning & Pressing
Umesh Takawale,6628451285,sinnaragrotechpv@nexora.in,buy123,Kurla,Mumbai Suburban,Sinnar AgroTech Pvt Ltd
Anjali Salunkhe,7385705214,adityaoilmillspv@nexora.in,buy123,Malegaon,Washim,Aditya Oil Mills Pvt Ltd
Gopichand Damle,9321922093,laxmiricemills@nexora.in,buy123,Bhamragad,Gadchiroli,Laxmi Rice Mills
Rajendra Pawar,6450948969,vaishnavioilmill@nexora.in,buy123,Risod,Washim,Vaishnavi Oil Mills Pvt Ltd
Pravin Pawar,9990113862,sundarbangulbhan@nexora.in,buy123,Panhala,Kolhapur,Sundarban Gul Bhandar
Sopan Kulkarni,8739293723,shreeramorangepr2@nexora.in,buy123,Mouda,Nagpur,Shreeram Orange Processing Co.
Ashok Deshmukh,9356078738,chhatrapatisoybe@nexora.in,buy123,Lonar,Buldhana,Chhatrapati Soybean Traders
Kalpana Sathe,6777476341,shreeanartraders@nexora.in,buy123,Kopargaon,Ahilyanagar (Ahmednagar),Shree Anar Traders
Pooja Sathe,6039047069,ajinkyafruittrad@nexora.in,buy123,Dahanu,Palghar,Ajinkya Fruit Traders Pvt Ltd
Snehal Ghadge,9777951921,godavarivalleyci@nexora.in,buy123,Umred,Nagpur,Godavari Valley Citrus Exports Pvt Ltd
Anand Bhandare,9732699360,mulasahakarisakh@nexora.in,buy123,Jamkhed,Ahilyanagar (Ahmednagar),Mula Sahakari Sakhar Karkhana
Sarika Mane,7355675233,niraspicetraders@nexora.in,buy123,Palus,Sangli,Nira Spice Traders
Ganesh Joshi,9575835342,swarajcottonmill@nexora.in,buy123,Akola,Akola,Swaraj Cotton Mills Ltd
Rahul Mahajan,9255608586,godavarifoodgrai@nexora.in,buy123,Pombhurna,Chandrapur,Godavari Foodgrains Pvt Ltd
Sopan Zaware,8610610414,ramrajasugarmill@nexora.in,buy123,Walwa,Sangli,Ramraja Sugar Mills Ltd
Kiran Takawale,6187388268,samruddhisweetsf@nexora.in,buy123,Kannad,Chhatrapati Sambhajinagar (Aurangabad),Samruddhi Sweets & Foods Pvt Ltd
Raghunath Waghmare,6480126018,mulacottonginnin2@nexora.in,buy123,Sillod,Chhatrapati Sambhajinagar (Aurangabad),Mula Cotton Ginning & Pressing
Santosh Sable,9745837016,sarthiricetrader@nexora.in,buy123,Korchi,Gadchiroli,Sarthi Rice Traders Pvt Ltd
Amol Kadam,8131447022,purnavalleykelav@nexora.in,buy123,Chalisgaon,Jalgaon,Purna Valley Kela Vyapari
Milind Pawar,9880021581,pragatifruittrad@nexora.in,buy123,Jamner,Jalgaon,Pragati Fruit Traders Pvt Ltd
Hanumant Damle,7084282384,girnarricemills@nexora.in,buy123,Rajura,Chandrapur,Girnar Rice Mills
Kalpana Nikam,7580098028,shrishticottonmi2@nexora.in,buy123,Digras,Yavatmal,Shrishti Cotton Mills Ltd
Ganesh Khedkar,8048520488,ektafoodgrainspv2@nexora.in,buy123,Vada,Palghar,Ekta Foodgrains Pvt Ltd
Sopan Bhagat,8944765012,priyaricemills2@nexora.in,buy123,Gondia,Gondia,Priya Rice Mills
Nitin Dhumal,6274910400,suryafoodsexport@nexora.in,buy123,Borivali,Mumbai Suburban,Surya Foods & Exports Pvt Ltd
Pravin Borate,6464413657,digvijayfruitexp@nexora.in,buy123,Majalgaon,Beed,Digvijay Fruit Exports Pvt Ltd
Milind Zaware,9372723598,saicottonmillslt@nexora.in,buy123,Deglur,Nanded,Sai Cotton Mills Ltd
Shankar Vhatkar,8729168833,indrayanisoybean@nexora.in,buy123,Pathri,Parbhani,Indrayani Soybean Traders
Gopichand Powar,7699105949,bhairavnathtexti@nexora.in,buy123,Mahagaon,Yavatmal,Bhairavnath Textiles Pvt Ltd
Baburao Lokhande,9135132357,adityasweetsfood@nexora.in,buy123,Ambad,Jalna,Aditya Sweets & Foods Pvt Ltd
Sunil Jagtap,7276544446,vinayakricetrade@nexora.in,buy123,Palghar,Palghar,Vinayak Rice Traders Pvt Ltd
Milind Sable,9356956805,konkanricemills@nexora.in,buy123,Mohadi,Bhandara,Konkan Rice Mills
Sopan Ghadge,6551510304,rajlaxmiricemill@nexora.in,buy123,Lakhani,Bhandara,Rajlaxmi Rice Mills
Popat Hande,6667430198,niraturmericproc@nexora.in,buy123,Gaganbawada,Kolhapur,Nira Turmeric Processing Co.
Milind Joshi,8428664016,digvijayfruittra@nexora.in,buy123,Palghar,Palghar,Digvijay Fruit Traders Pvt Ltd
Bharat Thorat,8190014289,sundarbancitruse2@nexora.in,buy123,Bhiwapur,Nagpur,Sundarban Citrus Exports Pvt Ltd
Shankar Suryawanshi,6336873050,kalikafruittrade@nexora.in,buy123,Akkalkuwa,Nandurbar,Kalika Fruit Traders Pvt Ltd
Swati Powar,9282025783,rajgadsweetsfood@nexora.in,buy123,Partur,Jalna,Rajgad Sweets & Foods Pvt Ltd
Vinod Deshmukh,7860403213,nutanagriseedsco2@nexora.in,buy123,Gangapur,Chhatrapati Sambhajinagar (Aurangabad),Nutan Agri Seeds Co.
Kalpana Sathe,8832444046,ajinkyafoodsexpo2@nexora.in,buy123,Colaba,Mumbai City,Ajinkya Foods & Exports Pvt Ltd
Ashok Ghorpade,9427725881,adityacottonginn2@nexora.in,buy123,Deulgaon Raja,Buldhana,Aditya Cotton Ginning & Pressing
Madhuri Shelke,6671065339,shreericemills@nexora.in,buy123,Ulhasnagar,Thane,Shree Rice Mills
Swati Randhawa,6748036281,krishnaagroindus@nexora.in,buy123,Nanded,Nanded,Krishna Agro Industries
Chandrakant Ghorpade,6975779345,ekviratextilespv@nexora.in,buy123,Risod,Washim,Ekvira Textiles Pvt Ltd
Bapurao Dhumal,7353412136,adarshsunflowert@nexora.in,buy123,Sindkhed Raja,Buldhana,Adarsh Sunflower Traders
Kalpana Joshi,7748262888,mahindrafoodgrai@nexora.in,buy123,Sironcha,Gadchiroli,Mahindra Foodgrains Pvt Ltd
Shrikant Thorat,7557507787,amrutagrofoodspv@nexora.in,buy123,Dhadgaon,Nandurbar,Amrut Agro Foods Pvt Ltd
Rajendra Kale,7149856601,pravaraturmericp@nexora.in,buy123,Tasgaon,Sangli,Pravara Turmeric Processing Co.
Neelam Deshmukh,8407076055,purnavalleyonion@nexora.in,buy123,Shrirampur,Ahilyanagar (Ahmednagar),Purna Valley Onion & Vegetable Traders
Manohar Wagh,7925864148,indrayaniagroind@nexora.in,buy123,Karanja,Washim,Indrayani Agro Industries
Popat Zaware,8765704013,bhairavnathtexti2@nexora.in,buy123,Chikhli,Buldhana,Bhairavnath Textiles Pvt Ltd
Ashok Joshi,6187284517,ashokaforestprod@nexora.in,buy123,Pombhurna,Chandrapur,Ashoka Forest Produce Traders
Nanda Khedkar,8152521507,godavarivalleyoi@nexora.in,buy123,Latur,Latur,Godavari Valley Oil Mills Pvt Ltd
Namdev Suryawanshi,9377413690,prithvirajagrote@nexora.in,buy123,Byculla,Mumbai City,Prithviraj AgroTech Pvt Ltd
Bharat Yadav,6365733105,vithobaagrotechp@nexora.in,buy123,Borivali,Mumbai Suburban,Vithoba AgroTech Pvt Ltd
Madhuri Suryawanshi,7758750380,ektaseedspvtltd@nexora.in,buy123,Jafrabad,Jalna,Ekta Seeds Pvt Ltd
Rajesh Chougule,7418872059,malharguludyog@nexora.in,buy123,Bhudargad,Kolhapur,Malhar Gul Udyog
Tanaji Salunkhe,8629484700,vitthalhaldiudyo@nexora.in,buy123,Mudkhed,Nanded,Vitthal Haldi Udyog
