name,mobile,email,password,taluka,district
Radhika Waghmare,9345465288,radhikawaghmar@nexora.in,farm123,Pathri,Parbhani
Tukaram More,9176261644,tukarammore@nexora.in,farm123,Zari Jamani,Yavatmal
Pooja Bhagat,6772711699,poojabhagat@nexora.in,farm123,Niphad,Nashik
Sachin Hande,7297747219,sachinhande@nexora.in,farm123,Sakoli,Bhandara
Keshav Thorat,7284215610,keshavthorat2@nexora.in,farm123,Shahada,Nandurbar
Yogesh Wagh,8067884406,yogeshwagh@nexora.in,farm123,Nagar,Ahilyanagar (Ahmednagar)
Ramesh Kadam,8008303506,rameshkadam@nexora.in,farm123,Purandhar,Pune
Ajit Adsul,9112222962,ajitadsul@nexora.in,farm123,Chikhli,Buldhana
Vimal Joshi,9097684604,vimaljoshi@nexora.in,farm123,Vaibhavwadi,Sindhudurg
Sunita Kachare,7816119417,sunitakachare@nexora.in,farm123,Kelapur,Yavatmal
Ajit Kachare,7682651487,ajitkachare@nexora.in,farm123,Kurla,Mumbai Suburban
Eknath Gadhave,8887640630,eknathgadhave@nexora.in,farm123,Akola,Akola
Mangesh Thorat,9832367721,mangeshthorat@nexora.in,farm123,Arvi,Wardha
Vishal Pawar,8728987645,vishalpawar@nexora.in,farm123,Mulshi,Pune
Mangesh Ghule,6451379561,mangeshghule@nexora.in,farm123,Gangakhed,Parbhani
Amol Ubhe,7107804480,amolubhe@nexora.in,farm123,Latur,Latur
Anita Vibhute,7740551344,anitavibhute@nexora.in,farm123,Shirol,Kolhapur
Santosh Chavhan,8271801145,santoshchavhan@nexora.in,farm123,Dhanora,Gadchiroli
Jagdish Fadnavis,9376871474,jagdishfadnavi@nexora.in,farm123,Washim,Washim
Bhausaheb Mhaske,6055520228,bhausahebmhask@nexora.in,farm123,Bandra,Mumbai Suburban
Jyoti Vhatkar,6056869323,jyotivhatkar@nexora.in,farm123,Hingna,Nagpur
Ashok Mane,8085654054,ashokmane@nexora.in,farm123,Warora,Chandrapur
Chhaya Vhatkar,8840797692,chhayavhatkar@nexora.in,farm123,Umarga,Dharashiv (Osmanabad)
Anita Fadnavis,6016370786,anitafadnavis2@nexora.in,farm123,Malad,Mumbai Suburban
Shrikant Jare,7807886859,shrikantjare@nexora.in,farm123,Sangole,Solapur
Milind Shinde,9532454185,milindshinde@nexora.in,farm123,Dhanora,Gadchiroli
Ashok Hande,8480871075,ashokhande2@nexora.in,farm123,Chakur,Latur
Rajendra Gawali,9108789326,rajendragawali@nexora.in,farm123,Mukhed,Nanded
Keshav Hiwale,6557073710,keshavhiwale@nexora.in,farm123,Sailu,Parbhani
Kavita Chavan,8398899802,kavitachavan@nexora.in,farm123,Wani,Yavatmal
Milind Randhawa,9909491071,milindrandhawa@nexora.in,farm123,Parel,Mumbai City
Umesh Mhaske,9982906054,umeshmhaske@nexora.in,farm123,Akkalkuwa,Nandurbar
Lata Jagtap,9545821231,latajagtap@nexora.in,farm123,Etapalli,Gadchiroli
Sachin Joshi,9338412715,sachinjoshi@nexora.in,farm123,Wadwani,Beed
Ravindra Rasal,8274142626,ravindrarasal@nexora.in,farm123,Barshitakli,Akola
Sanjay Jagtap,9434158902,sanjayjagtap@nexora.in,farm123,Dhadgaon,Nandurbar
Kavita Vibhute,9457422975,kavitavibhute@nexora.in,farm123,Gangakhed,Parbhani
Anita Ghorpade,8118662733,anitaghorpade@nexora.in,farm123,Sangole,Solapur
Sanjay Kale,7106467104,sanjaykale2@nexora.in,farm123,Indapur,Pune
Dnyaneshwar Kadam,7205245323,dnyaneshwarkad@nexora.in,farm123,Byculla,Mumbai City
Kalpana Lokhande,6039491895,kalpanalokhand@nexora.in,farm123,Sadak-Arjuni,Gondia
Kailas Damle,9223056446,kailasdamle@nexora.in,farm123,Sinnar,Nashik
Ganesh Dhumal,9546815554,ganeshdhumal@nexora.in,farm123,Akole,Ahilyanagar (Ahmednagar)
Kiran Jagtap,7144983178,kiranjagtap@nexora.in,farm123,Colaba,Mumbai City
Yamuna Shinde,6720493315,yamunashinde@nexora.in,farm123,Parel,Mumbai City
Baban Jare,9962012311,babanjare@nexora.in,farm123,Gaganbawada,Kolhapur
Anand Khedkar,7536594551,anandkhedkar@nexora.in,farm123,Partur,Jalna
Shobha Joshi,6061395801,shobhajoshi@nexora.in,farm123,Akot,Akola
Pandurang Fadnavis,6991313700,pandurangfadna@nexora.in,farm123,Kadegaon,Sangli
Jagdish Joshi,9627596563,jagdishjoshi@nexora.in,farm123,Akola,Akola
Namdev Pawar,7043539574,namdevpawar@nexora.in,farm123,Pauni,Bhandara
Sunil Bhosale,6517167609,sunilbhosale@nexora.in,farm123,Vasai,Palghar
Amol Borate,8502097462,amolborate@nexora.in,farm123,Fort,Mumbai City
Ganesh Solanke,7702114432,ganeshsolanke@nexora.in,farm123,Kuhi,Nagpur
Kiran Thorat,9739107296,kiranthorat@nexora.in,farm123,Nandura,Buldhana
Suresh Mane,9846962887,sureshmane@nexora.in,farm123,Mohadi,Bhandara
Bharat Naikwadi,9194586311,bharatnaikwadi@nexora.in,farm123,Shahada,Nandurbar
Vasant Khedkar,6594554500,vasantkhedkar@nexora.in,farm123,Nagpur Urban,Nagpur
Sunanda Deshpande,9619843745,sunandadeshpan@nexora.in,farm123,Patoda,Beed
Sarika Ghorpade,6554577471,sarikaghorpade@nexora.in,farm123,Shahada,Nandurbar
Archana Solanke,7339673477,archanasolanke@nexora.in,farm123,Lanja,Ratnagiri
Madhukar Bansode,8031015054,madhukarbansod2@nexora.in,farm123,Manora,Washim
Madhuri Shinde,7581481808,madhurishinde@nexora.in,farm123,Shrivardhan,Raigad
Anil Jare,8860960227,aniljare@nexora.in,farm123,Khuldabad,Chhatrapati Sambhajinagar (Aurangabad)
Archana Yeole,8081808603,archanayeole@nexora.in,farm123,Indapur,Pune
Anand Fadnavis,7785709132,anandfadnavis@nexora.in,farm123,Lohara,Dharashiv (Osmanabad)
Vandana Salunkhe,7927999003,vandanasalunkh2@nexora.in,farm123,Jawhar,Palghar
Bharat More,7689210605,bharatmore2@nexora.in,farm123,Navapur,Nandurbar
Radhika Gadhave,8652969259,radhikagadhave@nexora.in,farm123,Savner,Nagpur
Krushna Shelke,7455487358,krushnashelke3@nexora.in,farm123,Devgad,Sindhudurg
Neelam Zende,7382885005,neelamzende@nexora.in,farm123,Sindewahi,Chandrapur
Vimal Borate,8599786343,vimalborate@nexora.in,farm123,Shahada,Nandurbar
Jyoti Khedkar,9597130911,jyotikhedkar@nexora.in,farm123,Bandra,Mumbai Suburban
Lata Waghmare,6598205772,latawaghmare@nexora.in,farm123,Dadar,Mumbai City
Rupali Pardeshi,8650297203,rupalipardeshi@nexora.in,farm123,Wadwani,Beed
Swati Shinde,9014260090,swatishinde@nexora.in,farm123,Radhanagari,Kolhapur
Sachin Bhagat,9570332102,sachinbhagat@nexora.in,farm123,Chakur,Latur
Shankar Randhawa,7986400126,shankarrandhaw@nexora.in,farm123,Jalgaon Jamod,Buldhana
Shobha Mane,8969391641,shobhamane@nexora.in,farm123,Yawal,Jalgaon
Suresh Waghmare,8946836462,sureshwaghmare@nexora.in,farm123,Daryapur,Amravati
Vandana Ghule,9052177011,vandanaghule@nexora.in,farm123,Morshi,Amravati
Krushna Landge,9550033542,krushnalandge@nexora.in,farm123,Dhule,Dhule
Keshav Mhaske,8949339809,keshavmhaske@nexora.in,farm123,Risod,Washim
Bhausaheb Rathod,9772370937,bhausahebratho@nexora.in,farm123,Mohadi,Bhandara
Tanaji Nalawade,6893917462,tanajinalawade@nexora.in,farm123,Mangrulpir,Washim
Shobha Dabhade,9554149083,shobhadabhade@nexora.in,farm123,Ghansawangi,Jalna
Vishal Mane,9111766831,vishalmane2@nexora.in,farm123,Aundha Nagnath,Hingoli
Baban Chavhan,9222161207,babanchavhan@nexora.in,farm123,Guhagar,Ratnagiri
Madhuri Ubale,9909205400,madhuriubale@nexora.in,farm123,Mandangad,Ratnagiri
Meera Lokhande,9931986350,meeralokhande@nexora.in,farm123,Sironcha,Gadchiroli
Sunita Mane,9135902033,sunitamane@nexora.in,farm123,Deori,Gondia
Milind Sable,6917226482,milindsable@nexora.in,farm123,Hinganghat,Wardha
Sanjay Chavan,9485114373,sanjaychavan@nexora.in,farm123,Thane,Thane
Bharat Lokhande,7485810405,bharatlokhande@nexora.in,farm123,Gondia,Gondia
Govind Ghule,9676083212,govindghule@nexora.in,farm123,Kudal,Sindhudurg
Dnyaneshwar Ghule,8269413305,dnyaneshwarghu@nexora.in,farm123,Roha,Raigad
Vasant Tupe,7781537133,vasanttupe@nexora.in,farm123,Risod,Washim
Anil Yeole,7127990980,anilyeole@nexora.in,farm123,Sindkhed Raja,Buldhana
Laxman Jadhav,7752583197,laxmanjadhav@nexora.in,farm123,Dharur,Beed
Meera Khedkar,9743603785,meerakhedkar@nexora.in,farm123,Chandurbazar,Amravati
Snehal Gawali,8718738681,snehalgawali@nexora.in,farm123,Miraj,Sangli
Pooja Patil,6415886504,poojapatil@nexora.in,farm123,Malegaon,Washim
Anil Patil,7063541063,anilpatil@nexora.in,farm123,Kamptee,Nagpur
Popat Sable,9677446840,popatsable2@nexora.in,farm123,Navapur,Nandurbar
Sushila Deshmukh,6553665763,sushiladeshmuk@nexora.in,farm123,Panhala,Kolhapur
Anand Zende,9084045107,anandzende@nexora.in,farm123,Jalkot,Latur
Sindhu Waghmare,6153366841,sindhuwaghmare@nexora.in,farm123,Khed,Pune
Krushna Suryawanshi,8060158531,krushnasuryawa@nexora.in,farm123,Arni,Yavatmal
Kamal Ubhe,7214555298,kamalubhe@nexora.in,farm123,Sawantwadi,Sindhudurg
Yogesh More,7561294683,yogeshmore@nexora.in,farm123,Lakhandur,Bhandara
Anand Pardeshi,9764337285,anandpardeshi@nexora.in,farm123,Byculla,Mumbai City
Manisha Wagh,6476832195,manishawagh3@nexora.in,farm123,Himayatnagar,Nanded
Tanaji Deshmukh,6416440893,tanajideshmukh@nexora.in,farm123,Solapur North,Solapur
Shankar Thorat,7204894537,shankarthorat@nexora.in,farm123,Jaoli,Satara
Snehal Kale,6806936068,snehalkale@nexora.in,farm123,Ralegaon,Yavatmal
Rekha Vhatkar,6873333535,rekhavhatkar@nexora.in,farm123,Amravati,Amravati
Rajesh Jadhav,9966554522,rajeshjadhav@nexora.in,farm123,Mahur,Nanded
Sopan Nalawade,6694959430,sopannalawade@nexora.in,farm123,Shegaon,Buldhana
Lata Hande,6376650574,latahande@nexora.in,farm123,Amalner,Jalgaon
Vandana Nikam,9225732952,vandananikam@nexora.in,farm123,Talasari,Palghar
Shankar Fadnavis,9161700936,shankarfadnavi@nexora.in,farm123,Jalgaon Jamod,Buldhana
Bandu Sable,7192258565,bandusable@nexora.in,farm123,Daryapur,Amravati
Meera Waghmare,8710002529,meerawaghmare@nexora.in,farm123,Udgir,Latur
Pandurang Joshi,6278845487,pandurangjoshi@nexora.in,farm123,Hingoli,Hingoli
Manisha Wagh,8211924047,manishawagh2@nexora.in,farm123,Kandhar,Nanded
Raghunath Waghmare,6532756392,raghunathwaghm2@nexora.in,farm123,Maval,Pune
Namdev Bansode,9023843479,namdevbansode@nexora.in,farm123,Byculla,Mumbai City
Zaheer Sathe,8466646349,zaheersathe@nexora.in,farm123,Kalameshwar,Nagpur
Dilip Rathod,6678522155,diliprathod2@nexora.in,farm123,Arni,Yavatmal
Meera Ohol,7634439856,meeraohol@nexora.in,farm123,Haveli,Pune
Sadashiv Bhosale,9177483518,sadashivbhosal@nexora.in,farm123,Malegaon,Nashik
Tukaram Bansode,9303971958,tukarambansode@nexora.in,farm123,Chalisgaon,Jalgaon
Swati Yadav,6490446329,swatiyadav@nexora.in,farm123,Majalgaon,Beed
Swati Takawale,6741506215,swatitakawale@nexora.in,farm123,Dharni,Amravati
Yamuna Patil,8961233066,yamunapatil@nexora.in,farm123,Vaibhavwadi,Sindhudurg
Sindhu Ubhe,7224445817,sindhuubhe@nexora.in,farm123,Shrirampur,Ahilyanagar (Ahmednagar)
Nitin Pawar,7977872433,nitinpawar2@nexora.in,farm123,Deori,Gondia
Raghunath Kale,7385589741,raghunathkale@nexora.in,farm123,Sindewahi,Chandrapur
Ishwar Kulkarni,8241034586,ishwarkulkarni@nexora.in,farm123,Dindori,Nashik
Umesh Takawale,7783981700,umeshtakawale@nexora.in,farm123,Sonpeth,Parbhani
Raghunath Ubhe,6915609258,raghunathubhe@nexora.in,farm123,Bandra,Mumbai Suburban
Rajendra Joshi,6363346188,rajendrajoshi@nexora.in,farm123,Samudrapur,Wardha
Seema Gadhave,8551573518,seemagadhave@nexora.in,farm123,Lakhandur,Bhandara
Dnyaneshwar Deshmukh,9304482877,dnyaneshwardes2@nexora.in,farm123,Bhatkuli,Amravati
Mangal Dhumal,7894299453,mangaldhumal@nexora.in,farm123,Umarkhed,Yavatmal
Bharat Bansode,9065131983,bharatbansode@nexora.in,farm123,Koregaon,Satara
Madhuri Rathod,8564809436,madhurirathod@nexora.in,farm123,Barshi,Solapur
Vasudev Kachare,6225510501,vasudevkachare@nexora.in,farm123,Chandrapur,Chandrapur
Yogesh Rane,8579866013,yogeshrane@nexora.in,farm123,Parbhani,Parbhani
Milind Borate,9782189226,milindborate@nexora.in,farm123,Saoli,Chandrapur
Ravindra Chougule,7951161516,ravindrachougu@nexora.in,farm123,Hatkanangale,Kolhapur
Tukaram Ohol,9990644543,tukaramohol@nexora.in,farm123,Byculla,Mumbai City
Shobha Jadhav,8209004869,shobhajadhav@nexora.in,farm123,Dodamarg,Sindhudurg
Shrikant Solanke,6366770698,shrikantsolank@nexora.in,farm123,Solapur South,Solapur
Balasaheb Ubhe,6843334339,balasahebubhe@nexora.in,farm123,Osmanabad,Dharashiv (Osmanabad)
Pandurang Tupe,6107369983,pandurangtupe@nexora.in,farm123,Kavathemahankal,Sangli
Kamal Sathe,8233543033,kamalsathe@nexora.in,farm123,Chandur,Amravati
Prakash Tupe,8403310453,prakashtupe@nexora.in,farm123,Malkapur,Buldhana
Vishal Kulkarni,8709376669,vishalkulkarni@nexora.in,farm123,Renapur,Latur
Hanumant Hiwale,6027510942,hanumanthiwale@nexora.in,farm123,Bhudargad,Kolhapur
Ajit Bhosale,7341354370,ajitbhosale@nexora.in,farm123,Pombhurna,Chandrapur
Anil Salunkhe,8903754776,anilsalunkhe@nexora.in,farm123,Tiosa,Amravati
Shivaji Naikwadi,8372135081,shivajinaikwad@nexora.in,farm123,Kavathemahankal,Sangli
Nanda Wagh,8528898041,nandawagh@nexora.in,farm123,Fort,Mumbai City
Vandana Joshi,7699270581,vandanajoshi@nexora.in,farm123,Warora,Chandrapur
Rajesh Chougule,9193281568,rajeshchougule@nexora.in,farm123,Vasai,Palghar
Eknath Sable,8239570986,eknathsable@nexora.in,farm123,Ulhasnagar,Thane
Shobha Shelke,7771679432,shobhashelke@nexora.in,farm123,Mantha,Jalna
Mangal Zende,9226593553,mangalzende@nexora.in,farm123,Etapalli,Gadchiroli
Shobha Chougule,6906222972,shobhachougule@nexora.in,farm123,Patan,Satara
Vimal Borate,7672036458,vimalborate2@nexora.in,farm123,Barshi,Solapur
Shrikant Deshpande,7647438960,shrikantdeshpa@nexora.in,farm123,Bhokardan,Jalna
Madhukar Mane,9328983401,madhukarmane@nexora.in,farm123,Barshitakli,Akola
Yamuna More,6446639493,yamunamore@nexora.in,farm123,Borivali,Mumbai Suburban
Prakash Jadhav,7078965719,prakashjadhav@nexora.in,farm123,Parola,Jalgaon
Snehal More,6515588166,snehalmore@nexora.in,farm123,Dhule,Dhule
Sarika Chougule,6252746727,sarikachougule@nexora.in,farm123,Umri,Nanded
Prashant Yeole,6345897989,prashantyeole@nexora.in,farm123,Akkalkuwa,Nandurbar
Vimal Zende,7085704422,vimalzende@nexora.in,farm123,Babhulgaon,Yavatmal
Ganesh Salunkhe,9890778866,ganeshsalunkhe@nexora.in,farm123,Murud,Raigad
Radhika Rane,8653524755,radhikarane@nexora.in,farm123,Udgir,Latur
Govind Suryawanshi,8309056101,govindsuryawan@nexora.in,farm123,Raver,Jalgaon
Gopichand Pawar,6830162844,gopichandpawar@nexora.in,farm123,Solapur South,Solapur
Sunanda Nikam,8409473781,sunandanikam@nexora.in,farm123,Dadar,Mumbai City
Dilip Hande,9785176296,diliphande@nexora.in,farm123,Murud,Raigad
Suresh Chavan,9605299921,sureshchavan@nexora.in,farm123,Ralegaon,Yavatmal
Bharat Jadhav,9413631521,bharatjadhav2@nexora.in,farm123,Karjat,Raigad
Anand Mhaske,9298208240,anandmhaske2@nexora.in,farm123,Phaltan,Satara
Maruti Waghmare,8064709519,marutiwaghmare@nexora.in,farm123,Rahata,Ahilyanagar (Ahmednagar)
Ramchandra Suryawanshi,7081970184,ramchandrasury2@nexora.in,farm123,Deori,Gondia
Usha Chougule,8882092242,ushachougule@nexora.in,farm123,Peth,Nashik
Ishwar Gawali,6617951799,ishwargawali2@nexora.in,farm123,Pauni,Bhandara
Vijay Deshpande,9869477161,vijaydeshpande2@nexora.in,farm123,Purna,Parbhani
Swati Hande,9740302548,swatihande@nexora.in,farm123,Bandra,Mumbai Suburban
Bandu Wagh,7795944270,banduwagh@nexora.in,farm123,Dahanu,Palghar
Laxman Patil,6505304370,laxmanpatil@nexora.in,farm123,Tuljapur,Dharashiv (Osmanabad)
Sanjay Jagtap,7668881434,sanjayjagtap2@nexora.in,farm123,Sengaon,Hingoli
Ramesh Zaware,7391165213,rameshzaware@nexora.in,farm123,Mukhed,Nanded
Vishal Chavan,6792052935,vishalchavan@nexora.in,farm123,Tuljapur,Dharashiv (Osmanabad)
Prakash Jare,7444864373,prakashjare@nexora.in,farm123,Narkhed,Nagpur
Lata Pardeshi,7253835070,latapardeshi@nexora.in,farm123,Yawal,Jalgaon
Swati Wagh,8171017136,swatiwagh@nexora.in,farm123,Rahuri,Ahilyanagar (Ahmednagar)
Arun Naikwadi,7370561467,arunnaikwadi@nexora.in,farm123,Karanja,Washim
Chandrakant Vibhute,7085242532,chandrakantvib@nexora.in,farm123,Sonpeth,Parbhani
Shrikant Waghmare,7195388588,shrikantwaghma@nexora.in,farm123,Ausa,Latur
Sadashiv Sathe,8922644338,sadashivsathe@nexora.in,farm123,Wardha,Wardha
Rajesh Nalawade,9659153710,rajeshnalawade@nexora.in,farm123,Seloo,Wardha
Eknath Ubhe,7534111725,eknathubhe@nexora.in,farm123,Kelapur,Yavatmal
Vandana Chavan,6677105197,vandanachavan2@nexora.in,farm123,Vaibhavwadi,Sindhudurg
Dattatray Adsul,8077296794,dattatrayadsul@nexora.in,farm123,Jafrabad,Jalna
Zaheer Jagtap,7128508669,zaheerjagtap@nexora.in,farm123,Borivali,Mumbai Suburban
Kalpana Ghorpade,6914535518,kalpanaghorpad@nexora.in,farm123,Bhor,Pune
Radhika Ghadge,8683163786,radhikaghadge@nexora.in,farm123,Baramati,Pune
Jyoti Rasal,9270092311,jyotirasal@nexora.in,farm123,Mahur,Nanded
Vinod Jare,8781498814,vinodjare@nexora.in,farm123,Jintur,Parbhani
Ajit Gadhave,8947469056,ajitgadhave@nexora.in,farm123,Osmanabad,Dharashiv (Osmanabad)
Chandrakant Chavhan,8674930545,chandrakantcha@nexora.in,farm123,Dhule,Dhule
Kailas Ubale,7098958852,kailasubale@nexora.in,farm123,Hinganghat,Wardha
Gopal Patil,7955621687,gopalpatil@nexora.in,farm123,Deoli,Wardha
Madhuri Suryawanshi,6265847332,madhurisuryawa@nexora.in,farm123,Sindkheda,Dhule
Raghunath Joshi,6173599671,raghunathjoshi@nexora.in,farm123,Junnar,Pune
Anil Yeole,8762602397,anilyeole2@nexora.in,farm123,Karanja,Washim
Rekha Jadhav,7457250157,rekhajadhav@nexora.in,farm123,Mohol,Solapur
Rajendra Powar,7040699409,rajendrapowar@nexora.in,farm123,Malkapur,Buldhana
Ganesh Yeole,9706021854,ganeshyeole@nexora.in,farm123,Zari Jamani,Yavatmal
Baban Fadnavis,9465450207,babanfadnavis@nexora.in,farm123,Biloli,Nanded
Vinod Jadhav,6540338015,vinodjadhav@nexora.in,farm123,Khed,Pune
Bandu Yadav,8326930462,banduyadav2@nexora.in,farm123,Shirala,Sangli
Dattatray Gawali,6701743403,dattatraygawal@nexora.in,farm123,Etapalli,Gadchiroli
Anil Mhaske,9964563555,anilmhaske@nexora.in,farm123,Borivali,Mumbai Suburban
Anita Patil,9649602181,anitapatil2@nexora.in,farm123,Umred,Nagpur
Zaheer Lokhande,6494450287,zaheerlokhande@nexora.in,farm123,Kagal,Kolhapur
Shrikant Nalawade,9410018488,shrikantnalawa@nexora.in,farm123,Chiplun,Ratnagiri
Sunita Kadam,7569366229,sunitakadam@nexora.in,farm123,Sawantwadi,Sindhudurg
Gopichand Lokhande,8710484882,gopichandlokha@nexora.in,farm123,Panhala,Kolhapur
Rajendra Naikwadi,8769338503,rajendranaikwa@nexora.in,farm123,Walwa,Sangli
Kamal Pawar,7644010541,kamalpawar@nexora.in,farm123,Colaba,Mumbai City
Deepak Vibhute,6318834983,deepakvibhute@nexora.in,farm123,Mul,Chandrapur
Baburao Adsul,6380495104,baburaoadsul2@nexora.in,farm123,Jafrabad,Jalna
Shivaji Satpute,8866118589,shivajisatpute@nexora.in,farm123,Aundha Nagnath,Hingoli
Gopichand Ubhe,7789912929,gopichandubhe2@nexora.in,farm123,Ashti,Wardha
Uttam Naikwadi,8424607304,uttamnaikwadi2@nexora.in,farm123,Deori,Gondia
Sanjay Bhosale,9252667625,sanjaybhosale@nexora.in,farm123,Bandra,Mumbai Suburban
Ashok Rasal,8358822795,ashokrasal@nexora.in,farm123,Uran,Raigad
Yogesh Solanke,6444019810,yogeshsolanke@nexora.in,farm123,Paithan,Chhatrapati Sambhajinagar (Aurangabad)
Rekha Hiwale,9744236444,rekhahiwale@nexora.in,farm123,Akkalkot,Solapur
Prakash Bhandare,8090062687,prakashbhandar@nexora.in,farm123,Hingoli,Hingoli
Ramchandra Pawar,9499163239,ramchandrapawa@nexora.in,farm123,Hinganghat,Wardha
Rekha Wagh,9113380133,rekhawagh@nexora.in,farm123,Dahanu,Palghar
Snehal Bhandare,6578015346,snehalbhandare@nexora.in,farm123,Manwath,Parbhani
Anil Bansode,7823829102,anilbansode@nexora.in,farm123,Dadar,Mumbai City
Kiran Joshi,6060753177,kiranjoshi@nexora.in,farm123,Deglur,Nanded
Shankar Joshi,8422851836,shankarjoshi@nexora.in,farm123,Kopargaon,Ahilyanagar (Ahmednagar)
Rekha Mane,7757483874,rekhamane@nexora.in,farm123,Navapur,Nandurbar
Vasant Naikwadi,8965446810,vasantnaikwadi2@nexora.in,farm123,Colaba,Mumbai City
Baban Jadhav,8000139844,babanjadhav@nexora.in,farm123,Mahad,Raigad
Vasudev Mane,6522460869,vasudevmane@nexora.in,farm123,Mangaon,Raigad
Anil Jadhav,7617649442,aniljadhav@nexora.in,farm123,Malad,Mumbai Suburban
Zaheer Ghule,7804581654,zaheerghule2@nexora.in,farm123,Rajapur,Ratnagiri
Rajesh Sable,8677270848,rajeshsable@nexora.in,farm123,Kalameshwar,Nagpur
Sadashiv Powar,8168769656,sadashivpowar@nexora.in,farm123,Sinnar,Nashik
Rajesh Ubhe,7098759877,rajeshubhe@nexora.in,farm123,Bhudargad,Kolhapur
Sindhu Sable,9435111987,sindhusable@nexora.in,farm123,Kalwan,Nashik
Maruti Jare,7838311712,marutijare@nexora.in,farm123,Ambad,Jalna
Rupali Jare,6665516155,rupalijare@nexora.in,farm123,Loha,Nanded
Shivaji Chavan,8248133354,shivajichavan@nexora.in,farm123,Sindewahi,Chandrapur
Manisha Salunkhe,9139886393,manishasalunkh2@nexora.in,farm123,Mukhed,Nanded
Tanaji Dabhade,9532233988,tanajidabhade@nexora.in,farm123,Lohara,Dharashiv (Osmanabad)
Dnyaneshwar Yadav,8835488184,dnyaneshwaryad2@nexora.in,farm123,Borivali,Mumbai Suburban
Keshav Vibhute,8297421438,keshavvibhute2@nexora.in,farm123,Mangrulpir,Washim
Neelam Ghadge,6225637253,neelamghadge@nexora.in,farm123,Narkhed,Nagpur
Santosh Suryawanshi,9355443610,santoshsuryawa@nexora.in,farm123,Palam,Parbhani
Madhukar Kale,9546719189,madhukarkale@nexora.in,farm123,Indapur,Pune
Kavita Chavan,7654256516,kavitachavan2@nexora.in,farm123,Sangameshwar,Ratnagiri
Balasaheb Ubale,8696014473,balasahebubale@nexora.in,farm123,Arni,Yavatmal
Pooja Randhawa,9346480774,poojarandhawa@nexora.in,farm123,Fort,Mumbai City
Gopichand Kulkarni,7950501035,gopichandkulka@nexora.in,farm123,Nilanga,Latur
Bapurao Dhumal,6544960341,bapuraodhumal2@nexora.in,farm123,Vaijapur,Chhatrapati Sambhajinagar (Aurangabad)
Vasudev Thorat,9030774583,vasudevthorat@nexora.in,farm123,Mouda,Nagpur
Sushila Tupe,9526887017,sushilatupe@nexora.in,farm123,Bramhapuri,Chandrapur
Vinod Mahajan,8289462495,vinodmahajan@nexora.in,farm123,Gadchiroli,Gadchiroli
Laxman Joshi,7719210582,laxmanjoshi3@nexora.in,farm123,Madha,Solapur
Dilip Thorat,8973490055,dilipthorat@nexora.in,farm123,Karjat,Raigad
Tukaram Fadnavis,6228337915,tukaramfadnavi@nexora.in,farm123,Khed,Pune
Ramesh Hande,8870384971,rameshhande2@nexora.in,farm123,Mangaon,Raigad
Sunita Ubale,9642964927,sunitaubale@nexora.in,farm123,Guhagar,Ratnagiri
Hanumant Borate,6265083346,hanumantborate@nexora.in,farm123,Maan,Satara
Ravindra Ghule,8355447014,ravindraghule@nexora.in,farm123,Bhusawal,Jalgaon
Sunita Bhosale,8626047913,sunitabhosale2@nexora.in,farm123,Lohara,Dharashiv (Osmanabad)
Manisha Wagh,8731500595,manishawagh@nexora.in,farm123,Hingoli,Hingoli
Ashok Chavhan,9042108457,ashokchavhan@nexora.in,farm123,Aurangabad,Chhatrapati Sambhajinagar (Aurangabad)
Anand Damle,8104726622,ananddamle@nexora.in,farm123,Ambad,Jalna
Seema Ghadge,7584751601,seemaghadge@nexora.in,farm123,Jiwati,Chandrapur
Madhukar Randhawa,9453346841,madhukarrandha2@nexora.in,farm123,Manora,Washim
Milind Landge,6734477086,milindlandge@nexora.in,farm123,Arvi,Wardha
Shrikant Jagtap,9177485797,shrikantjagtap@nexora.in,farm123,Gadhinglaj,Kolhapur
Vithal Landge,7982648728,vithallandge@nexora.in,farm123,Mohadi,Bhandara
Snehal Rane,8361055066,snehalrane@nexora.in,farm123,Gadhinglaj,Kolhapur
Namdev Nalawade,9964248471,namdevnalawade@nexora.in,farm123,Lakhani,Bhandara
Bandu Pawar,9392112628,bandupawar2@nexora.in,farm123,Karmala,Solapur
Ajit Vibhute,8109516295,ajitvibhute@nexora.in,farm123,Mulchera,Gadchiroli
Ravindra Joshi,9151930893,ravindrajoshi2@nexora.in,farm123,Tumsar,Bhandara
Arun Gawali,9879858112,arungawali@nexora.in,farm123,Thane,Thane
Usha Gadhave,7047619235,ushagadhave@nexora.in,farm123,Ardhapur,Nanded
Shivaji Kulkarni,6097735061,shivajikulkarn2@nexora.in,farm123,Nandura,Buldhana
Narayan Yadav,7664361009,narayanyadav@nexora.in,farm123,Indapur,Pune
Suresh Kale,8771909164,sureshkale@nexora.in,farm123,Pauni,Bhandara
Tanaji Yeole,8088047589,tanajiyeole@nexora.in,farm123,Palam,Parbhani
Usha Ghorpade,9058753226,ushaghorpade@nexora.in,farm123,Junnar,Pune
Yogesh Powar,6977744109,yogeshpowar2@nexora.in,farm123,Hinganghat,Wardha
Yamuna Ghadge,7999453299,yamunaghadge@nexora.in,farm123,Yavatmal,Yavatmal
Dnyaneshwar Yeole,8956931378,dnyaneshwaryeo@nexora.in,farm123,Patur,Akola
Pravin Chougule,9893595340,pravinchougule@nexora.in,farm123,Dharni,Amravati
Sanjay Holkar,6221065483,sanjayholkar@nexora.in,farm123,Pauni,Bhandara
Govind Bhagat,6503744738,govindbhagat@nexora.in,farm123,Vasai,Palghar
Gopal Pardeshi,9979292950,gopalpardeshi@nexora.in,farm123,Balapur,Akola
Madhukar Takawale,9927064169,madhukartakawa@nexora.in,farm123,Rahata,Ahilyanagar (Ahmednagar)
Gopichand Zende,6195132440,gopichandzende@nexora.in,farm123,Balapur,Akola
Gopichand Holkar,8427052484,gopichandholka@nexora.in,farm123,Beed,Beed
Bhausaheb Borate,9666381853,bhausahebborat@nexora.in,farm123,Lohara,Dharashiv (Osmanabad)
Pravin Wagh,8900081882,pravinwagh2@nexora.in,farm123,Renapur,Latur
Anand Shelke,9521428150,anandshelke@nexora.in,farm123,Bhadgaon,Jalgaon
Rahul Ohol,7244614730,rahulohol@nexora.in,farm123,Vada,Palghar
Ashok Kulkarni,6524532800,ashokkulkarni2@nexora.in,farm123,Dharur,Beed
Popat Shinde,8587806754,popatshinde@nexora.in,farm123,Murtajapur,Akola
Krushna Shelke,7375383060,krushnashelke2@nexora.in,farm123,Washim,Washim
Vishal Randhawa,7292764596,vishalrandhawa@nexora.in,farm123,Rahuri,Ahilyanagar (Ahmednagar)
Shankar Kadam,8231294322,shankarkadam@nexora.in,farm123,Sengaon,Hingoli
Ashok Dhumal,6570660431,ashokdhumal@nexora.in,farm123,Malkapur,Buldhana
Laxman Holkar,7377515418,laxmanholkar@nexora.in,farm123,Dhanora,Gadchiroli
Vishal Mane,9193246147,vishalmane@nexora.in,farm123,Kopargaon,Ahilyanagar (Ahmednagar)
Kamal Kulkarni,9996250724,kamalkulkarni@nexora.in,farm123,Khanapur,Sangli
Madhukar Kachare,8535099137,madhukarkachar@nexora.in,farm123,Aurangabad,Chhatrapati Sambhajinagar (Aurangabad)
Ganesh Bhandare,6723544568,ganeshbhandare@nexora.in,farm123,Igatpuri,Nashik
Laxman Solanke,6733910311,laxmansolanke@nexora.in,farm123,Sengaon,Hingoli
Jagdish Patil,7345565664,jagdishpatil@nexora.in,farm123,Mehkar,Buldhana
Ishwar Ghadge,6995574958,ishwarghadge@nexora.in,farm123,Ballarpur,Chandrapur
Balasaheb Kadam,6946221710,balasahebkadam2@nexora.in,farm123,Shirpur,Dhule
Pooja Ubale,8554474518,poojaubale@nexora.in,farm123,Babhulgaon,Yavatmal
Umesh Chavhan,7954000418,umeshchavhan@nexora.in,farm123,Loha,Nanded
Anil Bhosale,6484163551,anilbhosale@nexora.in,farm123,Seloo,Wardha
Yamuna Yadav,7901443957,yamunayadav@nexora.in,farm123,Mhasala,Raigad
Pushpa Chougule,7452968708,pushpachougule@nexora.in,farm123,Manora,Washim
Prakash Shelke,6380288087,prakashshelke@nexora.in,farm123,Gondpimpri,Chandrapur
Nanda Mhaske,6549694785,nandamhaske@nexora.in,farm123,Karad,Satara
Rekha Ghule,8262379581,rekhaghule@nexora.in,farm123,Akole,Ahilyanagar (Ahmednagar)
Kiran Khedkar,6434721557,kirankhedkar@nexora.in,farm123,Malkapur,Buldhana
Mangal Rasal,7128831950,mangalrasal2@nexora.in,farm123,Kavathemahankal,Sangli
Yogesh Bhagat,6849195502,yogeshbhagat@nexora.in,farm123,Shegaon,Buldhana
Vandana Waghmare,9643887553,vandanawaghmar@nexora.in,farm123,Sailu,Parbhani
Tukaram Fadnavis,6163311721,tukaramfadnavi2@nexora.in,farm123,Karjat,Ahilyanagar (Ahmednagar)
Sanjay Mahajan,6164518120,sanjaymahajan@nexora.in,farm123,Balapur,Akola
Balasaheb Joshi,8955032717,balasahebjoshi@nexora.in,farm123,Shirur Anantpal,Latur
Madhuri Bansode,7221681834,madhuribansode@nexora.in,farm123,Borivali,Mumbai Suburban
Krushna Yadav,6800476472,krushnayadav@nexora.in,farm123,Chamorshi,Gadchiroli
Shobha Ghorpade,8943201835,shobhaghorpade@nexora.in,farm123,Dindori,Nashik
Ishwar Kadam,8128555062,ishwarkadam@nexora.in,farm123,Kaij,Beed
Sunita Bhosale,6640739339,sunitabhosale3@nexora.in,farm123,Deola,Nashik
Rekha Fadnavis,8354718553,rekhafadnavis@nexora.in,farm123,Tiosa,Amravati
Pooja Bansode,7700159429,poojabansode@nexora.in,farm123,Nandurbar,Nandurbar
Bapurao Thorat,6700007805,bapuraothorat@nexora.in,farm123,Umarkhed,Yavatmal
Chhaya Randhawa,7422763271,chhayarandhawa@nexora.in,farm123,Sakri,Dhule
Vasudev Wagh,8830177951,vasudevwagh@nexora.in,farm123,Ambajogai,Beed
Anita Nikam,9099327106,anitanikam@nexora.in,farm123,Pune City,Pune
Pandurang Sable,9709000017,pandurangsable2@nexora.in,farm123,Tuljapur,Dharashiv (Osmanabad)
Anand Kachare,6377690294,anandkachare@nexora.in,farm123,Arjuni-Morgaon,Gondia
Anand Thorat,7493612426,anandthorat@nexora.in,farm123,Shirur Anantpal,Latur
Gopichand Bhagat,8077206179,gopichandbhaga@nexora.in,farm123,Igatpuri,Nashik
Ashok Sathe,6624764084,ashoksathe@nexora.in,farm123,Kudal,Sindhudurg
Madhuri Rane,9977983397,madhurirane@nexora.in,farm123,Latur,Latur
Ravindra Chougule,9515176071,ravindrachougu2@nexora.in,farm123,Deori,Gondia
Sopan Ohol,6763391158,sopanohol@nexora.in,farm123,Gangakhed,Parbhani
Sadashiv Tupe,8123697733,sadashivtupe@nexora.in,farm123,Borivali,Mumbai Suburban
Ravi Chavhan,9803174925,ravichavhan@nexora.in,farm123,Mangrulpir,Washim
Lata Mhaske,7545870911,latamhaske@nexora.in,farm123,Deola,Nashik
Chhaya Ghule,9939673778,chhayaghule@nexora.in,farm123,Khed,Ratnagiri
Santosh Lokhande,7832773058,santoshlokhand@nexora.in,farm123,Bhiwandi,Thane
Tukaram Lokhande,6327328412,tukaramlokhand@nexora.in,farm123,Nanded,Nanded
Nitin Pawar,9480050079,nitinpawar@nexora.in,farm123,Sangameshwar,Ratnagiri
Bhausaheb Holkar,8225725318,bhausahebholka3@nexora.in,farm123,Daund,Pune
Sindhu Ghule,7595478987,sindhughule2@nexora.in,farm123,Aundha Nagnath,Hingoli
Gopichand Yadav,9522051010,gopichandyadav@nexora.in,farm123,Madha,Solapur
Yogesh Deshpande,7974012372,yogeshdeshpand2@nexora.in,farm123,Beed,Beed
Raghunath Adsul,9288959875,raghunathadsul2@nexora.in,farm123,Poladpur,Raigad
Balasaheb Hande,6811580746,balasahebhande2@nexora.in,farm123,Darwha,Yavatmal
Narayan Rasal,7007682575,narayanrasal@nexora.in,farm123,Akole,Ahilyanagar (Ahmednagar)
Kavita Mane,7464536640,kavitamane@nexora.in,farm123,Nandgaon,Nashik
Amol Randhawa,8210698828,amolrandhawa@nexora.in,farm123,Malwan,Sindhudurg
Lata Bansode,7576572660,latabansode@nexora.in,farm123,Vaijapur,Chhatrapati Sambhajinagar (Aurangabad)
Ajit Takawale,7829395668,ajittakawale@nexora.in,farm123,Etapalli,Gadchiroli
Shrikant Jare,7548523832,shrikantjare3@nexora.in,farm123,Vikramgad,Palghar
Dnyaneshwar Yadav,9011786542,dnyaneshwaryad3@nexora.in,farm123,Mokhada,Palghar
Zaheer Shinde,8738383798,zaheershinde2@nexora.in,farm123,Jat,Sangli
Mangal Rasal,6111997229,mangalrasal@nexora.in,farm123,Rahata,Ahilyanagar (Ahmednagar)
Hanumant Kachare,7714777626,hanumantkachar@nexora.in,farm123,Jat,Sangli
Ajit Kale,7724087416,ajitkale@nexora.in,farm123,Palus,Sangli
Vasant Adsul,9780615475,vasantadsul@nexora.in,farm123,Aundha Nagnath,Hingoli
Gopal Khedkar,9919540897,gopalkhedkar@nexora.in,farm123,Igatpuri,Nashik
Eknath Gadhave,9723904078,eknathgadhave2@nexora.in,farm123,Lakhandur,Bhandara
Ishwar Kulkarni,6612277673,ishwarkulkarni2@nexora.in,farm123,Shirpur,Dhule
Rajesh Fadnavis,8785064922,rajeshfadnavis@nexora.in,farm123,Mangalvedhe,Solapur
Sindhu Ohol,6509060820,sindhuohol@nexora.in,farm123,Bhatkuli,Amravati
Rekha Pawar,7342156354,rekhapawar@nexora.in,farm123,Armori,Gadchiroli
Krushna Dhumal,9433136798,krushnadhumal@nexora.in,farm123,Chimur,Chandrapur
Kailas Chougule,7532937433,kailaschougule@nexora.in,farm123,Ambegaon,Pune
Uttam Holkar,9416089425,uttamholkar@nexora.in,farm123,Jamner,Jalgaon
Raghunath Deshpande,9236993586,raghunathdeshp@nexora.in,farm123,Hinganghat,Wardha
Santosh Dabhade,6257715255,santoshdabhade@nexora.in,farm123,Deglur,Nanded
Ishwar Waghmare,7654354018,ishwarwaghmare@nexora.in,farm123,Chandur,Amravati
Sunita Patil,9933551027,sunitapatil@nexora.in,farm123,Ambegaon,Pune
Kalpana Ohol,7056878086,kalpanaohol@nexora.in,farm123,Ballarpur,Chandrapur
Madhukar Holkar,6833374893,madhukarholkar@nexora.in,farm123,Sengaon,Hingoli
Usha Lokhande,9160890195,ushalokhande2@nexora.in,farm123,Radhanagari,Kolhapur
Anita Hiwale,6985278610,anitahiwale@nexora.in,farm123,Umred,Nagpur
Rahul Rane,9297846920,rahulrane@nexora.in,farm123,Parel,Mumbai City
Bandu Solanke,8254401128,bandusolanke@nexora.in,farm123,Mhasala,Raigad
Prashant Fadnavis,6455688427,prashantfadnav@nexora.in,farm123,Nagbhid,Chandrapur
Prakash Kachare,6536330740,prakashkachare@nexora.in,farm123,Akole,Ahilyanagar (Ahmednagar)
Suresh Takawale,9856046494,sureshtakawale@nexora.in,farm123,Gondpimpri,Chandrapur
Raghunath Chavan,6648444949,raghunathchava@nexora.in,farm123,Vaibhavwadi,Sindhudurg
Amol Bhosale,6903629786,amolbhosale@nexora.in,farm123,Kadegaon,Sangli
Usha Rane,9319243393,usharane@nexora.in,farm123,Nevasa,Ahilyanagar (Ahmednagar)
Chhaya Deshpande,8661644152,chhayadeshpand@nexora.in,farm123,Karmala,Solapur
Nitin Ghule,8061483671,nitinghule@nexora.in,farm123,Digras,Yavatmal
Vijay Dabhade,9384550849,vijaydabhade@nexora.in,farm123,Kinwat,Nanded
Hanumant Vibhute,7326520517,hanumantvibhut@nexora.in,farm123,Vikramgad,Palghar
Amol Dabhade,9622053745,amoldabhade@nexora.in,farm123,Risod,Washim
Rajendra Jare,7024422732,rajendrajare@nexora.in,farm123,Barshitakli,Akola
Rupali Kadam,7421895541,rupalikadam@nexora.in,farm123,Maregaon,Yavatmal
Sushila Powar,6219473868,sushilapowar@nexora.in,farm123,Narkhed,Nagpur
Vijay Kulkarni,9443370693,vijaykulkarni3@nexora.in,farm123,Biloli,Nanded
Anand Lokhande,6048514603,anandlokhande@nexora.in,farm123,Bandra,Mumbai Suburban
Madhuri Adsul,7511674753,madhuriadsul@nexora.in,farm123,Dhamangaon,Amravati
Uttam Ghule,9360110576,uttamghule@nexora.in,farm123,Ambajogai,Beed
Baban Deshmukh,7471107531,babandeshmukh@nexora.in,farm123,Dahanu,Palghar
Dnyaneshwar Shinde,6854059814,dnyaneshwarshi@nexora.in,farm123,Karmala,Solapur
Yogesh Kachare,9496883490,yogeshkachare@nexora.in,farm123,Kalamnuri,Hingoli
Neelam Mahajan,6334985482,neelammahajan@nexora.in,farm123,Dahanu,Palghar
Narayan Bhosale,7525983355,narayanbhosale@nexora.in,farm123,Ghansawangi,Jalna
Mangesh Thorat,9262926301,mangeshthorat2@nexora.in,farm123,Mul,Chandrapur
Umesh Kulkarni,7130373425,umeshkulkarni@nexora.in,farm123,Tiosa,Amravati
Yogesh Satpute,8505307232,yogeshsatpute2@nexora.in,farm123,Maan,Satara
Santosh Jagtap,8012644496,santoshjagtap@nexora.in,farm123,Ausa,Latur
Sadashiv Chavhan,8760865307,sadashivchavha@nexora.in,farm123,Bhiwandi,Thane
Usha Zende,9495784384,ushazende@nexora.in,farm123,Mahabaleshwar,Satara
Shobha Yeole,8594094699,shobhayeole@nexora.in,farm123,Chamorshi,Gadchiroli
Dilip Ubhe,9395528090,dilipubhe@nexora.in,farm123,Deulgaon Raja,Buldhana
Umesh Yadav,9599061419,umeshyadav@nexora.in,farm123,Atpadi,Sangli
Uttam Vibhute,8925405021,uttamvibhute@nexora.in,farm123,Palam,Parbhani
Vithal Deshmukh,9510168287,vithaldeshmukh@nexora.in,farm123,Sindkheda,Dhule
Shrikant Wagh,8087746311,shrikantwagh@nexora.in,farm123,Chikhaldara,Amravati
Radhika Sable,7208318246,radhikasable@nexora.in,farm123,Savner,Nagpur
Milind Kachare,6089592409,milindkachare@nexora.in,farm123,Kinwat,Nanded
Anand Dabhade,6738530749,ananddabhade@nexora.in,farm123,Vikramgad,Palghar
Madhuri Jagtap,7326849909,madhurijagtap@nexora.in,farm123,Shegaon,Buldhana
Manohar Dabhade,6281519348,manohardabhade@nexora.in,farm123,Hingoli,Hingoli
Ashok Ghadge,8087020595,ashokghadge@nexora.in,farm123,Ambad,Jalna
Rupali Hiwale,8700123265,rupalihiwale@nexora.in,farm123,Wai,Satara
Anita Bansode,6862059158,anitabansode@nexora.in,farm123,Barshi,Solapur
Dattatray Sathe,7631073383,dattatraysathe@nexora.in,farm123,Aundha Nagnath,Hingoli
Vijay Mane,7269343119,vijaymane@nexora.in,farm123,Khuldabad,Chhatrapati Sambhajinagar (Aurangabad)
Ganesh Waghmare,6603496673,ganeshwaghmare@nexora.in,farm123,Panvel,Raigad
Dattatray Gadhave,8189042438,dattatraygadha@nexora.in,farm123,Madha,Solapur
Sunita Shelke,6544242572,sunitashelke@nexora.in,farm123,Tiosa,Amravati
Dilip Deshpande,8250347610,dilipdeshpande@nexora.in,farm123,Amgaon,Gondia
Neelam Bhosale,7865277061,neelambhosale2@nexora.in,farm123,Majalgaon,Beed
Prashant Takawale,8805255218,prashanttakawa@nexora.in,farm123,Fort,Mumbai City
Raghunath Bansode,8653513269,raghunathbanso@nexora.in,farm123,Gondia,Gondia
Swati Shelke,7912716558,swatishelke@nexora.in,farm123,Dapoli,Ratnagiri
Ishwar Rane,9581348557,ishwarrane@nexora.in,farm123,Karanja,Washim
Keshav Chougule,7887948162,keshavchougule@nexora.in,farm123,Velhe,Pune
Govind Chavan,6166361406,govindchavan@nexora.in,farm123,Wai,Satara
Umesh Landge,8567270118,umeshlandge@nexora.in,farm123,Kalameshwar,Nagpur
Chhaya Mane,6139097084,chhayamane@nexora.in,farm123,Armori,Gadchiroli
Zaheer Shinde,9276782866,zaheershinde@nexora.in,farm123,Jalgaon Jamod,Buldhana
Tanaji Ubale,8815248638,tanajiubale@nexora.in,farm123,Armori,Gadchiroli
Ashok Kulkarni,8631365403,ashokkulkarni@nexora.in,farm123,Latur,Latur
Vijay More,7276554015,vijaymore@nexora.in,farm123,Sangamner,Ahilyanagar (Ahmednagar)
Shankar Satpute,7833946267,shankarsatpute@nexora.in,farm123,Tala,Raigad
Pandurang Landge,9064287277,panduranglandg@nexora.in,farm123,Ambad,Jalna
Chandrakant Salunkhe,6065000310,chandrakantsal@nexora.in,farm123,Lakhandur,Bhandara
Milind Ubale,7728146250,milindubale@nexora.in,farm123,Ashti,Wardha
Rajendra Mahajan,6920303268,rajendramahaja@nexora.in,farm123,Kopargaon,Ahilyanagar (Ahmednagar)
Rajesh Lokhande,9888097244,rajeshlokhande@nexora.in,farm123,Solapur North,Solapur
Madhuri Patil,6181236781,madhuripatil@nexora.in,farm123,Shegaon,Buldhana
Mangesh Ubhe,7094698645,mangeshubhe@nexora.in,farm123,Kudal,Sindhudurg
Vinod Rane,9476750037,vinodrane@nexora.in,farm123,Deoni,Latur
Yashwant Ghule,8684556461,yashwantghule@nexora.in,farm123,Patan,Satara
Arun Hiwale,8382585525,arunhiwale@nexora.in,farm123,Dhadgaon,Nandurbar
Yashwant Satpute,6240419147,yashwantsatput2@nexora.in,farm123,Salekasa,Gondia
Neelam Landge,7856469955,neelamlandge@nexora.in,farm123,Shahada,Nandurbar
Eknath Borate,7522992826,eknathborate@nexora.in,farm123,Ausa,Latur
Shivaji Hiwale,7633853283,shivajihiwale@nexora.in,farm123,Salekasa,Gondia
Umesh Vhatkar,7481394635,umeshvhatkar2@nexora.in,farm123,Sakri,Dhule
Milind Kale,8420292904,milindkale@nexora.in,farm123,Chopda,Jalgaon
Meera Kale,7299782309,meerakale@nexora.in,farm123,Velhe,Pune
Jyoti Chavhan,7131215876,jyotichavhan3@nexora.in,farm123,Patur,Akola
Amol Khedkar,7849399014,amolkhedkar@nexora.in,farm123,Vikramgad,Palghar
Mangal Chougule,9014062623,mangalchougule2@nexora.in,farm123,Chiplun,Ratnagiri
Sunita Bhosale,9929761918,sunitabhosale@nexora.in,farm123,Kurkheda,Gadchiroli
Madhuri More,7017196596,madhurimore@nexora.in,farm123,Sinnar,Nashik
Arun Pawar,8824918586,arunpawar@nexora.in,farm123,Kurla,Mumbai Suburban
Chhaya Jare,9444568384,chhayajare@nexora.in,farm123,Solapur South,Solapur
Jyoti Mhaske,6879624872,jyotimhaske@nexora.in,farm123,Kaij,Beed
Hanumant Bansode,7138171251,hanumantbansod2@nexora.in,farm123,Wardha,Wardha
Yamuna Mahajan,8027121365,yamunamahajan@nexora.in,farm123,Kalamb,Dharashiv (Osmanabad)
Anil Bhosale,9677558693,anilbhosale2@nexora.in,farm123,Pusad,Yavatmal
Vithal Damle,8047741970,vithaldamle@nexora.in,farm123,Salekasa,Gondia
Rekha Dabhade,8703298872,rekhadabhade@nexora.in,farm123,Ambegaon,Pune
Arun Bhosale,7919300471,arunbhosale@nexora.in,farm123,Pen,Raigad
Kavita Vibhute,6001311366,kavitavibhute2@nexora.in,farm123,Mahabaleshwar,Satara
Uttam Rasal,8314234462,uttamrasal@nexora.in,farm123,Hingoli,Hingoli
Vithal Vhatkar,6306475129,vithalvhatkar@nexora.in,farm123,Basmath,Hingoli
Keshav Deshmukh,7333843844,keshavdeshmukh2@nexora.in,farm123,Sengaon,Hingoli
Ravindra Landge,7130740228,ravindralandge@nexora.in,farm123,Nandurbar,Nandurbar
Santosh Kale,9368354263,santoshkale@nexora.in,farm123,Morshi,Amravati
Pushpa Shelke,6349705972,pushpashelke@nexora.in,farm123,Mangrulpir,Washim
Uttam Naikwadi,9724526964,uttamnaikwadi@nexora.in,farm123,Kagal,Kolhapur
Sarika Landge,8085645145,sarikalandge@nexora.in,farm123,Shahada,Nandurbar
Gopichand Vhatkar,9156453262,gopichandvhatk@nexora.in,farm123,Bhamragad,Gadchiroli
Vishal Gawali,9276090772,vishalgawali@nexora.in,farm123,Dapoli,Ratnagiri
Balasaheb Takawale,9313320794,balasahebtakaw@nexora.in,farm123,Parseoni,Nagpur
Milind Hiwale,7726684017,milindhiwale2@nexora.in,farm123,Aheri,Gadchiroli
Govind Jadhav,7027044785,govindjadhav2@nexora.in,farm123,Guhagar,Ratnagiri
Pooja Hiwale,8871502110,poojahiwale@nexora.in,farm123,Devgad,Sindhudurg
Umesh Naikwadi,9776211465,umeshnaikwadi@nexora.in,farm123,Badnapur,Jalna
Baburao Bansode,8738304298,baburaobansode@nexora.in,farm123,Roha,Raigad
Rupali Borate,7240482611,rupaliborate2@nexora.in,farm123,Dindori,Nashik
Kiran Takawale,7151271643,kirantakawale@nexora.in,farm123,Peth,Nashik
Yogesh Kale,9095432792,yogeshkale@nexora.in,farm123,Latur,Latur
Sunil Kadam,9586143314,sunilkadam@nexora.in,farm123,Nagar,Ahilyanagar (Ahmednagar)
Swati Mahajan,9645320388,swatimahajan@nexora.in,farm123,Sudhagad-Pali,Raigad
Radhika Naikwadi,8127634877,radhikanaikwad@nexora.in,farm123,Ashti,Beed
Krushna Mhaske,7443394391,krushnamhaske@nexora.in,farm123,Vikramgad,Palghar
Dnyaneshwar Ghorpade,6451379644,dnyaneshwargho@nexora.in,farm123,Parner,Ahilyanagar (Ahmednagar)
Madhuri Suryawanshi,7541061254,madhurisuryawa2@nexora.in,farm123,Akkalkuwa,Nandurbar
Madhuri Jare,9591283331,madhurijare@nexora.in,farm123,Phulambri,Chhatrapati Sambhajinagar (Aurangabad)
Sopan Zende,6398195586,sopanzende@nexora.in,farm123,Saoli,Chandrapur
Kavita Chavhan,9581012979,kavitachavhan2@nexora.in,farm123,Murtajapur,Akola
Seema Gawali,9253879403,seemagawali@nexora.in,farm123,Kannad,Chhatrapati Sambhajinagar (Aurangabad)
Bapurao Jagtap,7172605867,bapuraojagtap@nexora.in,farm123,Mul,Chandrapur
Nanda Deshpande,8138693537,nandadeshpande@nexora.in,farm123,Bandra,Mumbai Suburban
Anil Yadav,8120783383,anilyadav2@nexora.in,farm123,Sawantwadi,Sindhudurg
Yashwant Wagh,6655185185,yashwantwagh@nexora.in,farm123,Maan,Satara
Arun Jare,7419821366,arunjare@nexora.in,farm123,Barshi,Solapur
Seema Bansode,7110740466,seemabansode@nexora.in,farm123,Karvir,Kolhapur
Jagdish More,6382667590,jagdishmore@nexora.in,farm123,Georai,Beed
Seema Naikwadi,7525967974,seemanaikwadi@nexora.in,farm123,Rajapur,Ratnagiri
Pravin Vhatkar,6259637318,pravinvhatkar@nexora.in,farm123,Peth,Nashik
Lata Rathod,6384092956,latarathod2@nexora.in,farm123,Navapur,Nandurbar
Kiran Thorat,9389845839,kiranthorat2@nexora.in,farm123,Karvir,Kolhapur
Popat Nikam,6867086560,popatnikam@nexora.in,farm123,Pachora,Jalgaon
Vasudev Kale,9340495280,vasudevkale@nexora.in,farm123,Miraj,Sangli
Sarika Kulkarni,6385831418,sarikakulkarni@nexora.in,farm123,Jaoli,Satara
Eknath Thorat,8633031145,eknaththorat@nexora.in,farm123,Parner,Ahilyanagar (Ahmednagar)
Narayan Hande,6572847298,narayanhande@nexora.in,farm123,Tasgaon,Sangli
Ravindra Joshi,9115495981,ravindrajoshi@nexora.in,farm123,Dodamarg,Sindhudurg
Jyoti Pawar,9209792811,jyotipawar@nexora.in,farm123,Majalgaon,Beed
Kalpana Ubale,9848558167,kalpanaubale@nexora.in,farm123,Shirpur,Dhule
Mangesh Sable,8055847980,mangeshsable@nexora.in,farm123,Velhe,Pune
Milind Jare,6301158523,milindjare@nexora.in,farm123,Bhamragad,Gadchiroli
Bandu Kadam,9433329022,bandukadam2@nexora.in,farm123,Mehkar,Buldhana
Keshav Jadhav,6769027693,keshavjadhav2@nexora.in,farm123,Sindkhed Raja,Buldhana
Sadashiv Jare,6107588790,sadashivjare@nexora.in,farm123,Talasari,Palghar
Sunita Randhawa,6263768791,sunitarandhawa@nexora.in,farm123,Warora,Chandrapur
Chandrakant Suryawanshi,7216630085,chandrakantsur@nexora.in,farm123,Nandgaon Khandeshwar,Amravati
Sunil Bhandare,6564499342,sunilbhandare@nexora.in,farm123,Parseoni,Nagpur
Vasant Bhosale,7801291124,vasantbhosale2@nexora.in,farm123,Kannad,Chhatrapati Sambhajinagar (Aurangabad)
Ramesh Chougule,8463945668,rameshchougule@nexora.in,farm123,Ulhasnagar,Thane
Tukaram Borate,7883809315,tukaramborate@nexora.in,farm123,Ratnagiri,Ratnagiri
Pushpa Ghule,9930320296,pushpaghule@nexora.in,farm123,Shahapur,Thane
Balasaheb Kachare,9552381221,balasahebkacha@nexora.in,farm123,Sengaon,Hingoli
Yamuna Adsul,7681067365,yamunaadsul@nexora.in,farm123,Niphad,Nashik
Arun Landge,8629417087,arunlandge@nexora.in,farm123,Raver,Jalgaon
Laxman Landge,8465023368,laxmanlandge@nexora.in,farm123,Sakoli,Bhandara
Sarika Patil,6418565096,sarikapatil@nexora.in,farm123,Patan,Satara
Pushpa Jadhav,6731635077,pushpajadhav@nexora.in,farm123,Murbad,Thane
Yashwant Bansode,9638610619,yashwantbansod@nexora.in,farm123,Chakur,Latur
Shrikant Ghadge,8592134120,shrikantghadge@nexora.in,farm123,Kannad,Chhatrapati Sambhajinagar (Aurangabad)
Chandrakant Kachare,7413237907,chandrakantkac@nexora.in,farm123,Basmath,Hingoli
Swati Nalawade,7426334221,swatinalawade@nexora.in,farm123,Karjat,Raigad
Rajendra Kulkarni,8787387067,rajendrakulkar@nexora.in,farm123,Jat,Sangli
Ishwar Hiwale,9647874101,ishwarhiwale@nexora.in,farm123,Kurla,Mumbai Suburban
Sunil Nalawade,9461502586,sunilnalawade@nexora.in,farm123,Telhara,Akola
Madhukar Khedkar,8193521278,madhukarkhedka@nexora.in,farm123,Akkalkot,Solapur
Umesh Salunkhe,7177333719,umeshsalunkhe@nexora.in,farm123,Ramtek,Nagpur
Seema Mhaske,9228471385,seemamhaske@nexora.in,farm123,Ambajogai,Beed
Kalpana Salunkhe,7572794244,kalpanasalunkh@nexora.in,farm123,Mahur,Nanded
Prashant Gawali,8320499130,prashantgawali@nexora.in,farm123,Daund,Pune
Meera Suryawanshi,8459823845,meerasuryawans@nexora.in,farm123,Nandgaon Khandeshwar,Amravati
Vinod Naikwadi,9440569318,vinodnaikwadi@nexora.in,farm123,Peth,Nashik
Baban Gaikwad,7769433310,babangaikwad@nexora.in,farm123,Shirur-Kasar,Beed
Yamuna Kachare,7473363340,yamunakachare@nexora.in,farm123,Sangameshwar,Ratnagiri
Seema Kale,9030325308,seemakale@nexora.in,farm123,Colaba,Mumbai City
Kamal Rathod,6729960382,kamalrathod@nexora.in,farm123,Risod,Washim
Laxman Joshi,9287258751,laxmanjoshi@nexora.in,farm123,Nagpur Urban,Nagpur
Dattatray Chavhan,8386048329,dattatraychavh@nexora.in,farm123,Shrirampur,Ahilyanagar (Ahmednagar)
Dattatray Naikwadi,7197148998,dattatraynaikw@nexora.in,farm123,Bhiwapur,Nagpur
Ramesh Vibhute,8807744397,rameshvibhute@nexora.in,farm123,Mangalvedhe,Solapur
Sushila Kadam,6053305570,sushilakadam@nexora.in,farm123,Renapur,Latur
Keshav Bhosale,6633744196,keshavbhosale2@nexora.in,farm123,Akot,Akola
Anil Suryawanshi,7092238128,anilsuryawansh@nexora.in,farm123,Vasai,Palghar
Hanumant Jadhav,8140025293,hanumantjadhav@nexora.in,farm123,Phaltan,Satara
Rekha Bhagat,7061994099,rekhabhagat@nexora.in,farm123,Karvir,Kolhapur
Arun Ghule,7909797148,arunghule@nexora.in,farm123,Mahur,Nanded
Zaheer Salunkhe,7722366356,zaheersalunkhe@nexora.in,farm123,Mouda,Nagpur
Chandrakant Ohol,7128655683,chandrakantoho@nexora.in,farm123,Malad,Mumbai Suburban
Vandana Pardeshi,6396717153,vandanapardesh2@nexora.in,farm123,Karad,Satara
Zaheer Salunkhe,6822885334,zaheersalunkhe3@nexora.in,farm123,Borivali,Mumbai Suburban
Sadashiv Rane,8540478594,sadashivrane@nexora.in,farm123,Akot,Akola
Balasaheb Yeole,6055363300,balasahebyeole@nexora.in,farm123,Jafrabad,Jalna
Dilip Pardeshi,7310163660,dilippardeshi@nexora.in,farm123,Morshi,Amravati
Chhaya Adsul,7702516585,chhayaadsul2@nexora.in,farm123,Shrivardhan,Raigad
Pushpa Hande,6180064782,pushpahande@nexora.in,farm123,Samudrapur,Wardha
Sushila Shelke,6000668519,sushilashelke@nexora.in,farm123,Kalamnuri,Hingoli
Archana Landge,7267161772,archanalandge@nexora.in,farm123,Lakhandur,Bhandara
Vinod Bhagat,6733692553,vinodbhagat@nexora.in,farm123,Ambajogai,Beed
Ashok Vhatkar,6232611317,ashokvhatkar2@nexora.in,farm123,Junnar,Pune
Nanda Shelke,7534418743,nandashelke@nexora.in,farm123,Sangole,Solapur
Madhuri Vibhute,7030312401,madhurivibhute@nexora.in,farm123,Karanja,Wardha
Vasudev Fadnavis,7477599021,vasudevfadnavi@nexora.in,farm123,Wardha,Wardha
Shobha Naikwadi,6388227842,shobhanaikwadi@nexora.in,farm123,Malad,Mumbai Suburban
Ashok Kulkarni,6720150064,ashokkulkarni3@nexora.in,farm123,Lohara,Dharashiv (Osmanabad)
Laxman Rasal,6966565592,laxmanrasal@nexora.in,farm123,Pandharpur,Solapur
Deepak Kale,7472770183,deepakkale@nexora.in,farm123,Bandra,Mumbai Suburban
Usha Vibhute,8498444980,ushavibhute@nexora.in,farm123,Daryapur,Amravati
Chandrakant Nikam,7085324021,chandrakantnik2@nexora.in,farm123,Nevasa,Ahilyanagar (Ahmednagar)
Vinod Tupe,6770280667,vinodtupe@nexora.in,farm123,Ajra,Kolhapur
Dilip Mahajan,7463197722,dilipmahajan@nexora.in,farm123,Chandwad,Nashik
Anil Shelke,9612550219,anilshelke@nexora.in,farm123,Salekasa,Gondia
Sanjay Nalawade,9214316481,sanjaynalawade@nexora.in,farm123,Thane,Thane
Vithal Jare,9687136947,vithaljare@nexora.in,farm123,Sironcha,Gadchiroli
Rajesh Yadav,9380561852,rajeshyadav@nexora.in,farm123,Sakri,Dhule
Prakash Suryawanshi,7969746129,prakashsuryawa@nexora.in,farm123,Bandra,Mumbai Suburban
Sachin Naikwadi,8474999548,sachinnaikwadi@nexora.in,farm123,Solapur North,Solapur
Krushna Kachare,6918262495,krushnakachare@nexora.in,farm123,Chikhli,Buldhana
Deepak Rane,7097724796,deepakrane@nexora.in,farm123,Khuldabad,Chhatrapati Sambhajinagar (Aurangabad)
Madhukar Bansode,7884751369,madhukarbansod@nexora.in,farm123,Kurla,Mumbai Suburban
Anand Adsul,6152246717,anandadsul@nexora.in,farm123,Amgaon,Gondia
Eknath Bhosale,9330821157,eknathbhosale@nexora.in,farm123,Osmanabad,Dharashiv (Osmanabad)
Bharat Khedkar,6209404860,bharatkhedkar@nexora.in,farm123,Korpana,Chandrapur
Govind Bhagat,7564783071,govindbhagat3@nexora.in,farm123,Bhamragad,Gadchiroli
Ganesh Ohol,7490651467,ganeshohol@nexora.in,farm123,Sakri,Dhule
Sachin Powar,8105793947,sachinpowar@nexora.in,farm123,Kalameshwar,Nagpur
Sachin Landge,8311789807,sachinlandge@nexora.in,farm123,Jalgaon Jamod,Buldhana
Bandu Yadav,6426480753,banduyadav@nexora.in,farm123,Jalna,Jalna
Mangal Sable,7838738511,mangalsable@nexora.in,farm123,Desaiganj,Gadchiroli
Manisha Chougule,7322197127,manishachougul@nexora.in,farm123,Darwha,Yavatmal
Raghunath Wagh,6587842233,raghunathwagh@nexora.in,farm123,Shirpur,Dhule
Raghunath Hande,9305200907,raghunathhande@nexora.in,farm123,Koregaon,Satara
Govind Rathod,8808183779,govindrathod@nexora.in,farm123,Uran,Raigad
Sunil Zende,6036156305,sunilzende@nexora.in,farm123,Kagal,Kolhapur
Milind Lokhande,6138707498,milindlokhande2@nexora.in,farm123,Poladpur,Raigad
Vijay Pawar,7813887243,vijaypawar@nexora.in,farm123,Lonar,Buldhana
Namdev Damle,7610608699,namdevdamle@nexora.in,farm123,Parbhani,Parbhani
Vandana Jadhav,6855920701,vandanajadhav@nexora.in,farm123,Malshiras,Solapur
Bapurao Holkar,9789373073,bapuraoholkar@nexora.in,farm123,Ambarnath,Thane
Hanumant Kachare,6510554960,hanumantkachar2@nexora.in,farm123,Sudhagad-Pali,Raigad
Sushila Rasal,9316120073,sushilarasal@nexora.in,farm123,Pauni,Bhandara
Vishal Gadhave,7349503624,vishalgadhave@nexora.in,farm123,Khed,Ratnagiri
Popat Sable,9924188978,popatsable@nexora.in,farm123,Mohadi,Bhandara
Vinod Ohol,7717814166,vinodohol@nexora.in,farm123,Georai,Beed
Kiran Sathe,9079947431,kiransathe@nexora.in,farm123,Dodamarg,Sindhudurg
Vishal Lokhande,8652896481,vishallokhande@nexora.in,farm123,Gangapur,Chhatrapati Sambhajinagar (Aurangabad)
Rekha Deshmukh,8260341732,rekhadeshmukh@nexora.in,farm123,Bhiwandi,Thane
Sunanda Patil,6451831955,sunandapatil2@nexora.in,farm123,Salekasa,Gondia
Anil Rasal,8767675328,anilrasal@nexora.in,farm123,Mohadi,Bhandara
Anand Vibhute,6581410005,anandvibhute@nexora.in,farm123,Khandala,Satara
Swati Yeole,9351330875,swatiyeole@nexora.in,farm123,Fort,Mumbai City
Sunil Patil,9166307569,sunilpatil@nexora.in,farm123,Rahuri,Ahilyanagar (Ahmednagar)
Rajesh Fadnavis,8883437108,rajeshfadnavis3@nexora.in,farm123,Kurla,Mumbai Suburban
Usha Ohol,9371729169,ushaohol@nexora.in,farm123,Rahata,Ahilyanagar (Ahmednagar)
Nanda Salunkhe,7361962931,nandasalunkhe@nexora.in,farm123,Mehkar,Buldhana
Meera Fadnavis,6080493291,meerafadnavis@nexora.in,farm123,Gadchiroli,Gadchiroli
Sunanda Kachare,8436444573,sunandakachare@nexora.in,farm123,Chakur,Latur
Ramchandra Gadhave,7459129125,ramchandragadh@nexora.in,farm123,Ajra,Kolhapur
Ashok Jare,8568267849,ashokjare@nexora.in,farm123,Ausa,Latur
Sadashiv Chougule,8510744580,sadashivchougu@nexora.in,farm123,Bhiwapur,Nagpur
Raghunath Sathe,8068628579,raghunathsathe2@nexora.in,farm123,Korchi,Gadchiroli
Amol Hande,7194880622,amolhande@nexora.in,farm123,Sindkheda,Dhule
Kailas Takawale,7143727151,kailastakawale@nexora.in,farm123,Gondpimpri,Chandrapur
Dilip Vibhute,8095003706,dilipvibhute@nexora.in,farm123,Karanja,Wardha
Balasaheb Wagh,6249253588,balasahebwagh@nexora.in,farm123,Hingoli,Hingoli
Sachin Gawali,8146795088,sachingawali@nexora.in,farm123,Niphad,Nashik
Nitin Kulkarni,6524570626,nitinkulkarni@nexora.in,farm123,Badnapur,Jalna
Shobha Nikam,6141989418,shobhanikam@nexora.in,farm123,Bhor,Pune
Vimal Bansode,6985289584,vimalbansode@nexora.in,farm123,Rahuri,Ahilyanagar (Ahmednagar)
Rajendra Gawali,6506143224,rajendragawali2@nexora.in,farm123,Parbhani,Parbhani
Vinod Gawali,7501467619,vinodgawali2@nexora.in,farm123,Lakhandur,Bhandara
Neelam Ubale,6638104619,neelamubale@nexora.in,farm123,Andheri,Mumbai Suburban
Maruti Satpute,7742641311,marutisatpute@nexora.in,farm123,Pombhurna,Chandrapur
Ashok Adsul,7329201514,ashokadsul@nexora.in,farm123,Renapur,Latur
Jagdish Zaware,8340740719,jagdishzaware@nexora.in,farm123,Hingoli,Hingoli
Pravin Joshi,6853693938,pravinjoshi@nexora.in,farm123,Dharni,Amravati
Manisha Sathe,7245388952,manishasathe@nexora.in,farm123,Malegaon,Nashik
Shankar Lokhande,7442737781,shankarlokhand@nexora.in,farm123,Parola,Jalgaon
Krushna Ohol,6555680791,krushnaohol@nexora.in,farm123,Bhadgaon,Jalgaon
Sachin Shelke,8231686820,sachinshelke@nexora.in,farm123,Karjat,Raigad
Raghunath Bhagat,6185278948,raghunathbhaga@nexora.in,farm123,Nanded,Nanded
Rahul Solanke,6931251672,rahulsolanke2@nexora.in,farm123,Dhule,Dhule
Usha Rasal,8318722363,usharasal@nexora.in,farm123,Deoli,Wardha
Yogesh Deshpande,8855170459,yogeshdeshpand@nexora.in,farm123,Bodwad,Jalgaon
Pandurang Vhatkar,9949786379,pandurangvhatk@nexora.in,farm123,Saoli,Chandrapur
Chandrakant Dhumal,9153083573,chandrakantdhu@nexora.in,farm123,Rajapur,Ratnagiri
Bharat Gadhave,8336797872,bharatgadhave@nexora.in,farm123,Vada,Palghar
Bandu Mane,7142043777,bandumane@nexora.in,farm123,Samudrapur,Wardha
Vishal Gaikwad,8532388891,vishalgaikwad2@nexora.in,farm123,Dodamarg,Sindhudurg
Pandurang Sathe,6562532595,pandurangsathe@nexora.in,farm123,Navapur,Nandurbar
Sunil Mane,7212040476,sunilmane@nexora.in,farm123,Solapur North,Solapur
Sarika Nalawade,7774454703,sarikanalawade@nexora.in,farm123,Balapur,Akola
Sushila Adsul,9314908323,sushilaadsul@nexora.in,farm123,Ashti,Beed
Pooja Waghmare,9017569771,poojawaghmare@nexora.in,farm123,Gondpimpri,Chandrapur
Ravindra Waghmare,9072096460,ravindrawaghma@nexora.in,farm123,Basmath,Hingoli
Govind Vibhute,9530396392,govindvibhute@nexora.in,farm123,Himayatnagar,Nanded
Sindhu Damle,8606223366,sindhudamle@nexora.in,farm123,Mahabaleshwar,Satara
Vijay Kulkarni,6427779332,vijaykulkarni2@nexora.in,farm123,Chandgad,Kolhapur
Vishal Zende,7995891225,vishalzende@nexora.in,farm123,Vengurla,Sindhudurg
Sunil Borate,6967755891,sunilborate@nexora.in,farm123,Dapoli,Ratnagiri
Sunanda Vhatkar,9221920812,sunandavhatkar@nexora.in,farm123,Fort,Mumbai City
Dattatray Chavan,8921144380,dattatraychava@nexora.in,farm123,Vaibhavwadi,Sindhudurg
Sachin Deshpande,8635084703,sachindeshpand@nexora.in,farm123,Radhanagari,Kolhapur
Meera Rathod,6078386341,meerarathod@nexora.in,farm123,Basmath,Hingoli
Bandu Adsul,6850971571,banduadsul@nexora.in,farm123,Nandgaon Khandeshwar,Amravati
Sindhu Bhosale,6999953154,sindhubhosale@nexora.in,farm123,Mangrulpir,Washim
Ravindra Bhagat,6592993000,ravindrabhagat@nexora.in,farm123,Kalyan,Thane
Usha Ubale,7701215368,ushaubale@nexora.in,farm123,Gadhinglaj,Kolhapur
Swati Kachare,6602437602,swatikachare@nexora.in,farm123,Ghansawangi,Jalna
Vishal Sathe,9756563841,vishalsathe@nexora.in,farm123,Raver,Jalgaon
Namdev Patil,6825107978,namdevpatil@nexora.in,farm123,Jamkhed,Ahilyanagar (Ahmednagar)
Pandurang Ohol,8862314390,pandurangohol@nexora.in,farm123,Shirala,Sangli
Madhuri Ubale,8433180676,madhuriubale2@nexora.in,farm123,Tasgaon,Sangli
Kiran Gadhave,6821919072,kirangadhave@nexora.in,farm123,Maan,Satara
Lata Joshi,6566204534,latajoshi@nexora.in,farm123,Mahur,Nanded
Rajendra Deshmukh,8918803781,rajendradeshmu@nexora.in,farm123,Hatkanangale,Kolhapur
Keshav Dhumal,9731991121,keshavdhumal@nexora.in,farm123,Shahapur,Thane
Dattatray Hiwale,8272060340,dattatrayhiwal@nexora.in,farm123,Tiroda,Gondia
Jagdish Hande,9373094723,jagdishhande@nexora.in,farm123,Nagpur Rural,Nagpur
Lata Nikam,8574640149,latanikam@nexora.in,farm123,Mokhada,Palghar
Tukaram Naikwadi,7226340750,tukaramnaikwad@nexora.in,farm123,Kalamnuri,Hingoli
Jagdish Shinde,8490747309,jagdishshinde@nexora.in,farm123,Nandura,Buldhana
Kiran Mane,6316019407,kiranmane@nexora.in,farm123,Wadwani,Beed
Bharat Jadhav,9356450748,bharatjadhav@nexora.in,farm123,Bhandara,Bhandara
Bharat Shinde,9414039920,bharatshinde@nexora.in,farm123,Guhagar,Ratnagiri
Lata Rane,8204112237,latarane@nexora.in,farm123,Arvi,Wardha
Suresh Solanke,8555118841,sureshsolanke@nexora.in,farm123,Shirur Anantpal,Latur
Sunita Ghadge,8366452330,sunitaghadge@nexora.in,farm123,Shirala,Sangli
Kailas Dhumal,8137034799,kailasdhumal@nexora.in,farm123,Nevasa,Ahilyanagar (Ahmednagar)
Sachin Rathod,7064645514,sachinrathod@nexora.in,farm123,Morshi,Amravati
Dnyaneshwar Yadav,7672668460,dnyaneshwaryad@nexora.in,farm123,Ralegaon,Yavatmal
Shobha Powar,8568158801,shobhapowar@nexora.in,farm123,Nandurbar,Nandurbar
Popat Waghmare,6292075085,popatwaghmare@nexora.in,farm123,Baramati,Pune
Meera Salunkhe,9320789897,meerasalunkhe@nexora.in,farm123,Shrivardhan,Raigad
Uttam Mhaske,7657218123,uttammhaske@nexora.in,farm123,Shrivardhan,Raigad
Radhika Hande,8696455864,radhikahande@nexora.in,farm123,Borivali,Mumbai Suburban
Ganesh Sathe,6798009646,ganeshsathe@nexora.in,farm123,Bhamragad,Gadchiroli
Sopan More,7896161518,sopanmore@nexora.in,farm123,Mhasala,Raigad
Neelam Salunkhe,9034715155,neelamsalunkhe2@nexora.in,farm123,Kopargaon,Ahilyanagar (Ahmednagar)
Shrikant Jare,6996292330,shrikantjare2@nexora.in,farm123,Miraj,Sangli
Snehal Jagtap,8456702320,snehaljagtap@nexora.in,farm123,Bodwad,Jalgaon
Bharat Sable,7620183707,bharatsable@nexora.in,farm123,Ambarnath,Thane
Sopan Patil,8234981426,sopanpatil@nexora.in,farm123,Lonar,Buldhana
Madhukar Solanke,9557279073,madhukarsolank@nexora.in,farm123,Fort,Mumbai City
Sindhu Mhaske,6611841888,sindhumhaske@nexora.in,farm123,Saoli,Chandrapur
Tukaram Joshi,6177119707,tukaramjoshi@nexora.in,farm123,Daryapur,Amravati
Bapurao Ohol,9908077274,bapuraoohol@nexora.in,farm123,Aundha Nagnath,Hingoli
Archana Takawale,9933630155,archanatakawal@nexora.in,farm123,Hingoli,Hingoli
Jagdish Shelke,7021930439,jagdishshelke@nexora.in,farm123,Gondpimpri,Chandrapur
Shrikant Adsul,7024621769,shrikantadsul@nexora.in,farm123,Partur,Jalna
Rupali Wagh,8233201396,rupaliwagh@nexora.in,farm123,Gangapur,Chhatrapati Sambhajinagar (Aurangabad)
Vasudev Shinde,9701770319,vasudevshinde@nexora.in,farm123,Sillod,Chhatrapati Sambhajinagar (Aurangabad)
Ravindra Rathod,7406883825,ravindrarathod@nexora.in,farm123,Kalamb,Dharashiv (Osmanabad)
Pandurang Sable,6381913507,pandurangsable@nexora.in,farm123,Kavathemahankal,Sangli
Swati Pardeshi,7508535640,swatipardeshi@nexora.in,farm123,Bhusawal,Jalgaon
Sunil Gaikwad,6084255677,sunilgaikwad@nexora.in,farm123,Sindkhed Raja,Buldhana
Govind Holkar,8297935452,govindholkar@nexora.in,farm123,Akot,Akola
Chandrakant Khedkar,9716308353,chandrakantkhe@nexora.in,farm123,Satara,Satara
Ramesh Bhosale,7591317590,rameshbhosale@nexora.in,farm123,Rahata,Ahilyanagar (Ahmednagar)
Madhuri Mane,8169679712,madhurimane2@nexora.in,farm123,Dhamangaon,Amravati
Nanda Shinde,7285386793,nandashinde@nexora.in,farm123,Malshiras,Solapur
Kailas Kachare,8656851377,kailaskachare@nexora.in,farm123,Majalgaon,Beed
Balasaheb Bhosale,9684426006,balasahebbhosa@nexora.in,farm123,Washim,Washim
Balasaheb Kadam,6603492840,balasahebkadam@nexora.in,farm123,Jalgaon,Jalgaon
Umesh Ubale,9656574020,umeshubale@nexora.in,farm123,Parel,Mumbai City
Pooja Thorat,8115694427,poojathorat@nexora.in,farm123,Talasari,Palghar
Narayan Jagtap,8653925804,narayanjagtap@nexora.in,farm123,Chikhli,Buldhana
Ramchandra Yeole,9582546320,ramchandrayeol@nexora.in,farm123,Chikhaldara,Amravati
Pravin Mahajan,8579934474,pravinmahajan@nexora.in,farm123,Lohara,Dharashiv (Osmanabad)
Sunita Solanke,8247796404,sunitasolanke@nexora.in,farm123,Guhagar,Ratnagiri
Suresh Nikam,8757106883,sureshnikam@nexora.in,farm123,Lanja,Ratnagiri
Zaheer Ghule,9734513892,zaheerghule@nexora.in,farm123,Karmala,Solapur
Anand Kale,6854665847,anandkale@nexora.in,farm123,Dharur,Beed
Jagdish Gaikwad,7152794876,jagdishgaikwad@nexora.in,farm123,Nandura,Buldhana
Deepak Dhumal,7708347076,deepakdhumal@nexora.in,farm123,Malegaon,Washim
Swati Chavhan,6650088788,swatichavhan2@nexora.in,farm123,Malad,Mumbai Suburban
Sopan Gadhave,7675116639,sopangadhave@nexora.in,farm123,Solapur North,Solapur
Rahul Yeole,6947314500,rahulyeole@nexora.in,farm123,Pathri,Parbhani
Rahul Salunkhe,9207939438,rahulsalunkhe@nexora.in,farm123,Muktainagar,Jalgaon
Gopal Mahajan,6622803835,gopalmahajan@nexora.in,farm123,Bhandara,Bhandara
Snehal Randhawa,6899011218,snehalrandhawa@nexora.in,farm123,Malwan,Sindhudurg
Archana Zende,8845590952,archanazende@nexora.in,farm123,Tuljapur,Dharashiv (Osmanabad)
Jagdish Vibhute,7286182580,jagdishvibhute@nexora.in,farm123,Karanja,Washim
Ashok Bhosale,7095714708,ashokbhosale@nexora.in,farm123,Vaibhavwadi,Sindhudurg
Ganesh Chavan,6965583087,ganeshchavan@nexora.in,farm123,Karjat,Ahilyanagar (Ahmednagar)
Pravin Rathod,8906862775,pravinrathod@nexora.in,farm123,Dhule,Dhule
Manisha Solanke,8361197403,manishasolanke@nexora.in,farm123,Phaltan,Satara
Suresh Vibhute,6644688597,sureshvibhute@nexora.in,farm123,Manwath,Parbhani
Mangal Takawale,9834385141,mangaltakawale@nexora.in,farm123,Mantha,Jalna
Jyoti Chavhan,6458754730,jyotichavhan2@nexora.in,farm123,Jamner,Jalgaon
Jagdish Yadav,6849104819,jagdishyadav@nexora.in,farm123,Bhusawal,Jalgaon
Pooja Kulkarni,8011553802,poojakulkarni2@nexora.in,farm123,Khuldabad,Chhatrapati Sambhajinagar (Aurangabad)
Vishal Sathe,7379425336,vishalsathe2@nexora.in,farm123,Khatav,Satara
Vijay Hiwale,7042041818,vijayhiwale@nexora.in,farm123,Himayatnagar,Nanded
Manohar Lokhande,8833928291,manoharlokhand@nexora.in,farm123,Nilanga,Latur
Vandana Mahajan,6848908119,vandanamahajan@nexora.in,farm123,Renapur,Latur
Yogesh Jagtap,8386931753,yogeshjagtap@nexora.in,farm123,Pathardi,Ahilyanagar (Ahmednagar)
Bharat Bhagat,8441042185,bharatbhagat@nexora.in,farm123,Murbad,Thane
Usha Lokhande,9955186475,ushalokhande@nexora.in,farm123,Dahanu,Palghar
Manohar Rasal,9424449244,manoharrasal2@nexora.in,farm123,Jat,Sangli
Vasant More,9342092969,vasantmore@nexora.in,farm123,Anjangaon-Surji,Amravati
Rajendra Ubale,9774963262,rajendraubale@nexora.in,farm123,Umarga,Dharashiv (Osmanabad)
Amol Ubale,8488813553,amolubale2@nexora.in,farm123,Walwa,Sangli
Deepak More,7065652622,deepakmore@nexora.in,farm123,Barshi,Solapur
Bhausaheb Chougule,9564755477,bhausahebchoug@nexora.in,farm123,Byculla,Mumbai City
Balasaheb Hiwale,9120612962,balasahebhiwal@nexora.in,farm123,Yawal,Jalgaon
Sunanda Zaware,7783929814,sunandazaware@nexora.in,farm123,Parli,Beed
Tanaji Gawali,6930432915,tanajigawali@nexora.in,farm123,Solapur South,Solapur
Manisha Kachare,6189497850,manishakachare@nexora.in,farm123,Chandgad,Kolhapur
Pooja Mane,6425089265,poojamane@nexora.in,farm123,Hinganghat,Wardha
Umesh Sable,6880393294,umeshsable@nexora.in,farm123,Khamgaon,Buldhana
Krushna Bhandare,8022541663,krushnabhandar@nexora.in,farm123,Madha,Solapur
Rupali Bhagat,6076348596,rupalibhagat@nexora.in,farm123,Jamkhed,Ahilyanagar (Ahmednagar)
Radhika More,8780025562,radhikamore@nexora.in,farm123,Yavatmal,Yavatmal
Yashwant Chavhan,8719886012,yashwantchavha@nexora.in,farm123,Jalkot,Latur
Ashok Sable,7903626876,ashoksable@nexora.in,farm123,Mouda,Nagpur
Raghunath Nalawade,7584907445,raghunathnalaw@nexora.in,farm123,Khandala,Satara
Sunita Joshi,6650181712,sunitajoshi@nexora.in,farm123,Sudhagad-Pali,Raigad
Swati Joshi,6840466949,swatijoshi@nexora.in,farm123,Patur,Akola
Dattatray Kadam,7080675672,dattatraykadam@nexora.in,farm123,Lanja,Ratnagiri
Popat Jagtap,8071426691,popatjagtap@nexora.in,farm123,Wadwani,Beed
Popat Kadam,9484429769,popatkadam@nexora.in,farm123,Kurla,Mumbai Suburban
Radhika Adsul,8561000636,radhikaadsul@nexora.in,farm123,Mohadi,Bhandara
Neelam Rane,6067537528,neelamrane@nexora.in,farm123,Phulambri,Chhatrapati Sambhajinagar (Aurangabad)
Snehal Naikwadi,6941292748,snehalnaikwadi@nexora.in,farm123,Patoda,Beed
Yashwant Tupe,7513767451,yashwanttupe@nexora.in,farm123,Dhanora,Gadchiroli
Ramesh Fadnavis,7850680449,rameshfadnavis@nexora.in,farm123,Armori,Gadchiroli
Bhausaheb Ohol,7069156116,bhausahebohol@nexora.in,farm123,Dharur,Beed
Deepak Chavan,8392126443,deepakchavan@nexora.in,farm123,Kannad,Chhatrapati Sambhajinagar (Aurangabad)
Sadashiv Zende,7743744993,sadashivzende@nexora.in,farm123,Chimur,Chandrapur
Ramchandra Powar,6770934382,ramchandrapowa@nexora.in,farm123,Hatkanangale,Kolhapur
Laxman Wagh,6927030842,laxmanwagh@nexora.in,farm123,Paithan,Chhatrapati Sambhajinagar (Aurangabad)
Gopichand Ubhe,7434037218,gopichandubhe@nexora.in,farm123,Haveli,Pune
Manisha Bhagat,9032279143,manishabhagat@nexora.in,farm123,Shahuwadi,Kolhapur
Nanda Patil,8455710470,nandapatil@nexora.in,farm123,Jalkot,Latur
Ashok Chougule,7891541243,ashokchougule@nexora.in,farm123,Sadak-Arjuni,Gondia
Vithal Dhumal,9281536139,vithaldhumal@nexora.in,farm123,Navapur,Nandurbar
Namdev Ghule,6683203325,namdevghule@nexora.in,farm123,Nashik,Nashik
Vasudev Joshi,9325636798,vasudevjoshi@nexora.in,farm123,Ashti,Wardha
Uttam Sathe,9566010065,uttamsathe@nexora.in,farm123,Jalgaon,Jalgaon
Eknath Nalawade,9540016748,eknathnalawade@nexora.in,farm123,Nagpur Rural,Nagpur
Neelam Dhumal,9581739587,neelamdhumal@nexora.in,farm123,Ambad,Jalna
Anita Hande,8350329074,anitahande@nexora.in,farm123,Kudal,Sindhudurg
Manisha Shelke,8607337063,manishashelke@nexora.in,farm123,Purna,Parbhani
Usha Zende,6258425880,ushazende2@nexora.in,farm123,Vikramgad,Palghar
Nitin Dabhade,6469305163,nitindabhade@nexora.in,farm123,Junnar,Pune
Raghunath Yeole,7381501628,raghunathyeole3@nexora.in,farm123,Mokhada,Palghar
Dattatray Patil,7747397902,dattatraypatil@nexora.in,farm123,Mandangad,Ratnagiri
Kalpana Joshi,6441860101,kalpanajoshi@nexora.in,farm123,Kalamb,Dharashiv (Osmanabad)
Krushna Adsul,6198520054,krushnaadsul@nexora.in,farm123,Talode,Nandurbar
Dattatray Zende,9998835942,dattatrayzende@nexora.in,farm123,Maan,Satara
Ishwar Borate,9244079705,ishwarborate@nexora.in,farm123,Gadchiroli,Gadchiroli
Baban Ohol,6549396868,babanohol@nexora.in,farm123,Biloli,Nanded
Tanaji Kale,9697269229,tanajikale2@nexora.in,farm123,Kalwan,Nashik
Vithal Gadhave,7140316652,vithalgadhave@nexora.in,farm123,Nanded,Nanded
Popat Vhatkar,7784377059,popatvhatkar@nexora.in,farm123,Pathri,Parbhani
Jagdish Mhaske,9817014413,jagdishmhaske@nexora.in,farm123,Mahagaon,Yavatmal
Chhaya Suryawanshi,9060091483,chhayasuryawan@nexora.in,farm123,Jalgaon Jamod,Buldhana
Madhuri Mane,9447512151,madhurimane@nexora.in,farm123,Sakri,Dhule
Chandrakant Rasal,6288213466,chandrakantras@nexora.in,farm123,Parner,Ahilyanagar (Ahmednagar)
Shrikant Dhumal,7948563090,shrikantdhumal@nexora.in,farm123,Pauni,Bhandara
Yogesh Rasal,6691349520,yogeshrasal@nexora.in,farm123,Katol,Nagpur
Vinod Shelke,6542648811,vinodshelke@nexora.in,farm123,Tiosa,Amravati
Dnyaneshwar Zaware,8875068333,dnyaneshwarzaw@nexora.in,farm123,Umarga,Dharashiv (Osmanabad)
Govind Rasal,6232731677,govindrasal2@nexora.in,farm123,Maval,Pune
Rahul Solanke,9600512834,rahulsolanke@nexora.in,farm123,Bhadravati,Chandrapur
Gopal Lokhande,7195351561,gopallokhande@nexora.in,farm123,Alibag,Raigad
Madhuri Bhandare,9788856052,madhuribhandar@nexora.in,farm123,Ulhasnagar,Thane
Anand Mhaske,6808848652,anandmhaske@nexora.in,farm123,Mantha,Jalna
Kalpana Kadam,7145465682,kalpanakadam3@nexora.in,farm123,Chikhli,Buldhana
Sarika Pardeshi,9321207582,sarikapardeshi@nexora.in,farm123,Sudhagad-Pali,Raigad
Yamuna Hiwale,8294341226,yamunahiwale@nexora.in,farm123,Yeola,Nashik
Bharat Kale,8391833159,bharatkale2@nexora.in,farm123,Umarga,Dharashiv (Osmanabad)
Ashok Deshmukh,9478519187,ashokdeshmukh@nexora.in,farm123,Dadar,Mumbai City
Pooja Jadhav,8908306951,poojajadhav@nexora.in,farm123,Nandura,Buldhana
Vandana Chavan,8041407065,vandanachavan@nexora.in,farm123,Parola,Jalgaon
Sachin Kulkarni,7299458979,sachinkulkarni@nexora.in,farm123,Kelapur,Yavatmal
Rekha Gadhave,7793965535,rekhagadhave@nexora.in,farm123,Nandurbar,Nandurbar
Jyoti Jadhav,9548423790,jyotijadhav@nexora.in,farm123,Dhule,Dhule
Pooja Kulkarni,9963274535,poojakulkarni@nexora.in,farm123,Amgaon,Gondia
Ganesh Pardeshi,7365121188,ganeshpardeshi2@nexora.in,farm123,Dhadgaon,Nandurbar
Bharat Chavhan,8872323346,bharatchavhan@nexora.in,farm123,Colaba,Mumbai City
Pandurang Nikam,7014618567,pandurangnikam@nexora.in,farm123,Pachora,Jalgaon
Sadashiv Zende,9273506091,sadashivzende3@nexora.in,farm123,Igatpuri,Nashik
Chandrakant Hiwale,8885291183,chandrakanthiw@nexora.in,farm123,Sengaon,Hingoli
Vijay Wagh,8925069433,vijaywagh@nexora.in,farm123,Murtajapur,Akola
Rupali Naikwadi,6391439107,rupalinaikwadi@nexora.in,farm123,Karmala,Solapur
Sunanda Pardeshi,7875424149,sunandapardesh@nexora.in,farm123,Sangrampur,Buldhana
Balasaheb Shinde,8161454135,balasahebshind@nexora.in,farm123,Murtajapur,Akola
Shankar Rasal,6937592803,shankarrasal@nexora.in,farm123,Vengurla,Sindhudurg
Dilip Rathod,9228176930,diliprathod@nexora.in,farm123,Warud,Amravati
Kailas Mhaske,8751451331,kailasmhaske@nexora.in,farm123,Bandra,Mumbai Suburban
Kamal Fadnavis,6359488906,kamalfadnavis@nexora.in,farm123,Murud,Raigad
Umesh Borate,9652764761,umeshborate@nexora.in,farm123,Sangole,Solapur
Rupali Ubale,7280262553,rupaliubale@nexora.in,farm123,Uran,Raigad
Archana Dhumal,6309718932,archanadhumal@nexora.in,farm123,Tuljapur,Dharashiv (Osmanabad)
Govind Chavhan,6275870790,govindchavhan@nexora.in,farm123,Guhagar,Ratnagiri
Shobha Sathe,8898849305,shobhasathe@nexora.in,farm123,Mokhada,Palghar
Popat Chavhan,9552741687,popatchavhan@nexora.in,farm123,Shrivardhan,Raigad
Raghunath Randhawa,7909962112,raghunathrandh@nexora.in,farm123,Gangapur,Chhatrapati Sambhajinagar (Aurangabad)
Sadashiv Bhandare,6521143118,sadashivbhanda@nexora.in,farm123,Aundha Nagnath,Hingoli
Sunil Sathe,9377657116,sunilsathe@nexora.in,farm123,Bandra,Mumbai Suburban
Snehal Ubale,8956107315,snehalubale@nexora.in,farm123,Achalpur,Amravati
Nanda Dhumal,8515979956,nandadhumal@nexora.in,farm123,Deoli,Wardha
Vandana Holkar,9767720940,vandanaholkar@nexora.in,farm123,Wai,Satara
Swati Hande,9027795102,swatihande2@nexora.in,farm123,Arjuni-Morgaon,Gondia
Keshav Wagh,6727052780,keshavwagh@nexora.in,farm123,Loha,Nanded
Vandana Dhumal,8041027109,vandanadhumal@nexora.in,farm123,Sindkheda,Dhule
Anand Pawar,8258940044,anandpawar@nexora.in,farm123,Maval,Pune
Deepak Bhosale,7569759775,deepakbhosale@nexora.in,farm123,Sillod,Chhatrapati Sambhajinagar (Aurangabad)
Rajendra Salunkhe,9863528645,rajendrasalunk@nexora.in,farm123,Sawantwadi,Sindhudurg
Swati Hiwale,9514353664,swatihiwale@nexora.in,farm123,Khed,Ratnagiri
Seema Deshpande,6409135686,seemadeshpande@nexora.in,farm123,Sengaon,Hingoli
Vinod Bhandare,7018949248,vinodbhandare@nexora.in,farm123,Mantha,Jalna
Narayan Shelke,6715663796,narayanshelke@nexora.in,farm123,Dharni,Amravati
Keshav Vibhute,9174448032,keshavvibhute@nexora.in,farm123,Shrigonda,Ahilyanagar (Ahmednagar)
Umesh Zaware,6952468401,umeshzaware@nexora.in,farm123,Bhiwandi,Thane
Sachin Ghorpade,9523070963,sachinghorpade@nexora.in,farm123,Karad,Satara
Shankar Suryawanshi,8911909850,shankarsuryawa@nexora.in,farm123,Malad,Mumbai Suburban
Rupali Powar,7221787698,rupalipowar@nexora.in,farm123,Tumsar,Bhandara
Manohar Yeole,6235580150,manoharyeole@nexora.in,farm123,Pandharpur,Solapur
Anita Gawali,6321041259,anitagawali@nexora.in,farm123,Latur,Latur
Sunita Chavan,7147715749,sunitachavan@nexora.in,farm123,Akole,Ahilyanagar (Ahmednagar)
Suresh Rathod,6601273751,sureshrathod@nexora.in,farm123,Phaltan,Satara
Sopan Chavan,7771232566,sopanchavan@nexora.in,farm123,Sangamner,Ahilyanagar (Ahmednagar)
Mangal Landge,8383659405,mangallandge@nexora.in,farm123,Ratnagiri,Ratnagiri
Sindhu Ohol,8130790266,sindhuohol2@nexora.in,farm123,Kuhi,Nagpur
Dattatray Deshpande,6460974569,dattatraydeshp@nexora.in,farm123,Andheri,Mumbai Suburban
Kiran Chougule,6715257389,kiranchougule@nexora.in,farm123,Amravati,Amravati
Govind Rasal,8764012707,govindrasal@nexora.in,farm123,Kudal,Sindhudurg
Swati Patil,6428442011,swatipatil@nexora.in,farm123,Dadar,Mumbai City
Sanjay Wagh,7854454648,sanjaywagh@nexora.in,farm123,Thane,Thane
Laxman Jare,9323160948,laxmanjare@nexora.in,farm123,Darwha,Yavatmal
Vimal Randhawa,7767670331,vimalrandhawa@nexora.in,farm123,Desaiganj,Gadchiroli
Eknath Yeole,9053203678,eknathyeole@nexora.in,farm123,Chikhli,Buldhana
Rahul Chougule,7373756893,rahulchougule@nexora.in,farm123,Paranda,Dharashiv (Osmanabad)
Madhuri Lokhande,9918908958,madhurilokhand@nexora.in,farm123,Pen,Raigad
Santosh Bhosale,7279849354,santoshbhosale2@nexora.in,farm123,Kudal,Sindhudurg
Sachin Patil,8414087572,sachinpatil@nexora.in,farm123,Bhor,Pune
Chhaya Deshmukh,6633881426,chhayadeshmukh@nexora.in,farm123,Rahuri,Ahilyanagar (Ahmednagar)
Ramesh Rathod,8944553552,rameshrathod@nexora.in,farm123,Washim,Washim
Kavita Zende,9106985883,kavitazende@nexora.in,farm123,Byculla,Mumbai City
Yashwant Ubale,7696524784,yashwantubale@nexora.in,farm123,Sillod,Chhatrapati Sambhajinagar (Aurangabad)
Ravindra Jare,7828556665,ravindrajare@nexora.in,farm123,Panhala,Kolhapur
Kalpana Kadam,9903053632,kalpanakadam2@nexora.in,farm123,Kelapur,Yavatmal
Kailas Shelke,9910763736,kailasshelke@nexora.in,farm123,Hingoli,Hingoli
Jagdish Tupe,7096847617,jagdishtupe@nexora.in,farm123,Khatav,Satara
Arun Mahajan,6583924346,arunmahajan@nexora.in,farm123,Arvi,Wardha
Prakash Pawar,6259832592,prakashpawar@nexora.in,farm123,Malegaon,Nashik
Ramesh Hande,7139218448,rameshhande@nexora.in,farm123,Anjangaon-Surji,Amravati
Maruti Bansode,9656346940,marutibansode@nexora.in,farm123,Navapur,Nandurbar
Bhausaheb Holkar,9687051843,bhausahebholka2@nexora.in,farm123,Sindkhed Raja,Buldhana
Narayan Damle,7121527170,narayandamle@nexora.in,farm123,Talode,Nandurbar
Bhausaheb Hiwale,6227798967,bhausahebhiwal@nexora.in,farm123,Pandharpur,Solapur
Archana Fadnavis,8412921826,archanafadnavi@nexora.in,farm123,Udgir,Latur
Vinod Rane,7560410996,vinodrane2@nexora.in,farm123,Tuljapur,Dharashiv (Osmanabad)
Seema Kachare,6395143224,seemakachare@nexora.in,farm123,Murbad,Thane
Kalpana Kadam,9903789331,kalpanakadam@nexora.in,farm123,Hadgaon,Nanded
Vinod Gaikwad,7361117316,vinodgaikwad2@nexora.in,farm123,Bodwad,Jalgaon
Hanumant Gaikwad,9499380554,hanumantgaikwa@nexora.in,farm123,Khamgaon,Buldhana
Ravi Kale,7668339970,ravikale@nexora.in,farm123,Poladpur,Raigad
Narayan Landge,6953426326,narayanlandge@nexora.in,farm123,Shegaon,Buldhana
Eknath Pawar,8241464523,eknathpawar@nexora.in,farm123,Nagpur Rural,Nagpur
Yashwant Pardeshi,7010208566,yashwantpardes@nexora.in,farm123,Daund,Pune
Madhukar Randhawa,7885310500,madhukarrandha@nexora.in,farm123,Gangapur,Chhatrapati Sambhajinagar (Aurangabad)
Balasaheb Zaware,7412193666,balasahebzawar@nexora.in,farm123,Ajra,Kolhapur
Dattatray Vhatkar,8281324755,dattatrayvhatk@nexora.in,farm123,Panhala,Kolhapur
Shankar Chougule,7651329428,shankarchougul@nexora.in,farm123,Malwan,Sindhudurg
Zaheer Zende,7623350876,zaheerzende@nexora.in,farm123,Hadgaon,Nanded
Ishwar Gawali,9222980278,ishwargawali@nexora.in,farm123,Dapoli,Ratnagiri
Ravi Zende,8665660261,ravizende@nexora.in,farm123,Velhe,Pune
Nitin Khedkar,8466947815,nitinkhedkar@nexora.in,farm123,Paithan,Chhatrapati Sambhajinagar (Aurangabad)
Nitin Salunkhe,6417802289,nitinsalunkhe@nexora.in,farm123,Majalgaon,Beed
Tanaji Chavhan,6155266447,tanajichavhan2@nexora.in,farm123,Nandurbar,Nandurbar
Namdev Takawale,7466610101,namdevtakawale@nexora.in,farm123,Vaijapur,Chhatrapati Sambhajinagar (Aurangabad)
Ashok Patil,9171470905,ashokpatil@nexora.in,farm123,Lakhani,Bhandara
Nitin Mahajan,6610294639,nitinmahajan@nexora.in,farm123,Osmanabad,Dharashiv (Osmanabad)
Anand Hiwale,9408849416,anandhiwale@nexora.in,farm123,Tiroda,Gondia
Hanumant Sathe,9108136390,hanumantsathe@nexora.in,farm123,Badnapur,Jalna
Prashant Jagtap,6460088004,prashantjagtap@nexora.in,farm123,Hadgaon,Nanded
Sopan Kadam,8179199204,sopankadam@nexora.in,farm123,Chiplun,Ratnagiri
Maruti Thorat,6218331268,marutithorat@nexora.in,farm123,Maan,Satara
Balasaheb Deshmukh,8248917994,balasahebdeshm@nexora.in,farm123,Georai,Beed
Dilip Kulkarni,8145684480,dilipkulkarni@nexora.in,farm123,Digras,Yavatmal
Bharat Hiwale,7228290483,bharathiwale@nexora.in,farm123,Akot,Akola
Vandana Ubale,8219584221,vandanaubale@nexora.in,farm123,Jamner,Jalgaon
Ravindra Bansode,8684744186,ravindrabansod@nexora.in,farm123,Sadak-Arjuni,Gondia
Sunanda Kadam,9524439785,sunandakadam@nexora.in,farm123,Nagbhid,Chandrapur
Anita Fadnavis,7622250466,anitafadnavis@nexora.in,farm123,Georai,Beed
Bapurao More,8181339274,bapuraomore@nexora.in,farm123,Deoni,Latur
Vasant Landge,9434684716,vasantlandge2@nexora.in,farm123,Karanja,Washim
Pooja Ubhe,7405150859,poojaubhe@nexora.in,farm123,Kagal,Kolhapur
Manohar Pawar,9064105784,manoharpawar2@nexora.in,farm123,Seloo,Wardha
Pooja Salunkhe,8996675442,poojasalunkhe@nexora.in,farm123,Mandangad,Ratnagiri
Ramchandra Mhaske,9692391033,ramchandramhas@nexora.in,farm123,Korchi,Gadchiroli
Vinod Gaikwad,9681103882,vinodgaikwad@nexora.in,farm123,Shrivardhan,Raigad
Sachin Adsul,9101995658,sachinadsul@nexora.in,farm123,Malegaon,Nashik
Balasaheb Landge,9101341952,balasaheblandg@nexora.in,farm123,Nagpur Rural,Nagpur
Bandu Thorat,8429765388,banduthorat@nexora.in,farm123,Mangalvedhe,Solapur
Usha Powar,6712911774,ushapowar@nexora.in,farm123,Sailu,Parbhani
Radhika Salunkhe,9493064653,radhikasalunkh@nexora.in,farm123,Paithan,Chhatrapati Sambhajinagar (Aurangabad)
Usha Nikam,7905587716,ushanikam@nexora.in,farm123,Navapur,Nandurbar
Maruti Ghule,6097771984,marutighule@nexora.in,farm123,Nandgaon Khandeshwar,Amravati
Suresh More,9516151458,sureshmore@nexora.in,farm123,Sakri,Dhule
Vasant Hande,6197789727,vasanthande@nexora.in,farm123,Chandgad,Kolhapur
Govind Shinde,6358695028,govindshinde@nexora.in,farm123,Dharangaon,Jalgaon
Usha Kadam,9814639723,ushakadam2@nexora.in,farm123,Paithan,Chhatrapati Sambhajinagar (Aurangabad)
Bharat Ohol,8608939301,bharatohol2@nexora.in,farm123,Mohadi,Bhandara
Bharat Rane,8586121303,bharatrane@nexora.in,farm123,Phulambri,Chhatrapati Sambhajinagar (Aurangabad)
Ganesh Jare,9876659916,ganeshjare@nexora.in,farm123,Ambarnath,Thane
Neelam Bhosale,8611225225,neelambhosale@nexora.in,farm123,Kamptee,Nagpur
Bhausaheb Jagtap,6975404713,bhausahebjagta@nexora.in,farm123,Jawhar,Palghar
Vasant Nalawade,7262377164,vasantnalawade@nexora.in,farm123,Latur,Latur
Govind Fadnavis,6274937701,govindfadnavis@nexora.in,farm123,Tasgaon,Sangli
Baban Damle,6241146179,babandamle@nexora.in,farm123,Aheri,Gadchiroli
Pooja Bhosale,9035794948,poojabhosale@nexora.in,farm123,Yavatmal,Yavatmal
Baburao Gadhave,9586196935,baburaogadhave@nexora.in,farm123,Shirpur,Dhule
Arun Ohol,9515390747,arunohol@nexora.in,farm123,Salekasa,Gondia
Baban Hiwale,8807277331,babanhiwale@nexora.in,farm123,Digras,Yavatmal
Vishal Landge,7742337311,vishallandge@nexora.in,farm123,Pauni,Bhandara
Bharat More,7107794666,bharatmore@nexora.in,farm123,Achalpur,Amravati
Tukaram Pardeshi,9974778016,tukarampardesh@nexora.in,farm123,Niphad,Nashik
Rahul Pawar,6317846184,rahulpawar@nexora.in,farm123,Naigaon,Nanded
Madhukar Kachare,9314311080,madhukarkachar2@nexora.in,farm123,Hinganghat,Wardha
Pushpa Deshmukh,6184593221,pushpadeshmukh@nexora.in,farm123,Tiroda,Gondia
Vithal Holkar,7458571570,vithalholkar@nexora.in,farm123,Paranda,Dharashiv (Osmanabad)
Tanaji Nalawade,7980080263,tanajinalawade2@nexora.in,farm123,Yeola,Nashik
Dilip Kachare,7776205914,dilipkachare@nexora.in,farm123,Nagar,Ahilyanagar (Ahmednagar)
Lata Sable,9094439310,latasable@nexora.in,farm123,Peth,Nashik
Tanaji Khedkar,8910568386,tanajikhedkar@nexora.in,farm123,Bhum,Dharashiv (Osmanabad)
Gopichand Kachare,6345998924,gopichandkacha@nexora.in,farm123,Murud,Raigad
Yogesh Zende,9449150592,yogeshzende@nexora.in,farm123,Trimbakeshwar,Nashik
Madhuri Hiwale,9718728190,madhurihiwale@nexora.in,farm123,Niphad,Nashik
Anil Kadam,9966867762,anilkadam@nexora.in,farm123,Loha,Nanded
Sunanda Chavhan,8392482667,sunandachavhan@nexora.in,farm123,Sakoli,Bhandara
Govind Mhaske,6785641939,govindmhaske@nexora.in,farm123,Dahanu,Palghar
Anita Ghadge,6485585733,anitaghadge@nexora.in,farm123,Kalamnuri,Hingoli
Pandurang Yeole,9268067414,pandurangyeole@nexora.in,farm123,Kandhar,Nanded
Vijay Bhosale,8118228693,vijaybhosale@nexora.in,farm123,Shirol,Kolhapur
Sunil Randhawa,6561242401,sunilrandhawa@nexora.in,farm123,Wadwani,Beed
Balasaheb Holkar,7374872549,balasahebholka@nexora.in,farm123,Mulchera,Gadchiroli
Rajesh Khedkar,8537691410,rajeshkhedkar@nexora.in,farm123,Bodwad,Jalgaon
Kamal Pawar,9064859176,kamalpawar2@nexora.in,farm123,Lakhandur,Bhandara
Lata Mahajan,6222967266,latamahajan@nexora.in,farm123,Shirpur,Dhule
Ishwar Chougule,7255132144,ishwarchougule2@nexora.in,farm123,Bhandara,Bhandara
Bapurao Zende,7065335414,bapuraozende@nexora.in,farm123,Ausa,Latur
Pandurang Waghmare,8377327160,pandurangwaghm@nexora.in,farm123,Mokhada,Palghar
Yogesh Damle,7826423585,yogeshdamle@nexora.in,farm123,Dhule,Dhule
Meera Mahajan,7236530413,meeramahajan@nexora.in,farm123,Khanapur,Sangli
Radhika Suryawanshi,6048879499,radhikasuryawa@nexora.in,farm123,Chandrapur,Chandrapur
Sachin Shinde,6587232705,sachinshinde@nexora.in,farm123,Wadwani,Beed
Raghunath Yeole,8037469217,raghunathyeole2@nexora.in,farm123,Sangole,Solapur
Usha Vhatkar,9199422343,ushavhatkar@nexora.in,farm123,Madha,Solapur
Baban Shelke,7339509589,babanshelke@nexora.in,farm123,Hatkanangale,Kolhapur
Santosh Ubale,8811543997,santoshubale@nexora.in,farm123,Shevgaon,Ahilyanagar (Ahmednagar)
Manohar Kulkarni,9117178743,manoharkulkarn@nexora.in,farm123,Kaij,Beed
Anita Suryawanshi,9394377328,anitasuryawans@nexora.in,farm123,Jalgaon Jamod,Buldhana
Pooja Dabhade,9413857255,poojadabhade@nexora.in,farm123,Sudhagad-Pali,Raigad
Swati Nalawade,8774798687,swatinalawade2@nexora.in,farm123,Ausa,Latur
Sopan Randhawa,6994660863,sopanrandhawa@nexora.in,farm123,Khed,Ratnagiri
Sunanda Jare,6741854095,sunandajare@nexora.in,farm123,Ambarnath,Thane
Amol Gaikwad,7452504342,amolgaikwad@nexora.in,farm123,Phulambri,Chhatrapati Sambhajinagar (Aurangabad)
Shrikant Landge,9189866766,shrikantlandge@nexora.in,farm123,Rahata,Ahilyanagar (Ahmednagar)
Mangesh Damle,9217596962,mangeshdamle@nexora.in,farm123,Deoli,Wardha
Meera Kulkarni,7349343090,meerakulkarni@nexora.in,farm123,Purna,Parbhani
Narayan Patil,6206027188,narayanpatil@nexora.in,farm123,Aurangabad,Chhatrapati Sambhajinagar (Aurangabad)
Bhausaheb Hande,9392981156,bhausahebhande@nexora.in,farm123,Shevgaon,Ahilyanagar (Ahmednagar)
Popat Ubhe,6423215329,popatubhe@nexora.in,farm123,Sakri,Dhule
Madhukar Bhagat,9664926304,madhukarbhagat@nexora.in,farm123,Dhadgaon,Nandurbar
Ravi Kale,9669627986,ravikale2@nexora.in,farm123,Kagal,Kolhapur
Shankar Joshi,7179731915,shankarjoshi2@nexora.in,farm123,Sindkheda,Dhule
Ramchandra Kadam,8979554444,ramchandrakada@nexora.in,farm123,Karad,Satara
Prakash Landge,9156882572,prakashlandge@nexora.in,farm123,Vada,Palghar
Manohar Hande,9711591886,manoharhande@nexora.in,farm123,Ambegaon,Pune
Shrikant Ghorpade,8427409736,shrikantghorpa@nexora.in,farm123,Mahad,Raigad
Neelam Salunkhe,9168488991,neelamsalunkhe@nexora.in,farm123,Jintur,Parbhani
Usha Jadhav,9870302163,ushajadhav@nexora.in,farm123,Shahuwadi,Kolhapur
Madhuri Solanke,8257616237,madhurisolanke@nexora.in,farm123,Kopargaon,Ahilyanagar (Ahmednagar)
Prashant Gawali,9395729410,prashantgawali2@nexora.in,farm123,Deulgaon Raja,Buldhana
Keshav Chougule,9946616231,keshavchougule2@nexora.in,farm123,Karjat,Ahilyanagar (Ahmednagar)
Prashant Thorat,8993924277,prashantthorat@nexora.in,farm123,Akola,Akola
Baburao Deshmukh,6413269840,baburaodeshmuk@nexora.in,farm123,Koregaon,Satara
Rupali Salunkhe,7582444557,rupalisalunkhe@nexora.in,farm123,Basmath,Hingoli
Vishal Zende,9135324256,vishalzende2@nexora.in,farm123,Dadar,Mumbai City
Nanda Dabhade,8736574161,nandadabhade2@nexora.in,farm123,Bhudargad,Kolhapur
Mangal Randhawa,7657257988,mangalrandhawa@nexora.in,farm123,Mandangad,Ratnagiri
Manisha Patil,9315899121,manishapatil@nexora.in,farm123,Mokhada,Palghar
Baburao Nalawade,8698128672,baburaonalawad@nexora.in,farm123,Deori,Gondia
Vijay Deshpande,9895877063,vijaydeshpande@nexora.in,farm123,Deoni,Latur
Seema Takawale,7657382939,seematakawale@nexora.in,farm123,Motala,Buldhana
Nitin Kale,9980019438,nitinkale@nexora.in,farm123,Khed,Ratnagiri
Keshav Rasal,9795237710,keshavrasal@nexora.in,farm123,Ambarnath,Thane
Seema Kulkarni,6655418399,seemakulkarni@nexora.in,farm123,Parseoni,Nagpur
Sunanda Thorat,8808324312,sunandathorat@nexora.in,farm123,Nevasa,Ahilyanagar (Ahmednagar)
Swati Deshmukh,8397611970,swatideshmukh@nexora.in,farm123,Murud,Raigad
Yamuna Patil,6356686468,yamunapatil2@nexora.in,farm123,Akkalkuwa,Nandurbar
Mangal Pawar,8717981839,mangalpawar@nexora.in,farm123,Patur,Akola
Ramchandra Kulkarni,9736334302,ramchandrakulk@nexora.in,farm123,Bodwad,Jalgaon
Amol Ghorpade,7227298738,amolghorpade2@nexora.in,farm123,Aundha Nagnath,Hingoli
Kailas Thorat,7336082331,kailasthorat@nexora.in,farm123,Bhiwapur,Nagpur
Kavita Solanke,6678403490,kavitasolanke@nexora.in,farm123,Katol,Nagpur
Narayan Pawar,7755490385,narayanpawar@nexora.in,farm123,Kalamnuri,Hingoli
Ramesh Gaikwad,7420315560,rameshgaikwad@nexora.in,farm123,Borivali,Mumbai Suburban
Vijay Bhagat,6372639701,vijaybhagat@nexora.in,farm123,Bhokar,Nanded
Pandurang Ubale,9273547128,pandurangubale@nexora.in,farm123,Hingoli,Hingoli
Anita Patil,7040650361,anitapatil@nexora.in,farm123,Dharmabad,Nanded
Baburao More,8693609491,baburaomore@nexora.in,farm123,Bhandara,Bhandara
Yamuna Kulkarni,6424856739,yamunakulkarni@nexora.in,farm123,Dapoli,Ratnagiri
Sarika Holkar,7740068827,sarikaholkar@nexora.in,farm123,Ulhasnagar,Thane
Baburao Landge,7533642070,baburaolandge@nexora.in,farm123,Shirol,Kolhapur
Dnyaneshwar Hande,6192548816,dnyaneshwarhan2@nexora.in,farm123,Ambarnath,Thane
Baban Takawale,6119496083,babantakawale2@nexora.in,farm123,Badnapur,Jalna
Prakash Takawale,6791380586,prakashtakawal@nexora.in,farm123,Kandhar,Nanded
Jagdish Powar,8953573896,jagdishpowar@nexora.in,farm123,Uran,Raigad
Deepak Randhawa,7710631006,deepakrandhawa2@nexora.in,farm123,Nandurbar,Nandurbar
Usha Salunkhe,8377638182,ushasalunkhe@nexora.in,farm123,Desaiganj,Gadchiroli
Shobha Rathod,8331845802,shobharathod@nexora.in,farm123,Shrivardhan,Raigad
Sachin Dhumal,7469948573,sachindhumal@nexora.in,farm123,Haveli,Pune
Prakash Randhawa,7207334796,prakashrandhaw@nexora.in,farm123,Trimbakeshwar,Nashik
Suresh Mhaske,9425385018,sureshmhaske@nexora.in,farm123,Dadar,Mumbai City
Nanda Takawale,9284587245,nandatakawale@nexora.in,farm123,Palghar,Palghar
Madhuri Dabhade,9340678123,madhuridabhade@nexora.in,farm123,Gangakhed,Parbhani
Rupali Wagh,7505048540,rupaliwagh2@nexora.in,farm123,Gangakhed,Parbhani
Yamuna Sable,8538295327,yamunasable@nexora.in,farm123,Tumsar,Bhandara
Govind Jagtap,8698149796,govindjagtap@nexora.in,farm123,Yavatmal,Yavatmal
Usha Ghadge,9136799784,ushaghadge@nexora.in,farm123,Pachora,Jalgaon
Pravin Gaikwad,7431940797,pravingaikwad@nexora.in,farm123,Murud,Raigad
Yamuna Salunkhe,8113053705,yamunasalunkhe@nexora.in,farm123,Wani,Yavatmal
Suresh Joshi,6734940583,sureshjoshi@nexora.in,farm123,Shirur-Kasar,Beed
Milind Lokhande,8601267067,milindlokhande@nexora.in,farm123,Telhara,Akola
Vithal Borate,9439618666,vithalborate@nexora.in,farm123,Patan,Satara
Raghunath Ubhe,7348207134,raghunathubhe2@nexora.in,farm123,Sadak-Arjuni,Gondia
Laxman More,8533389846,laxmanmore@nexora.in,farm123,Kalyan,Thane
Eknath Satpute,8509204269,eknathsatpute@nexora.in,farm123,Aundha Nagnath,Hingoli
Bapurao Deshpande,8827649392,bapuraodeshpan@nexora.in,farm123,Koregaon,Satara
Milind Fadnavis,9633207343,milindfadnavis@nexora.in,farm123,Warora,Chandrapur
Chhaya Sathe,6553432158,chhayasathe@nexora.in,farm123,Khuldabad,Chhatrapati Sambhajinagar (Aurangabad)
Vandana Satpute,7354397217,vandanasatpute@nexora.in,farm123,Mangrulpir,Washim
Nitin Yeole,7153791818,nitinyeole@nexora.in,farm123,Karmala,Solapur
Lata Shinde,7671074656,latashinde@nexora.in,farm123,Mangalvedhe,Solapur
Sunita Thorat,7698064556,sunitathorat@nexora.in,farm123,Talasari,Palghar
Sanjay Vhatkar,9882134521,sanjayvhatkar@nexora.in,farm123,Hatkanangale,Kolhapur
Umesh Gaikwad,8736559811,umeshgaikwad2@nexora.in,farm123,Shirur Anantpal,Latur
Maruti Vhatkar,9165084327,marutivhatkar@nexora.in,farm123,Dodamarg,Sindhudurg
Archana Ghorpade,7823725448,archanaghorpad@nexora.in,farm123,Shirur,Pune
Sanjay Shinde,9272125808,sanjayshinde@nexora.in,farm123,Dahanu,Palghar
Vasant Naikwadi,7355048822,vasantnaikwadi@nexora.in,farm123,Vengurla,Sindhudurg
Meera Deshmukh,6505238041,meeradeshmukh@nexora.in,farm123,Erandol,Jalgaon
Lata Sable,8970310668,latasable2@nexora.in,farm123,Panhala,Kolhapur
Archana Jadhav,7700059900,archanajadhav@nexora.in,farm123,Maregaon,Yavatmal
Mangal Chougule,6624259587,mangalchougule@nexora.in,farm123,Malwan,Sindhudurg
Prashant Lokhande,6746806123,prashantlokhan@nexora.in,farm123,Purna,Parbhani
Kamal Nalawade,9779295743,kamalnalawade@nexora.in,farm123,Dindori,Nashik
Keshav Bhosale,6029828974,keshavbhosale@nexora.in,farm123,Manora,Washim
Kavita Solanke,6299494399,kavitasolanke2@nexora.in,farm123,Manwath,Parbhani
Kailas Randhawa,8178522103,kailasrandhawa@nexora.in,farm123,Maval,Pune
Ravindra Bhandare,6931412662,ravindrabhanda@nexora.in,farm123,Dindori,Nashik
Seema Ghule,7017096471,seemaghule@nexora.in,farm123,Poladpur,Raigad
Sunil Vibhute,9258212461,sunilvibhute@nexora.in,farm123,Gangapur,Chhatrapati Sambhajinagar (Aurangabad)
Maruti Chavhan,8733421155,marutichavhan@nexora.in,farm123,Kagal,Kolhapur
Umesh Rathod,6411109456,umeshrathod@nexora.in,farm123,Solapur South,Solapur
Ramesh Jagtap,8141996840,rameshjagtap@nexora.in,farm123,Patur,Akola
Sarika Hande,6539877788,sarikahande@nexora.in,farm123,Dhule,Dhule
Krushna Kulkarni,7453645865,krushnakulkarn2@nexora.in,farm123,Kalamnuri,Hingoli
Bandu Kale,8030928126,bandukale@nexora.in,farm123,Deoli,Wardha
Sadashiv Rasal,7899770593,sadashivrasal@nexora.in,farm123,Fort,Mumbai City
Suresh Khedkar,9754135313,sureshkhedkar@nexora.in,farm123,Dhule,Dhule
Nanda Holkar,9880504269,nandaholkar@nexora.in,farm123,Parel,Mumbai City
Raghunath Suryawanshi,8527317217,raghunathsurya@nexora.in,farm123,Nagpur Urban,Nagpur
Nitin Waghmare,6421702743,nitinwaghmare@nexora.in,farm123,Narkhed,Nagpur
Anita Gaikwad,8688922007,anitagaikwad@nexora.in,farm123,Paithan,Chhatrapati Sambhajinagar (Aurangabad)
Pooja Nikam,6267900935,poojanikam@nexora.in,farm123,Washi,Dharashiv (Osmanabad)
Bharat Ohol,7484620414,bharatohol@nexora.in,farm123,Partur,Jalna
Ajit Suryawanshi,9377408730,ajitsuryawansh@nexora.in,farm123,Bandra,Mumbai Suburban
Bandu More,7008091128,bandumore@nexora.in,farm123,Parel,Mumbai City
Zaheer Randhawa,9697733475,zaheerrandhawa@nexora.in,farm123,Savner,Nagpur
Ramchandra Bhosale,6154321439,ramchandrabhos@nexora.in,farm123,Dadar,Mumbai City
Sunanda Rathod,7348212946,sunandarathod@nexora.in,farm123,Mhasala,Raigad
Keshav Solanke,6551361705,keshavsolanke@nexora.in,farm123,Mohadi,Bhandara
Neelam Bansode,7078141409,neelambansode@nexora.in,farm123,Paranda,Dharashiv (Osmanabad)
Jagdish Sable,6250832731,jagdishsable@nexora.in,farm123,Shegaon,Buldhana
Usha Suryawanshi,7342017493,ushasuryawansh@nexora.in,farm123,Lakhandur,Bhandara
Manohar Pardeshi,7298456912,manoharpardesh@nexora.in,farm123,Solapur North,Solapur
Popat Sathe,7821150165,popatsathe@nexora.in,farm123,Jalgaon,Jalgaon
Maruti Sathe,7580848673,marutisathe@nexora.in,farm123,Pune City,Pune
Yashwant Solanke,6875087960,yashwantsolank@nexora.in,farm123,Tasgaon,Sangli
Rupali Ghorpade,9096955407,rupalighorpade@nexora.in,farm123,Shrivardhan,Raigad
Dilip Yeole,9915885332,dilipyeole@nexora.in,farm123,Nilanga,Latur
Amol Mahajan,9076905116,amolmahajan@nexora.in,farm123,Yawal,Jalgaon
Yashwant Satpute,7346566503,yashwantsatput@nexora.in,farm123,Rajura,Chandrapur
Rekha Kale,7537236408,rekhakale@nexora.in,farm123,Zari Jamani,Yavatmal
Kailas Kale,6597672471,kailaskale@nexora.in,farm123,Hadgaon,Nanded
Balasaheb Suryawanshi,9978147992,balasahebsurya@nexora.in,farm123,Patur,Akola
Shrikant Chougule,9406183124,shrikantchougu@nexora.in,farm123,Deoni,Latur
Neelam Tupe,9032190777,neelamtupe2@nexora.in,farm123,Uran,Raigad
Prakash Pardeshi,7140567084,prakashpardesh@nexora.in,farm123,Jafrabad,Jalna
Seema Satpute,8342563263,seemasatpute@nexora.in,farm123,Kurla,Mumbai Suburban
Madhuri Bhosale,6930356347,madhuribhosale@nexora.in,farm123,Vaijapur,Chhatrapati Sambhajinagar (Aurangabad)
Shobha Bansode,8768667991,shobhabansode@nexora.in,farm123,Malegaon,Washim
Vimal Shinde,6632154482,vimalshinde@nexora.in,farm123,Sadak-Arjuni,Gondia
Kalpana Gadhave,9665744137,kalpanagadhave@nexora.in,farm123,Palam,Parbhani
Anil Sathe,8789266445,anilsathe@nexora.in,farm123,Pen,Raigad
Narayan Chougule,8543488409,narayanchougul2@nexora.in,farm123,Latur,Latur
Yashwant More,9757841420,yashwantmore2@nexora.in,farm123,Parel,Mumbai City
Kamal Shelke,8224939329,kamalshelke@nexora.in,farm123,Shahapur,Thane
Bandu Holkar,9928282232,banduholkar@nexora.in,farm123,Deori,Gondia
Narayan Zende,8448467049,narayanzende@nexora.in,farm123,Wai,Satara
Vithal Pawar,6117847346,vithalpawar@nexora.in,farm123,Arni,Yavatmal
Vinod Waghmare,6120504154,vinodwaghmare@nexora.in,farm123,Atpadi,Sangli
Krushna Jagtap,7360848800,krushnajagtap@nexora.in,farm123,Pathri,Parbhani
Ravi Gaikwad,7280815221,ravigaikwad@nexora.in,farm123,Karanja,Washim
Nanda Bhandare,6571886546,nandabhandare@nexora.in,farm123,Sangrampur,Buldhana
Sanjay Yeole,9684636889,sanjayyeole@nexora.in,farm123,Vada,Palghar
Baban Takawale,6349942038,babantakawale@nexora.in,farm123,Jat,Sangli
Manisha Damle,7692661878,manishadamle@nexora.in,farm123,Gangapur,Chhatrapati Sambhajinagar (Aurangabad)
Sindhu Deshmukh,6173681851,sindhudeshmukh@nexora.in,farm123,Mouda,Nagpur
Mangesh Fadnavis,9623089648,mangeshfadnavi@nexora.in,farm123,Chandrapur,Chandrapur
Madhuri Salunkhe,7005395334,madhurisalunkh@nexora.in,farm123,Mhasala,Raigad
Yashwant Borate,9537736551,yashwantborate@nexora.in,farm123,Jalna,Jalna
Mangal Bhosale,8498873533,mangalbhosale@nexora.in,farm123,Pathardi,Ahilyanagar (Ahmednagar)
Ishwar Mane,7076796590,ishwarmane@nexora.in,farm123,Mohol,Solapur
Kavita Dhumal,7648445619,kavitadhumal@nexora.in,farm123,Naigaon,Nanded
Krushna Kachare,6559687734,krushnakachare2@nexora.in,farm123,Mohadi,Bhandara
Vimal Rathod,9559109008,vimalrathod@nexora.in,farm123,Sengaon,Hingoli
Balasaheb Zende,9182445304,balasahebzende@nexora.in,farm123,Manora,Washim
Kiran Mahajan,8000023583,kiranmahajan@nexora.in,farm123,Nandurbar,Nandurbar
Eknath Borate,8869995772,eknathborate2@nexora.in,farm123,Vasai,Palghar
Ramesh Kale,9786753207,rameshkale@nexora.in,farm123,Aundha Nagnath,Hingoli
Ramesh Nalawade,7904304897,rameshnalawade@nexora.in,farm123,Manwath,Parbhani
Ganesh Takawale,9861154677,ganeshtakawale@nexora.in,farm123,Latur,Latur
Manisha Naikwadi,9597555345,manishanaikwad@nexora.in,farm123,Radhanagari,Kolhapur
Vasant Wagh,9925321263,vasantwagh@nexora.in,farm123,Solapur North,Solapur
Seema Kadam,9765330535,seemakadam@nexora.in,farm123,Jalgaon Jamod,Buldhana
Vimal Sable,8734357442,vimalsable@nexora.in,farm123,Mudkhed,Nanded
Rajesh Chavhan,6096469974,rajeshchavhan@nexora.in,farm123,Sakoli,Bhandara
Raghunath Sathe,9662421718,raghunathsathe@nexora.in,farm123,Pusad,Yavatmal
Milind Hiwale,8768239985,milindhiwale@nexora.in,farm123,Madha,Solapur
Keshav Takawale,7908309683,keshavtakawale@nexora.in,farm123,Pathri,Parbhani
Vishal Chougule,9747950431,vishalchougule@nexora.in,farm123,Gangapur,Chhatrapati Sambhajinagar (Aurangabad)
Sunil Deshpande,9576099554,sunildeshpande2@nexora.in,farm123,Arvi,Wardha
Bandu Chavan,8464675571,banduchavan@nexora.in,farm123,Arni,Yavatmal
Dilip Gaikwad,8087672291,dilipgaikwad@nexora.in,farm123,Shirur Anantpal,Latur
Radhika Wagh,7732243357,radhikawagh@nexora.in,farm123,Sadak-Arjuni,Gondia
Arun Vhatkar,8294906228,arunvhatkar@nexora.in,farm123,Byculla,Mumbai City
Kavita Shelke,6005632525,kavitashelke@nexora.in,farm123,Igatpuri,Nashik
Amol Ubale,9969752389,amolubale@nexora.in,farm123,Kalameshwar,Nagpur
Maruti Yeole,7840149722,marutiyeole@nexora.in,farm123,Dharur,Beed
Keshav Thorat,7516301027,keshavthorat@nexora.in,farm123,Poladpur,Raigad
Shobha Suryawanshi,6362106250,shobhasuryawan@nexora.in,farm123,Colaba,Mumbai City
Shivaji Vibhute,7099394333,shivajivibhute@nexora.in,farm123,Mul,Chandrapur
Sunil Jagtap,9531477595,suniljagtap@nexora.in,farm123,Sindewahi,Chandrapur
Kavita Zaware,7309859883,kavitazaware2@nexora.in,farm123,Deori,Gondia
Keshav Sable,9172862806,keshavsable@nexora.in,farm123,Guhagar,Ratnagiri
Keshav Hande,7620969741,keshavhande@nexora.in,farm123,Bhamragad,Gadchiroli
Yamuna Bansode,8716084384,yamunabansode@nexora.in,farm123,Majalgaon,Beed
Baburao Borate,7593906749,baburaoborate@nexora.in,farm123,Mouda,Nagpur
Govind Ghadge,6097522500,govindghadge@nexora.in,farm123,Mehkar,Buldhana
Anita Bhandare,8390095284,anitabhandare@nexora.in,farm123,Barshitakli,Akola
Krushna Sathe,6739806692,krushnasathe@nexora.in,farm123,Umarkhed,Yavatmal
Vinod Joshi,7857374509,vinodjoshi@nexora.in,farm123,Mokhada,Palghar
Deepak Zaware,7265958090,deepakzaware@nexora.in,farm123,Ratnagiri,Ratnagiri
Snehal Takawale,8122557590,snehaltakawale@nexora.in,farm123,Jafrabad,Jalna
Neelam Ghule,8692200713,neelamghule@nexora.in,farm123,Korpana,Chandrapur
Neelam Tupe,7910846962,neelamtupe@nexora.in,farm123,Malwan,Sindhudurg
Namdev Joshi,9161616387,namdevjoshi@nexora.in,farm123,Deori,Gondia
Sushila Ghorpade,9877744848,sushilaghorpad@nexora.in,farm123,Ballarpur,Chandrapur
Ramchandra Fadnavis,7751182015,ramchandrafadn@nexora.in,farm123,Kurla,Mumbai Suburban
Dnyaneshwar Dabhade,7011337099,dnyaneshwardab@nexora.in,farm123,Manwath,Parbhani
Umesh Gaikwad,6753432782,umeshgaikwad@nexora.in,farm123,Patoda,Beed
Balasaheb Kadam,7006323553,balasahebkadam3@nexora.in,farm123,Sindkheda,Dhule
Sunil Chavan,6038726280,sunilchavan@nexora.in,farm123,Murbad,Thane
Ravi Zaware,8371779305,ravizaware@nexora.in,farm123,Lakhani,Bhandara
Shrikant Zaware,6694786851,shrikantzaware@nexora.in,farm123,Phaltan,Satara
Shobha Joshi,6487430929,shobhajoshi2@nexora.in,farm123,Desaiganj,Gadchiroli
Anand Deshmukh,7404601980,ananddeshmukh@nexora.in,farm123,Shahapur,Thane
Rajesh Salunkhe,8869985566,rajeshsalunkhe@nexora.in,farm123,Pathardi,Ahilyanagar (Ahmednagar)
Krushna Lokhande,9012771974,krushnalokhand@nexora.in,farm123,Hatkanangale,Kolhapur
Amol Bhosale,9352190496,amolbhosale2@nexora.in,farm123,Sindewahi,Chandrapur
Vasant Landge,6892370364,vasantlandge@nexora.in,farm123,Khuldabad,Chhatrapati Sambhajinagar (Aurangabad)
Vimal Deshmukh,6829806228,vimaldeshmukh@nexora.in,farm123,Gadhinglaj,Kolhapur
Vishal Naikwadi,6416728329,vishalnaikwadi@nexora.in,farm123,Warora,Chandrapur
Shrikant Pawar,9772807826,shrikantpawar@nexora.in,farm123,Andheri,Mumbai Suburban
Sushila Mahajan,8046523526,sushilamahajan@nexora.in,farm123,Nevasa,Ahilyanagar (Ahmednagar)
Raghunath Yeole,6970962626,raghunathyeole@nexora.in,farm123,Kudal,Sindhudurg
Archana Chavan,6674648161,archanachavan@nexora.in,farm123,Shrivardhan,Raigad
Uttam Gaikwad,8439185356,uttamgaikwad@nexora.in,farm123,Sakoli,Bhandara
Swati Chavhan,7845646745,swatichavhan@nexora.in,farm123,Kelapur,Yavatmal
Tanaji Kale,9980625640,tanajikale@nexora.in,farm123,Bhandara,Bhandara
Deepak Hande,7656454619,deepakhande@nexora.in,farm123,Kalamnuri,Hingoli
Manohar Pawar,7172995295,manoharpawar@nexora.in,farm123,Pauni,Bhandara
Sarika Fadnavis,7684802828,sarikafadnavis@nexora.in,farm123,Fort,Mumbai City
Shankar Landge,9798445862,shankarlandge@nexora.in,farm123,Desaiganj,Gadchiroli
Vinod Fadnavis,7215538495,vinodfadnavis@nexora.in,farm123,Karanja,Wardha
Shivaji Kulkarni,8693411790,shivajikulkarn@nexora.in,farm123,Soegaon,Chhatrapati Sambhajinagar (Aurangabad)
Balasaheb Patil,6609230640,balasahebpatil@nexora.in,farm123,Mahabaleshwar,Satara
Raghunath Solanke,8052256958,raghunathsolan@nexora.in,farm123,Ambarnath,Thane
Sunil Ohol,9739821116,sunilohol@nexora.in,farm123,Kelapur,Yavatmal
Narayan Salunkhe,7603877542,narayansalunkh@nexora.in,farm123,Kalameshwar,Nagpur
Kavita Ubhe,8537999766,kavitaubhe@nexora.in,farm123,Hingoli,Hingoli
Vishal Gaikwad,6950085692,vishalgaikwad@nexora.in,farm123,Murtajapur,Akola
Anil Damle,6774013719,anildamle@nexora.in,farm123,Hingoli,Hingoli
Balasaheb Randhawa,8264700340,balasahebrandh@nexora.in,farm123,Jafrabad,Jalna
Rahul Gawali,6836234848,rahulgawali@nexora.in,farm123,Jaoli,Satara
Sindhu Jare,8377649680,sindhujare@nexora.in,farm123,Karjat,Raigad
Chhaya Randhawa,9294343438,chhayarandhawa2@nexora.in,farm123,Udgir,Latur
Krushna Wagh,7055038634,krushnawagh@nexora.in,farm123,Koregaon,Satara
Santosh Kulkarni,7583171621,santoshkulkarn@nexora.in,farm123,Akot,Akola
Sushila Sathe,8460090122,sushilasathe@nexora.in,farm123,Shirpur,Dhule
Baburao Adsul,6154534410,baburaoadsul@nexora.in,farm123,Soegaon,Chhatrapati Sambhajinagar (Aurangabad)
Shivaji Dabhade,6662698387,shivajidabhade@nexora.in,farm123,Pandharpur,Solapur
Sunil Thorat,8280713877,sunilthorat@nexora.in,farm123,Kurla,Mumbai Suburban
Rajesh Bhandare,8904210629,rajeshbhandare@nexora.in,farm123,Gondpimpri,Chandrapur
Rajendra Borate,6586603476,rajendraborate2@nexora.in,farm123,Partur,Jalna
Krushna Deshpande,8717265098,krushnadeshpan@nexora.in,farm123,Karanja,Washim
Ganesh Waghmare,7838217414,ganeshwaghmare2@nexora.in,farm123,Nagpur Rural,Nagpur
Pravin Pawar,9831108591,pravinpawar@nexora.in,farm123,Barshitakli,Akola
Tukaram Chavan,8503626535,tukaramchavan@nexora.in,farm123,Chandgad,Kolhapur
Arun Hiwale,7401962834,arunhiwale2@nexora.in,farm123,Shirala,Sangli
Keshav Joshi,9218010885,keshavjoshi@nexora.in,farm123,Kalyan,Thane
Ajit Mane,8500717185,ajitmane@nexora.in,farm123,Mudkhed,Nanded
Sachin Rathod,6788485575,sachinrathod2@nexora.in,farm123,Mangalvedhe,Solapur
Ajit More,6235843522,ajitmore@nexora.in,farm123,Biloli,Nanded
Ramchandra Mahajan,6500580396,ramchandramaha@nexora.in,farm123,Ambajogai,Beed
Tanaji Suryawanshi,9380980067,tanajisuryawan@nexora.in,farm123,Mandangad,Ratnagiri
Gopal Vhatkar,7724171447,gopalvhatkar@nexora.in,farm123,Chalisgaon,Jalgaon
Maruti Yeole,8047996741,marutiyeole2@nexora.in,farm123,Kankavli,Sindhudurg
Jagdish Jagtap,8552610916,jagdishjagtap2@nexora.in,farm123,Dharur,Beed
Keshav Chavhan,7589638873,keshavchavhan@nexora.in,farm123,Kelapur,Yavatmal
Ganesh Landge,6785275723,ganeshlandge@nexora.in,farm123,Sonpeth,Parbhani
Tanaji Pawar,9394585071,tanajipawar@nexora.in,farm123,Chandgad,Kolhapur
Ashok Pawar,8148232469,ashokpawar@nexora.in,farm123,Sangameshwar,Ratnagiri
Sindhu Hiwale,7824968546,sindhuhiwale@nexora.in,farm123,Baramati,Pune
Chandrakant Hande,8397224641,chandrakanthan@nexora.in,farm123,Khandala,Satara
Keshav Pardeshi,7247679634,keshavpardeshi@nexora.in,farm123,Aurangabad,Chhatrapati Sambhajinagar (Aurangabad)
Sunanda Patil,7075110315,sunandapatil@nexora.in,farm123,Risod,Washim
Bhausaheb Holkar,7418254303,bhausahebholka@nexora.in,farm123,Mohadi,Bhandara
Bhausaheb Yeole,7237262148,bhausahebyeole@nexora.in,farm123,Peth,Nashik
Deepak Kadam,9437960971,deepakkadam@nexora.in,farm123,Kalamb,Dharashiv (Osmanabad)
Kiran Ubhe,9182466589,kiranubhe@nexora.in,farm123,Mouda,Nagpur
Yogesh Patil,9451462001,yogeshpatil@nexora.in,farm123,Nevasa,Ahilyanagar (Ahmednagar)
Ishwar Pardeshi,8142215128,ishwarpardeshi@nexora.in,farm123,Tasgaon,Sangli
Kalpana Dhumal,7866218987,kalpanadhumal2@nexora.in,farm123,Partur,Jalna
Gopal Damle,7466049710,gopaldamle@nexora.in,farm123,Tala,Raigad
Kalpana Dhumal,7124769843,kalpanadhumal@nexora.in,farm123,Talode,Nandurbar
Maruti Jadhav,8805697290,marutijadhav@nexora.in,farm123,Ardhapur,Nanded
Yamuna Pardeshi,9465956099,yamunapardeshi@nexora.in,farm123,Chamorshi,Gadchiroli
Sunanda Kulkarni,7407857663,sunandakulkarn@nexora.in,farm123,Ambad,Jalna
Dattatray Nalawade,9714856819,dattatraynalaw@nexora.in,farm123,Akot,Akola
Rupali Sable,8934917540,rupalisable@nexora.in,farm123,Sakoli,Bhandara
Narayan Chougule,9152270428,narayanchougul@nexora.in,farm123,Lanja,Ratnagiri
Popat Yeole,9265498101,popatyeole@nexora.in,farm123,Mukhed,Nanded
Laxman Damle,8120677410,laxmandamle@nexora.in,farm123,Roha,Raigad
Vijay Thorat,8529678349,vijaythorat@nexora.in,farm123,Sudhagad-Pali,Raigad
Vasudev Sathe,8699845050,vasudevsathe@nexora.in,farm123,Ralegaon,Yavatmal
Kailas Patil,7192787680,kailaspatil@nexora.in,farm123,Tumsar,Bhandara
Dattatray Bhandare,6485403304,dattatraybhand@nexora.in,farm123,Sawantwadi,Sindhudurg
Dnyaneshwar Fadnavis,9310727593,dnyaneshwarfad@nexora.in,farm123,Uran,Raigad
Anand Ubale,6881167158,anandubale@nexora.in,farm123,Mangrulpir,Washim
Gopichand Jagtap,7814660721,gopichandjagta@nexora.in,farm123,Chamorshi,Gadchiroli
Bharat Randhawa,9974655495,bharatrandhawa@nexora.in,farm123,Vengurla,Sindhudurg
Pooja Shinde,7753010793,poojashinde@nexora.in,farm123,Junnar,Pune
Shobha Wagh,7631610790,shobhawagh2@nexora.in,farm123,Manwath,Parbhani
Rahul Zaware,6437835722,rahulzaware@nexora.in,farm123,Purna,Parbhani
Kiran Mane,7242590338,kiranmane3@nexora.in,farm123,Palus,Sangli
Prashant Waghmare,8575896885,prashantwaghma@nexora.in,farm123,Byculla,Mumbai City
Pandurang Ghule,9984848459,pandurangghule@nexora.in,farm123,Hingoli,Hingoli
Gopal Lokhande,9353148885,gopallokhande2@nexora.in,farm123,Lakhandur,Bhandara
Ishwar Shinde,6284366517,ishwarshinde@nexora.in,farm123,Sakri,Dhule
Rupali Borate,8154130123,rupaliborate@nexora.in,farm123,Kalamb,Yavatmal
Manohar Sable,9028954660,manoharsable@nexora.in,farm123,Biloli,Nanded
Kalpana Pardeshi,7943202403,kalpanapardesh@nexora.in,farm123,Vengurla,Sindhudurg
Pooja Pawar,9142097570,poojapawar@nexora.in,farm123,Dadar,Mumbai City
Ishwar Rasal,8455364077,ishwarrasal@nexora.in,farm123,Bhusawal,Jalgaon
Seema Naikwadi,7413690565,seemanaikwadi2@nexora.in,farm123,Dhule,Dhule
Sachin Dabhade,6988549107,sachindabhade@nexora.in,farm123,Wadwani,Beed
Seema Lokhande,8522315544,seemalokhande@nexora.in,farm123,Digras,Yavatmal
Anil Mhaske,9119579282,anilmhaske2@nexora.in,farm123,Wani,Yavatmal
Shrikant Kadam,9164405837,shrikantkadam@nexora.in,farm123,Mangrulpir,Washim
Namdev Rane,8251056195,namdevrane@nexora.in,farm123,Chandrapur,Chandrapur
Mangal Chavhan,6471425204,mangalchavhan@nexora.in,farm123,Akkalkuwa,Nandurbar
Vithal Deshpande,6149920445,vithaldeshpand@nexora.in,farm123,Radhanagari,Kolhapur
Maruti Powar,8381780986,marutipowar@nexora.in,farm123,Kalamnuri,Hingoli
Kiran Mane,8321147606,kiranmane2@nexora.in,farm123,Naigaon,Nanded
Tanaji Nikam,9900462471,tanajinikam@nexora.in,farm123,Shirur Anantpal,Latur
Anand Jadhav,9766071784,anandjadhav@nexora.in,farm123,Nagpur Urban,Nagpur
Sunil Tupe,6214023395,suniltupe@nexora.in,farm123,Maan,Satara
Sanjay More,6434205273,sanjaymore@nexora.in,farm123,Ralegaon,Yavatmal
Lata Jare,9464624325,latajare@nexora.in,farm123,Barshitakli,Akola
Hanumant Hande,6217990271,hanumanthande@nexora.in,farm123,Hadgaon,Nanded
Manisha Damle,6538350887,manishadamle2@nexora.in,farm123,Saoli,Chandrapur
Pooja Rasal,7423806197,poojarasal@nexora.in,farm123,Kalamnuri,Hingoli
Rajendra Mane,7175433599,rajendramane@nexora.in,farm123,Beed,Beed
Uttam Dabhade,8698066697,uttamdabhade@nexora.in,farm123,Desaiganj,Gadchiroli
Namdev Chavan,8087983842,namdevchavan@nexora.in,farm123,Risod,Washim
Sunanda Zende,6503395107,sunandazende@nexora.in,farm123,Bhadravati,Chandrapur
Vishal Yeole,9341810223,vishalyeole@nexora.in,farm123,Sudhagad-Pali,Raigad
Laxman Sathe,6186907669,laxmansathe@nexora.in,farm123,Etapalli,Gadchiroli
Chhaya Damle,6521541032,chhayadamle@nexora.in,farm123,Motala,Buldhana
Sunil Rasal,7364577897,sunilrasal@nexora.in,farm123,Jaoli,Satara
Anita Jare,8640814516,anitajare@nexora.in,farm123,Deoli,Wardha
Kalpana Kulkarni,9231264506,kalpanakulkarn@nexora.in,farm123,Borivali,Mumbai Suburban
Baburao Ubale,8038604595,baburaoubale@nexora.in,farm123,Loha,Nanded
Deepak More,7959294878,deepakmore2@nexora.in,farm123,Nilanga,Latur
Sushila Nalawade,6801889029,sushilanalawad@nexora.in,farm123,Borivali,Mumbai Suburban
Vithal Sable,8044577769,vithalsable@nexora.in,farm123,Chakur,Latur
Ganesh Fadnavis,9328673056,ganeshfadnavis@nexora.in,farm123,Colaba,Mumbai City
Swati Ghorpade,8321039357,swatighorpade@nexora.in,farm123,Gaganbawada,Kolhapur
Vijay Ohol,7077864183,vijayohol@nexora.in,farm123,Telhara,Akola
Dnyaneshwar Borate,7901340362,dnyaneshwarbor@nexora.in,farm123,Vaibhavwadi,Sindhudurg
Jagdish Jadhav,8314663377,jagdishjadhav@nexora.in,farm123,Khatav,Satara
Vandana Pardeshi,9285983568,vandanapardesh@nexora.in,farm123,Jalna,Jalna
Ravi Yeole,9184141016,raviyeole@nexora.in,farm123,Kavathemahankal,Sangli
Vijay Landge,6766214655,vijaylandge@nexora.in,farm123,Nevasa,Ahilyanagar (Ahmednagar)
Vinod Gawali,6432719274,vinodgawali@nexora.in,farm123,Manora,Washim
Balasaheb Gadhave,9123977674,balasahebgadha@nexora.in,farm123,Kalwan,Nashik
Gopal Mahajan,6644743619,gopalmahajan2@nexora.in,farm123,Sawantwadi,Sindhudurg
Rupali Gadhave,8540110381,rupaligadhave@nexora.in,farm123,Erandol,Jalgaon
Pandurang Mane,9031313605,pandurangmane@nexora.in,farm123,Dhule,Dhule
Kavita Zaware,8526698387,kavitazaware@nexora.in,farm123,Vaijapur,Chhatrapati Sambhajinagar (Aurangabad)
Deepak Kulkarni,8493652530,deepakkulkarni@nexora.in,farm123,Pombhurna,Chandrapur
Raghunath Waghmare,8449215548,raghunathwaghm@nexora.in,farm123,Shirpur,Dhule
Yashwant Thorat,8479815124,yashwantthorat@nexora.in,farm123,Pen,Raigad
Manohar Shinde,6627940364,manoharshinde2@nexora.in,farm123,Paithan,Chhatrapati Sambhajinagar (Aurangabad)
Kavita Randhawa,8241326230,kavitarandhawa@nexora.in,farm123,Salekasa,Gondia
Sindhu Ghule,7943070543,sindhughule@nexora.in,farm123,Kuhi,Nagpur
Rahul Zende,9014478905,rahulzende@nexora.in,farm123,Malkapur,Buldhana
Ajit Kadam,7648869462,ajitkadam@nexora.in,farm123,Nevasa,Ahilyanagar (Ahmednagar)
Archana Ohol,7705020556,archanaohol@nexora.in,farm123,Mangaon,Raigad
Sopan Ghorpade,8534757780,sopanghorpade@nexora.in,farm123,Borivali,Mumbai Suburban
Rajesh Sathe,9057608318,rajeshsathe@nexora.in,farm123,Amgaon,Gondia
Chandrakant More,7973117767,chandrakantmor@nexora.in,farm123,Satara,Satara
Tanaji Deshpande,6631872113,tanajideshpand@nexora.in,farm123,Jalna,Jalna
Vimal Bansode,9074087207,vimalbansode2@nexora.in,farm123,Shrigonda,Ahilyanagar (Ahmednagar)
Sunil Gaikwad,6376465311,sunilgaikwad2@nexora.in,farm123,Bhiwandi,Thane
Ravindra Solanke,9620850566,ravindrasolank@nexora.in,farm123,Sailu,Parbhani
Vithal Gaikwad,9341430920,vithalgaikwad@nexora.in,farm123,Kankavli,Sindhudurg
Keshav Randhawa,9323031637,keshavrandhawa@nexora.in,farm123,Parbhani,Parbhani
Baburao Landge,9456552668,baburaolandge2@nexora.in,farm123,Vikramgad,Palghar
Vijay Satpute,6854809943,vijaysatpute@nexora.in,farm123,Kadegaon,Sangli
Shankar Wagh,8888005970,shankarwagh@nexora.in,farm123,Motala,Buldhana
Uttam Waghmare,7702634176,uttamwaghmare@nexora.in,farm123,Shevgaon,Ahilyanagar (Ahmednagar)
Sindhu Lokhande,9373870052,sindhulokhande@nexora.in,farm123,Thane,Thane
Jagdish Suryawanshi,8048205254,jagdishsuryawa@nexora.in,farm123,Kalamnuri,Hingoli
Gopichand Mahajan,6230357783,gopichandmahaj@nexora.in,farm123,Lakhani,Bhandara
Kavita Waghmare,6322124303,kavitawaghmare@nexora.in,farm123,Umarga,Dharashiv (Osmanabad)
Prashant Naikwadi,6458779087,prashantnaikwa@nexora.in,farm123,Deoli,Wardha
Hanumant Nalawade,9955194324,hanumantnalawa@nexora.in,farm123,Malshiras,Solapur
Ramchandra Kale,7850056699,ramchandrakale@nexora.in,farm123,Kalamnuri,Hingoli
Kavita Ghorpade,9719663963,kavitaghorpade@nexora.in,farm123,Mahad,Raigad
Zaheer Bhosale,9514132669,zaheerbhosale@nexora.in,farm123,Amravati,Amravati
Zaheer Salunkhe,7604939157,zaheersalunkhe2@nexora.in,farm123,Dadar,Mumbai City
Ravi Bhandare,7417445761,ravibhandare@nexora.in,farm123,Jalna,Jalna
Rajendra Powar,8051523606,rajendrapowar2@nexora.in,farm123,Maval,Pune
Pooja Kadam,8609235756,poojakadam@nexora.in,farm123,Akot,Akola
Vijay Takawale,7118437198,vijaytakawale2@nexora.in,farm123,Lakhandur,Bhandara
Bandu Pawar,6403770925,bandupawar@nexora.in,farm123,Lakhandur,Bhandara
Keshav Naikwadi,8090358445,keshavnaikwadi@nexora.in,farm123,Kalamnuri,Hingoli
Namdev Borate,6255671032,namdevborate@nexora.in,farm123,Ahmedpur,Latur
Narayan Ohol,6591945070,narayanohol@nexora.in,farm123,Chikhaldara,Amravati
Mangesh Dabhade,6873739159,mangeshdabhade@nexora.in,farm123,Sindewahi,Chandrapur
Uttam Borate,8765974070,uttamborate@nexora.in,farm123,Sironcha,Gadchiroli
Rajendra Damle,9832664286,rajendradamle@nexora.in,farm123,Trimbakeshwar,Nashik
Baban Hande,6268569750,babanhande@nexora.in,farm123,Shahuwadi,Kolhapur
Yashwant More,8353183992,yashwantmore@nexora.in,farm123,Dhamangaon,Amravati
Maruti Sable,6630381232,marutisable@nexora.in,farm123,Muktainagar,Jalgaon
Yashwant Shelke,9221736433,yashwantshelke@nexora.in,farm123,Jafrabad,Jalna
Vasant Bhosale,9930723933,vasantbhosale@nexora.in,farm123,Jaoli,Satara
Manohar Rasal,6808993364,manoharrasal@nexora.in,farm123,Gadchiroli,Gadchiroli
Popat Ubhe,8783485591,popatubhe2@nexora.in,farm123,Motala,Buldhana
Prashant Zende,9583391864,prashantzende@nexora.in,farm123,Parel,Mumbai City
Eknath Rane,9482133964,eknathrane@nexora.in,farm123,Erandol,Jalgaon
Kamal Ohol,8789309234,kamalohol@nexora.in,farm123,Akkalkuwa,Nandurbar
Vinod Bansode,8350310999,vinodbansode@nexora.in,farm123,Sakoli,Bhandara
Hanumant Jagtap,7081484624,hanumantjagtap@nexora.in,farm123,Murtajapur,Akola
Yogesh Satpute,8746681450,yogeshsatpute@nexora.in,farm123,Deola,Nashik
Anita Shelke,6581009949,anitashelke@nexora.in,farm123,Dhule,Dhule
Manisha Bhandare,9757194914,manishabhandar@nexora.in,farm123,Malegaon,Washim
Umesh Adsul,9903219070,umeshadsul@nexora.in,farm123,Sangrampur,Buldhana
Sadashiv Dhumal,9579291848,sadashivdhumal@nexora.in,farm123,Lohara,Dharashiv (Osmanabad)
Jagdish Tupe,6640263783,jagdishtupe2@nexora.in,farm123,Colaba,Mumbai City
Vasant Adsul,8747113702,vasantadsul2@nexora.in,farm123,Gaganbawada,Kolhapur
Vandana Bhandare,7416264954,vandanabhandar@nexora.in,farm123,Sawantwadi,Sindhudurg
Ishwar Chougule,6593034174,ishwarchougule@nexora.in,farm123,Gadchiroli,Gadchiroli
Suresh Hande,6668760678,sureshhande2@nexora.in,farm123,Udgir,Latur
Eknath Deshpande,8660086673,eknathdeshpand@nexora.in,farm123,Deoli,Wardha
Kailas Wagh,6185718756,kailaswagh@nexora.in,farm123,Guhagar,Ratnagiri
Suresh Waghmare,7978678775,sureshwaghmare2@nexora.in,farm123,Kavathemahankal,Sangli
Bandu Bhandare,6096479778,bandubhandare@nexora.in,farm123,Chandur,Amravati
Kailas Wagh,7238757520,kailaswagh2@nexora.in,farm123,Goregaon,Gondia
Bapurao Lokhande,7048559277,bapuraolokhand@nexora.in,farm123,Kamptee,Nagpur
Shrikant Landge,8499528964,shrikantlandge2@nexora.in,farm123,Naigaon,Nanded
Madhukar Yadav,6593211254,madhukaryadav@nexora.in,farm123,Bhandara,Bhandara
Ramchandra Vhatkar,7310385756,ramchandravhat@nexora.in,farm123,Dodamarg,Sindhudurg
Tanaji Joshi,6238574182,tanajijoshi@nexora.in,farm123,Satara,Satara
Rajendra Satpute,8516635605,rajendrasatput@nexora.in,farm123,Akkalkot,Solapur
Ravi Kulkarni,8085134769,ravikulkarni@nexora.in,farm123,Borivali,Mumbai Suburban
Kalpana Nalawade,8471580835,kalpananalawad@nexora.in,farm123,Ghansawangi,Jalna
Ramesh Zende,6351527516,rameshzende@nexora.in,farm123,Vikramgad,Palghar
Sushila Chavhan,7474744333,sushilachavhan@nexora.in,farm123,Samudrapur,Wardha
Chandrakant Khedkar,8698223890,chandrakantkhe2@nexora.in,farm123,Colaba,Mumbai City
Umesh Mahajan,7471746424,umeshmahajan@nexora.in,farm123,Akkalkuwa,Nandurbar
Keshav Lokhande,6786741700,keshavlokhande@nexora.in,farm123,Babhulgaon,Yavatmal
Sadashiv Gawali,9457613581,sadashivgawali@nexora.in,farm123,Dindori,Nashik
Jyoti Chavhan,9457457210,jyotichavhan@nexora.in,farm123,Ashti,Wardha
Arun More,6865403390,arunmore@nexora.in,farm123,Ratnagiri,Ratnagiri
Nitin Bhagat,6492245600,nitinbhagat@nexora.in,farm123,Byculla,Mumbai City
Bharat Sathe,7716235422,bharatsathe@nexora.in,farm123,Bandra,Mumbai Suburban
Kiran Kadam,6311303354,kirankadam@nexora.in,farm123,Arvi,Wardha
Kamal Chavan,6768575689,kamalchavan@nexora.in,farm123,Shrirampur,Ahilyanagar (Ahmednagar)
Sunil Satpute,9415097574,sunilsatpute@nexora.in,farm123,Sadak-Arjuni,Gondia
Arun Pawar,8018401900,arunpawar2@nexora.in,farm123,Dharur,Beed
Tanaji Sathe,7840320650,tanajisathe@nexora.in,farm123,Jalna,Jalna
Chandrakant Tupe,6342775944,chandrakanttup@nexora.in,farm123,Koregaon,Satara
Tukaram Kulkarni,8375052296,tukaramkulkarn@nexora.in,farm123,Mahad,Raigad
Neelam Gadhave,9433655631,neelamgadhave@nexora.in,farm123,Nandurbar,Nandurbar
Manohar Rane,7232914120,manoharrane@nexora.in,farm123,Dadar,Mumbai City
Sachin Nikam,7794970239,sachinnikam@nexora.in,farm123,Maval,Pune
Keshav Jadhav,8039891463,keshavjadhav@nexora.in,farm123,Parel,Mumbai City
Chandrakant Naikwadi,6999353605,chandrakantnai@nexora.in,farm123,Motala,Buldhana
Prashant Khedkar,8059768439,prashantkhedka@nexora.in,farm123,Bhum,Dharashiv (Osmanabad)
Govind Kulkarni,8773027233,govindkulkarni@nexora.in,farm123,Phulambri,Chhatrapati Sambhajinagar (Aurangabad)
Madhuri Ghule,9714774744,madhurighule@nexora.in,farm123,Parli,Beed
Ajit Bhosale,9385348792,ajitbhosale2@nexora.in,farm123,Basmath,Hingoli
Vinod Kachare,9101426564,vinodkachare@nexora.in,farm123,Bhum,Dharashiv (Osmanabad)
Anita Bhagat,6518636014,anitabhagat@nexora.in,farm123,Gadhinglaj,Kolhapur
Dnyaneshwar Hande,6680127172,dnyaneshwarhan@nexora.in,farm123,Mangrulpir,Washim
Shobha Dhumal,7863230984,shobhadhumal@nexora.in,farm123,Thane,Thane
Mangal Pardeshi,9845704358,mangalpardeshi@nexora.in,farm123,Jalkot,Latur
Radhika Chougule,7157425470,radhikachougul@nexora.in,farm123,Kinwat,Nanded
Ramchandra Pardeshi,8176677490,ramchandrapard@nexora.in,farm123,Erandol,Jalgaon
Usha Lokhande,6413297415,ushalokhande3@nexora.in,farm123,Hatkanangale,Kolhapur
Kamal Yeole,6352687399,kamalyeole@nexora.in,farm123,Bodwad,Jalgaon
Gopal Borate,8222013912,gopalborate@nexora.in,farm123,Koregaon,Satara
Kamal Naikwadi,9140189084,kamalnaikwadi@nexora.in,farm123,Lakhandur,Bhandara
Shivaji Bansode,8274849357,shivajibansode@nexora.in,farm123,Lakhani,Bhandara
Anita Gawali,6566748645,anitagawali2@nexora.in,farm123,Dharni,Amravati
Chhaya Waghmare,7994544853,chhayawaghmare@nexora.in,farm123,Karjat,Ahilyanagar (Ahmednagar)
Ramchandra Suryawanshi,7640827462,ramchandrasury@nexora.in,farm123,Sudhagad-Pali,Raigad
Anita Ghadge,8040439161,anitaghadge2@nexora.in,farm123,Pombhurna,Chandrapur
Chhaya Naikwadi,8499319200,chhayanaikwadi@nexora.in,farm123,Bandra,Mumbai Suburban
Jagdish Ghadge,9426945205,jagdishghadge@nexora.in,farm123,Gondpimpri,Chandrapur
Sushila Lokhande,8106216596,sushilalokhand@nexora.in,farm123,Nilanga,Latur
Anil Rathod,9045965908,anilrathod@nexora.in,farm123,Gadhinglaj,Kolhapur
Tanaji Waghmare,8342957910,tanajiwaghmare@nexora.in,farm123,Mahabaleshwar,Satara
Nanda Naikwadi,6932131650,nandanaikwadi@nexora.in,farm123,Vengurla,Sindhudurg
Mangal Chavan,7430012271,mangalchavan2@nexora.in,farm123,Sangamner,Ahilyanagar (Ahmednagar)
Maruti Ghadge,9493983414,marutighadge@nexora.in,farm123,Talode,Nandurbar
Baban Salunkhe,7184105432,babansalunkhe@nexora.in,farm123,Washi,Dharashiv (Osmanabad)
Dnyaneshwar Sable,9900971351,dnyaneshwarsab@nexora.in,farm123,Kalyan,Thane
Narayan Holkar,8402779030,narayanholkar@nexora.in,farm123,Deglur,Nanded
Kailas Ghule,7873562065,kailasghule@nexora.in,farm123,Bhokar,Nanded
Vijay Takawale,6829741023,vijaytakawale@nexora.in,farm123,Karjat,Raigad
Bhausaheb Kadam,9420563121,bhausahebkadam@nexora.in,farm123,Navapur,Nandurbar
Jyoti Satpute,8715895964,jyotisatpute@nexora.in,farm123,Kadegaon,Sangli
Yamuna Gadhave,8406085616,yamunagadhave2@nexora.in,farm123,Chandgad,Kolhapur
Rajendra Borate,6130950718,rajendraborate@nexora.in,farm123,Risod,Washim
Santosh Powar,9783021870,santoshpowar@nexora.in,farm123,Purna,Parbhani
Snehal Ghule,7010415002,snehalghule@nexora.in,farm123,Nevasa,Ahilyanagar (Ahmednagar)
Sachin Jagtap,9765382483,sachinjagtap@nexora.in,farm123,Beed,Beed
Chhaya Gawali,6560048941,chhayagawali@nexora.in,farm123,Kalamnuri,Hingoli
Anita Kachare,6640607351,anitakachare@nexora.in,farm123,Palus,Sangli
Yogesh Bhandare,7737667057,yogeshbhandare@nexora.in,farm123,Sangameshwar,Ratnagiri
Bapurao Bhandare,9382886756,bapuraobhandar@nexora.in,farm123,Narkhed,Nagpur
Chhaya Kulkarni,7295087322,chhayakulkarni@nexora.in,farm123,Sailu,Parbhani
Namdev Shelke,7743213622,namdevshelke@nexora.in,farm123,Mangrulpir,Washim
Sadashiv Joshi,6868697014,sadashivjoshi@nexora.in,farm123,Samudrapur,Wardha
Anil Jagtap,7068166851,aniljagtap@nexora.in,farm123,Rahuri,Ahilyanagar (Ahmednagar)
Madhuri Vhatkar,8966166244,madhurivhatkar@nexora.in,farm123,Karanja,Washim
Govind Waghmare,7954154214,govindwaghmare@nexora.in,farm123,Gaganbawada,Kolhapur
Dattatray More,7526047681,dattatraymore@nexora.in,farm123,Arjuni-Morgaon,Gondia
Pandurang More,9995132134,pandurangmore@nexora.in,farm123,Miraj,Sangli
Kavita Adsul,9750792087,kavitaadsul@nexora.in,farm123,Jintur,Parbhani
Chhaya Bhagat,6472670777,chhayabhagat@nexora.in,farm123,Beed,Beed
Maruti Pawar,7155413293,marutipawar@nexora.in,farm123,Paithan,Chhatrapati Sambhajinagar (Aurangabad)
Ashok Vhatkar,7307858991,ashokvhatkar@nexora.in,farm123,Ambajogai,Beed
Popat Kachare,9831965315,popatkachare@nexora.in,farm123,Bhudargad,Kolhapur
Krushna Tupe,8021272983,krushnatupe@nexora.in,farm123,Phaltan,Satara
Dilip Dabhade,8085517434,dilipdabhade@nexora.in,farm123,Akkalkot,Solapur
Tukaram Randhawa,9962581518,tukaramrandhaw@nexora.in,farm123,Salekasa,Gondia
Deepak Randhawa,6521375744,deepakrandhawa@nexora.in,farm123,Savner,Nagpur
Maruti Ubhe,6394407709,marutiubhe@nexora.in,farm123,Bhiwapur,Nagpur
Sachin Mane,8178855228,sachinmane@nexora.in,farm123,Palus,Sangli
Vimal Jagtap,9695119714,vimaljagtap@nexora.in,farm123,Pen,Raigad
Popat Adsul,8255729043,popatadsul@nexora.in,farm123,Aundha Nagnath,Hingoli
Sanjay Waghmare,8555314612,sanjaywaghmare@nexora.in,farm123,Dharangaon,Jalgaon
Madhukar Gawali,6491382088,madhukargawali@nexora.in,farm123,Akkalkuwa,Nandurbar
Nitin Rane,6127170151,nitinrane@nexora.in,farm123,Kalwan,Nashik
Rekha Sable,8463713646,rekhasable2@nexora.in,farm123,Kurkheda,Gadchiroli
Eknath Jagtap,8140921045,eknathjagtap@nexora.in,farm123,Jat,Sangli
Jagdish Chougule,8777215583,jagdishchougul@nexora.in,farm123,Pachora,Jalgaon
Tanaji Ubhe,6582539303,tanajiubhe@nexora.in,farm123,Phulambri,Chhatrapati Sambhajinagar (Aurangabad)
Nitin Holkar,8606291098,nitinholkar@nexora.in,farm123,Latur,Latur
Vasudev Pardeshi,9568878414,vasudevpardesh@nexora.in,farm123,Maval,Pune
Baburao Powar,8621821849,baburaopowar@nexora.in,farm123,Khalapur,Raigad
Sunil Rane,9661739249,sunilrane@nexora.in,farm123,Devgad,Sindhudurg
Raghunath Satpute,6946820391,raghunathsatpu@nexora.in,farm123,Shirur Anantpal,Latur
Ishwar Thorat,7550461429,ishwarthorat@nexora.in,farm123,Washim,Washim
Sunil Deshmukh,8096848537,sunildeshmukh@nexora.in,farm123,Vaijapur,Chhatrapati Sambhajinagar (Aurangabad)
Shrikant Tupe,6649299284,shrikanttupe@nexora.in,farm123,Ulhasnagar,Thane
Manisha Salunkhe,9109228943,manishasalunkh@nexora.in,farm123,Darwha,Yavatmal
Tanaji Chavhan,9473782883,tanajichavhan@nexora.in,farm123,Kankavli,Sindhudurg
Maruti More,7887372432,marutimore@nexora.in,farm123,Karanja,Washim
Mangal Rane,6702814107,mangalrane@nexora.in,farm123,Karanja,Wardha
Raghunath Naikwadi,7357502254,raghunathnaikw@nexora.in,farm123,Buldhana,Buldhana
Anand Takawale,8589025457,anandtakawale@nexora.in,farm123,Andheri,Mumbai Suburban
Sunita Pardeshi,9368324710,sunitapardeshi@nexora.in,farm123,Mangrulpir,Washim
Sanjay Joshi,8245601654,sanjayjoshi@nexora.in,farm123,Mouda,Nagpur
Keshav Kulkarni,7062126784,keshavkulkarni@nexora.in,farm123,Dhule,Dhule
Vijay Kulkarni,8517612503,vijaykulkarni@nexora.in,farm123,Balapur,Akola
Ramchandra Jadhav,9635732666,ramchandrajadh@nexora.in,farm123,Baramati,Pune
Chhaya Zaware,6890697730,chhayazaware@nexora.in,farm123,Sudhagad-Pali,Raigad
Gopal Kale,9257670364,gopalkale@nexora.in,farm123,Kalamnuri,Hingoli
Milind Powar,7877093416,milindpowar@nexora.in,farm123,Kurla,Mumbai Suburban
Gopal Shelke,7535238727,gopalshelke@nexora.in,farm123,Manora,Washim
Maruti Jadhav,6404992929,marutijadhav2@nexora.in,farm123,Gadchiroli,Gadchiroli
Usha Hande,8920177882,ushahande@nexora.in,farm123,Ghatanji,Yavatmal
Vandana Vhatkar,9230577429,vandanavhatkar@nexora.in,farm123,Kankavli,Sindhudurg
Tanaji Bhandare,6313740841,tanajibhandare@nexora.in,farm123,Shrirampur,Ahilyanagar (Ahmednagar)
Sopan Jare,9946731776,sopanjare@nexora.in,farm123,Buldhana,Buldhana
Sunil Borate,9179364831,sunilborate2@nexora.in,farm123,Patan,Satara
Sunita Kale,7863380608,sunitakale@nexora.in,farm123,Sindkheda,Dhule
Amol Randhawa,9767128222,amolrandhawa2@nexora.in,farm123,Panhala,Kolhapur
Jyoti Sable,8164093534,jyotisable@nexora.in,farm123,Mohol,Solapur
Gopichand Ghorpade,9139276742,gopichandghorp@nexora.in,farm123,Sindkhed Raja,Buldhana
Ramesh Ubale,8439337857,rameshubale@nexora.in,farm123,Shirur Anantpal,Latur
Umesh Dhumal,9908490543,umeshdhumal@nexora.in,farm123,Kadegaon,Sangli
Seema Bhagat,9862718220,seemabhagat@nexora.in,farm123,Vikramgad,Palghar
Vimal Sable,7830155131,vimalsable2@nexora.in,farm123,Akot,Akola
Anita Mahajan,9560236525,anitamahajan@nexora.in,farm123,Kagal,Kolhapur
Rajendra Ghule,8251418623,rajendraghule@nexora.in,farm123,Kurla,Mumbai Suburban
Snehal Zaware,7605499493,snehalzaware@nexora.in,farm123,Parola,Jalgaon
Rajesh Dabhade,6055909893,rajeshdabhade@nexora.in,farm123,Deglur,Nanded
Mangesh Kale,7223193498,mangeshkale@nexora.in,farm123,Nandgaon Khandeshwar,Amravati
Shankar Nalawade,8677932799,shankarnalawad@nexora.in,farm123,Khatav,Satara
Dilip Bhandare,9443086053,dilipbhandare@nexora.in,farm123,Alibag,Raigad
Dattatray Waghmare,9233038176,dattatraywaghm@nexora.in,farm123,Chandwad,Nashik
Baburao Shinde,8501863207,baburaoshinde@nexora.in,farm123,Dadar,Mumbai City
Suresh Bhandare,9358634925,sureshbhandare@nexora.in,farm123,Igatpuri,Nashik
Bandu Jagtap,9121477691,bandujagtap@nexora.in,farm123,Mangalvedhe,Solapur
Vasant Kale,9122218419,vasantkale@nexora.in,farm123,Sindkhed Raja,Buldhana
Swati Kale,9442043099,swatikale@nexora.in,farm123,Vaijapur,Chhatrapati Sambhajinagar (Aurangabad)
Lata Jadhav,6937396636,latajadhav@nexora.in,farm123,Akole,Ahilyanagar (Ahmednagar)
Bandu Gawali,9538530276,bandugawali@nexora.in,farm123,Bhadgaon,Jalgaon
Radhika Solanke,9423262600,radhikasolanke@nexora.in,farm123,Malad,Mumbai Suburban
Bapurao Dabhade,6673202399,bapuraodabhade@nexora.in,farm123,Risod,Washim
Jagdish More,7411973452,jagdishmore2@nexora.in,farm123,Raver,Jalgaon
Laxman Joshi,6255941546,laxmanjoshi2@nexora.in,farm123,Ausa,Latur
Popat Hande,9691669547,popathande@nexora.in,farm123,Mulchera,Gadchiroli
Sushila Mahajan,7805553734,sushilamahajan2@nexora.in,farm123,Dharangaon,Jalgaon
Sachin Solanke,9945332074,sachinsolanke@nexora.in,farm123,Jat,Sangli
Sopan Nikam,6311237649,sopannikam3@nexora.in,farm123,Jamkhed,Ahilyanagar (Ahmednagar)
Sunanda Ghorpade,9732704060,sunandaghorpad@nexora.in,farm123,Trimbakeshwar,Nashik
Dattatray Jare,9681186439,dattatrayjare@nexora.in,farm123,Risod,Washim
Rajesh Deshmukh,9477594912,rajeshdeshmukh@nexora.in,farm123,Malegaon,Washim
Radhika Jare,6367623350,radhikajare@nexora.in,farm123,Dharni,Amravati
Swati Zende,8874147022,swatizende@nexora.in,farm123,Shahada,Nandurbar
Anita Powar,6578608252,anitapowar@nexora.in,farm123,Kalwan,Nashik
Shivaji Shinde,6559493097,shivajishinde@nexora.in,farm123,Badnapur,Jalna
Radhika Landge,6021383477,radhikalandge@nexora.in,farm123,Jafrabad,Jalna
Pravin Bansode,6564593108,pravinbansode@nexora.in,farm123,Karmala,Solapur
Kamal Rane,9872619093,kamalrane@nexora.in,farm123,Salekasa,Gondia
Baban Joshi,9372681644,babanjoshi@nexora.in,farm123,Ahmedpur,Latur
Sunanda Jagtap,8744940514,sunandajagtap@nexora.in,farm123,Purandhar,Pune
Kamal Holkar,8398896480,kamalholkar@nexora.in,farm123,Mohadi,Bhandara
Dilip Gaikwad,9701498428,dilipgaikwad2@nexora.in,farm123,Washim,Washim
Sunil Mhaske,7364852710,sunilmhaske@nexora.in,farm123,Colaba,Mumbai City
Vinod Satpute,6194780453,vinodsatpute@nexora.in,farm123,Byculla,Mumbai City
Rahul Gaikwad,8979329360,rahulgaikwad@nexora.in,farm123,Malegaon,Nashik
Ganesh Vibhute,8844938853,ganeshvibhute@nexora.in,farm123,Dadar,Mumbai City
Madhukar Chavhan,9216717502,madhukarchavha@nexora.in,farm123,Ratnagiri,Ratnagiri
Kavita Landge,6860499188,kavitalandge@nexora.in,farm123,Kankavli,Sindhudurg
Chhaya Bansode,8992379151,chhayabansode@nexora.in,farm123,Karanja,Wardha
Vinod Chavan,7376169798,vinodchavan@nexora.in,farm123,Parner,Ahilyanagar (Ahmednagar)
Zaheer Khedkar,7176505735,zaheerkhedkar@nexora.in,farm123,Manwath,Parbhani
Meera Waghmare,8976363729,meerawaghmare2@nexora.in,farm123,Sawantwadi,Sindhudurg
Bhausaheb Jare,9510781429,bhausahebjare@nexora.in,farm123,Umred,Nagpur
Shrikant Tupe,6541708308,shrikanttupe2@nexora.in,farm123,Renapur,Latur
Yogesh Dabhade,8010011010,yogeshdabhade@nexora.in,farm123,Bhusawal,Jalgaon
Kailas Lokhande,9965659562,kailaslokhande@nexora.in,farm123,Gadchiroli,Gadchiroli
Dnyaneshwar Ghule,7555052056,dnyaneshwarghu2@nexora.in,farm123,Borivali,Mumbai Suburban
Sunil Deshpande,8846338615,sunildeshpande@nexora.in,farm123,Colaba,Mumbai City
Vinod Suryawanshi,8284972352,vinodsuryawans@nexora.in,farm123,Vengurla,Sindhudurg
Shankar Deshpande,8122758574,shankardeshpan@nexora.in,farm123,Rajura,Chandrapur
Manohar Kachare,8972454592,manoharkachare@nexora.in,farm123,Mahad,Raigad
Dnyaneshwar Kulkarni,9761946892,dnyaneshwarkul@nexora.in,farm123,Malkapur,Buldhana
Bharat Zaware,8198946928,bharatzaware@nexora.in,farm123,Sironcha,Gadchiroli
Amol Deshpande,7950920159,amoldeshpande@nexora.in,farm123,Hingna,Nagpur
Pravin Suryawanshi,6509737980,pravinsuryawan@nexora.in,farm123,Achalpur,Amravati
Madhukar Ghule,7021368586,madhukarghule@nexora.in,farm123,Wadwani,Beed
Sunita Naikwadi,9098338627,sunitanaikwadi@nexora.in,farm123,Sakri,Dhule
Bhausaheb Shelke,6490061114,bhausahebshelk@nexora.in,farm123,Bhum,Dharashiv (Osmanabad)
Anita Rasal,8471801898,anitarasal@nexora.in,farm123,Jiwati,Chandrapur
Swati Jagtap,6100906189,swatijagtap2@nexora.in,farm123,Gadhinglaj,Kolhapur
Chandrakant Landge,7635593410,chandrakantlan@nexora.in,farm123,Mangaon,Raigad
Manohar Vhatkar,8497598702,manoharvhatkar@nexora.in,farm123,Dhamangaon,Amravati
Ramesh Salunkhe,9281597053,rameshsalunkhe@nexora.in,farm123,Ahmedpur,Latur
Sadashiv Solanke,9137886610,sadashivsolank@nexora.in,farm123,Nandurbar,Nandurbar
Kalpana Jadhav,8701561507,kalpanajadhav@nexora.in,farm123,Georai,Beed
Ishwar Deshmukh,9521628229,ishwardeshmukh@nexora.in,farm123,Nandgaon,Nashik
Kamal Ghadge,8648406529,kamalghadge@nexora.in,farm123,Bhandara,Bhandara
Kavita Nalawade,8980170376,kavitanalawade@nexora.in,farm123,Pachora,Jalgaon
Tukaram Dhumal,8581506907,tukaramdhumal@nexora.in,farm123,Sindkheda,Dhule
Manohar Nalawade,8549480181,manoharnalawad@nexora.in,farm123,Ambarnath,Thane
Sopan Thorat,6975326930,sopanthorat@nexora.in,farm123,Aurangabad,Chhatrapati Sambhajinagar (Aurangabad)
Vithal Chougule,6943744986,vithalchougule@nexora.in,farm123,Dharangaon,Jalgaon
Rekha Dhumal,7315788281,rekhadhumal@nexora.in,farm123,Khandala,Satara
Madhukar Zaware,8662329173,madhukarzaware@nexora.in,farm123,Goregaon,Gondia
Chhaya Adsul,8208193167,chhayaadsul@nexora.in,farm123,Desaiganj,Gadchiroli
Vasudev Bhandare,7521227237,vasudevbhandar@nexora.in,farm123,Akot,Akola
Sarika Tupe,7629057863,sarikatupe@nexora.in,farm123,Ratnagiri,Ratnagiri
Eknath Rasal,9254546331,eknathrasal2@nexora.in,farm123,Chandgad,Kolhapur
Neelam Yadav,9848690952,neelamyadav@nexora.in,farm123,Biloli,Nanded
Archana Bansode,8754528553,archanabansode@nexora.in,farm123,Surgana,Nashik
Sunita Zaware,6598089610,sunitazaware@nexora.in,farm123,Washim,Washim
Sadashiv Randhawa,8277941853,sadashivrandha@nexora.in,farm123,Kuhi,Nagpur
Yogesh Ubale,8920690313,yogeshubale@nexora.in,farm123,Andheri,Mumbai Suburban
Prashant Jare,9953625745,prashantjare@nexora.in,farm123,Dharmabad,Nanded
Pravin Zaware,8120166731,pravinzaware2@nexora.in,farm123,Raver,Jalgaon
Vinod Mane,6793384515,vinodmane@nexora.in,farm123,Ner,Yavatmal
Sadashiv Zende,9890740507,sadashivzende2@nexora.in,farm123,Badnapur,Jalna
Anand Kale,8512827056,anandkale2@nexora.in,farm123,Murud,Raigad
Gopal Kulkarni,6228069368,gopalkulkarni@nexora.in,farm123,Parola,Jalgaon
Sunita Lokhande,6940080032,sunitalokhande@nexora.in,farm123,Tuljapur,Dharashiv (Osmanabad)
Krushna Jare,7580542055,krushnajare@nexora.in,farm123,Murbad,Thane
Anand Dabhade,8250004527,ananddabhade2@nexora.in,farm123,Purna,Parbhani
Kamal Hiwale,8989691916,kamalhiwale@nexora.in,farm123,Tasgaon,Sangli
Govind Jadhav,8526331164,govindjadhav@nexora.in,farm123,Mantha,Jalna
Laxman Sable,9975398189,laxmansable@nexora.in,farm123,Balapur,Akola
Milind Ghorpade,8639293339,milindghorpade@nexora.in,farm123,Kandhar,Nanded
Deepak Nalawade,6540472028,deepaknalawade@nexora.in,farm123,Digras,Yavatmal
Kalpana Pawar,7766195110,kalpanapawar@nexora.in,farm123,Igatpuri,Nashik
Madhuri Solanke,8679228434,madhurisolanke2@nexora.in,farm123,Ambegaon,Pune
Pandurang Randhawa,7318658741,pandurangrandh@nexora.in,farm123,Saoli,Chandrapur
Maruti Adsul,7915305789,marutiadsul@nexora.in,farm123,Deoli,Wardha
Pandurang Salunkhe,7098498240,pandurangsalun@nexora.in,farm123,Dhadgaon,Nandurbar
Baban Sable,6741224029,babansable@nexora.in,farm123,Chalisgaon,Jalgaon
Ramchandra Zende,6540122311,ramchandrazend@nexora.in,farm123,Panhala,Kolhapur
Dattatray Landge,8189850173,dattatraylandg@nexora.in,farm123,Pombhurna,Chandrapur
Manisha Ubale,6702234230,manishaubale@nexora.in,farm123,Akkalkuwa,Nandurbar
Mangal Sable,8170667373,mangalsable2@nexora.in,farm123,Ghansawangi,Jalna
Amol Ghorpade,9074460994,amolghorpade@nexora.in,farm123,Renapur,Latur
Bapurao Nalawade,9281710313,bapuraonalawad@nexora.in,farm123,Wardha,Wardha
Jagdish Landge,7086010767,jagdishlandge@nexora.in,farm123,Sengaon,Hingoli
Baban Tupe,8398923079,babantupe@nexora.in,farm123,Vasai,Palghar
Baban Chougule,8865605633,babanchougule2@nexora.in,farm123,Karad,Satara
Raghunath Adsul,8682552794,raghunathadsul@nexora.in,farm123,Pune City,Pune
Yamuna Gadhave,9174512036,yamunagadhave@nexora.in,farm123,Solapur North,Solapur
Sarika Chavan,7482285756,sarikachavan@nexora.in,farm123,Atpadi,Sangli
Yashwant Kulkarni,9693793975,yashwantkulkar@nexora.in,farm123,Hingoli,Hingoli
Lata Chavan,8843257192,latachavan@nexora.in,farm123,Nandura,Buldhana
Ravi Yeole,9645152597,raviyeole2@nexora.in,farm123,Ashti,Wardha
Dilip Shelke,6511207999,dilipshelke@nexora.in,farm123,Aundha Nagnath,Hingoli
Jagdish Chavhan,9981380125,jagdishchavhan@nexora.in,farm123,Thane,Thane
Radhika More,6451434801,radhikamore2@nexora.in,farm123,Sangole,Solapur
Gopal Deshpande,6771604665,gopaldeshpande@nexora.in,farm123,Tumsar,Bhandara
Vandana Thorat,6499814155,vandanathorat@nexora.in,farm123,Arjuni-Morgaon,Gondia
Gopal Ghadge,6273164104,gopalghadge@nexora.in,farm123,Bhandara,Bhandara
Manohar Shinde,9562784268,manoharshinde@nexora.in,farm123,Ambegaon,Pune
Deepak Sathe,8130717288,deepaksathe@nexora.in,farm123,Nandura,Buldhana
Gopal Jadhav,7514398268,gopaljadhav@nexora.in,farm123,Sadak-Arjuni,Gondia
Baban Chougule,7740465005,babanchougule@nexora.in,farm123,Tiroda,Gondia
Krushna Shelke,8697914154,krushnashelke@nexora.in,farm123,Kalyan,Thane
Govind Bhagat,7868630852,govindbhagat2@nexora.in,farm123,Basmath,Hingoli
Rahul Jagtap,9396172966,rahuljagtap@nexora.in,farm123,Wadwani,Beed
Sushila Deshpande,6703452527,sushiladeshpan@nexora.in,farm123,Ashti,Wardha
Vishal Lokhande,9867173683,vishallokhande2@nexora.in,farm123,Sadak-Arjuni,Gondia
Manisha Pardeshi,6158952109,manishapardesh@nexora.in,farm123,Aheri,Gadchiroli
Kalpana Fadnavis,6509675198,kalpanafadnavi@nexora.in,farm123,Dharni,Amravati
Hanumant Bansode,7648149253,hanumantbansod@nexora.in,farm123,Malwan,Sindhudurg
Vimal Nalawade,8677278082,vimalnalawade@nexora.in,farm123,Sengaon,Hingoli
Raghunath Lokhande,9127496453,raghunathlokha@nexora.in,farm123,Tiroda,Gondia
Ramesh Randhawa,7119809062,rameshrandhawa@nexora.in,farm123,Tiroda,Gondia
Umesh Dabhade,7571725443,umeshdabhade@nexora.in,farm123,Tumsar,Bhandara
Neelam Kachare,7998435274,neelamkachare@nexora.in,farm123,Parel,Mumbai City
Bhausaheb Yadav,6332041518,bhausahebyadav@nexora.in,farm123,Kavathemahankal,Sangli
Bapurao Solanke,9081240706,bapuraosolanke@nexora.in,farm123,Ner,Yavatmal
Jagdish Jagtap,8323791866,jagdishjagtap@nexora.in,farm123,Parel,Mumbai City
Chandrakant Nikam,6220591693,chandrakantnik@nexora.in,farm123,Pathri,Parbhani
Nanda Dabhade,8746944135,nandadabhade@nexora.in,farm123,Sonpeth,Parbhani
Jagdish Vibhute,8742022484,jagdishvibhute2@nexora.in,farm123,Rahata,Ahilyanagar (Ahmednagar)
Ravindra Yadav,8244843889,ravindrayadav@nexora.in,farm123,Shevgaon,Ahilyanagar (Ahmednagar)
Ashok Ubale,7752246834,ashokubale@nexora.in,farm123,Renapur,Latur
Bhausaheb Waghmare,8323481695,bhausahebwaghm@nexora.in,farm123,Nandgaon Khandeshwar,Amravati
Yashwant Chavhan,6207334436,yashwantchavha2@nexora.in,farm123,Pauni,Bhandara
Pravin Wagh,8002910168,pravinwagh@nexora.in,farm123,Udgir,Latur
Sunita Kulkarni,8093662122,sunitakulkarni@nexora.in,farm123,Goregaon,Gondia
Dilip Gadhave,9478118303,dilipgadhave@nexora.in,farm123,Purna,Parbhani
Anil Yadav,8811329029,anilyadav@nexora.in,farm123,Fort,Mumbai City
Rekha Sable,7632183522,rekhasable@nexora.in,farm123,Malegaon,Washim
Anita Waghmare,6519779100,anitawaghmare@nexora.in,farm123,Warud,Amravati
Yogesh Powar,6007992266,yogeshpowar@nexora.in,farm123,Sindkheda,Dhule
Krushna Mane,9616512507,krushnamane@nexora.in,farm123,Jaoli,Satara
Ganesh Pardeshi,7261260579,ganeshpardeshi@nexora.in,farm123,Karanja,Wardha
Sindhu Patil,7954457162,sindhupatil@nexora.in,farm123,Hingoli,Hingoli
Deepak Deshpande,7274830620,deepakdeshpand@nexora.in,farm123,Pombhurna,Chandrapur
Gopal Joshi,8506378506,gopaljoshi@nexora.in,farm123,Karvir,Kolhapur
Usha Kadam,8758561745,ushakadam@nexora.in,farm123,Gondpimpri,Chandrapur
Dattatray Chougule,8523144327,dattatraychoug@nexora.in,farm123,Karjat,Ahilyanagar (Ahmednagar)
Yamuna Wagh,8270861545,yamunawagh@nexora.in,farm123,Ghansawangi,Jalna
Bandu Ubhe,9847930703,banduubhe@nexora.in,farm123,Basmath,Hingoli
Dattatray Dabhade,6996538778,dattatraydabha@nexora.in,farm123,Panhala,Kolhapur
Bandu Kadam,7413316818,bandukadam@nexora.in,farm123,Jat,Sangli
Keshav Chavan,6956260380,keshavchavan@nexora.in,farm123,Hatkanangale,Kolhapur
Vandana Nalawade,9205986737,vandananalawad@nexora.in,farm123,Vengurla,Sindhudurg
Pushpa Ubhe,9790660756,pushpaubhe@nexora.in,farm123,Morshi,Amravati
Ramesh Hande,8734718234,rameshhande3@nexora.in,farm123,Shirur-Kasar,Beed
Raghunath Ubale,8945119276,raghunathubale@nexora.in,farm123,Bhudargad,Kolhapur
Lata Ghule,7291938919,lataghule@nexora.in,farm123,Chandurbazar,Amravati
Kiran Vhatkar,6976879884,kiranvhatkar@nexora.in,farm123,Vikramgad,Palghar
Tanaji Bhosale,7544188188,tanajibhosale@nexora.in,farm123,Akola,Akola
Vandana Tupe,9997340527,vandanatupe@nexora.in,farm123,Sakri,Dhule
Madhukar Ubhe,9699493445,madhukarubhe@nexora.in,farm123,Shirpur,Dhule
Sunil Pardeshi,9972014748,sunilpardeshi@nexora.in,farm123,Jawhar,Palghar
Gopal Ghule,6879232297,gopalghule@nexora.in,farm123,Buldhana,Buldhana
Sindhu Kadam,9220455430,sindhukadam@nexora.in,farm123,Palghar,Palghar
Vasudev Sathe,6009969069,vasudevsathe2@nexora.in,farm123,Mahabaleshwar,Satara
Anand Solanke,8433155404,anandsolanke@nexora.in,farm123,Deoli,Wardha
Ramchandra Bhandare,9446834007,ramchandrabhan@nexora.in,farm123,Sudhagad-Pali,Raigad
Archana Waghmare,9594262160,archanawaghmar@nexora.in,farm123,Palam,Parbhani
Bandu Jadhav,7540439298,bandujadhav@nexora.in,farm123,Barshi,Solapur
Suresh Kadam,9465922491,sureshkadam@nexora.in,farm123,Solapur South,Solapur
Anand Waghmare,7222952122,anandwaghmare@nexora.in,farm123,Bhandara,Bhandara
Sunanda Shinde,6628015542,sunandashinde@nexora.in,farm123,Dadar,Mumbai City
Baban Shinde,8559211241,babanshinde@nexora.in,farm123,Umarga,Dharashiv (Osmanabad)
Namdev Gaikwad,8312903383,namdevgaikwad@nexora.in,farm123,Sailu,Parbhani
Bhausaheb Tupe,9029882149,bhausahebtupe@nexora.in,farm123,Chandrapur,Chandrapur
Dnyaneshwar Deshpande,6454130344,dnyaneshwardes@nexora.in,farm123,Tiroda,Gondia
Yashwant Sathe,7500808903,yashwantsathe@nexora.in,farm123,Ratnagiri,Ratnagiri
Suresh Ubale,9186909684,sureshubale@nexora.in,farm123,Khatav,Satara
Shobha Wagh,8155631097,shobhawagh@nexora.in,farm123,Vikramgad,Palghar
Sunita Bhandare,7398490416,sunitabhandare@nexora.in,farm123,Shirala,Sangli
Bapurao Dhumal,6266731719,bapuraodhumal@nexora.in,farm123,Parola,Jalgaon
Manisha Nikam,6420502538,manishanikam@nexora.in,farm123,Baglan,Nashik
Nitin Lokhande,8062434185,nitinlokhande@nexora.in,farm123,Jamkhed,Ahilyanagar (Ahmednagar)
Mangal Salunkhe,6455669947,mangalsalunkhe@nexora.in,farm123,Bhokardan,Jalna
Sopan Ubhe,7343526432,sopanubhe@nexora.in,farm123,Pombhurna,Chandrapur
Milind Ohol,7739084381,milindohol@nexora.in,farm123,Shrirampur,Ahilyanagar (Ahmednagar)
Jagdish Bhosale,8436926025,jagdishbhosale@nexora.in,farm123,Kudal,Sindhudurg
Govind Vibhute,9233562211,govindvibhute2@nexora.in,farm123,Chopda,Jalgaon
Chhaya Fadnavis,7361225857,chhayafadnavis@nexora.in,farm123,Dhule,Dhule
Santosh Bhosale,8861228748,santoshbhosale@nexora.in,farm123,Paithan,Chhatrapati Sambhajinagar (Aurangabad)
Milind Adsul,6770743408,milindadsul@nexora.in,farm123,Basmath,Hingoli
Yamuna Naikwadi,6803089461,yamunanaikwadi@nexora.in,farm123,Umri,Nanded
Milind Ubale,9154477830,milindubale2@nexora.in,farm123,Murbad,Thane
Jyoti Naikwadi,9152550818,jyotinaikwadi@nexora.in,farm123,Ghansawangi,Jalna
Sarika Vibhute,8902064712,sarikavibhute@nexora.in,farm123,Shegaon,Buldhana
Baban Mane,8283013717,babanmane@nexora.in,farm123,Tuljapur,Dharashiv (Osmanabad)
Prashant Patil,7701002857,prashantpatil@nexora.in,farm123,Mokhada,Palghar
Usha Landge,9999823859,ushalandge@nexora.in,farm123,Goregaon,Gondia
Balasaheb Shinde,8642801474,balasahebshind2@nexora.in,farm123,Sinnar,Nashik
Jagdish Pardeshi,9614964309,jagdishpardesh@nexora.in,farm123,Navapur,Nandurbar
Ashok Hande,9896380593,ashokhande@nexora.in,farm123,Sinnar,Nashik
Rajesh Fadnavis,8944568080,rajeshfadnavis2@nexora.in,farm123,Gaganbawada,Kolhapur
Rajesh Kale,6696119388,rajeshkale@nexora.in,farm123,Balapur,Akola
Kamal Bhandare,8556508169,kamalbhandare@nexora.in,farm123,Chandur,Amravati
Dattatray Ghorpade,8093964907,dattatrayghorp@nexora.in,farm123,Basmath,Hingoli
Vandana Landge,8442069445,vandanalandge@nexora.in,farm123,Ulhasnagar,Thane
Shankar Satpute,8489490622,shankarsatpute2@nexora.in,farm123,Samudrapur,Wardha
Madhukar Joshi,9343177287,madhukarjoshi@nexora.in,farm123,Panhala,Kolhapur
Sopan Nikam,7814988353,sopannikam@nexora.in,farm123,Bhamragad,Gadchiroli
Pushpa Chavan,9358580295,pushpachavan@nexora.in,farm123,Kuhi,Nagpur
Vasudev Gadhave,7247075881,vasudevgadhave@nexora.in,farm123,Bhor,Pune
Vimal Lokhande,6865298631,vimallokhande@nexora.in,farm123,Arni,Yavatmal
Ashok Ohol,9151225961,ashokohol@nexora.in,farm123,Kankavli,Sindhudurg
Kalpana Randhawa,8937230226,kalpanarandhaw@nexora.in,farm123,Nagar,Ahilyanagar (Ahmednagar)
Bandu Sathe,9704852686,bandusathe@nexora.in,farm123,Sironcha,Gadchiroli
Mangesh Mhaske,8917814748,mangeshmhaske@nexora.in,farm123,Mulchera,Gadchiroli
Dnyaneshwar Lokhande,9983001150,dnyaneshwarlok@nexora.in,farm123,Kurla,Mumbai Suburban
Rupali Salunkhe,9972678660,rupalisalunkhe2@nexora.in,farm123,Gadhinglaj,Kolhapur
Kailas Chavan,6741037265,kailaschavan@nexora.in,farm123,Pandharpur,Solapur
Manisha Ghadge,7670199440,manishaghadge2@nexora.in,farm123,Ambarnath,Thane
Bharat Chavan,8869549424,bharatchavan@nexora.in,farm123,Colaba,Mumbai City
Manisha Ghadge,8487744502,manishaghadge@nexora.in,farm123,Solapur South,Solapur
Seema Adsul,8875334000,seemaadsul@nexora.in,farm123,Karjat,Ahilyanagar (Ahmednagar)
Rekha Naikwadi,9469760760,rekhanaikwadi@nexora.in,farm123,Devgad,Sindhudurg
Ganesh Deshmukh,7556526843,ganeshdeshmukh@nexora.in,farm123,Zari Jamani,Yavatmal
Sopan Nikam,9956953535,sopannikam2@nexora.in,farm123,Tasgaon,Sangli
Bharat Kale,7003795114,bharatkale@nexora.in,farm123,Arvi,Wardha
Sunita Fadnavis,9161959755,sunitafadnavis@nexora.in,farm123,Akola,Akola
Krushna Zaware,9515441995,krushnazaware@nexora.in,farm123,Talode,Nandurbar
Laxman Mhaske,9944139544,laxmanmhaske@nexora.in,farm123,Mohadi,Bhandara
Anand Gaikwad,8944535854,anandgaikwad@nexora.in,farm123,Loha,Nanded
Madhukar Rasal,6928226673,madhukarrasal@nexora.in,farm123,Karanja,Wardha
Tukaram Bhandare,8759546893,tukarambhandar@nexora.in,farm123,Manora,Washim
Sanjay Kale,6113200505,sanjaykale@nexora.in,farm123,Pathardi,Ahilyanagar (Ahmednagar)
Eknath Rasal,9828989815,eknathrasal@nexora.in,farm123,Akkalkuwa,Nandurbar
Sopan Ghadge,7888275713,sopanghadge@nexora.in,farm123,Mahabaleshwar,Satara
Rupali Damle,9399529689,rupalidamle@nexora.in,farm123,Andheri,Mumbai Suburban
Seema Fadnavis,9519432843,seemafadnavis@nexora.in,farm123,Sadak-Arjuni,Gondia
Snehal Rathod,7157239417,snehalrathod@nexora.in,farm123,Walwa,Sangli
Pooja Ohol,9251612472,poojaohol@nexora.in,farm123,Jalkot,Latur
Deepak Yadav,6742467894,deepakyadav@nexora.in,farm123,Khamgaon,Buldhana
Shrikant Wagh,9037031965,shrikantwagh2@nexora.in,farm123,Zari Jamani,Yavatmal
Lata Ubale,7862241539,lataubale@nexora.in,farm123,Shirur-Kasar,Beed
Gopichand Wagh,6045596664,gopichandwagh@nexora.in,farm123,Miraj,Sangli
Anil Bansode,9787251878,anilbansode2@nexora.in,farm123,Pauni,Bhandara
Meera Randhawa,8366391179,meerarandhawa@nexora.in,farm123,Nandura,Buldhana
Kalpana Zende,9390343797,kalpanazende@nexora.in,farm123,Korchi,Gadchiroli
Kavita Chavhan,8843696872,kavitachavhan@nexora.in,farm123,Washim,Washim
Shobha Ghule,6959966274,shobhaghule@nexora.in,farm123,Aurangabad,Chhatrapati Sambhajinagar (Aurangabad)
Ashok Pardeshi,8143787114,ashokpardeshi@nexora.in,farm123,Shirur,Pune
Ashok Chavan,6432653185,ashokchavan@nexora.in,farm123,Solapur North,Solapur
Balasaheb Ghorpade,6063060789,balasahebghorp@nexora.in,farm123,Korchi,Gadchiroli
Sushila Mahajan,6818446158,sushilamahajan3@nexora.in,farm123,Sindkheda,Dhule
Milind Gaikwad,8887045655,milindgaikwad@nexora.in,farm123,Risod,Washim
Umesh Bhosale,6007126242,umeshbhosale@nexora.in,farm123,Purna,Parbhani
Rahul Kale,7133925399,rahulkale@nexora.in,farm123,Pombhurna,Chandrapur
Yamuna Sathe,8147733717,yamunasathe@nexora.in,farm123,Ulhasnagar,Thane
Vijay Ghorpade,6180255762,vijayghorpade@nexora.in,farm123,Dhamangaon,Amravati
Sarika Ubhe,7056518816,sarikaubhe@nexora.in,farm123,Aundha Nagnath,Hingoli
Meera Hiwale,6855358758,meerahiwale@nexora.in,farm123,Niphad,Nashik
Suresh Hande,9756794010,sureshhande@nexora.in,farm123,Partur,Jalna
Madhuri More,6710853124,madhurimore2@nexora.in,farm123,Deglur,Nanded
Uttam Pawar,9819749503,uttampawar@nexora.in,farm123,Salekasa,Gondia
Eknath Adsul,8523048329,eknathadsul@nexora.in,farm123,Mohadi,Bhandara
Kiran Randhawa,9876157689,kiranrandhawa@nexora.in,farm123,Lanja,Ratnagiri
Rupali Tupe,7442647548,rupalitupe@nexora.in,farm123,Barshi,Solapur
Dilip Nikam,6767040440,dilipnikam@nexora.in,farm123,Sangameshwar,Ratnagiri
Archana Bhosale,7039067711,archanabhosale@nexora.in,farm123,Maval,Pune
Swati Rathod,6014411743,swatirathod@nexora.in,farm123,Sadak-Arjuni,Gondia
Krushna Kulkarni,9023899365,krushnakulkarn@nexora.in,farm123,Korpana,Chandrapur
Kiran Tupe,8035696406,kirantupe@nexora.in,farm123,Ambarnath,Thane
Archana Borate,8706795188,archanaborate@nexora.in,farm123,Pune City,Pune
Baban Rathod,8170492826,babanrathod@nexora.in,farm123,Navapur,Nandurbar
Ganesh Dabhade,6579278527,ganeshdabhade@nexora.in,farm123,Balapur,Akola
Prashant Waghmare,9105504639,prashantwaghma2@nexora.in,farm123,Navapur,Nandurbar
Santosh Zaware,6578989049,santoshzaware@nexora.in,farm123,Yavatmal,Yavatmal
Jyoti Ghule,6867222326,jyotighule@nexora.in,farm123,Pathardi,Ahilyanagar (Ahmednagar)
Usha Shelke,8312126520,ushashelke@nexora.in,farm123,Dodamarg,Sindhudurg
Vasudev Shelke,6115530659,vasudevshelke@nexora.in,farm123,Barshitakli,Akola
Bharat Joshi,6028160536,bharatjoshi@nexora.in,farm123,Sindkhed Raja,Buldhana
Anil Nikam,8672207313,anilnikam@nexora.in,farm123,Malwan,Sindhudurg
Vasant Patil,7859424663,vasantpatil@nexora.in,farm123,Chikhaldara,Amravati
Anand Shinde,6863843987,anandshinde@nexora.in,farm123,Vaibhavwadi,Sindhudurg
Deepak Kulkarni,8246080504,deepakkulkarni2@nexora.in,farm123,Parel,Mumbai City
Zaheer Bhandare,9050843618,zaheerbhandare@nexora.in,farm123,Patoda,Beed
Popat Mane,9898320035,popatmane@nexora.in,farm123,Jalna,Jalna
Kavita Adsul,7917311571,kavitaadsul2@nexora.in,farm123,Parola,Jalgaon
Keshav Deshmukh,7421390982,keshavdeshmukh@nexora.in,farm123,Khanapur,Sangli
Tanaji Chavan,7899384666,tanajichavan@nexora.in,farm123,Sakri,Dhule
Tanaji Ohol,6034663370,tanajiohol@nexora.in,farm123,Dodamarg,Sindhudurg
Umesh Vhatkar,7579724748,umeshvhatkar@nexora.in,farm123,Palam,Parbhani
Prashant Nikam,6332084737,prashantnikam@nexora.in,farm123,Nagbhid,Chandrapur
Rupali Adsul,8927052665,rupaliadsul@nexora.in,farm123,Goregaon,Gondia
Prashant Chavan,8533935454,prashantchavan@nexora.in,farm123,Sindkheda,Dhule
Mangal Chavan,8775109410,mangalchavan@nexora.in,farm123,Lakhandur,Bhandara
Yamuna Rane,6356888671,yamunarane@nexora.in,farm123,Muktainagar,Jalgaon
Chandrakant Ghorpade,7540152953,chandrakantgho@nexora.in,farm123,Sironcha,Gadchiroli
Rajesh Zende,8444530279,rajeshzende@nexora.in,farm123,Sangamner,Ahilyanagar (Ahmednagar)
Suresh Bhagat,8576790051,sureshbhagat@nexora.in,farm123,Soegaon,Chhatrapati Sambhajinagar (Aurangabad)
Mangesh Borate,7651591089,mangeshborate@nexora.in,farm123,Washi,Dharashiv (Osmanabad)
Sindhu Pardeshi,9425595872,sindhupardeshi@nexora.in,farm123,Barshi,Solapur
Uttam Zaware,6327325209,uttamzaware@nexora.in,farm123,Kavathemahankal,Sangli
Swati Jagtap,6969802897,swatijagtap@nexora.in,farm123,Dhadgaon,Nandurbar
Neelam Jare,8478972788,neelamjare@nexora.in,farm123,Satara,Satara
Vijay Tupe,6102692779,vijaytupe@nexora.in,farm123,Tiosa,Amravati
Manisha Rathod,8481682415,manisharathod@nexora.in,farm123,Shevgaon,Ahilyanagar (Ahmednagar)
Balasaheb Hande,9512528892,balasahebhande@nexora.in,farm123,Fort,Mumbai City
Namdev Fadnavis,7950673864,namdevfadnavis@nexora.in,farm123,Parli,Beed
Gopichand Nikam,9563252783,gopichandnikam@nexora.in,farm123,Mukhed,Nanded
Kalpana Patil,8474217294,kalpanapatil@nexora.in,farm123,Dhamangaon,Amravati
Lata Rathod,7504273791,latarathod@nexora.in,farm123,Solapur North,Solapur
Narayan Gaikwad,7440092824,narayangaikwad@nexora.in,farm123,Sakri,Dhule
Vandana Salunkhe,9838438311,vandanasalunkh@nexora.in,farm123,Gondia,Gondia
Nanda Ghule,8267952184,nandaghule@nexora.in,farm123,Bhor,Pune
Ramchandra Deshmukh,6439133139,ramchandradesh@nexora.in,farm123,Ulhasnagar,Thane
Santosh Pardeshi,9909213512,santoshpardesh@nexora.in,farm123,Latur,Latur
Sunita Yadav,6467844399,sunitayadav@nexora.in,farm123,Manora,Washim
Bapurao Khedkar,8544352071,bapuraokhedkar@nexora.in,farm123,Paranda,Dharashiv (Osmanabad)
Baburao Kachare,8560595188,baburaokachare@nexora.in,farm123,Mahagaon,Yavatmal
Mangal Zaware,6105882298,mangalzaware@nexora.in,farm123,Shrivardhan,Raigad
Pravin Zaware,8102037195,pravinzaware@nexora.in,farm123,Kalameshwar,Nagpur
Sopan Vibhute,8206204953,sopanvibhute@nexora.in,farm123,Chiplun,Ratnagiri
Sadashiv Bansode,8589314524,sadashivbansod@nexora.in,farm123,Kankavli,Sindhudurg
Keshav Satpute,9530669669,keshavsatpute@nexora.in,farm123,Naigaon,Nanded
Zaheer Vibhute,8889252440,zaheervibhute@nexora.in,farm123,Mokhada,Palghar
Bhausaheb Mhaske,7708883223,bhausahebmhask2@nexora.in,farm123,Alibag,Raigad
Manohar Borate,7507835000,manoharborate@nexora.in,farm123,Karanja,Wardha
Bhausaheb Chougule,9005116346,bhausahebchoug2@nexora.in,farm123,Akot,Akola
Santosh Chougule,7034408770,santoshchougul@nexora.in,farm123,Kankavli,Sindhudurg
Arun Randhawa,7483811371,arunrandhawa@nexora.in,farm123,Bhor,Pune
Dattatray Fadnavis,9810152971,dattatrayfadna@nexora.in,farm123,Devgad,Sindhudurg
