farmerMobile,crop,quantity,unit,pricePerUnit,soilType,region,district,description
9699493445,Maize,79,quintal,2165,Sandy Loam,Shirpur,Dhule,"Hybrid maize, well-dried"
8340740719,Turmeric,29,quintal,7949,Medium Black Soil,Hingoli,Hingoli,"Selam-variety turmeric, high curcumin content"
7172605867,Rice,42,quintal,2446,Black Cotton Soil,Mul,Chandrapur,"Local variety paddy, freshly harvested"
8377327160,Chikoo (Sapota),13,quintal,2712,Laterite Soil,Mokhada,Palghar,"Kalipatti chikoo, sweet and fresh"
7280815221,Cotton,24,quintal,6554,Regur Soil,Karanja,Washim,"High-grade cotton, sun-dried and ready for sale"
7152794876,Cotton,34,quintal,6986,Black Cotton Soil,Nandura,Buldhana,"High-grade cotton, sun-dried and ready for sale"
8323791866,Mixed Vegetables,36,quintal,1233,Red Laterite,Parel,Mumbai City,"Farm-fresh vegetables, harvested this week"
9743603785,Cotton,17,quintal,7544,Black Cotton Soil,Chandurbazar,Amravati,"Premium BT cotton, harvested this Kharif season"
8543488409,Soybean,53,quintal,4607,Murrum,Latur,Latur,"Good quality soybean, machine-cleaned"
7824968546,Sugarcane,335,quintal,355,Murrum,Baramati,Pune,"Fresh-cut sugarcane, high sucrose content"
7477599021,Cotton,73,quintal,7194,Black Cotton Soil,Wardha,Wardha,"Premium BT cotton, harvested this Kharif season"
9953625745,Turmeric,28,quintal,7414,Black Cotton Soil,Dharmabad,Nanded,"Sun-dried turmeric fingers, good colour"
6952468401,Mixed Vegetables,38,quintal,811,Red Laterite,Bhiwandi,Thane,"Fresh seasonal vegetables, mixed lot"
7018949248,Cotton,56,quintal,6223,Medium Black Soil,Mantha,Jalna,"High-grade cotton, sun-dried and ready for sale"
8392126443,Cotton,77,quintal,6356,Black Cotton Soil,Kannad,Chhatrapati Sambhajinagar (Aurangabad),"Long-staple cotton, clean and well-ginned"
6427779332,Sugarcane,220,quintal,337,Black Cotton Soil,Chandgad,Kolhapur,"High-yield sugarcane, ready for crushing"
7605499493,Groundnut,51,quintal,5758,Loamy,Parola,Jalgaon,"Bold variety groundnut, good oil content"
6060753177,Cotton,72,quintal,6610,Medium Black Soil,Deglur,Nanded,"Premium BT cotton, harvested this Kharif season"
8944553552,Soybean,41,quintal,4797,Medium Black Soil,Washim,Washim,"Clean soybean, low moisture content, ready for crushing"
7405150859,Sugarcane,283,quintal,325,Murrum,Kagal,Kolhapur,"High-yield sugarcane, ready for crushing"
7644010541,Mixed Vegetables,10,quintal,1356,Laterite Soil,Colaba,Mumbai City,"Fresh seasonal vegetables, mixed lot"
9156453262,Rice,50,quintal,2156,Medium Black Soil,Bhamragad,Gadchiroli,"Local variety paddy, freshly harvested"
7255132144,Rice,48,quintal,2241,Regur Soil,Bhandara,Bhandara,"Fine quality rice, well-dried"
6252746727,Turmeric,26,quintal,7155,Black Cotton Soil,Umri,Nanded,"Selam-variety turmeric, high curcumin content"
9079947431,Coconut,44,quintal,1934,Laterite Soil,Dodamarg,Sindhudurg,"Well-matured coconut, ready for market"
6164518120,Cotton,45,quintal,6339,Black Cotton Soil,Balapur,Akola,"Long-staple cotton, clean and well-ginned"
9723904078,Rice,41,quintal,2560,Clayey Loam,Lakhandur,Bhandara,"Local variety paddy, freshly harvested"
9084045107,Jowar,40,quintal,2957,Black Cotton Soil,Jalkot,Latur,"Good quality jowar, low moisture"
9465956099,Rice,100,quintal,2559,Clayey Loam,Chamorshi,Gadchiroli,"Local variety paddy, freshly harvested"
8922644338,Cotton,16,quintal,7258,Regur Soil,Wardha,Wardha,"High-grade cotton, sun-dried and ready for sale"
7582444557,Turmeric,27,quintal,7968,Medium Black Soil,Basmath,Hingoli,"Sun-dried turmeric fingers, good colour"
6966565592,Sugarcane,245,quintal,334,Black Cotton Soil,Pandharpur,Solapur,"High-yield sugarcane, ready for crushing"
7668339970,Betelnut (Supari),23,quintal,10912,Red Laterite,Poladpur,Raigad,"Sun-dried supari, good quality"
6382667590,Custard Apple (Sitaphal),11,quintal,3394,Murrum,Georai,Beed,"Fresh custard apple, good size"
8609235756,Soybean,42,quintal,4800,Regur Soil,Akot,Akola,"Good quality soybean, machine-cleaned"
9499163239,Cotton,55,quintal,7575,Regur Soil,Hinganghat,Wardha,"High-grade cotton, sun-dried and ready for sale"
6055520228,Mixed Vegetables,23,quintal,1070,Sandy Coastal Soil,Bandra,Mumbai Suburban,"Farm-fresh vegetables, harvested this week"
7915305789,Cotton,58,quintal,6548,Black Cotton Soil,Deoli,Wardha,"Premium BT cotton, harvested this Kharif season"
6768575689,Pomegranate,30,quintal,5778,Black Cotton Soil,Shrirampur,Ahilyanagar (Ahmednagar),"Fresh pomegranate, good size and colour"
8155631097,Rice,43,quintal,2450,Laterite Soil,Vikramgad,Palghar,"Fine quality rice, well-dried"
7692661878,Cotton,26,quintal,7542,Medium Black Soil,Gangapur,Chhatrapati Sambhajinagar (Aurangabad),"High-grade cotton, sun-dried and ready for sale"
9106985883,Mixed Vegetables,29,quintal,1271,Sandy Coastal Soil,Byculla,Mumbai City,"Fresh seasonal vegetables, mixed lot"
7214555298,Coconut,10,quintal,1872,Laterite Soil,Sawantwadi,Sindhudurg,"Fresh coconut, good copra content"
7452504342,Cotton,64,quintal,6575,Medium Black Soil,Phulambri,Chhatrapati Sambhajinagar (Aurangabad),"Long-staple cotton, clean and well-ginned"
9207939438,Groundnut,22,quintal,6177,Black Cotton Soil,Muktainagar,Jalgaon,"Bold variety groundnut, good oil content"
9437960971,Sugarcane,117,quintal,301,Murrum,Kalamb,Dharashiv (Osmanabad),"High-yield sugarcane, ready for crushing"
8142215128,Sugarcane,111,quintal,355,Black Cotton Soil,Tasgaon,Sangli,"High-yield sugarcane, ready for crushing"
6593211254,Rice,51,quintal,2395,Medium Black Soil,Bhandara,Bhandara,"Local variety paddy, freshly harvested"
7887372432,Turmeric,29,quintal,8684,Regur Soil,Karanja,Washim,"Selam-variety turmeric, high curcumin content"
8251056195,Rice,55,quintal,2190,Medium Black Soil,Chandrapur,Chandrapur,"Fine quality rice, well-dried"
6854059814,Banana,62,quintal,1546,Loamy,Karmala,Solapur,"Fresh banana, ready for market"
6332041518,Grapes,48,quintal,4411,Murrum,Kavathemahankal,Sangli,"Fresh table grapes, good sugar content"
9786753207,Soybean,22,quintal,4214,Black Cotton Soil,Aundha Nagnath,Hingoli,"Clean soybean, low moisture content, ready for crushing"
6967755891,Mango (Alphonso),40,quintal,5402,Red Laterite,Dapoli,Ratnagiri,"Ratnagiri Hapus, naturally ripened"
7247679634,Cotton,22,quintal,7480,Medium Black Soil,Aurangabad,Chhatrapati Sambhajinagar (Aurangabad),"High-grade cotton, sun-dried and ready for sale"
7232914120,Mixed Vegetables,39,quintal,1532,Sandy Coastal Soil,Dadar,Mumbai City,"Farm-fresh vegetables, harvested this week"
8274142626,Cotton,24,quintal,6282,Medium Black Soil,Barshitakli,Akola,"Premium BT cotton, harvested this Kharif season"
6517167609,Chikoo (Sapota),25,quintal,2131,Laterite Soil,Vasai,Palghar,"Kalipatti chikoo, sweet and fresh"
7569366229,Coconut,38,quintal,2665,Red Laterite,Sawantwadi,Sindhudurg,"Well-matured coconut, ready for market"
6056869323,Orange (Santra),51,quintal,2910,Black Cotton Soil,Hingna,Nagpur,"Nagpur santra, sweet and juicy"
9530669669,Soybean,32,quintal,4361,Medium Black Soil,Naigaon,Nanded,"Good quality soybean, machine-cleaned"
7845646745,Cotton,36,quintal,7155,Clayey Loam,Kelapur,Yavatmal,"Long-staple cotton, clean and well-ginned"
7080675672,Betelnut (Supari),13,quintal,10090,Coastal Alluvial,Lanja,Ratnagiri,"Sun-dried supari, good quality"
9368324710,Turmeric,32,quintal,8079,Medium Black Soil,Mangrulpir,Washim,"Selam-variety turmeric, high curcumin content"
7485810405,Rice,80,quintal,2342,Medium Black Soil,Gondia,Gondia,"Local variety paddy, freshly harvested"
9228471385,Cotton,31,quintal,7008,Medium Black Soil,Ambajogai,Beed,"Long-staple cotton, clean and well-ginned"
8244843889,Pomegranate,30,quintal,5832,Loamy,Shevgaon,Ahilyanagar (Ahmednagar),"Fresh pomegranate, good size and colour"
9358580295,Orange (Santra),51,quintal,3358,Regur Soil,Kuhi,Nagpur,"Fresh orange, good size and colour"
9440569318,Grapes,44,quintal,5730,Sandy Loam,Peth,Nashik,"Thompson seedless grapes, export quality"
8672207313,Mango (Alphonso),16,quintal,5164,Sandy Coastal Soil,Malwan,Sindhudurg,"Ratnagiri Hapus, naturally ripened"
7177333719,Orange (Santra),23,quintal,3584,Medium Black Soil,Ramtek,Nagpur,"Nagpur santra, sweet and juicy"
7484620414,Wheat,137,quintal,2613,Murrum,Partur,Jalna,"Sharbati wheat, Grade A"
6398195586,Cotton,24,quintal,6675,Medium Black Soil,Saoli,Chandrapur,"High-grade cotton, sun-dried and ready for sale"
8698128672,Rice,23,quintal,2490,Regur Soil,Deori,Gondia,"Fine quality rice, well-dried"
8459823845,Cotton,49,quintal,7380,Black Cotton Soil,Nandgaon Khandeshwar,Amravati,"Long-staple cotton, clean and well-ginned"
9732704060,Onion,43,quintal,1602,Loamy,Trimbakeshwar,Nashik,"Fresh red onion, well-stored"
8381780986,Turmeric,10,quintal,7372,Black Cotton Soil,Kalamnuri,Hingoli,"Selam-variety turmeric, high curcumin content"
6603496673,Betelnut (Supari),15,quintal,9192,Coastal Alluvial,Panvel,Raigad,"Sun-dried supari, good quality"
6633881426,Onion,71,quintal,1940,Loamy,Rahuri,Ahilyanagar (Ahmednagar),"Nashik-grade onion, medium size, low moisture"
8386048329,Onion,95,quintal,1808,Murrum,Shrirampur,Ahilyanagar (Ahmednagar),"Export-quality red onion, freshly harvested"
9521628229,Grapes,20,quintal,4633,Loamy,Nandgaon,Nashik,"Thompson seedless grapes, export quality"
9772807826,Mixed Vegetables,38,quintal,1340,Red Laterite,Andheri,Mumbai Suburban,"Farm-fresh vegetables, harvested this week"
6510554960,Betelnut (Supari),17,quintal,9086,Sandy Coastal Soil,Sudhagad-Pali,Raigad,"Sun-dried supari, good quality"
8535099137,Sugarcane,206,quintal,303,Murrum,Aurangabad,Chhatrapati Sambhajinagar (Aurangabad),"Fresh-cut sugarcane, high sucrose content"
9862718220,Rice,67,quintal,2084,Laterite Soil,Vikramgad,Palghar,"Local variety paddy, freshly harvested"
8733421155,Turmeric,36,quintal,8983,Loamy,Kagal,Kolhapur,"Sun-dried turmeric fingers, good colour"
6113200505,Onion,47,quintal,2136,Black Cotton Soil,Pathardi,Ahilyanagar (Ahmednagar),"Fresh red onion, well-stored"
9465922491,Sugarcane,186,quintal,300,Red Loamy,Solapur South,Solapur,"High-yield sugarcane, ready for crushing"
6729960382,Soybean,88,quintal,4239,Medium Black Soil,Risod,Washim,"Good quality soybean, machine-cleaned"
7604939157,Mixed Vegetables,37,quintal,1329,Red Laterite,Dadar,Mumbai City,"Fresh seasonal vegetables, mixed lot"
6521375744,Orange (Santra),78,quintal,2540,Black Cotton Soil,Savner,Nagpur,"Nagpur santra, sweet and juicy"
6007126242,Turmeric,23,quintal,8916,Medium Black Soil,Purna,Parbhani,"Selam-variety turmeric, high curcumin content"
6451379561,Turmeric,25,quintal,8571,Medium Black Soil,Gangakhed,Parbhani,"Sun-dried turmeric fingers, good colour"
9029882149,Cotton,23,quintal,6928,Medium Black Soil,Chandrapur,Chandrapur,"Premium BT cotton, harvested this Kharif season"
6808993364,Rice,69,quintal,2576,Regur Soil,Gadchiroli,Gadchiroli,"Local variety paddy, freshly harvested"
9676083212,Betelnut (Supari),18,quintal,11915,Coastal Alluvial,Kudal,Sindhudurg,"Sun-dried supari, good quality"
6665516155,Turmeric,31,quintal,9158,Black Cotton Soil,Loha,Nanded,"Sun-dried turmeric fingers, good colour"
7838217414,Orange (Santra),44,quintal,2514,Clayey Loam,Nagpur Rural,Nagpur,"Nagpur santra, sweet and juicy"
6610294639,Soybean,47,quintal,4488,Black Cotton Soil,Osmanabad,Dharashiv (Osmanabad),"Clean soybean, low moisture content, ready for crushing"
8589314524,Betelnut (Supari),7,quintal,11413,Laterite Soil,Kankavli,Sindhudurg,"Sun-dried supari, good quality"
8871502110,Cashew (Raw),23,quintal,14582,Laterite Soil,Devgad,Sindhudurg,"Good quality raw cashew, ready for processing"
6991313700,Turmeric,49,quintal,8048,Black Cotton Soil,Kadegaon,Sangli,"Selam-variety turmeric, high curcumin content"
9478118303,Soybean,31,quintal,4898,Medium Black Soil,Purna,Parbhani,"Good quality soybean, machine-cleaned"
7237262148,Onion,72,quintal,1435,Sandy Loam,Peth,Nashik,"Nashik-grade onion, medium size, low moisture"
7995891225,Coconut,45,quintal,2018,Sandy Coastal Soil,Vengurla,Sindhudurg,"Fresh coconut, good copra content"
7656454619,Soybean,88,quintal,4565,Murrum,Kalamnuri,Hingoli,"Good quality soybean, machine-cleaned"
8463713646,Rice,43,quintal,2217,Medium Black Soil,Kurkheda,Gadchiroli,"Fine quality rice, well-dried"
6927030842,Wheat,88,quintal,2348,Medium Black Soil,Paithan,Chhatrapati Sambhajinagar (Aurangabad),"Clean, well-dried wheat, good milling quality"
7877093416,Mixed Vegetables,23,quintal,1043,Coastal Alluvial,Kurla,Mumbai Suburban,"Farm-fresh vegetables, harvested this week"
6220591693,Cotton,33,quintal,6964,Black Cotton Soil,Pathri,Parbhani,"High-grade cotton, sun-dried and ready for sale"
8456702320,Banana,115,quintal,1271,Sandy Loam,Bodwad,Jalgaon,"G9 variety banana, uniform bunches"
7896161518,Betelnut (Supari),15,quintal,9210,Laterite Soil,Mhasala,Raigad,"Sun-dried supari, good quality"
9552741687,Mango (Alphonso),8,quintal,5351,Laterite Soil,Shrivardhan,Raigad,"Premium Alphonso mango, export grade"
8869985566,Sugarcane,155,quintal,325,Loamy,Pathardi,Ahilyanagar (Ahmednagar),"Fresh-cut sugarcane, high sucrose content"
7785709132,Soybean,44,quintal,4313,Murrum,Lohara,Dharashiv (Osmanabad),"Good quality soybean, machine-cleaned"
7355048822,Mango (Alphonso),27,quintal,7159,Laterite Soil,Vengurla,Sindhudurg,"Premium Alphonso mango, export grade"
6559493097,Groundnut,57,quintal,5753,Black Cotton Soil,Badnapur,Jalna,"Clean, well-dried groundnut"
9323031637,Soybean,71,quintal,4344,Murrum,Parbhani,Parbhani,"Good quality soybean, machine-cleaned"
7583171621,Cotton,49,quintal,6204,Regur Soil,Akot,Akola,"Premium BT cotton, harvested this Kharif season"
8245601654,Orange (Santra),15,quintal,3522,Black Cotton Soil,Mouda,Nagpur,"Nagpur santra, sweet and juicy"
6259832592,Onion,39,quintal,2085,Loamy,Malegaon,Nashik,"Nashik-grade onion, medium size, low moisture"
7883809315,Mango (Alphonso),8,quintal,7943,Sandy Coastal Soil,Ratnagiri,Ratnagiri,"Ratnagiri Hapus, naturally ripened"
6097771984,Cotton,48,quintal,6635,Regur Soil,Nandgaon Khandeshwar,Amravati,"Long-staple cotton, clean and well-ginned"
9930723933,Mixed Vegetables,45,quintal,1028,Murrum,Jaoli,Satara,"Fresh seasonal vegetables, mixed lot"
8474217294,Cotton,26,quintal,6866,Black Cotton Soil,Dhamangaon,Amravati,"High-grade cotton, sun-dried and ready for sale"
7532937433,Sugarcane,391,quintal,312,Black Cotton Soil,Ambegaon,Pune,"High-yield sugarcane, ready for crushing"
6451379644,Sugarcane,231,quintal,329,Red Loamy,Parner,Ahilyanagar (Ahmednagar),"Fresh-cut sugarcane, high sucrose content"
7128655683,Mixed Vegetables,10,quintal,1027,Red Laterite,Malad,Mumbai Suburban,"Fresh seasonal vegetables, mixed lot"
8444530279,Pomegranate,33,quintal,5368,Loamy,Sangamner,Ahilyanagar (Ahmednagar),"Bhagwa variety pomegranate, export quality"
6593034174,Rice,72,quintal,2182,Regur Soil,Gadchiroli,Gadchiroli,"Local variety paddy, freshly harvested"
9879858112,Mixed Vegetables,40,quintal,1333,Sandy Coastal Soil,Thane,Thane,"Fresh seasonal vegetables, mixed lot"
6931412662,Grapes,35,quintal,4360,Loamy,Dindori,Nashik,"Fresh table grapes, good sugar content"
6731635077,Rice,24,quintal,2350,Coastal Alluvial,Murbad,Thane,"Local variety paddy, freshly harvested"
7742337311,Rice,87,quintal,2402,Regur Soil,Pauni,Bhandara,"Local variety paddy, freshly harvested"
8980170376,Cotton,61,quintal,7256,Black Cotton Soil,Pachora,Jalgaon,"High-grade cotton, sun-dried and ready for sale"
8875068333,Soybean,51,quintal,4266,Murrum,Umarga,Dharashiv (Osmanabad),"Good quality soybean, machine-cleaned"
9677558693,Cotton,25,quintal,7435,Clayey Loam,Pusad,Yavatmal,"Long-staple cotton, clean and well-ginned"
8845590952,Soybean,41,quintal,4624,Murrum,Tuljapur,Dharashiv (Osmanabad),"Good quality soybean, machine-cleaned"
8579866013,Cotton,77,quintal,6582,Medium Black Soil,Parbhani,Parbhani,"High-grade cotton, sun-dried and ready for sale"
9184141016,Grapes,49,quintal,5472,Murrum,Kavathemahankal,Sangli,"Thompson seedless grapes, export quality"
8993924277,Cotton,57,quintal,7427,Black Cotton Soil,Akola,Akola,"High-grade cotton, sun-dried and ready for sale"
8204112237,Cotton,72,quintal,7452,Black Cotton Soil,Arvi,Wardha,"Long-staple cotton, clean and well-ginned"
7192787680,Rice,28,quintal,2186,Black Cotton Soil,Tumsar,Bhandara,"Local variety paddy, freshly harvested"
6715257389,Orange (Santra),48,quintal,2724,Regur Soil,Amravati,Amravati,"Nagpur santra, sweet and juicy"
8503626535,Sugarcane,106,quintal,327,Red Loamy,Chandgad,Kolhapur,"Fresh-cut sugarcane, high sucrose content"
9372681644,Soybean,84,quintal,4570,Murrum,Ahmedpur,Latur,"Clean soybean, low moisture content, ready for crushing"
9962012311,Sugarcane,119,quintal,327,Black Cotton Soil,Gaganbawada,Kolhapur,"Fresh-cut sugarcane, high sucrose content"
7068166851,Sugarcane,219,quintal,319,Loamy,Rahuri,Ahilyanagar (Ahmednagar),"Fresh-cut sugarcane, high sucrose content"
8498444980,Orange (Santra),58,quintal,2973,Medium Black Soil,Daryapur,Amravati,"Nagpur santra, sweet and juicy"
8254401128,Coconut,26,quintal,1942,Red Laterite,Mhasala,Raigad,"Fresh coconut, good copra content"
7672668460,Cotton,48,quintal,6262,Regur Soil,Ralegaon,Yavatmal,"High-grade cotton, sun-dried and ready for sale"
9731991121,Rice,76,quintal,2362,Coastal Alluvial,Shahapur,Thane,"Local variety paddy, freshly harvested"
7413237907,Turmeric,18,quintal,9301,Medium Black Soil,Basmath,Hingoli,"Selam-variety turmeric, high curcumin content"
6880393294,Cotton,59,quintal,7428,Medium Black Soil,Khamgaon,Buldhana,"High-grade cotton, sun-dried and ready for sale"
6363346188,Cotton,44,quintal,6662,Medium Black Soil,Samudrapur,Wardha,"High-grade cotton, sun-dried and ready for sale"
8490747309,Soybean,39,quintal,4429,Regur Soil,Nandura,Buldhana,"Clean soybean, low moisture content, ready for crushing"
6769027693,Cotton,78,quintal,6791,Medium Black Soil,Sindkhed Raja,Buldhana,"Long-staple cotton, clean and well-ginned"
7511674753,Soybean,15,quintal,4794,Medium Black Soil,Dhamangaon,Amravati,"Clean soybean, low moisture content, ready for crushing"
7533642070,Sugarcane,313,quintal,315,Red Loamy,Shirol,Kolhapur,"High-yield sugarcane, ready for crushing"
7463197722,Tomato,47,quintal,1291,Black Cotton Soil,Chandwad,Nashik,"Fresh ripe tomatoes, hybrid variety"
6644688597,Cotton,64,quintal,6416,Murrum,Manwath,Parbhani,"Premium BT cotton, harvested this Kharif season"
9395729410,Sunflower Seed,11,quintal,5846,Clayey Loam,Deulgaon Raja,Buldhana,Well-dried sunflower seed
7919300471,Rice,84,quintal,2292,Coastal Alluvial,Pen,Raigad,"Fine quality rice, well-dried"
6633744196,Soybean,83,quintal,4416,Medium Black Soil,Akot,Akola,"Good quality soybean, machine-cleaned"
8471580835,Cotton,28,quintal,6925,Murrum,Ghansawangi,Jalna,"Long-staple cotton, clean and well-ginned"
9627596563,Soybean,25,quintal,4808,Medium Black Soil,Akola,Akola,"Good quality soybean, machine-cleaned"
6680127172,Cotton,42,quintal,6511,Black Cotton Soil,Mangrulpir,Washim,"Premium BT cotton, harvested this Kharif season"
7005395334,Rice,98,quintal,2124,Coastal Alluvial,Mhasala,Raigad,"Local variety paddy, freshly harvested"
6155266447,Maize,20,quintal,2156,Black Cotton Soil,Nandurbar,Nandurbar,"Good quality maize, ready for market"
9563252783,Turmeric,25,quintal,9155,Medium Black Soil,Mukhed,Nanded,"Sun-dried turmeric fingers, good colour"
6396717153,Strawberry,238,kg,141,Murrum,Karad,Satara,"Mahabaleshwar strawberry, fresh-picked"
9718728190,Onion,88,quintal,2463,Sandy Loam,Niphad,Nashik,"Nashik-grade onion, medium size, low moisture"
9298208240,Sugarcane,120,quintal,307,Loamy,Phaltan,Satara,"High-yield sugarcane, ready for crushing"
9258212461,Wheat,116,quintal,2308,Murrum,Gangapur,Chhatrapati Sambhajinagar (Aurangabad),"Clean, well-dried wheat, good milling quality"
9457457210,Cotton,74,quintal,6507,Clayey Loam,Ashti,Wardha,"Premium BT cotton, harvested this Kharif season"
7223193498,Soybean,42,quintal,4396,Black Cotton Soil,Nandgaon Khandeshwar,Amravati,"Good quality soybean, machine-cleaned"
8297421438,Soybean,52,quintal,4853,Medium Black Soil,Mangrulpir,Washim,"Good quality soybean, machine-cleaned"
6920303268,Sugarcane,251,quintal,315,Murrum,Kopargaon,Ahilyanagar (Ahmednagar),"Fresh-cut sugarcane, high sucrose content"
8354718553,Orange (Santra),28,quintal,3710,Medium Black Soil,Tiosa,Amravati,"Fresh orange, good size and colour"
9898320035,Cotton,61,quintal,7038,Black Cotton Soil,Jalna,Jalna,"High-grade cotton, sun-dried and ready for sale"
8576790051,Sugarcane,317,quintal,321,Black Cotton Soil,Soegaon,Chhatrapati Sambhajinagar (Aurangabad),"High-yield sugarcane, ready for crushing"
7157425470,Soybean,76,quintal,4699,Murrum,Kinwat,Nanded,"Good quality soybean, machine-cleaned"
9559109008,Turmeric,24,quintal,8666,Black Cotton Soil,Sengaon,Hingoli,"Selam-variety turmeric, high curcumin content"
8718738681,Sugarcane,340,quintal,309,Black Cotton Soil,Miraj,Sangli,"High-yield sugarcane, ready for crushing"
9955194324,Jowar,64,quintal,2992,Red Loamy,Malshiras,Solapur,"Rabi jowar, clean and well-dried"
7634439856,Mixed Vegetables,21,quintal,1011,Black Cotton Soil,Haveli,Pune,"Fresh seasonal vegetables, mixed lot"
7640827462,Mango (Alphonso),39,quintal,7229,Sandy Coastal Soil,Sudhagad-Pali,Raigad,"Premium Alphonso mango, export grade"
6865403390,Mango (Alphonso),39,quintal,6215,Sandy Coastal Soil,Ratnagiri,Ratnagiri,"Ratnagiri Hapus, naturally ripened"
9328983401,Soybean,39,quintal,4701,Clayey Loam,Barshitakli,Akola,"Good quality soybean, machine-cleaned"
8833928291,Jowar,63,quintal,2612,Murrum,Nilanga,Latur,"Good quality jowar, low moisture"
6700007805,Soybean,50,quintal,4392,Black Cotton Soil,Umarkhed,Yavatmal,"Good quality soybean, machine-cleaned"
9499380554,Soybean,76,quintal,4219,Regur Soil,Khamgaon,Buldhana,"Good quality soybean, machine-cleaned"
8650297203,Cotton,42,quintal,6231,Medium Black Soil,Wadwani,Beed,"Premium BT cotton, harvested this Kharif season"
6603496673,Rice,35,quintal,2312,Coastal Alluvial,Panvel,Raigad,"Fine quality rice, well-dried"
9893595340,Cotton,24,quintal,6641,Clayey Loam,Dharni,Amravati,"High-grade cotton, sun-dried and ready for sale"
7701002857,Rice,55,quintal,2034,Laterite Soil,Mokhada,Palghar,"Fine quality rice, well-dried"
6177119707,Orange (Santra),38,quintal,3793,Clayey Loam,Daryapur,Amravati,"Nagpur santra, sweet and juicy"
9193246147,Pomegranate,8,quintal,6106,Red Loamy,Kopargaon,Ahilyanagar (Ahmednagar),"Fresh pomegranate, good size and colour"
6120504154,Turmeric,28,quintal,7574,Black Cotton Soil,Atpadi,Sangli,"Sun-dried turmeric fingers, good colour"
6683203325,Tomato,18,quintal,1504,Sandy Loam,Nashik,Nashik,"Fresh ripe tomatoes, hybrid variety"
9217596962,Orange (Santra),19,quintal,2858,Medium Black Soil,Deoli,Wardha,"Nagpur santra, sweet and juicy"
8653513269,Rice,55,quintal,2258,Clayey Loam,Gondia,Gondia,"Local variety paddy, freshly harvested"
6539877788,Cotton,37,quintal,7554,Sandy Loam,Dhule,Dhule,"Long-staple cotton, clean and well-ginned"
6720493315,Mixed Vegetables,31,quintal,1307,Red Laterite,Parel,Mumbai City,"Fresh seasonal vegetables, mixed lot"
7865277061,Custard Apple (Sitaphal),16,quintal,3084,Black Cotton Soil,Majalgaon,Beed,"Balanagar variety sitaphal, naturally ripened"
8206204953,Cashew (Raw),30,quintal,13724,Coastal Alluvial,Chiplun,Ratnagiri,"Good quality raw cashew, ready for processing"
9323031637,Cotton,65,quintal,7494,Black Cotton Soil,Parbhani,Parbhani,"Premium BT cotton, harvested this Kharif season"
7365121188,Papaya,26,quintal,1047,Loamy,Dhadgaon,Nandurbar,"Red Lady variety papaya, uniform ripening"
9643887553,Turmeric,41,quintal,8908,Medium Black Soil,Sailu,Parbhani,"Sun-dried turmeric fingers, good colour"
9115495981,Mango (Alphonso),8,quintal,4473,Laterite Soil,Dodamarg,Sindhudurg,"Premium Alphonso mango, export grade"
8406085616,Sugarcane,362,quintal,360,Murrum,Chandgad,Kolhapur,"High-yield sugarcane, ready for crushing"
7584907445,Strawberry,93,kg,176,Murrum,Khandala,Satara,"Sweet strawberry, ideal for jam-making"
9328983401,Cotton,30,quintal,7395,Regur Soil,Barshitakli,Akola,"Long-staple cotton, clean and well-ginned"
8601267067,Cotton,33,quintal,6966,Medium Black Soil,Telhara,Akola,"Long-staple cotton, clean and well-ginned"
9012771974,Sugarcane,161,quintal,353,Red Loamy,Hatkanangale,Kolhapur,"Fresh-cut sugarcane, high sucrose content"
9495784384,Strawberry,123,kg,94,Red Loamy,Mahabaleshwar,Satara,"Mahabaleshwar strawberry, fresh-picked"
7814988353,Rice,71,quintal,2062,Clayey Loam,Bhamragad,Gadchiroli,"Fine quality rice, well-dried"
9222161207,Cashew (Raw),29,quintal,11401,Sandy Coastal Soil,Guhagar,Ratnagiri,"Raw cashew nuts, sun-dried"
6472670777,Cotton,35,quintal,6354,Medium Black Soil,Beed,Beed,"Premium BT cotton, harvested this Kharif season"
7917311571,Banana,42,quintal,1103,Sandy Loam,Parola,Jalgaon,"G9 variety banana, uniform bunches"
8966166244,Soybean,82,quintal,4663,Black Cotton Soil,Karanja,Washim,"Good quality soybean, machine-cleaned"
8989691916,Grapes,13,quintal,6238,Murrum,Tasgaon,Sangli,"Fresh table grapes, good sugar content"
6985289584,Pomegranate,33,quintal,4226,Loamy,Rahuri,Ahilyanagar (Ahmednagar),"Fresh pomegranate, good size and colour"
6105882298,Rice,63,quintal,2131,Sandy Coastal Soil,Shrivardhan,Raigad,"Local variety paddy, freshly harvested"
9832664286,Onion,50,quintal,1387,Sandy Loam,Trimbakeshwar,Nashik,"Nashik-grade onion, medium size, low moisture"
8979329360,Grapes,35,quintal,5195,Sandy Loam,Malegaon,Nashik,"Thompson seedless grapes, export quality"
6342775944,Sugarcane,155,quintal,304,Loamy,Koregaon,Satara,"Fresh-cut sugarcane, high sucrose content"
8398899802,Cotton,60,quintal,6674,Regur Soil,Wani,Yavatmal,"Long-staple cotton, clean and well-ginned"
9453346841,Soybean,71,quintal,4561,Regur Soil,Manora,Washim,"Good quality soybean, machine-cleaned"
9315899121,Rice,38,quintal,2385,Coastal Alluvial,Mokhada,Palghar,"Local variety paddy, freshly harvested"
9532454185,Rice,88,quintal,2245,Clayey Loam,Dhanora,Gadchiroli,"Fine quality rice, well-dried"
9443370693,Soybean,50,quintal,4190,Murrum,Biloli,Nanded,"Good quality soybean, machine-cleaned"
6417802289,Sugarcane,137,quintal,330,Medium Black Soil,Majalgaon,Beed,"Fresh-cut sugarcane, high sucrose content"
9642964927,Coconut,34,quintal,2642,Red Laterite,Guhagar,Ratnagiri,"Fresh coconut, good copra content"
8142215128,Grapes,24,quintal,4621,Black Cotton Soil,Tasgaon,Sangli,"Thompson seedless grapes, export quality"
8312126520,Coconut,25,quintal,2402,Sandy Coastal Soil,Dodamarg,Sindhudurg,"Fresh coconut, good copra content"
9643887553,Cotton,65,quintal,7530,Black Cotton Soil,Sailu,Parbhani,"Premium BT cotton, harvested this Kharif season"
6622803835,Rice,29,quintal,2405,Black Cotton Soil,Bhandara,Bhandara,"Local variety paddy, freshly harvested"
9903789331,Soybean,40,quintal,4224,Murrum,Hadgaon,Nanded,"Good quality soybean, machine-cleaned"
8980170376,Banana,47,quintal,1407,Sandy Loam,Pachora,Jalgaon,"Fresh banana, ready for market"
7832773058,Rice,82,quintal,2572,Laterite Soil,Bhiwandi,Thane,"Local variety paddy, freshly harvested"
6426480753,Wheat,145,quintal,2357,Medium Black Soil,Jalna,Jalna,"Clean, well-dried wheat, good milling quality"
7508535640,Banana,111,quintal,1286,Sandy Loam,Bhusawal,Jalgaon,"G9 variety banana, uniform bunches"
6206027188,Sugarcane,349,quintal,357,Black Cotton Soil,Aurangabad,Chhatrapati Sambhajinagar (Aurangabad),"Fresh-cut sugarcane, high sucrose content"
6572847298,Turmeric,29,quintal,7932,Red Loamy,Tasgaon,Sangli,"Sun-dried turmeric fingers, good colour"
8178855228,Sugarcane,388,quintal,356,Murrum,Palus,Sangli,"High-yield sugarcane, ready for crushing"
9909491071,Mixed Vegetables,17,quintal,950,Sandy Coastal Soil,Parel,Mumbai City,"Fresh seasonal vegetables, mixed lot"
8927052665,Rice,88,quintal,2087,Black Cotton Soil,Goregaon,Gondia,"Fine quality rice, well-dried"
6413269840,Sugarcane,295,quintal,336,Loamy,Koregaon,Satara,"High-yield sugarcane, ready for crushing"
9869477161,Cotton,63,quintal,6621,Murrum,Purna,Parbhani,"Long-staple cotton, clean and well-ginned"
9908077274,Soybean,84,quintal,4229,Murrum,Aundha Nagnath,Hingoli,"Good quality soybean, machine-cleaned"
8599786343,Papaya,53,quintal,1096,Loamy,Shahada,Nandurbar,"Fresh papaya, ready for market"
8969391641,Banana,45,quintal,1582,Loamy,Yawal,Jalgaon,"Fresh banana, ready for market"
9701770319,Cotton,19,quintal,6796,Murrum,Sillod,Chhatrapati Sambhajinagar (Aurangabad),"High-grade cotton, sun-dried and ready for sale"
9649602181,Cotton,49,quintal,7361,Clayey Loam,Umred,Nagpur,"Premium BT cotton, harvested this Kharif season"
9482133964,Banana,28,quintal,1127,Black Cotton Soil,Erandol,Jalgaon,"G9 variety banana, uniform bunches"
7055038634,Mixed Vegetables,16,quintal,1481,Murrum,Koregaon,Satara,"Fresh seasonal vegetables, mixed lot"
8665660261,Grapes,32,quintal,6243,Red Loamy,Velhe,Pune,"Thompson seedless grapes, export quality"
8448467049,Sugarcane,142,quintal,310,Red Loamy,Wai,Satara,"High-yield sugarcane, ready for crushing"
9856046494,Rice,79,quintal,2561,Regur Soil,Gondpimpri,Chandrapur,"Fine quality rice, well-dried"
7742337311,Rice,60,quintal,2478,Regur Soil,Pauni,Bhandara,"Local variety paddy, freshly harvested"
9532454185,Rice,83,quintal,2073,Medium Black Soil,Dhanora,Gadchiroli,"Fine quality rice, well-dried"
9281536139,Banana,117,quintal,973,Sandy Loam,Navapur,Nandurbar,"Fresh banana, ready for market"
8022541663,Jowar,19,quintal,2898,Loamy,Madha,Solapur,"Good quality jowar, low moisture"
7434037218,Grapes,18,quintal,5106,Red Loamy,Haveli,Pune,"Fresh table grapes, good sugar content"
6715663796,Orange (Santra),32,quintal,2939,Regur Soil,Dharni,Amravati,"Fresh orange, good size and colour"
9037031965,Cotton,32,quintal,7024,Clayey Loam,Zari Jamani,Yavatmal,"Long-staple cotton, clean and well-ginned"
7453645865,Cotton,22,quintal,7175,Medium Black Soil,Kalamnuri,Hingoli,"Premium BT cotton, harvested this Kharif season"
9252667625,Mixed Vegetables,18,quintal,1530,Sandy Coastal Soil,Bandra,Mumbai Suburban,"Fresh seasonal vegetables, mixed lot"
9228176930,Soybean,30,quintal,4687,Black Cotton Soil,Warud,Amravati,"Clean soybean, low moisture content, ready for crushing"
9097684604,Mango (Alphonso),30,quintal,5035,Coastal Alluvial,Vaibhavwadi,Sindhudurg,"Premium Alphonso mango, export grade"
6048514603,Mixed Vegetables,23,quintal,1150,Laterite Soil,Bandra,Mumbai Suburban,"Fresh seasonal vegetables, mixed lot"
8147733717,Mixed Vegetables,39,quintal,1463,Coastal Alluvial,Ulhasnagar,Thane,"Fresh seasonal vegetables, mixed lot"
7648869462,Sugarcane,171,quintal,328,Red Loamy,Nevasa,Ahilyanagar (Ahmednagar),"High-yield sugarcane, ready for crushing"
8095003706,Orange (Santra),32,quintal,2804,Medium Black Soil,Karanja,Wardha,"Fresh orange, good size and colour"
9281710313,Orange (Santra),42,quintal,2989,Clayey Loam,Wardha,Wardha,"Fresh orange, good size and colour"
8204112237,Orange (Santra),51,quintal,2929,Clayey Loam,Arvi,Wardha,"Nagpur santra, sweet and juicy"
6741037265,Jowar,55,quintal,2849,Black Cotton Soil,Pandharpur,Solapur,"Rabi jowar, clean and well-dried"
7699270581,Rice,62,quintal,2595,Clayey Loam,Warora,Chandrapur,"Fine quality rice, well-dried"
7204894537,Mixed Vegetables,36,quintal,1562,Loamy,Jaoli,Satara,"Fresh seasonal vegetables, mixed lot"
9649602181,Orange (Santra),34,quintal,3518,Regur Soil,Umred,Nagpur,"Nagpur santra, sweet and juicy"
9890778866,Mango (Alphonso),11,quintal,4915,Laterite Soil,Murud,Raigad,"Premium Alphonso mango, export grade"
7466610101,Cotton,30,quintal,6653,Black Cotton Soil,Vaijapur,Chhatrapati Sambhajinagar (Aurangabad),"Long-staple cotton, clean and well-ginned"
7807886859,Jowar,63,quintal,2688,Murrum,Sangole,Solapur,"Good quality jowar, low moisture"
6180255762,Cotton,21,quintal,6987,Clayey Loam,Dhamangaon,Amravati,"Premium BT cotton, harvested this Kharif season"
8460090122,Maize,22,quintal,1907,Loamy,Shirpur,Dhule,"Good quality maize, ready for market"
6853693938,Orange (Santra),22,quintal,3419,Clayey Loam,Dharni,Amravati,"Fresh orange, good size and colour"
7505048540,Soybean,55,quintal,4165,Murrum,Gangakhed,Parbhani,"Good quality soybean, machine-cleaned"
7110740466,Turmeric,23,quintal,8792,Black Cotton Soil,Karvir,Kolhapur,"Sun-dried turmeric fingers, good colour"
9394377328,Soybean,76,quintal,4458,Medium Black Soil,Jalgaon Jamod,Buldhana,"Clean soybean, low moisture content, ready for crushing"
8241034586,Tomato,41,quintal,1885,Sandy Loam,Dindori,Nashik,"Fresh ripe tomatoes, hybrid variety"
7040699409,Sunflower Seed,43,quintal,6589,Clayey Loam,Malkapur,Buldhana,Well-dried sunflower seed
8035696406,Mixed Vegetables,30,quintal,1187,Laterite Soil,Ambarnath,Thane,"Farm-fresh vegetables, harvested this week"
8012644496,Soybean,58,quintal,4783,Murrum,Ausa,Latur,"Good quality soybean, machine-cleaned"
9810152971,Mango (Alphonso),8,quintal,4078,Sandy Coastal Soil,Devgad,Sindhudurg,"Ratnagiri Hapus, naturally ripened"
6460974569,Mixed Vegetables,30,quintal,1515,Red Laterite,Andheri,Mumbai Suburban,"Fresh seasonal vegetables, mixed lot"
9862718220,Chikoo (Sapota),12,quintal,3021,Sandy Coastal Soil,Vikramgad,Palghar,"Fresh sapota, ready for market"
7534111725,Cotton,79,quintal,6305,Regur Soil,Kelapur,Yavatmal,"Premium BT cotton, harvested this Kharif season"
7466049710,Rice,27,quintal,2237,Laterite Soil,Tala,Raigad,"Local variety paddy, freshly harvested"
9546719189,Sugarcane,164,quintal,332,Murrum,Indapur,Pune,"Fresh-cut sugarcane, high sucrose content"
9933551027,Grapes,36,quintal,6088,Loamy,Ambegaon,Pune,"Thompson seedless grapes, export quality"
6770934382,Sugarcane,180,quintal,333,Red Loamy,Hatkanangale,Kolhapur,"Fresh-cut sugarcane, high sucrose content"
7364577897,Sugarcane,130,quintal,314,Loamy,Jaoli,Satara,"High-yield sugarcane, ready for crushing"
8318722363,Cotton,64,quintal,7449,Black Cotton Soil,Deoli,Wardha,"High-grade cotton, sun-dried and ready for sale"
8805697290,Turmeric,42,quintal,8103,Murrum,Ardhapur,Nanded,"Sun-dried turmeric fingers, good colour"
9614964309,Cotton,17,quintal,6680,Loamy,Navapur,Nandurbar,"Premium BT cotton, harvested this Kharif season"
7603877542,Orange (Santra),70,quintal,3115,Regur Soil,Kalameshwar,Nagpur,"Nagpur santra, sweet and juicy"
8589314524,Mango (Alphonso),36,quintal,4569,Laterite Soil,Kankavli,Sindhudurg,"Ratnagiri Hapus, naturally ripened"
7207334796,Grapes,20,quintal,4568,Sandy Loam,Trimbakeshwar,Nashik,"Fresh table grapes, good sugar content"
6860499188,Coconut,50,quintal,2702,Sandy Coastal Soil,Kankavli,Sindhudurg,"Well-matured coconut, ready for market"
9925321263,Pomegranate,39,quintal,5699,Black Cotton Soil,Solapur North,Solapur,"Bhagwa variety pomegranate, export quality"
6678522155,Cotton,63,quintal,7570,Clayey Loam,Arni,Yavatmal,"Long-staple cotton, clean and well-ginned"
6544960341,Cotton,24,quintal,7598,Black Cotton Soil,Vaijapur,Chhatrapati Sambhajinagar (Aurangabad),"High-grade cotton, sun-dried and ready for sale"
8041407065,Cotton,68,quintal,7463,Sandy Loam,Parola,Jalgaon,"High-grade cotton, sun-dried and ready for sale"
6650088788,Mixed Vegetables,36,quintal,942,Sandy Coastal Soil,Malad,Mumbai Suburban,"Farm-fresh vegetables, harvested this week"
6694786851,Mixed Vegetables,50,quintal,945,Red Loamy,Phaltan,Satara,"Fresh seasonal vegetables, mixed lot"
7533642070,Sugarcane,390,quintal,321,Red Loamy,Shirol,Kolhapur,"High-yield sugarcane, ready for crushing"
7081484624,Cotton,69,quintal,6378,Clayey Loam,Murtajapur,Akola,"High-grade cotton, sun-dried and ready for sale"
8937230226,Sugarcane,145,quintal,330,Black Cotton Soil,Nagar,Ahilyanagar (Ahmednagar),"Fresh-cut sugarcane, high sucrose content"
9028954660,Soybean,52,quintal,4569,Medium Black Soil,Biloli,Nanded,"Clean soybean, low moisture content, ready for crushing"
6382667590,Cotton,44,quintal,6695,Medium Black Soil,Georai,Beed,"High-grade cotton, sun-dried and ready for sale"
9522051010,Sugarcane,226,quintal,326,Loamy,Madha,Solapur,"Fresh-cut sugarcane, high sucrose content"
6206027188,Cotton,28,quintal,6395,Medium Black Soil,Aurangabad,Chhatrapati Sambhajinagar (Aurangabad),"Premium BT cotton, harvested this Kharif season"
8918803781,Sugarcane,237,quintal,332,Red Loamy,Hatkanangale,Kolhapur,"Fresh-cut sugarcane, high sucrose content"
6793384515,Cotton,24,quintal,7392,Black Cotton Soil,Ner,Yavatmal,"Long-staple cotton, clean and well-ginned"
7500808903,Cashew (Raw),18,quintal,12526,Laterite Soil,Ratnagiri,Ratnagiri,"Good quality raw cashew, ready for processing"
9139276742,Sunflower Seed,21,quintal,6504,Regur Soil,Sindkhed Raja,Buldhana,"Clean sunflower seed, good oil content"
7534111725,Soybean,74,quintal,4206,Clayey Loam,Kelapur,Yavatmal,"Clean soybean, low moisture content, ready for crushing"
6710853124,Turmeric,44,quintal,7803,Black Cotton Soil,Deglur,Nanded,"Selam-variety turmeric, high curcumin content"
9795237710,Mango (Alphonso),15,quintal,6456,Coastal Alluvial,Ambarnath,Thane,"Premium Alphonso mango, export grade"
7207334796,Onion,86,quintal,2063,Loamy,Trimbakeshwar,Nashik,"Fresh red onion, well-stored"
8466646349,Orange (Santra),18,quintal,2744,Regur Soil,Kalameshwar,Nagpur,"Nagpur santra, sweet and juicy"
9736334302,Banana,59,quintal,909,Loamy,Bodwad,Jalgaon,"G9 variety banana, uniform bunches"
6932131650,Coconut,46,quintal,2618,Sandy Coastal Soil,Vengurla,Sindhudurg,"Fresh coconut, good copra content"
6702234230,Banana,35,quintal,1476,Sandy Loam,Akkalkuwa,Nandurbar,"G9 variety banana, uniform bunches"
9557279073,Mixed Vegetables,46,quintal,1344,Coastal Alluvial,Fort,Mumbai City,"Farm-fresh vegetables, harvested this week"
7357502254,Sunflower Seed,23,quintal,6550,Regur Soil,Buldhana,Buldhana,Well-dried sunflower seed
8633031145,Sugarcane,206,quintal,313,Black Cotton Soil,Parner,Ahilyanagar (Ahmednagar),"High-yield sugarcane, ready for crushing"
8515979956,Orange (Santra),27,quintal,2965,Regur Soil,Deoli,Wardha,"Fresh orange, good size and colour"
9900971351,Mixed Vegetables,30,quintal,1051,Sandy Coastal Soil,Kalyan,Thane,"Farm-fresh vegetables, harvested this week"
8406085616,Turmeric,40,quintal,8251,Black Cotton Soil,Chandgad,Kolhapur,"Selam-variety turmeric, high curcumin content"
7157239417,Grapes,37,quintal,4278,Red Loamy,Walwa,Sangli,"Fresh table grapes, good sugar content"
8574640149,Mango (Alphonso),24,quintal,7148,Laterite Soil,Mokhada,Palghar,"Ratnagiri Hapus, naturally ripened"
6446639493,Mixed Vegetables,38,quintal,1350,Sandy Coastal Soil,Borivali,Mumbai Suburban,"Fresh seasonal vegetables, mixed lot"
6349705972,Soybean,40,quintal,4726,Medium Black Soil,Mangrulpir,Washim,"Good quality soybean, machine-cleaned"
9120612962,Groundnut,24,quintal,5509,Sandy Loam,Yawal,Jalgaon,"Bold variety groundnut, good oil content"
6579278527,Soybean,26,quintal,4800,Regur Soil,Balapur,Akola,"Good quality soybean, machine-cleaned"
7766195110,Grapes,25,quintal,4173,Black Cotton Soil,Igatpuri,Nashik,"Thompson seedless grapes, export quality"
7490651467,Cotton,74,quintal,6769,Black Cotton Soil,Sakri,Dhule,"Long-staple cotton, clean and well-ginned"
9443370693,Turmeric,48,quintal,7065,Murrum,Biloli,Nanded,"Selam-variety turmeric, high curcumin content"
6100906189,Turmeric,45,quintal,8665,Black Cotton Soil,Gadhinglaj,Kolhapur,"Selam-variety turmeric, high curcumin content"
9514132669,Orange (Santra),52,quintal,3790,Regur Soil,Amravati,Amravati,"Fresh orange, good size and colour"
6830162844,Banana,39,quintal,1283,Red Loamy,Solapur South,Solapur,"Fresh banana, ready for market"
7398490416,Turmeric,28,quintal,8057,Loamy,Shirala,Sangli,"Selam-variety turmeric, high curcumin content"
9739107296,Cotton,50,quintal,7129,Clayey Loam,Nandura,Buldhana,"Long-staple cotton, clean and well-ginned"
8716084384,Sugarcane,213,quintal,354,Black Cotton Soil,Majalgaon,Beed,"Fresh-cut sugarcane, high sucrose content"
8090358445,Turmeric,49,quintal,7389,Murrum,Kalamnuri,Hingoli,"Sun-dried turmeric fingers, good colour"
8697914154,Mixed Vegetables,31,quintal,839,Sandy Coastal Soil,Kalyan,Thane,"Farm-fresh vegetables, harvested this week"
6437835722,Soybean,80,quintal,4760,Murrum,Purna,Parbhani,"Good quality soybean, machine-cleaned"
7034408770,Coconut,30,quintal,1902,Sandy Coastal Soil,Kankavli,Sindhudurg,"Well-matured coconut, ready for market"
9152550818,Wheat,77,quintal,2498,Medium Black Soil,Ghansawangi,Jalna,"Sharbati wheat, Grade A"
6694786851,Sugarcane,146,quintal,339,Loamy,Phaltan,Satara,"High-yield sugarcane, ready for crushing"
7404601980,Rice,95,quintal,2179,Red Laterite,Shahapur,Thane,"Fine quality rice, well-dried"
9691669547,Rice,69,quintal,2140,Medium Black Soil,Mulchera,Gadchiroli,"Fine quality rice, well-dried"
6603492840,Banana,109,quintal,1112,Black Cotton Soil,Jalgaon,Jalgaon,"Fresh banana, ready for market"
8371779305,Rice,57,quintal,2117,Clayey Loam,Lakhani,Bhandara,"Local variety paddy, freshly harvested"
8969391641,Cotton,64,quintal,7044,Black Cotton Soil,Yawal,Jalgaon,"Long-staple cotton, clean and well-ginned"
7348212946,Rice,52,quintal,2416,Red Laterite,Mhasala,Raigad,"Local variety paddy, freshly harvested"
6829806228,Sugarcane,265,quintal,331,Murrum,Gadhinglaj,Kolhapur,"High-yield sugarcane, ready for crushing"
9373870052,Rice,60,quintal,2151,Laterite Soil,Thane,Thane,"Fine quality rice, well-dried"
7144983178,Mixed Vegetables,36,quintal,1204,Laterite Soil,Colaba,Mumbai City,"Fresh seasonal vegetables, mixed lot"
6111997229,Sugarcane,316,quintal,312,Red Loamy,Rahata,Ahilyanagar (Ahmednagar),"High-yield sugarcane, ready for crushing"
6309718932,Sugarcane,351,quintal,347,Black Cotton Soil,Tuljapur,Dharashiv (Osmanabad),"High-yield sugarcane, ready for crushing"
7610608699,Soybean,32,quintal,4761,Black Cotton Soil,Parbhani,Parbhani,"Good quality soybean, machine-cleaned"
7068166851,Pomegranate,14,quintal,4030,Black Cotton Soil,Rahuri,Ahilyanagar (Ahmednagar),"Fresh pomegranate, good size and colour"
8046523526,Onion,64,quintal,1943,Murrum,Nevasa,Ahilyanagar (Ahmednagar),"Export-quality red onion, freshly harvested"
9057608318,Rice,97,quintal,2224,Black Cotton Soil,Amgaon,Gondia,"Local variety paddy, freshly harvested"
8342957910,Sugarcane,165,quintal,310,Loamy,Mahabaleshwar,Satara,"High-yield sugarcane, ready for crushing"
6425089265,Cotton,55,quintal,7030,Black Cotton Soil,Hinganghat,Wardha,"Long-staple cotton, clean and well-ginned"
6540472028,Cotton,32,quintal,6648,Medium Black Soil,Digras,Yavatmal,"Premium BT cotton, harvested this Kharif season"
6906222972,Mixed Vegetables,50,quintal,993,Red Loamy,Patan,Satara,"Farm-fresh vegetables, harvested this week"
7342017493,Rice,35,quintal,2289,Clayey Loam,Lakhandur,Bhandara,"Local variety paddy, freshly harvested"
9478118303,Cotton,44,quintal,6653,Medium Black Soil,Purna,Parbhani,"High-grade cotton, sun-dried and ready for sale"
8118662733,Banana,45,quintal,1034,Loamy,Sangole,Solapur,"Fresh banana, ready for market"
9785176296,Coconut,30,quintal,1827,Sandy Coastal Soil,Murud,Raigad,"Fresh coconut, good copra content"
9287258751,Orange (Santra),79,quintal,3785,Regur Soil,Nagpur Urban,Nagpur,"Nagpur santra, sweet and juicy"
6048879499,Rice,78,quintal,2570,Regur Soil,Chandrapur,Chandrapur,"Local variety paddy, freshly harvested"
9265498101,Soybean,15,quintal,4523,Murrum,Mukhed,Nanded,"Good quality soybean, machine-cleaned"
8861228748,Cotton,29,quintal,7434,Medium Black Soil,Paithan,Chhatrapati Sambhajinagar (Aurangabad),"Premium BT cotton, harvested this Kharif season"
9984848459,Turmeric,33,quintal,8015,Medium Black Soil,Hingoli,Hingoli,"Sun-dried turmeric fingers, good colour"
7299458979,Soybean,28,quintal,4896,Regur Soil,Kelapur,Yavatmal,"Good quality soybean, machine-cleaned"
6560048941,Turmeric,44,quintal,9078,Black Cotton Soil,Kalamnuri,Hingoli,"Selam-variety turmeric, high curcumin content"
8051523606,Grapes,20,quintal,5151,Black Cotton Soil,Maval,Pune,"Thompson seedless grapes, export quality"
6591945070,Orange (Santra),74,quintal,3617,Black Cotton Soil,Chikhaldara,Amravati,"Fresh orange, good size and colour"
7954000418,Cotton,28,quintal,6787,Medium Black Soil,Loha,Nanded,"Long-staple cotton, clean and well-ginned"
7550461429,Turmeric,32,quintal,8297,Medium Black Soil,Washim,Washim,"Selam-variety turmeric, high curcumin content"
7845646745,Soybean,65,quintal,4551,Regur Soil,Kelapur,Yavatmal,"Good quality soybean, machine-cleaned"
7909797148,Soybean,46,quintal,4155,Black Cotton Soil,Mahur,Nanded,"Good quality soybean, machine-cleaned"
8077206179,Onion,58,quintal,1355,Loamy,Igatpuri,Nashik,"Fresh red onion, well-stored"
8706795188,Sugarcane,362,quintal,322,Murrum,Pune City,Pune,"Fresh-cut sugarcane, high sucrose content"
6334985482,Mango (Alphonso),18,quintal,6981,Red Laterite,Dahanu,Palghar,"Ratnagiri Hapus, naturally ripened"
9861154677,Tur (Arhar),38,quintal,6576,Black Cotton Soil,Latur,Latur,"Well-dried tur, ready for milling"
7838311712,Wheat,63,quintal,2544,Murrum,Ambad,Jalna,"Sharbati wheat, Grade A"
9123977674,Onion,100,quintal,1572,Loamy,Kalwan,Nashik,"Export-quality red onion, freshly harvested"
6494450287,Sugarcane,373,quintal,350,Black Cotton Soil,Kagal,Kolhapur,"High-yield sugarcane, ready for crushing"
7459129125,Turmeric,49,quintal,9208,Murrum,Ajra,Kolhapur,"Selam-variety turmeric, high curcumin content"
9392112628,Sugarcane,391,quintal,316,Loamy,Karmala,Solapur,"High-yield sugarcane, ready for crushing"
9647874101,Mixed Vegetables,17,quintal,1501,Coastal Alluvial,Kurla,Mumbai Suburban,"Fresh seasonal vegetables, mixed lot"
6009969069,Sugarcane,194,quintal,351,Murrum,Mahabaleshwar,Satara,"Fresh-cut sugarcane, high sucrose content"
6332084737,Rice,63,quintal,2189,Regur Soil,Nagbhid,Chandrapur,"Fine quality rice, well-dried"
6678403490,Orange (Santra),17,quintal,2664,Regur Soil,Katol,Nagpur,"Fresh orange, good size and colour"
7556526843,Soybean,32,quintal,4718,Regur Soil,Zari Jamani,Yavatmal,"Clean soybean, low moisture content, ready for crushing"
6865298631,Cotton,61,quintal,7384,Medium Black Soil,Arni,Yavatmal,"High-grade cotton, sun-dried and ready for sale"
6868697014,Cotton,77,quintal,6721,Medium Black Soil,Samudrapur,Wardha,"High-grade cotton, sun-dried and ready for sale"
9011786542,Rice,87,quintal,2317,Red Laterite,Mokhada,Palghar,"Fine quality rice, well-dried"
9276782866,Cotton,16,quintal,7508,Regur Soil,Jalgaon Jamod,Buldhana,"High-grade cotton, sun-dried and ready for sale"
8269413305,Coconut,47,quintal,2147,Coastal Alluvial,Roha,Raigad,"Well-matured coconut, ready for market"
7908309683,Soybean,40,quintal,4635,Black Cotton Soil,Pathri,Parbhani,"Good quality soybean, machine-cleaned"
7039067711,Mixed Vegetables,45,quintal,1447,Red Loamy,Maval,Pune,"Fresh seasonal vegetables, mixed lot"
6833374893,Turmeric,22,quintal,8032,Medium Black Soil,Sengaon,Hingoli,"Selam-variety turmeric, high curcumin content"
9946731776,Cotton,50,quintal,7027,Medium Black Soil,Buldhana,Buldhana,"High-grade cotton, sun-dried and ready for sale"
6385831418,Mixed Vegetables,48,quintal,1292,Loamy,Jaoli,Satara,"Farm-fresh vegetables, harvested this week"
6005632525,Grapes,50,quintal,5143,Sandy Loam,Igatpuri,Nashik,"Fresh table grapes, good sugar content"
9597130911,Mixed Vegetables,11,quintal,1361,Coastal Alluvial,Bandra,Mumbai Suburban,"Fresh seasonal vegetables, mixed lot"
8105793947,Orange (Santra),18,quintal,3712,Black Cotton Soil,Kalameshwar,Nagpur,"Nagpur santra, sweet and juicy"
9523070963,Sugarcane,325,quintal,314,Loamy,Karad,Satara,"Fresh-cut sugarcane, high sucrose content"
7909962112,Sugarcane,188,quintal,303,Murrum,Gangapur,Chhatrapati Sambhajinagar (Aurangabad),"High-yield sugarcane, ready for crushing"
9095432792,Jowar,74,quintal,3021,Medium Black Soil,Latur,Latur,"Good quality jowar, low moisture"
9352190496,Rice,57,quintal,2517,Medium Black Soil,Sindewahi,Chandrapur,"Local variety paddy, freshly harvested"
9779295743,Onion,59,quintal,1566,Black Cotton Soil,Dindori,Nashik,"Export-quality red onion, freshly harvested"
8122557590,Groundnut,14,quintal,5579,Black Cotton Soil,Jafrabad,Jalna,"Clean, well-dried groundnut"
9872619093,Rice,20,quintal,2383,Black Cotton Soil,Salekasa,Gondia,"Local variety paddy, freshly harvested"
8354718553,Soybean,85,quintal,4780,Medium Black Soil,Tiosa,Amravati,"Good quality soybean, machine-cleaned"
9739107296,Sunflower Seed,16,quintal,6086,Clayey Loam,Nandura,Buldhana,"Clean sunflower seed, good oil content"
6241146179,Rice,35,quintal,2396,Black Cotton Soil,Aheri,Gadchiroli,"Fine quality rice, well-dried"
6798009646,Rice,24,quintal,2389,Regur Soil,Bhamragad,Gadchiroli,"Fine quality rice, well-dried"
7423806197,Cotton,42,quintal,6696,Murrum,Kalamnuri,Hingoli,"Long-staple cotton, clean and well-ginned"
6650181712,Rice,75,quintal,2148,Red Laterite,Sudhagad-Pali,Raigad,"Local variety paddy, freshly harvested"
7675116639,Sugarcane,239,quintal,309,Red Loamy,Solapur North,Solapur,"High-yield sugarcane, ready for crushing"
9930723933,Sugarcane,328,quintal,321,Loamy,Jaoli,Satara,"High-yield sugarcane, ready for crushing"
7078965719,Cotton,30,quintal,7301,Black Cotton Soil,Parola,Jalgaon,"Premium BT cotton, harvested this Kharif season"
7977872433,Rice,25,quintal,2483,Regur Soil,Deori,Gondia,"Fine quality rice, well-dried"
7854454648,Mixed Vegetables,21,quintal,1554,Coastal Alluvial,Thane,Thane,"Fresh seasonal vegetables, mixed lot"
9414039920,Cashew (Raw),17,quintal,13134,Laterite Soil,Guhagar,Ratnagiri,"Raw cashew nuts, sun-dried"
8498444980,Cotton,37,quintal,6310,Black Cotton Soil,Daryapur,Amravati,"High-grade cotton, sun-dried and ready for sale"
8501863207,Mixed Vegetables,27,quintal,1173,Coastal Alluvial,Dadar,Mumbai City,"Farm-fresh vegetables, harvested this week"
7705020556,Coconut,43,quintal,2106,Laterite Soil,Mangaon,Raigad,"Well-matured coconut, ready for market"
8118662733,Pomegranate,19,quintal,6374,Murrum,Sangole,Solapur,"Bhagwa variety pomegranate, export quality"
8459823845,Soybean,24,quintal,4504,Regur Soil,Nandgaon Khandeshwar,Amravati,"Good quality soybean, machine-cleaned"
6867222326,Sugarcane,102,quintal,342,Loamy,Pathardi,Ahilyanagar (Ahmednagar),"Fresh-cut sugarcane, high sucrose content"
7416264954,Mango (Alphonso),29,quintal,5235,Red Laterite,Sawantwadi,Sindhudurg,"Ratnagiri Hapus, naturally ripened"
8635084703,Turmeric,21,quintal,8274,Murrum,Radhanagari,Kolhapur,"Sun-dried turmeric fingers, good colour"
8331845802,Mango (Alphonso),5,quintal,8276,Coastal Alluvial,Shrivardhan,Raigad,"Ratnagiri Hapus, naturally ripened"
8386048329,Pomegranate,22,quintal,6921,Black Cotton Soil,Shrirampur,Ahilyanagar (Ahmednagar),"Fresh pomegranate, good size and colour"
9014062623,Coconut,36,quintal,2116,Red Laterite,Chiplun,Ratnagiri,"Well-matured coconut, ready for market"
7348207134,Rice,62,quintal,2462,Black Cotton Soil,Sadak-Arjuni,Gondia,"Fine quality rice, well-dried"
6301158523,Rice,94,quintal,2093,Black Cotton Soil,Bhamragad,Gadchiroli,"Local variety paddy, freshly harvested"
6553432158,Sugarcane,253,quintal,350,Medium Black Soil,Khuldabad,Chhatrapati Sambhajinagar (Aurangabad),"High-yield sugarcane, ready for crushing"
6138707498,Betelnut (Supari),8,quintal,11930,Laterite Soil,Poladpur,Raigad,"Fresh betelnut, well-processed"
6554577471,Cotton,47,quintal,7499,Sandy Loam,Shahada,Nandurbar,"Long-staple cotton, clean and well-ginned"
8738383798,Turmeric,17,quintal,8275,Red Loamy,Jat,Sangli,"Selam-variety turmeric, high curcumin content"
9272125808,Chikoo (Sapota),28,quintal,2958,Coastal Alluvial,Dahanu,Palghar,"Fresh sapota, ready for market"
8439337857,Jowar,47,quintal,2671,Black Cotton Soil,Shirur Anantpal,Latur,"Good quality jowar, low moisture"
8000023583,Cotton,22,quintal,6807,Black Cotton Soil,Nandurbar,Nandurbar,"Long-staple cotton, clean and well-ginned"
7299782309,Grapes,42,quintal,6376,Loamy,Velhe,Pune,"Thompson seedless grapes, export quality"
6673202399,Turmeric,41,quintal,9062,Medium Black Soil,Risod,Washim,"Sun-dried turmeric fingers, good colour"
9161616387,Rice,94,quintal,2249,Black Cotton Soil,Deori,Gondia,"Fine quality rice, well-dried"
8684744186,Rice,75,quintal,2408,Black Cotton Soil,Sadak-Arjuni,Gondia,"Fine quality rice, well-dried"
6712911774,Soybean,19,quintal,4495,Murrum,Sailu,Parbhani,"Clean soybean, low moisture content, ready for crushing"
7954154214,Turmeric,21,quintal,7894,Murrum,Gaganbawada,Kolhapur,"Sun-dried turmeric fingers, good colour"
9414039920,Mango (Alphonso),12,quintal,4177,Coastal Alluvial,Guhagar,Ratnagiri,"Ratnagiri Hapus, naturally ripened"
6571886546,Sunflower Seed,42,quintal,6149,Clayey Loam,Sangrampur,Buldhana,"Clean sunflower seed, good oil content"
9376871474,Soybean,40,quintal,4101,Medium Black Soil,Washim,Washim,"Clean soybean, low moisture content, ready for crushing"
7781537133,Cotton,25,quintal,7594,Regur Soil,Risod,Washim,"Premium BT cotton, harvested this Kharif season"
7098958852,Orange (Santra),66,quintal,3630,Clayey Loam,Hinganghat,Wardha,"Fresh orange, good size and colour"
6372639701,Cotton,39,quintal,7048,Murrum,Bhokar,Nanded,"Premium BT cotton, harvested this Kharif season"
8077296794,Wheat,109,quintal,2585,Black Cotton Soil,Jafrabad,Jalna,"Sharbati wheat, Grade A"
8392126443,Wheat,67,quintal,2525,Black Cotton Soil,Kannad,Chhatrapati Sambhajinagar (Aurangabad),"Clean, well-dried wheat, good milling quality"
7857374509,Rice,47,quintal,2453,Laterite Soil,Mokhada,Palghar,"Local variety paddy, freshly harvested"
6268569750,Sugarcane,182,quintal,327,Loamy,Shahuwadi,Kolhapur,"High-yield sugarcane, ready for crushing"
6107369983,Turmeric,15,quintal,7308,Black Cotton Soil,Kavathemahankal,Sangli,"Sun-dried turmeric fingers, good colour"
6255671032,Tur (Arhar),24,quintal,7473,Murrum,Ahmedpur,Latur,"Clean tur dal grain, good quality"
7793965535,Cotton,21,quintal,7278,Black Cotton Soil,Nandurbar,Nandurbar,"Premium BT cotton, harvested this Kharif season"
7291938919,Soybean,40,quintal,4839,Black Cotton Soil,Chandurbazar,Amravati,"Clean soybean, low moisture content, ready for crushing"
8552610916,Cotton,58,quintal,6651,Medium Black Soil,Dharur,Beed,"High-grade cotton, sun-dried and ready for sale"
9385348792,Turmeric,23,quintal,7160,Medium Black Soil,Basmath,Hingoli,"Selam-variety turmeric, high curcumin content"
8294341226,Onion,55,quintal,1348,Black Cotton Soil,Yeola,Nashik,"Export-quality red onion, freshly harvested"
8953573896,Coconut,42,quintal,2086,Coastal Alluvial,Uran,Raigad,"Well-matured coconut, ready for market"
8358822795,Rice,46,quintal,2425,Laterite Soil,Uran,Raigad,"Fine quality rice, well-dried"
8189042438,Sugarcane,239,quintal,311,Red Loamy,Madha,Solapur,"Fresh-cut sugarcane, high sucrose content"
6503744738,Chikoo (Sapota),39,quintal,3064,Coastal Alluvial,Vasai,Palghar,"Fresh sapota, ready for market"
7584751601,Cotton,67,quintal,7564,Clayey Loam,Jiwati,Chandrapur,"High-grade cotton, sun-dried and ready for sale"
8498873533,Onion,93,quintal,1468,Murrum,Pathardi,Ahilyanagar (Ahmednagar),"Export-quality red onion, freshly harvested"
9963274535,Rice,44,quintal,2263,Clayey Loam,Amgaon,Gondia,"Fine quality rice, well-dried"
8512827056,Rice,74,quintal,2247,Sandy Coastal Soil,Murud,Raigad,"Local variety paddy, freshly harvested"
7255132144,Rice,83,quintal,2597,Regur Soil,Bhandara,Bhandara,"Local variety paddy, freshly harvested"
8679228434,Sugarcane,147,quintal,325,Black Cotton Soil,Ambegaon,Pune,"Fresh-cut sugarcane, high sucrose content"
8248917994,Cotton,15,quintal,6960,Murrum,Georai,Beed,"High-grade cotton, sun-dried and ready for sale"
8225725318,Sugarcane,371,quintal,341,Loamy,Daund,Pune,"High-yield sugarcane, ready for crushing"
7751182015,Mixed Vegetables,27,quintal,1163,Laterite Soil,Kurla,Mumbai Suburban,"Farm-fresh vegetables, harvested this week"
6102692779,Orange (Santra),26,quintal,2586,Clayey Loam,Tiosa,Amravati,"Fresh orange, good size and colour"
7672036458,Pomegranate,35,quintal,5908,Red Loamy,Barshi,Solapur,"Bhagwa variety pomegranate, export quality"
9228471385,Sugarcane,352,quintal,351,Murrum,Ambajogai,Beed,"High-yield sugarcane, ready for crushing"
7285386793,Banana,81,quintal,1557,Murrum,Malshiras,Solapur,"G9 variety banana, uniform bunches"
7040699409,Cotton,38,quintal,7338,Regur Soil,Malkapur,Buldhana,"Premium BT cotton, harvested this Kharif season"
8808183779,Rice,33,quintal,2197,Red Laterite,Uran,Raigad,"Local variety paddy, freshly harvested"
7905587716,Maize,25,quintal,2180,Sandy Loam,Navapur,Nandurbar,"Good quality maize, ready for market"
8361055066,Sugarcane,206,quintal,350,Red Loamy,Gadhinglaj,Kolhapur,"Fresh-cut sugarcane, high sucrose content"
6830162844,Jowar,29,quintal,3042,Red Loamy,Solapur South,Solapur,"Rabi jowar, clean and well-dried"
6372639701,Turmeric,17,quintal,8505,Murrum,Bhokar,Nanded,"Selam-variety turmeric, high curcumin content"
6601273751,Mixed Vegetables,27,quintal,1191,Red Loamy,Phaltan,Satara,"Fresh seasonal vegetables, mixed lot"
6541708308,Tur (Arhar),15,quintal,7399,Black Cotton Soil,Renapur,Latur,"Well-dried tur, ready for milling"
9709000017,Sugarcane,312,quintal,329,Medium Black Soil,Tuljapur,Dharashiv (Osmanabad),"High-yield sugarcane, ready for crushing"
6890697730,Mango (Alphonso),29,quintal,5862,Laterite Soil,Sudhagad-Pali,Raigad,"Ratnagiri Hapus, naturally ripened"
9559109008,Cotton,70,quintal,6953,Murrum,Sengaon,Hingoli,"High-grade cotton, sun-dried and ready for sale"
8943201835,Tomato,35,quintal,1255,Loamy,Dindori,Nashik,"Farm-fresh tomatoes, harvested this week"
6521143118,Soybean,36,quintal,4608,Medium Black Soil,Aundha Nagnath,Hingoli,"Good quality soybean, machine-cleaned"
9969752389,Orange (Santra),65,quintal,3763,Medium Black Soil,Kalameshwar,Nagpur,"Nagpur santra, sweet and juicy"
9304482877,Orange (Santra),31,quintal,3384,Black Cotton Soil,Bhatkuli,Amravati,"Fresh orange, good size and colour"
8972454592,Betelnut (Supari),5,quintal,10232,Laterite Soil,Mahad,Raigad,"Fresh betelnut, well-processed"
7670199440,Mixed Vegetables,42,quintal,841,Red Laterite,Ambarnath,Thane,"Farm-fresh vegetables, harvested this week"
7593906749,Orange (Santra),33,quintal,2999,Regur Soil,Mouda,Nagpur,"Nagpur santra, sweet and juicy"
8059768439,Sugarcane,296,quintal,359,Black Cotton Soil,Bhum,Dharashiv (Osmanabad),"High-yield sugarcane, ready for crushing"
8210698828,Cashew (Raw),21,quintal,14495,Red Laterite,Malwan,Sindhudurg,"Good quality raw cashew, ready for processing"
6476832195,Turmeric,30,quintal,7312,Medium Black Soil,Himayatnagar,Nanded,"Selam-variety turmeric, high curcumin content"
6879232297,Soybean,34,quintal,4102,Medium Black Soil,Buldhana,Buldhana,"Good quality soybean, machine-cleaned"
6557073710,Turmeric,14,quintal,9292,Black Cotton Soil,Sailu,Parbhani,"Selam-variety turmeric, high curcumin content"
8120783383,Betelnut (Supari),23,quintal,11902,Coastal Alluvial,Sawantwadi,Sindhudurg,"Sun-dried supari, good quality"
9396172966,Cotton,42,quintal,6652,Medium Black Soil,Wadwani,Beed,"High-grade cotton, sun-dried and ready for sale"
9425385018,Mixed Vegetables,21,quintal,948,Sandy Coastal Soil,Dadar,Mumbai City,"Farm-fresh vegetables, harvested this week"
8354718553,Cotton,32,quintal,6927,Regur Soil,Tiosa,Amravati,"High-grade cotton, sun-dried and ready for sale"
7076796590,Pomegranate,11,quintal,4839,Loamy,Mohol,Solapur,"Fresh pomegranate, good size and colour"
9848558167,Cotton,69,quintal,6768,Black Cotton Soil,Shirpur,Dhule,"Long-staple cotton, clean and well-ginned"
9767720940,Sugarcane,198,quintal,309,Murrum,Wai,Satara,"High-yield sugarcane, ready for crushing"
7269343119,Sugarcane,279,quintal,322,Murrum,Khuldabad,Chhatrapati Sambhajinagar (Aurangabad),"Fresh-cut sugarcane, high sucrose content"
6849104819,Groundnut,14,quintal,6539,Sandy Loam,Bhusawal,Jalgaon,"Bold variety groundnut, good oil content"
6275870790,Cashew (Raw),11,quintal,11898,Coastal Alluvial,Guhagar,Ratnagiri,"Raw cashew nuts, sun-dried"
6014411743,Rice,52,quintal,2097,Clayey Loam,Sadak-Arjuni,Gondia,"Local variety paddy, freshly harvested"
7698064556,Rice,30,quintal,2118,Red Laterite,Talasari,Palghar,"Local variety paddy, freshly harvested"
8392482667,Rice,44,quintal,2534,Medium Black Soil,Sakoli,Bhandara,"Fine quality rice, well-dried"
9909213512,Jowar,18,quintal,2930,Murrum,Latur,Latur,"Good quality jowar, low moisture"
9974655495,Cashew (Raw),14,quintal,12383,Laterite Soil,Vengurla,Sindhudurg,"Raw cashew nuts, sun-dried"
8869995772,Rice,87,quintal,2512,Coastal Alluvial,Vasai,Palghar,"Local variety paddy, freshly harvested"
9099327106,Mixed Vegetables,41,quintal,1345,Red Loamy,Pune City,Pune,"Farm-fresh vegetables, harvested this week"
9903789331,Cotton,28,quintal,6327,Murrum,Hadgaon,Nanded,"Premium BT cotton, harvested this Kharif season"
8106216596,Tur (Arhar),43,quintal,7026,Black Cotton Soil,Nilanga,Latur,"Well-dried tur, ready for milling"
8233201396,Sugarcane,390,quintal,305,Murrum,Gangapur,Chhatrapati Sambhajinagar (Aurangabad),"High-yield sugarcane, ready for crushing"
7986400126,Soybean,62,quintal,4877,Clayey Loam,Jalgaon Jamod,Buldhana,"Clean soybean, low moisture content, ready for crushing"
6318834983,Cotton,33,quintal,6384,Medium Black Soil,Mul,Chandrapur,"Premium BT cotton, harvested this Kharif season"
6130950718,Turmeric,30,quintal,8439,Clayey Loam,Risod,Washim,"Selam-variety turmeric, high curcumin content"
9656346940,Papaya,37,quintal,1086,Sandy Loam,Navapur,Nandurbar,"Red Lady variety papaya, uniform ripening"
8350310999,Rice,37,quintal,2599,Black Cotton Soil,Sakoli,Bhandara,"Local variety paddy, freshly harvested"
7284215610,Banana,88,quintal,982,Loamy,Shahada,Nandurbar,"G9 variety banana, uniform bunches"
8787387067,Turmeric,27,quintal,8179,Loamy,Jat,Sangli,"Sun-dried turmeric fingers, good colour"
6509675198,Orange (Santra),22,quintal,3701,Regur Soil,Dharni,Amravati,"Fresh orange, good size and colour"
9186909684,Mixed Vegetables,36,quintal,930,Murrum,Khatav,Satara,"Farm-fresh vegetables, harvested this week"
8698128672,Rice,35,quintal,2579,Clayey Loam,Deori,Gondia,"Local variety paddy, freshly harvested"
8311789807,Soybean,88,quintal,4292,Clayey Loam,Jalgaon Jamod,Buldhana,"Clean soybean, low moisture content, ready for crushing"
6292075085,Grapes,14,quintal,5450,Black Cotton Soil,Baramati,Pune,"Fresh table grapes, good sugar content"
8088047589,Turmeric,16,quintal,8823,Murrum,Palam,Parbhani,"Selam-variety turmeric, high curcumin content"
8701561507,Sugarcane,290,quintal,356,Murrum,Georai,Beed,"High-yield sugarcane, ready for crushing"
7954000418,Soybean,53,quintal,4276,Black Cotton Soil,Loha,Nanded,"Good quality soybean, machine-cleaned"
8503626535,Sugarcane,179,quintal,326,Black Cotton Soil,Chandgad,Kolhapur,"High-yield sugarcane, ready for crushing"
9423262600,Mixed Vegetables,47,quintal,951,Laterite Soil,Malad,Mumbai Suburban,"Fresh seasonal vegetables, mixed lot"
6723544568,Grapes,48,quintal,5523,Sandy Loam,Igatpuri,Nashik,"Thompson seedless grapes, export quality"
7131215876,Cotton,71,quintal,6678,Clayey Loam,Patur,Akola,"Premium BT cotton, harvested this Kharif season"
9662421718,Soybean,87,quintal,4375,Clayey Loam,Pusad,Yavatmal,"Clean soybean, low moisture content, ready for crushing"
6345998924,Rice,100,quintal,2530,Laterite Soil,Murud,Raigad,"Local variety paddy, freshly harvested"
6363346188,Orange (Santra),63,quintal,3406,Medium Black Soil,Samudrapur,Wardha,"Nagpur santra, sweet and juicy"
7708883223,Betelnut (Supari),14,quintal,9069,Sandy Coastal Soil,Alibag,Raigad,"Sun-dried supari, good quality"
8697914154,Mango (Alphonso),23,quintal,7173,Sandy Coastal Soil,Kalyan,Thane,"Premium Alphonso mango, export grade"
8120166731,Banana,44,quintal,1056,Sandy Loam,Raver,Jalgaon,"Fresh banana, ready for market"
8522315544,Cotton,25,quintal,7517,Medium Black Soil,Digras,Yavatmal,"Long-staple cotton, clean and well-ginned"
7910846962,Mango (Alphonso),33,quintal,4374,Red Laterite,Malwan,Sindhudurg,"Ratnagiri Hapus, naturally ripened"
9896380593,Grapes,12,quintal,4359,Black Cotton Soil,Sinnar,Nashik,"Fresh table grapes, good sugar content"
7751182015,Mixed Vegetables,31,quintal,1422,Sandy Coastal Soil,Kurla,Mumbai Suburban,"Fresh seasonal vegetables, mixed lot"
9714774744,Custard Apple (Sitaphal),18,quintal,5456,Murrum,Parli,Beed,"Fresh custard apple, good size"
9597555345,Sugarcane,284,quintal,343,Murrum,Radhanagari,Kolhapur,"High-yield sugarcane, ready for crushing"
9415097574,Rice,75,quintal,2061,Regur Soil,Sadak-Arjuni,Gondia,"Fine quality rice, well-dried"
9848690952,Soybean,87,quintal,4767,Murrum,Biloli,Nanded,"Good quality soybean, machine-cleaned"
8037469217,Banana,91,quintal,1384,Red Loamy,Sangole,Solapur,"Fresh banana, ready for market"
8640814516,Cotton,54,quintal,6336,Medium Black Soil,Deoli,Wardha,"Long-staple cotton, clean and well-ginned"
7267161772,Rice,63,quintal,2219,Regur Soil,Lakhandur,Bhandara,"Fine quality rice, well-dried"
7657218123,Betelnut (Supari),18,quintal,10599,Red Laterite,Shrivardhan,Raigad,"Sun-dried supari, good quality"
8170492826,Maize,36,quintal,2018,Black Cotton Soil,Navapur,Nandurbar,"Good quality maize, ready for market"
7569366229,Cashew (Raw),7,quintal,11258,Laterite Soil,Sawantwadi,Sindhudurg,"Raw cashew nuts, sun-dried"
7823725448,Mixed Vegetables,48,quintal,1421,Black Cotton Soil,Shirur,Pune,"Fresh seasonal vegetables, mixed lot"
7548523832,Rice,53,quintal,2464,Laterite Soil,Vikramgad,Palghar,"Local variety paddy, freshly harvested"
9516151458,Onion,60,quintal,2283,Loamy,Sakri,Dhule,"Fresh red onion, well-stored"
8118662733,Sugarcane,233,quintal,310,Black Cotton Soil,Sangole,Solapur,"Fresh-cut sugarcane, high sucrose content"
9176261644,Cotton,64,quintal,7287,Black Cotton Soil,Zari Jamani,Yavatmal,"High-grade cotton, sun-dried and ready for sale"
9137886610,Maize,35,quintal,2161,Black Cotton Soil,Nandurbar,Nandurbar,"Hybrid maize, well-dried"
8815248638,Rice,66,quintal,2522,Regur Soil,Armori,Gadchiroli,"Fine quality rice, well-dried"
9473782883,Coconut,49,quintal,2591,Laterite Soil,Kankavli,Sindhudurg,"Well-matured coconut, ready for market"
8684556461,Strawberry,55,kg,168,Murrum,Patan,Satara,"Sweet strawberry, ideal for jam-making"
9053203678,Cotton,48,quintal,7552,Medium Black Soil,Chikhli,Buldhana,"Long-staple cotton, clean and well-ginned"
8683163786,Grapes,42,quintal,5365,Red Loamy,Baramati,Pune,"Fresh table grapes, good sugar content"
8611225225,Orange (Santra),69,quintal,3642,Clayey Loam,Kamptee,Nagpur,"Nagpur santra, sweet and juicy"
6484163551,Cotton,25,quintal,6593,Black Cotton Soil,Seloo,Wardha,"Long-staple cotton, clean and well-ginned"
9909491071,Mixed Vegetables,50,quintal,1246,Red Laterite,Parel,Mumbai City,"Farm-fresh vegetables, harvested this week"
6734940583,Custard Apple (Sitaphal),22,quintal,3286,Medium Black Soil,Shirur-Kasar,Beed,"Fresh custard apple, good size"
8533389846,Mango (Alphonso),21,quintal,6317,Sandy Coastal Soil,Kalyan,Thane,"Ratnagiri Hapus, naturally ripened"
7413690565,Onion,69,quintal,1288,Black Cotton Soil,Dhule,Dhule,"Fresh red onion, well-stored"
9358580295,Cotton,72,quintal,7580,Regur Soil,Kuhi,Nagpur,"High-grade cotton, sun-dried and ready for sale"
9949786379,Rice,96,quintal,2400,Clayey Loam,Saoli,Chandrapur,"Fine quality rice, well-dried"
7336082331,Cotton,53,quintal,7510,Medium Black Soil,Bhiwapur,Nagpur,"High-grade cotton, sun-dried and ready for sale"
8556508169,Cotton,24,quintal,7321,Black Cotton Soil,Chandur,Amravati,"Long-staple cotton, clean and well-ginned"
7536594551,Groundnut,11,quintal,6226,Black Cotton Soil,Partur,Jalna,"Bold variety groundnut, good oil content"
8424607304,Rice,66,quintal,2304,Regur Soil,Deori,Gondia,"Local variety paddy, freshly harvested"
7242590338,Grapes,40,quintal,6441,Black Cotton Soil,Palus,Sangli,"Fresh table grapes, good sugar content"
7999453299,Cotton,67,quintal,6583,Clayey Loam,Yavatmal,Yavatmal,"High-grade cotton, sun-dried and ready for sale"
7377515418,Rice,87,quintal,2092,Black Cotton Soil,Dhanora,Gadchiroli,"Fine quality rice, well-dried"
6349942038,Sugarcane,207,quintal,315,Murrum,Jat,Sangli,"High-yield sugarcane, ready for crushing"
9982906054,Banana,32,quintal,1141,Black Cotton Soil,Akkalkuwa,Nandurbar,"Fresh banana, ready for market"
9220455430,Chikoo (Sapota),48,quintal,2897,Laterite Soil,Palghar,Palghar,"Fresh sapota, ready for market"
6741224029,Banana,70,quintal,1260,Black Cotton Soil,Chalisgaon,Jalgaon,"G9 variety banana, uniform bunches"
7197148998,Cotton,69,quintal,7383,Black Cotton Soil,Bhiwapur,Nagpur,"Premium BT cotton, harvested this Kharif season"
6766214655,Sugarcane,260,quintal,345,Loamy,Nevasa,Ahilyanagar (Ahmednagar),"Fresh-cut sugarcane, high sucrose content"
9014478905,Cotton,40,quintal,6424,Black Cotton Soil,Malkapur,Buldhana,"Premium BT cotton, harvested this Kharif season"
6836234848,Strawberry,169,kg,159,Murrum,Jaoli,Satara,"Mahabaleshwar strawberry, fresh-picked"
6416440893,Grapes,29,quintal,6452,Black Cotton Soil,Solapur North,Solapur,"Thompson seedless grapes, export quality"
6674648161,Rice,78,quintal,2593,Sandy Coastal Soil,Shrivardhan,Raigad,"Fine quality rice, well-dried"
9461502586,Cotton,30,quintal,7410,Clayey Loam,Telhara,Akola,"Long-staple cotton, clean and well-ginned"
6854665847,Sugarcane,174,quintal,313,Medium Black Soil,Dharur,Beed,"High-yield sugarcane, ready for crushing"
9493064653,Sugarcane,333,quintal,335,Medium Black Soil,Paithan,Chhatrapati Sambhajinagar (Aurangabad),"Fresh-cut sugarcane, high sucrose content"
9399529689,Mixed Vegetables,36,quintal,1388,Red Laterite,Andheri,Mumbai Suburban,"Fresh seasonal vegetables, mixed lot"
8979554444,Mixed Vegetables,27,quintal,1542,Red Loamy,Karad,Satara,"Fresh seasonal vegetables, mixed lot"
7560410996,Soybean,59,quintal,4774,Medium Black Soil,Tuljapur,Dharashiv (Osmanabad),"Clean soybean, low moisture content, ready for crushing"
8765974070,Rice,66,quintal,2441,Black Cotton Soil,Sironcha,Gadchiroli,"Fine quality rice, well-dried"
9568878414,Sugarcane,110,quintal,330,Murrum,Maval,Pune,"Fresh-cut sugarcane, high sucrose content"
8211924047,Turmeric,27,quintal,7072,Medium Black Soil,Kandhar,Nanded,"Selam-variety turmeric, high curcumin content"
6029828974,Soybean,31,quintal,4125,Black Cotton Soil,Manora,Washim,"Clean soybean, low moisture content, ready for crushing"
7085242532,Soybean,23,quintal,4139,Medium Black Soil,Sonpeth,Parbhani,"Clean soybean, low moisture content, ready for crushing"
6715257389,Cotton,46,quintal,6767,Regur Soil,Amravati,Amravati,"High-grade cotton, sun-dried and ready for sale"
8925405021,Soybean,58,quintal,4507,Medium Black Soil,Palam,Parbhani,"Good quality soybean, machine-cleaned"
6380288087,Rice,29,quintal,2199,Clayey Loam,Gondpimpri,Chandrapur,"Local variety paddy, freshly harvested"
9457457210,Orange (Santra),17,quintal,3453,Medium Black Soil,Ashti,Wardha,"Nagpur santra, sweet and juicy"
7863230984,Mango (Alphonso),38,quintal,8178,Laterite Soil,Thane,Thane,"Premium Alphonso mango, export grade"
7620183707,Mixed Vegetables,10,quintal,1558,Coastal Alluvial,Ambarnath,Thane,"Farm-fresh vegetables, harvested this week"
6880393294,Soybean,30,quintal,4848,Black Cotton Soil,Khamgaon,Buldhana,"Good quality soybean, machine-cleaned"
9017569771,Rice,81,quintal,2390,Black Cotton Soil,Gondpimpri,Chandrapur,"Local variety paddy, freshly harvested"
6067537528,Sugarcane,344,quintal,332,Black Cotton Soil,Phulambri,Chhatrapati Sambhajinagar (Aurangabad),"Fresh-cut sugarcane, high sucrose content"
7789912929,Cotton,27,quintal,6340,Clayey Loam,Ashti,Wardha,"High-grade cotton, sun-dried and ready for sale"
8038604595,Soybean,53,quintal,4793,Medium Black Soil,Loha,Nanded,"Clean soybean, low moisture content, ready for crushing"
9122218419,Cotton,45,quintal,6281,Clayey Loam,Sindkhed Raja,Buldhana,"Long-staple cotton, clean and well-ginned"
8113053705,Soybean,87,quintal,4608,Medium Black Soil,Wani,Yavatmal,"Good quality soybean, machine-cleaned"
8021272983,Strawberry,261,kg,124,Murrum,Phaltan,Satara,"Sweet strawberry, ideal for jam-making"
6411109456,Banana,102,quintal,942,Loamy,Solapur South,Solapur,"G9 variety banana, uniform bunches"
8866118589,Turmeric,14,quintal,7576,Murrum,Aundha Nagnath,Hingoli,"Selam-variety turmeric, high curcumin content"
7192787680,Rice,59,quintal,2308,Black Cotton Soil,Tumsar,Bhandara,"Fine quality rice, well-dried"
9225732952,Chikoo (Sapota),28,quintal,2033,Coastal Alluvial,Talasari,Palghar,"Fresh sapota, ready for market"
9764337285,Mixed Vegetables,48,quintal,848,Sandy Coastal Soil,Byculla,Mumbai City,"Fresh seasonal vegetables, mixed lot"
8055847980,Onion,61,quintal,1753,Murrum,Velhe,Pune,"Nashik-grade onion, medium size, low moisture"
6598205772,Mixed Vegetables,12,quintal,929,Sandy Coastal Soil,Dadar,Mumbai City,"Fresh seasonal vegetables, mixed lot"
9117178743,Sunflower Seed,44,quintal,6127,Black Cotton Soil,Kaij,Beed,"Clean sunflower seed, good oil content"
9645152597,Cotton,15,quintal,7341,Clayey Loam,Ashti,Wardha,"Premium BT cotton, harvested this Kharif season"
8574640149,Chikoo (Sapota),11,quintal,3034,Red Laterite,Mokhada,Palghar,"Fresh sapota, ready for market"
7856469955,Maize,48,quintal,2017,Black Cotton Soil,Shahada,Nandurbar,"Good quality maize, ready for market"
6288213466,Onion,26,quintal,1380,Red Loamy,Parner,Ahilyanagar (Ahmednagar),"Export-quality red onion, freshly harvested"
6055363300,Groundnut,16,quintal,6275,Murrum,Jafrabad,Jalna,"Clean, well-dried groundnut"
6854665847,Custard Apple (Sitaphal),14,quintal,5121,Black Cotton Soil,Dharur,Beed,"Balanagar variety sitaphal, naturally ripened"
7147715749,Sugarcane,173,quintal,344,Red Loamy,Akole,Ahilyanagar (Ahmednagar),"High-yield sugarcane, ready for crushing"
6892370364,Sugarcane,187,quintal,313,Murrum,Khuldabad,Chhatrapati Sambhajinagar (Aurangabad),"Fresh-cut sugarcane, high sucrose content"
7008091128,Mixed Vegetables,14,quintal,1492,Coastal Alluvial,Parel,Mumbai City,"Fresh seasonal vegetables, mixed lot"
6189497850,Turmeric,25,quintal,7918,Red Loamy,Chandgad,Kolhapur,"Sun-dried turmeric fingers, good colour"
8231294322,Soybean,52,quintal,4775,Medium Black Soil,Sengaon,Hingoli,"Clean soybean, low moisture content, ready for crushing"
8529678349,Rice,74,quintal,2181,Red Laterite,Sudhagad-Pali,Raigad,"Fine quality rice, well-dried"
7776205914,Onion,98,quintal,1227,Black Cotton Soil,Nagar,Ahilyanagar (Ahmednagar),"Export-quality red onion, freshly harvested"
9230577429,Betelnut (Supari),19,quintal,11762,Sandy Coastal Soil,Kankavli,Sindhudurg,"Fresh betelnut, well-processed"
9877744848,Cotton,30,quintal,7202,Regur Soil,Ballarpur,Chandrapur,"Premium BT cotton, harvested this Kharif season"
8071426691,Custard Apple (Sitaphal),21,quintal,3066,Murrum,Wadwani,Beed,"Balanagar variety sitaphal, naturally ripened"
6553432158,Cotton,31,quintal,6530,Medium Black Soil,Khuldabad,Chhatrapati Sambhajinagar (Aurangabad),"High-grade cotton, sun-dried and ready for sale"
9485114373,Rice,33,quintal,2171,Laterite Soil,Thane,Thane,"Fine quality rice, well-dried"
7417445761,Groundnut,53,quintal,5691,Murrum,Jalna,Jalna,"Bold variety groundnut, good oil content"
6313740841,Sugarcane,214,quintal,303,Loamy,Shrirampur,Ahilyanagar (Ahmednagar),"High-yield sugarcane, ready for crushing"
6771604665,Rice,99,quintal,2260,Medium Black Soil,Tumsar,Bhandara,"Local variety paddy, freshly harvested"
8989691916,Turmeric,31,quintal,7639,Loamy,Tasgaon,Sangli,"Sun-dried turmeric fingers, good colour"
7899384666,Cotton,58,quintal,6519,Black Cotton Soil,Sakri,Dhule,"Premium BT cotton, harvested this Kharif season"
7443394391,Rice,82,quintal,2369,Sandy Coastal Soil,Vikramgad,Palghar,"Fine quality rice, well-dried"
6746806123,Turmeric,33,quintal,8465,Murrum,Purna,Parbhani,"Sun-dried turmeric fingers, good colour"
7724171447,Groundnut,55,quintal,6461,Loamy,Chalisgaon,Jalgaon,"Bold variety groundnut, good oil content"
6731635077,Mango (Alphonso),31,quintal,6105,Laterite Soil,Murbad,Thane,"Premium Alphonso mango, export grade"
6376650574,Cotton,28,quintal,6476,Sandy Loam,Amalner,Jalgaon,"High-grade cotton, sun-dried and ready for sale"
7455487358,Mango (Alphonso),18,quintal,6881,Red Laterite,Devgad,Sindhudurg,"Ratnagiri Hapus, naturally ripened"
6592993000,Rice,50,quintal,2153,Sandy Coastal Soil,Kalyan,Thane,"Local variety paddy, freshly harvested"
9060091483,Soybean,24,quintal,4196,Clayey Loam,Jalgaon Jamod,Buldhana,"Good quality soybean, machine-cleaned"
6788485575,Grapes,44,quintal,5946,Black Cotton Soil,Mangalvedhe,Solapur,"Thompson seedless grapes, export quality"
6372639701,Soybean,70,quintal,4450,Black Cotton Soil,Bhokar,Nanded,"Good quality soybean, machine-cleaned"
6306475129,Cotton,27,quintal,6733,Medium Black Soil,Basmath,Hingoli,"Long-staple cotton, clean and well-ginned"
7732243357,Rice,23,quintal,2248,Black Cotton Soil,Sadak-Arjuni,Gondia,"Fine quality rice, well-dried"
9453346841,Soybean,87,quintal,4613,Medium Black Soil,Manora,Washim,"Good quality soybean, machine-cleaned"
7545870911,Wheat,36,quintal,2482,Black Cotton Soil,Deola,Nashik,"Clean, well-dried wheat, good milling quality"
8231294322,Turmeric,19,quintal,7059,Black Cotton Soil,Sengaon,Hingoli,"Sun-dried turmeric fingers, good colour"
9380980067,Mango (Alphonso),20,quintal,7042,Red Laterite,Mandangad,Ratnagiri,"Premium Alphonso mango, export grade"
6273164104,Rice,75,quintal,2134,Black Cotton Soil,Bhandara,Bhandara,"Local variety paddy, freshly harvested"
8787387067,Grapes,32,quintal,6473,Red Loamy,Jat,Sangli,"Fresh table grapes, good sugar content"
7740551344,Turmeric,49,quintal,8802,Loamy,Shirol,Kolhapur,"Sun-dried turmeric fingers, good colour"
9582546320,Soybean,21,quintal,4659,Regur Soil,Chikhaldara,Amravati,"Clean soybean, low moisture content, ready for crushing"
7696524784,Wheat,99,quintal,2478,Black Cotton Soil,Sillod,Chhatrapati Sambhajinagar (Aurangabad),"Sharbati wheat, Grade A"
7096847617,Sugarcane,220,quintal,330,Loamy,Khatav,Satara,"Fresh-cut sugarcane, high sucrose content"
6875087960,Turmeric,18,quintal,8241,Red Loamy,Tasgaon,Sangli,"Selam-variety turmeric, high curcumin content"
7564783071,Rice,82,quintal,2039,Black Cotton Soil,Bhamragad,Gadchiroli,"Local variety paddy, freshly harvested"
8460090122,Cotton,30,quintal,6544,Black Cotton Soil,Shirpur,Dhule,"Long-staple cotton, clean and well-ginned"
6509060820,Cotton,58,quintal,7308,Regur Soil,Bhatkuli,Amravati,"Premium BT cotton, harvested this Kharif season"
8843257192,Cotton,18,quintal,7335,Medium Black Soil,Nandura,Buldhana,"High-grade cotton, sun-dried and ready for sale"
8142215128,Turmeric,26,quintal,7504,Murrum,Tasgaon,Sangli,"Sun-dried turmeric fingers, good colour"
7419821366,Grapes,48,quintal,5799,Loamy,Barshi,Solapur,"Fresh table grapes, good sugar content"
8703298872,Mixed Vegetables,37,quintal,844,Black Cotton Soil,Ambegaon,Pune,"Farm-fresh vegetables, harvested this week"
7247679634,Wheat,105,quintal,2430,Murrum,Aurangabad,Chhatrapati Sambhajinagar (Aurangabad),"Clean, well-dried wheat, good milling quality"
9268067414,Soybean,80,quintal,4120,Black Cotton Soil,Kandhar,Nanded,"Clean soybean, low moisture content, ready for crushing"
9258212461,Sugarcane,123,quintal,332,Medium Black Soil,Gangapur,Chhatrapati Sambhajinagar (Aurangabad),"Fresh-cut sugarcane, high sucrose content"
6918262495,Cotton,78,quintal,6738,Clayey Loam,Chikhli,Buldhana,"Premium BT cotton, harvested this Kharif season"
6633744196,Soybean,22,quintal,4890,Medium Black Soil,Akot,Akola,"Clean soybean, low moisture content, ready for crushing"
7107794666,Orange (Santra),21,quintal,3551,Regur Soil,Achalpur,Amravati,"Nagpur santra, sweet and juicy"
7485810405,Rice,56,quintal,2377,Medium Black Soil,Gondia,Gondia,"Fine quality rice, well-dried"
7647438960,Cotton,64,quintal,6856,Medium Black Soil,Bhokardan,Jalna,"High-grade cotton, sun-dried and ready for sale"
9643887553,Soybean,61,quintal,4600,Black Cotton Soil,Sailu,Parbhani,"Clean soybean, low moisture content, ready for crushing"
7814988353,Rice,92,quintal,2072,Black Cotton Soil,Bhamragad,Gadchiroli,"Local variety paddy, freshly harvested"
9305200907,Mixed Vegetables,40,quintal,810,Murrum,Koregaon,Satara,"Fresh seasonal vegetables, mixed lot"
6644688597,Cotton,49,quintal,7134,Medium Black Soil,Manwath,Parbhani,"High-grade cotton, sun-dried and ready for sale"
6822885334,Mixed Vegetables,36,quintal,1330,Sandy Coastal Soil,Borivali,Mumbai Suburban,"Fresh seasonal vegetables, mixed lot"
8835488184,Mixed Vegetables,12,quintal,1561,Sandy Coastal Soil,Borivali,Mumbai Suburban,"Farm-fresh vegetables, harvested this week"
6197789727,Turmeric,32,quintal,8434,Red Loamy,Chandgad,Kolhapur,"Sun-dried turmeric fingers, good colour"
6306475129,Turmeric,29,quintal,7873,Black Cotton Soil,Basmath,Hingoli,"Selam-variety turmeric, high curcumin content"
8785064922,Jowar,22,quintal,2509,Red Loamy,Mangalvedhe,Solapur,"Rabi jowar, clean and well-dried"
7471746424,Cotton,46,quintal,6278,Black Cotton Soil,Akkalkuwa,Nandurbar,"Long-staple cotton, clean and well-ginned"
6265847332,Maize,67,quintal,1926,Black Cotton Soil,Sindkheda,Dhule,"Good quality maize, ready for market"
7295087322,Soybean,73,quintal,4665,Murrum,Sailu,Parbhani,"Good quality soybean, machine-cleaned"
9221736433,Cotton,40,quintal,6317,Black Cotton Soil,Jafrabad,Jalna,"Premium BT cotton, harvested this Kharif season"
9933630155,Soybean,26,quintal,4118,Black Cotton Soil,Hingoli,Hingoli,"Clean soybean, low moisture content, ready for crushing"
6505304370,Sugarcane,178,quintal,333,Black Cotton Soil,Tuljapur,Dharashiv (Osmanabad),"High-yield sugarcane, ready for crushing"
8540478594,Cotton,57,quintal,7284,Regur Soil,Akot,Akola,"High-grade cotton, sun-dried and ready for sale"
9927064169,Sugarcane,266,quintal,333,Red Loamy,Rahata,Ahilyanagar (Ahmednagar),"Fresh-cut sugarcane, high sucrose content"
8193521278,Pomegranate,8,quintal,5854,Black Cotton Soil,Akkalkot,Solapur,"Fresh pomegranate, good size and colour"
8471801898,Rice,80,quintal,2420,Black Cotton Soil,Jiwati,Chandrapur,"Fine quality rice, well-dried"
7075110315,Soybean,32,quintal,4665,Regur Soil,Risod,Washim,"Good quality soybean, machine-cleaned"
9074460994,Tur (Arhar),21,quintal,6779,Black Cotton Soil,Renapur,Latur,"Well-dried tur, ready for milling"
8262379581,Sugarcane,291,quintal,333,Murrum,Akole,Ahilyanagar (Ahmednagar),"High-yield sugarcane, ready for crushing"
7814660721,Rice,56,quintal,2126,Clayey Loam,Chamorshi,Gadchiroli,"Local variety paddy, freshly harvested"
6830162844,Sugarcane,291,quintal,304,Black Cotton Soil,Solapur South,Solapur,"High-yield sugarcane, ready for crushing"
6263768791,Cotton,65,quintal,6947,Regur Soil,Warora,Chandrapur,"Long-staple cotton, clean and well-ginned"
9903053632,Cotton,78,quintal,7341,Regur Soil,Kelapur,Yavatmal,"Premium BT cotton, harvested this Kharif season"
6829741023,Betelnut (Supari),15,quintal,11612,Sandy Coastal Soil,Karjat,Raigad,"Sun-dried supari, good quality"
8631365403,Tur (Arhar),48,quintal,6747,Murrum,Latur,Latur,"Well-dried tur, ready for milling"
7471107531,Mango (Alphonso),39,quintal,4196,Coastal Alluvial,Dahanu,Palghar,"Premium Alphonso mango, export grade"
7783981700,Turmeric,31,quintal,7480,Medium Black Soil,Sonpeth,Parbhani,"Selam-variety turmeric, high curcumin content"
6317846184,Soybean,87,quintal,4409,Murrum,Naigaon,Nanded,"Clean soybean, low moisture content, ready for crushing"
7708347076,Cotton,49,quintal,7312,Medium Black Soil,Malegaon,Washim,"Long-staple cotton, clean and well-ginned"
9390343797,Rice,25,quintal,2363,Clayey Loam,Korchi,Gadchiroli,"Local variety paddy, freshly harvested"
9457422975,Cotton,44,quintal,6556,Murrum,Gangakhed,Parbhani,"Long-staple cotton, clean and well-ginned"
9030325308,Mixed Vegetables,42,quintal,896,Coastal Alluvial,Colaba,Mumbai City,"Fresh seasonal vegetables, mixed lot"
8048205254,Cotton,17,quintal,6831,Black Cotton Soil,Kalamnuri,Hingoli,"High-grade cotton, sun-dried and ready for sale"
7157239417,Turmeric,23,quintal,8891,Murrum,Walwa,Sangli,"Selam-variety turmeric, high curcumin content"
7208318246,Orange (Santra),32,quintal,2830,Clayey Loam,Savner,Nagpur,"Fresh orange, good size and colour"
6158952109,Rice,37,quintal,2000,Medium Black Soil,Aheri,Gadchiroli,"Fine quality rice, well-dried"
9484429769,Mixed Vegetables,32,quintal,888,Laterite Soil,Kurla,Mumbai Suburban,"Farm-fresh vegetables, harvested this week"
8323481695,Soybean,53,quintal,4501,Clayey Loam,Nandgaon Khandeshwar,Amravati,"Clean soybean, low moisture content, ready for crushing"
8109516295,Rice,52,quintal,2513,Black Cotton Soil,Mulchera,Gadchiroli,"Local variety paddy, freshly harvested"
9323160948,Cotton,38,quintal,6685,Clayey Loam,Darwha,Yavatmal,"High-grade cotton, sun-dried and ready for sale"
9510168287,Cotton,40,quintal,6794,Sandy Loam,Sindkheda,Dhule,"High-grade cotton, sun-dried and ready for sale"
9023899365,Cotton,79,quintal,6923,Medium Black Soil,Korpana,Chandrapur,"High-grade cotton, sun-dried and ready for sale"
6678522155,Soybean,41,quintal,4334,Clayey Loam,Arni,Yavatmal,"Clean soybean, low moisture content, ready for crushing"
6536330740,Sugarcane,135,quintal,308,Red Loamy,Akole,Ahilyanagar (Ahmednagar),"High-yield sugarcane, ready for crushing"
6549396868,Cotton,50,quintal,6839,Black Cotton Soil,Biloli,Nanded,"Premium BT cotton, harvested this Kharif season"
7118437198,Rice,53,quintal,2241,Regur Soil,Lakhandur,Bhandara,"Local variety paddy, freshly harvested"
9352190496,Rice,36,quintal,2105,Clayey Loam,Sindewahi,Chandrapur,"Fine quality rice, well-dried"
9174512036,Banana,22,quintal,1066,Black Cotton Soil,Solapur North,Solapur,"Fresh banana, ready for market"
7463197722,Grapes,27,quintal,4854,Black Cotton Soil,Chandwad,Nashik,"Thompson seedless grapes, export quality"
6594554500,Orange (Santra),23,quintal,3013,Clayey Loam,Nagpur Urban,Nagpur,"Fresh orange, good size and colour"
7097724796,Wheat,118,quintal,2623,Black Cotton Soil,Khuldabad,Chhatrapati Sambhajinagar (Aurangabad),"Sharbati wheat, Grade A"
6437835722,Cotton,42,quintal,7018,Murrum,Purna,Parbhani,"High-grade cotton, sun-dried and ready for sale"
6976879884,Rice,62,quintal,2582,Coastal Alluvial,Vikramgad,Palghar,"Fine quality rice, well-dried"
8760865307,Mixed Vegetables,32,quintal,904,Laterite Soil,Bhiwandi,Thane,"Fresh seasonal vegetables, mixed lot"
8993924277,Soybean,20,quintal,4471,Medium Black Soil,Akola,Akola,"Good quality soybean, machine-cleaned"
8703298872,Sugarcane,147,quintal,309,Loamy,Ambegaon,Pune,"Fresh-cut sugarcane, high sucrose content"
6455688427,Rice,46,quintal,2447,Black Cotton Soil,Nagbhid,Chandrapur,"Local variety paddy, freshly harvested"
9217596962,Orange (Santra),63,quintal,2659,Black Cotton Soil,Deoli,Wardha,"Fresh orange, good size and colour"
9105504639,Cotton,53,quintal,6551,Black Cotton Soil,Navapur,Nandurbar,"Premium BT cotton, harvested this Kharif season"
9139886393,Turmeric,34,quintal,9186,Medium Black Soil,Mukhed,Nanded,"Sun-dried turmeric fingers, good colour"
7994544853,Sugarcane,214,quintal,339,Loamy,Karjat,Ahilyanagar (Ahmednagar),"High-yield sugarcane, ready for crushing"
9478519187,Mixed Vegetables,36,quintal,1611,Laterite Soil,Dadar,Mumbai City,"Farm-fresh vegetables, harvested this week"
6241146179,Rice,82,quintal,2261,Black Cotton Soil,Aheri,Gadchiroli,"Local variety paddy, freshly harvested"
8271801145,Rice,49,quintal,2418,Medium Black Soil,Dhanora,Gadchiroli,"Local variety paddy, freshly harvested"
9782189226,Rice,82,quintal,2124,Black Cotton Soil,Saoli,Chandrapur,"Fine quality rice, well-dried"
9581348557,Cotton,22,quintal,6258,Regur Soil,Karanja,Washim,"High-grade cotton, sun-dried and ready for sale"
8564809436,Jowar,66,quintal,2537,Red Loamy,Barshi,Solapur,"Good quality jowar, low moisture"
7228290483,Cotton,71,quintal,7436,Medium Black Soil,Akot,Akola,"Premium BT cotton, harvested this Kharif season"
7315788281,Sugarcane,306,quintal,351,Black Cotton Soil,Khandala,Satara,"High-yield sugarcane, ready for crushing"
9446834007,Rice,70,quintal,2159,Laterite Soil,Sudhagad-Pali,Raigad,"Fine quality rice, well-dried"
6207334436,Rice,86,quintal,2271,Regur Soil,Pauni,Bhandara,"Local variety paddy, freshly harvested"
9744236444,Sugarcane,396,quintal,335,Black Cotton Soil,Akkalkot,Solapur,"Fresh-cut sugarcane, high sucrose content"
8081808603,Sugarcane,278,quintal,308,Black Cotton Soil,Indapur,Pune,"Fresh-cut sugarcane, high sucrose content"
6655185185,Mixed Vegetables,14,quintal,1086,Black Cotton Soil,Maan,Satara,"Fresh seasonal vegetables, mixed lot"
9251612472,Tur (Arhar),14,quintal,7030,Medium Black Soil,Jalkot,Latur,"Clean tur dal grain, good quality"
7151271643,Onion,33,quintal,2180,Black Cotton Soil,Peth,Nashik,"Export-quality red onion, freshly harvested"
7043539574,Rice,91,quintal,2269,Medium Black Soil,Pauni,Bhandara,"Local variety paddy, freshly harvested"
8653524755,Jowar,59,quintal,2833,Black Cotton Soil,Udgir,Latur,"Rabi jowar, clean and well-dried"
7747397902,Betelnut (Supari),16,quintal,11299,Laterite Soil,Mandangad,Ratnagiri,"Sun-dried supari, good quality"
6741506215,Orange (Santra),67,quintal,3482,Black Cotton Soil,Dharni,Amravati,"Nagpur santra, sweet and juicy"
9944139544,Rice,94,quintal,2154,Clayey Loam,Mohadi,Bhandara,"Fine quality rice, well-dried"
8382585525,Papaya,20,quintal,1325,Black Cotton Soil,Dhadgaon,Nandurbar,"Fresh papaya, ready for market"
6376465311,Mango (Alphonso),29,quintal,6053,Sandy Coastal Soil,Bhiwandi,Thane,"Premium Alphonso mango, export grade"
8085517434,Pomegranate,34,quintal,7297,Red Loamy,Akkalkot,Solapur,"Fresh pomegranate, good size and colour"
8170667373,Cotton,55,quintal,7083,Murrum,Ghansawangi,Jalna,"Long-staple cotton, clean and well-ginned"
8648406529,Rice,43,quintal,2452,Regur Soil,Bhandara,Bhandara,"Local variety paddy, freshly harvested"
7826423585,Maize,47,quintal,2228,Loamy,Dhule,Dhule,"Hybrid maize, well-dried"
7781537133,Turmeric,26,quintal,8597,Regur Soil,Risod,Washim,"Selam-variety turmeric, high curcumin content"
7192258565,Orange (Santra),34,quintal,3790,Clayey Loam,Daryapur,Amravati,"Fresh orange, good size and colour"
9949786379,Rice,89,quintal,2523,Black Cotton Soil,Saoli,Chandrapur,"Local variety paddy, freshly harvested"
8538295327,Rice,89,quintal,2226,Clayey Loam,Tumsar,Bhandara,"Fine quality rice, well-dried"
6703452527,Orange (Santra),65,quintal,3751,Regur Soil,Ashti,Wardha,"Fresh orange, good size and colour"
6741854095,Rice,48,quintal,2517,Red Laterite,Ambarnath,Thane,"Fine quality rice, well-dried"
9342092969,Soybean,58,quintal,4845,Regur Soil,Anjangaon-Surji,Amravati,"Clean soybean, low moisture content, ready for crushing"
7726684017,Rice,71,quintal,2237,Regur Soil,Aheri,Gadchiroli,"Local variety paddy, freshly harvested"
9226593553,Rice,87,quintal,2372,Medium Black Soil,Etapalli,Gadchiroli,"Local variety paddy, freshly harvested"
9477594912,Soybean,29,quintal,4295,Regur Soil,Malegaon,Washim,"Good quality soybean, machine-cleaned"
9058753226,Sugarcane,223,quintal,342,Black Cotton Soil,Junnar,Pune,"Fresh-cut sugarcane, high sucrose content"
6316019407,Sunflower Seed,37,quintal,5842,Black Cotton Soil,Wadwani,Beed,"Clean sunflower seed, good oil content"
8844938853,Mixed Vegetables,35,quintal,1420,Laterite Soil,Dadar,Mumbai City,"Fresh seasonal vegetables, mixed lot"
7977872433,Rice,60,quintal,2512,Medium Black Soil,Deori,Gondia,"Local variety paddy, freshly harvested"
9790660756,Cotton,79,quintal,7573,Medium Black Soil,Morshi,Amravati,"Long-staple cotton, clean and well-ginned"
8085645145,Papaya,16,quintal,1082,Loamy,Shahada,Nandurbar,"Red Lady variety papaya, uniform ripening"
6517167609,Rice,54,quintal,2314,Red Laterite,Vasai,Palghar,"Fine quality rice, well-dried"
6843334339,Soybean,50,quintal,4783,Black Cotton Soil,Osmanabad,Dharashiv (Osmanabad),"Clean soybean, low moisture content, ready for crushing"
9222980278,Betelnut (Supari),15,quintal,10068,Laterite Soil,Dapoli,Ratnagiri,"Sun-dried supari, good quality"
8885291183,Turmeric,19,quintal,8012,Black Cotton Soil,Sengaon,Hingoli,"Sun-dried turmeric fingers, good colour"
7226340750,Turmeric,17,quintal,8220,Murrum,Kalamnuri,Hingoli,"Selam-variety turmeric, high curcumin content"
9480050079,Mango (Alphonso),6,quintal,6314,Coastal Alluvial,Sangameshwar,Ratnagiri,"Ratnagiri Hapus, naturally ripened"
6854809943,Turmeric,15,quintal,9419,Loamy,Kadegaon,Sangli,"Sun-dried turmeric fingers, good colour"
9478519187,Mixed Vegetables,21,quintal,956,Red Laterite,Dadar,Mumbai City,"Fresh seasonal vegetables, mixed lot"
9788856052,Mixed Vegetables,24,quintal,1179,Sandy Coastal Soil,Ulhasnagar,Thane,"Fresh seasonal vegetables, mixed lot"
9895877063,Tur (Arhar),13,quintal,6795,Medium Black Soil,Deoni,Latur,"Well-dried tur, ready for milling"
6598089610,Soybean,16,quintal,4313,Black Cotton Soil,Washim,Washim,"Clean soybean, low moisture content, ready for crushing"
7404601980,Mixed Vegetables,26,quintal,883,Laterite Soil,Shahapur,Thane,"Fresh seasonal vegetables, mixed lot"
7406883825,Soybean,89,quintal,4178,Black Cotton Soil,Kalamb,Dharashiv (Osmanabad),"Good quality soybean, machine-cleaned"
8068628579,Rice,55,quintal,2135,Regur Soil,Korchi,Gadchiroli,"Fine quality rice, well-dried"
9687136947,Rice,85,quintal,2346,Clayey Loam,Sironcha,Gadchiroli,"Fine quality rice, well-dried"
7262377164,Soybean,72,quintal,4158,Black Cotton Soil,Latur,Latur,"Clean soybean, low moisture content, ready for crushing"
8314234462,Turmeric,22,quintal,7380,Black Cotton Soil,Hingoli,Hingoli,"Sun-dried turmeric fingers, good colour"
6587232705,Sugarcane,269,quintal,300,Murrum,Wadwani,Beed,"Fresh-cut sugarcane, high sucrose content"
7021368586,Cotton,43,quintal,7057,Medium Black Soil,Wadwani,Beed,"High-grade cotton, sun-dried and ready for sale"
6738530749,Rice,59,quintal,2471,Laterite Soil,Vikramgad,Palghar,"Fine quality rice, well-dried"
8944535854,Cotton,58,quintal,6311,Murrum,Loha,Nanded,"Long-staple cotton, clean and well-ginned"
8512827056,Coconut,27,quintal,2735,Red Laterite,Murud,Raigad,"Well-matured coconut, ready for market"
7346566503,Cotton,37,quintal,7371,Medium Black Soil,Rajura,Chandrapur,"High-grade cotton, sun-dried and ready for sale"
7740068827,Rice,43,quintal,2192,Coastal Alluvial,Ulhasnagar,Thane,"Fine quality rice, well-dried"
6027510942,Sugarcane,382,quintal,308,Red Loamy,Bhudargad,Kolhapur,"High-yield sugarcane, ready for crushing"
8355447014,Banana,99,quintal,1556,Black Cotton Soil,Bhusawal,Jalgaon,"Fresh banana, ready for market"
9360110576,Cotton,28,quintal,7474,Murrum,Ambajogai,Beed,"High-grade cotton, sun-dried and ready for sale"
6633881426,Sugarcane,183,quintal,330,Murrum,Rahuri,Ahilyanagar (Ahmednagar),"Fresh-cut sugarcane, high sucrose content"
6265847332,Onion,50,quintal,1246,Black Cotton Soil,Sindkheda,Dhule,"Fresh red onion, well-stored"
7430012271,Sugarcane,207,quintal,305,Murrum,Sangamner,Ahilyanagar (Ahmednagar),"High-yield sugarcane, ready for crushing"
7216630085,Soybean,20,quintal,4814,Black Cotton Soil,Nandgaon Khandeshwar,Amravati,"Good quality soybean, machine-cleaned"
6578608252,Grapes,19,quintal,4160,Loamy,Kalwan,Nashik,"Thompson seedless grapes, export quality"
8140921045,Turmeric,31,quintal,8715,Black Cotton Soil,Jat,Sangli,"Sun-dried turmeric fingers, good colour"
6970962626,Mango (Alphonso),6,quintal,5155,Red Laterite,Kudal,Sindhudurg,"Premium Alphonso mango, export grade"
9340495280,Sugarcane,101,quintal,304,Red Loamy,Miraj,Sangli,"Fresh-cut sugarcane, high sucrose content"
9456552668,Rice,40,quintal,2031,Red Laterite,Vikramgad,Palghar,"Local variety paddy, freshly harvested"
8143787114,Sugarcane,289,quintal,337,Black Cotton Soil,Shirur,Pune,"High-yield sugarcane, ready for crushing"
9465450207,Soybean,36,quintal,4399,Black Cotton Soil,Biloli,Nanded,"Good quality soybean, machine-cleaned"
8412921826,Soybean,89,quintal,4249,Medium Black Soil,Udgir,Latur,"Good quality soybean, machine-cleaned"
7142043777,Cotton,53,quintal,7352,Medium Black Soil,Samudrapur,Wardha,"High-grade cotton, sun-dried and ready for sale"
9353148885,Rice,86,quintal,2517,Black Cotton Soil,Lakhandur,Bhandara,"Local variety paddy, freshly harvested"
6532756392,Mixed Vegetables,42,quintal,905,Murrum,Maval,Pune,"Fresh seasonal vegetables, mixed lot"
7138171251,Orange (Santra),18,quintal,2727,Black Cotton Soil,Wardha,Wardha,"Fresh orange, good size and colour"
8840797692,Sugarcane,166,quintal,357,Medium Black Soil,Umarga,Dharashiv (Osmanabad),"Fresh-cut sugarcane, high sucrose content"
6278845487,Turmeric,21,quintal,7880,Murrum,Hingoli,Hingoli,"Sun-dried turmeric fingers, good colour"
8920177882,Cotton,49,quintal,6804,Clayey Loam,Ghatanji,Yavatmal,"Premium BT cotton, harvested this Kharif season"
8944553552,Cotton,44,quintal,6423,Regur Soil,Washim,Washim,"High-grade cotton, sun-dried and ready for sale"
7752583197,Sugarcane,293,quintal,317,Medium Black Soil,Dharur,Beed,"High-yield sugarcane, ready for crushing"
8949339809,Cotton,74,quintal,6634,Black Cotton Soil,Risod,Washim,"High-grade cotton, sun-dried and ready for sale"
6849195502,Cotton,28,quintal,7305,Black Cotton Soil,Shegaon,Buldhana,"High-grade cotton, sun-dried and ready for sale"
8233543033,Cotton,26,quintal,7419,Regur Soil,Chandur,Amravati,"Long-staple cotton, clean and well-ginned"
7063541063,Orange (Santra),29,quintal,3725,Black Cotton Soil,Kamptee,Nagpur,"Nagpur santra, sweet and juicy"
8274849357,Rice,33,quintal,2210,Clayey Loam,Lakhani,Bhandara,"Local variety paddy, freshly harvested"
9389845839,Turmeric,31,quintal,8378,Red Loamy,Karvir,Kolhapur,"Selam-variety turmeric, high curcumin content"
6417802289,Cotton,77,quintal,6932,Black Cotton Soil,Majalgaon,Beed,"High-grade cotton, sun-dried and ready for sale"
9389845839,Sugarcane,367,quintal,337,Red Loamy,Karvir,Kolhapur,"Fresh-cut sugarcane, high sucrose content"
7130740228,Papaya,40,quintal,862,Sandy Loam,Nandurbar,Nandurbar,"Fresh papaya, ready for market"
7322197127,Cotton,21,quintal,6791,Black Cotton Soil,Darwha,Yavatmal,"Premium BT cotton, harvested this Kharif season"
9023843479,Mixed Vegetables,42,quintal,1765,Sandy Coastal Soil,Byculla,Mumbai City,"Farm-fresh vegetables, harvested this week"
8178522103,Grapes,31,quintal,5721,Red Loamy,Maval,Pune,"Thompson seedless grapes, export quality"
8258940044,Mixed Vegetables,24,quintal,1373,Red Loamy,Maval,Pune,"Fresh seasonal vegetables, mixed lot"
8887640630,Soybean,64,quintal,4524,Medium Black Soil,Akola,Akola,"Clean soybean, low moisture content, ready for crushing"
7863230984,Rice,25,quintal,2596,Laterite Soil,Thane,Thane,"Local variety paddy, freshly harvested"
9216717502,Mango (Alphonso),10,quintal,8394,Laterite Soil,Ratnagiri,Ratnagiri,"Ratnagiri Hapus, naturally ripened"
6263768791,Rice,45,quintal,2556,Medium Black Soil,Warora,Chandrapur,"Local variety paddy, freshly harvested"
8255729043,Soybean,45,quintal,4607,Black Cotton Soil,Aundha Nagnath,Hingoli,"Good quality soybean, machine-cleaned"
8805255218,Mixed Vegetables,21,quintal,1304,Sandy Coastal Soil,Fort,Mumbai City,"Farm-fresh vegetables, harvested this week"
6007126242,Soybean,85,quintal,4604,Murrum,Purna,Parbhani,"Good quality soybean, machine-cleaned"
6947314500,Soybean,51,quintal,4722,Murrum,Pathri,Parbhani,"Clean soybean, low moisture content, ready for crushing"
8161454135,Cotton,55,quintal,6276,Medium Black Soil,Murtajapur,Akola,"Premium BT cotton, harvested this Kharif season"
7014618567,Cotton,29,quintal,6201,Black Cotton Soil,Pachora,Jalgaon,"High-grade cotton, sun-dried and ready for sale"
7830155131,Cotton,28,quintal,6669,Clayey Loam,Akot,Akola,"Premium BT cotton, harvested this Kharif season"
7507835000,Cotton,27,quintal,6395,Clayey Loam,Karanja,Wardha,"Long-staple cotton, clean and well-ginned"
7717814166,Cotton,77,quintal,7473,Black Cotton Soil,Georai,Beed,"Premium BT cotton, harvested this Kharif season"
7631610790,Soybean,27,quintal,4372,Murrum,Manwath,Parbhani,"Good quality soybean, machine-cleaned"
9011786542,Mango (Alphonso),12,quintal,6082,Coastal Alluvial,Mokhada,Palghar,"Ratnagiri Hapus, naturally ripened"
9189866766,Onion,77,quintal,2369,Loamy,Rahata,Ahilyanagar (Ahmednagar),"Fresh red onion, well-stored"
6332041518,Turmeric,22,quintal,7458,Murrum,Kavathemahankal,Sangli,"Selam-variety turmeric, high curcumin content"
6541708308,Soybean,79,quintal,4803,Black Cotton Soil,Renapur,Latur,"Good quality soybean, machine-cleaned"
8956107315,Cotton,64,quintal,7366,Black Cotton Soil,Achalpur,Amravati,"Premium BT cotton, harvested this Kharif season"
8171017136,Onion,28,quintal,1844,Murrum,Rahuri,Ahilyanagar (Ahmednagar),"Export-quality red onion, freshly harvested"
7075110315,Cotton,50,quintal,6633,Regur Soil,Risod,Washim,"Long-staple cotton, clean and well-ginned"
7514398268,Rice,66,quintal,2437,Clayey Loam,Sadak-Arjuni,Gondia,"Fine quality rice, well-dried"
7375383060,Soybean,69,quintal,4333,Black Cotton Soil,Washim,Washim,"Good quality soybean, machine-cleaned"
8523048329,Rice,100,quintal,2452,Regur Soil,Mohadi,Bhandara,"Local variety paddy, freshly harvested"
7681067365,Tomato,33,quintal,1167,Loamy,Niphad,Nashik,"Fresh ripe tomatoes, hybrid variety"
9109228943,Cotton,26,quintal,6563,Clayey Loam,Darwha,Yavatmal,"High-grade cotton, sun-dried and ready for sale"
9258212461,Cotton,31,quintal,7071,Medium Black Soil,Gangapur,Chhatrapati Sambhajinagar (Aurangabad),"Long-staple cotton, clean and well-ginned"
9465450207,Cotton,80,quintal,7437,Black Cotton Soil,Biloli,Nanded,"Long-staple cotton, clean and well-ginned"
8060158531,Cotton,19,quintal,6557,Black Cotton Soil,Arni,Yavatmal,"Premium BT cotton, harvested this Kharif season"
7221787698,Rice,61,quintal,2062,Regur Soil,Tumsar,Bhandara,"Fine quality rice, well-dried"
6650181712,Mango (Alphonso),29,quintal,4668,Coastal Alluvial,Sudhagad-Pali,Raigad,"Ratnagiri Hapus, naturally ripened"
9297846920,Mixed Vegetables,31,quintal,1245,Sandy Coastal Soil,Parel,Mumbai City,"Farm-fresh vegetables, harvested this week"
6928226673,Orange (Santra),77,quintal,2977,Clayey Loam,Karanja,Wardha,"Nagpur santra, sweet and juicy"
7333843844,Soybean,31,quintal,4392,Black Cotton Soil,Sengaon,Hingoli,"Good quality soybean, machine-cleaned"
9766071784,Orange (Santra),59,quintal,2846,Clayey Loam,Nagpur Urban,Nagpur,"Fresh orange, good size and colour"
6633881426,Sugarcane,304,quintal,354,Red Loamy,Rahuri,Ahilyanagar (Ahmednagar),"Fresh-cut sugarcane, high sucrose content"
9767720940,Mixed Vegetables,13,quintal,1267,Loamy,Wai,Satara,"Farm-fresh vegetables, harvested this week"
6903629786,Sugarcane,350,quintal,308,Murrum,Kadegaon,Sangli,"High-yield sugarcane, ready for crushing"
9394377328,Cotton,26,quintal,7460,Medium Black Soil,Jalgaon Jamod,Buldhana,"High-grade cotton, sun-dried and ready for sale"
9862718220,Mango (Alphonso),12,quintal,4050,Laterite Soil,Vikramgad,Palghar,"Premium Alphonso mango, export grade"
9484429769,Mixed Vegetables,23,quintal,1543,Laterite Soil,Kurla,Mumbai Suburban,"Farm-fresh vegetables, harvested this week"
7943202403,Mango (Alphonso),10,quintal,4232,Coastal Alluvial,Vengurla,Sindhudurg,"Premium Alphonso mango, export grade"
9597130911,Mixed Vegetables,34,quintal,894,Coastal Alluvial,Bandra,Mumbai Suburban,"Fresh seasonal vegetables, mixed lot"
6655418399,Orange (Santra),69,quintal,3683,Medium Black Soil,Parseoni,Nagpur,"Nagpur santra, sweet and juicy"
9037031965,Soybean,47,quintal,4577,Clayey Loam,Zari Jamani,Yavatmal,"Good quality soybean, machine-cleaned"
9314311080,Orange (Santra),29,quintal,3462,Clayey Loam,Hinganghat,Wardha,"Nagpur santra, sweet and juicy"
8255729043,Cotton,21,quintal,6873,Murrum,Aundha Nagnath,Hingoli,"Long-staple cotton, clean and well-ginned"
9838438311,Rice,41,quintal,2284,Black Cotton Soil,Gondia,Gondia,"Local variety paddy, freshly harvested"
9515441995,Papaya,50,quintal,1172,Black Cotton Soil,Talode,Nandurbar,"Fresh papaya, ready for market"
7548523832,Chikoo (Sapota),12,quintal,2923,Sandy Coastal Soil,Vikramgad,Palghar,"Fresh sapota, ready for market"
9447512151,Cotton,36,quintal,7556,Black Cotton Soil,Sakri,Dhule,"Long-staple cotton, clean and well-ginned"
6524570626,Groundnut,32,quintal,6189,Murrum,Badnapur,Jalna,"Bold variety groundnut, good oil content"
7866218987,Groundnut,27,quintal,6106,Black Cotton Soil,Partur,Jalna,"Clean, well-dried groundnut"
6840466949,Cotton,54,quintal,6406,Medium Black Soil,Patur,Akola,"Long-staple cotton, clean and well-ginned"
8465023368,Rice,35,quintal,2472,Medium Black Soil,Sakoli,Bhandara,"Fine quality rice, well-dried"
6000668519,Turmeric,37,quintal,7791,Black Cotton Soil,Kalamnuri,Hingoli,"Sun-dried turmeric fingers, good colour"
8168769656,Tomato,56,quintal,1590,Sandy Loam,Sinnar,Nashik,"Fresh ripe tomatoes, hybrid variety"
8427052484,Custard Apple (Sitaphal),14,quintal,5127,Murrum,Beed,Beed,"Fresh custard apple, good size"
6564593108,Pomegranate,40,quintal,6673,Black Cotton Soil,Karmala,Solapur,"Fresh pomegranate, good size and colour"
9340678123,Soybean,15,quintal,4284,Murrum,Gangakhed,Parbhani,"Clean soybean, low moisture content, ready for crushing"
7504273791,Pomegranate,38,quintal,5645,Murrum,Solapur North,Solapur,"Fresh pomegranate, good size and colour"
9098338627,Maize,78,quintal,2147,Loamy,Sakri,Dhule,"Hybrid maize, well-dried"
9962012311,Turmeric,26,quintal,7041,Red Loamy,Gaganbawada,Kolhapur,"Selam-variety turmeric, high curcumin content"
9037031965,Cotton,51,quintal,7491,Medium Black Soil,Zari Jamani,Yavatmal,"Premium BT cotton, harvested this Kharif season"
9754135313,Maize,42,quintal,1905,Loamy,Dhule,Dhule,"Hybrid maize, well-dried"
6021383477,Cotton,23,quintal,7342,Black Cotton Soil,Jafrabad,Jalna,"Long-staple cotton, clean and well-ginned"
8031015054,Soybean,28,quintal,4185,Black Cotton Soil,Manora,Washim,"Clean soybean, low moisture content, ready for crushing"
8456702320,Cotton,44,quintal,7280,Sandy Loam,Bodwad,Jalgaon,"High-grade cotton, sun-dried and ready for sale"
9380561852,Cotton,55,quintal,7010,Sandy Loam,Sakri,Dhule,"High-grade cotton, sun-dried and ready for sale"
6356888671,Cotton,22,quintal,6475,Sandy Loam,Muktainagar,Jalgaon,"Premium BT cotton, harvested this Kharif season"
7370561467,Turmeric,20,quintal,9205,Medium Black Soil,Karanja,Washim,"Sun-dried turmeric fingers, good colour"
6107588790,Rice,65,quintal,2189,Laterite Soil,Talasari,Palghar,"Fine quality rice, well-dried"
7884751369,Mixed Vegetables,48,quintal,811,Sandy Coastal Soil,Kurla,Mumbai Suburban,"Farm-fresh vegetables, harvested this week"
9325636798,Cotton,74,quintal,7416,Clayey Loam,Ashti,Wardha,"Long-staple cotton, clean and well-ginned"
7247075881,Grapes,42,quintal,4810,Murrum,Bhor,Pune,"Fresh table grapes, good sugar content"
7413316818,Turmeric,31,quintal,9025,Loamy,Jat,Sangli,"Selam-variety turmeric, high curcumin content"
7863380608,Onion,76,quintal,1411,Sandy Loam,Sindkheda,Dhule,"Export-quality red onion, freshly harvested"
7404601980,Rice,57,quintal,2313,Sandy Coastal Soil,Shahapur,Thane,"Local variety paddy, freshly harvested"
8696455864,Mixed Vegetables,43,quintal,956,Red Laterite,Borivali,Mumbai Suburban,"Farm-fresh vegetables, harvested this week"
8289462495,Rice,79,quintal,2450,Black Cotton Soil,Gadchiroli,Gadchiroli,"Fine quality rice, well-dried"
6415886504,Cotton,48,quintal,6706,Medium Black Soil,Malegaon,Washim,"Premium BT cotton, harvested this Kharif season"
6115530659,Cotton,26,quintal,6315,Medium Black Soil,Barshitakli,Akola,"Long-staple cotton, clean and well-ginned"
9876659916,Rice,50,quintal,2392,Laterite Soil,Ambarnath,Thane,"Local variety paddy, freshly harvested"
8925069433,Cotton,19,quintal,6484,Clayey Loam,Murtajapur,Akola,"Long-staple cotton, clean and well-ginned"
8455364077,Cotton,35,quintal,6417,Loamy,Bhusawal,Jalgaon,"Premium BT cotton, harvested this Kharif season"
7816119417,Cotton,55,quintal,7222,Regur Soil,Kelapur,Yavatmal,"Long-staple cotton, clean and well-ginned"
7381501628,Rice,43,quintal,2222,Sandy Coastal Soil,Mokhada,Palghar,"Fine quality rice, well-dried"
8575896885,Mixed Vegetables,39,quintal,1140,Sandy Coastal Soil,Byculla,Mumbai City,"Farm-fresh vegetables, harvested this week"
7927999003,Chikoo (Sapota),18,quintal,2893,Laterite Soil,Jawhar,Palghar,"Kalipatti chikoo, sweet and fresh"
7140316652,Cotton,61,quintal,6880,Black Cotton Soil,Nanded,Nanded,"Long-staple cotton, clean and well-ginned"
6434205273,Soybean,69,quintal,4353,Black Cotton Soil,Ralegaon,Yavatmal,"Good quality soybean, machine-cleaned"
6255941546,Soybean,69,quintal,4484,Medium Black Soil,Ausa,Latur,"Clean soybean, low moisture content, ready for crushing"
9581012979,Cotton,68,quintal,7131,Clayey Loam,Murtajapur,Akola,"Long-staple cotton, clean and well-ginned"
6691349520,Orange (Santra),71,quintal,3214,Regur Soil,Katol,Nagpur,"Fresh orange, good size and colour"
7795944270,Mango (Alphonso),9,quintal,5087,Laterite Soil,Dahanu,Palghar,"Ratnagiri Hapus, naturally ripened"
8047741970,Rice,92,quintal,2275,Clayey Loam,Salekasa,Gondia,"Fine quality rice, well-dried"
9586196935,Onion,76,quintal,1676,Sandy Loam,Shirpur,Dhule,"Export-quality red onion, freshly harvested"
9545821231,Rice,30,quintal,2165,Regur Soil,Etapalli,Gadchiroli,"Local variety paddy, freshly harvested"
7583171621,Soybean,21,quintal,4171,Clayey Loam,Akot,Akola,"Clean soybean, low moisture content, ready for crushing"
7908309683,Cotton,58,quintal,6921,Black Cotton Soil,Pathri,Parbhani,"High-grade cotton, sun-dried and ready for sale"
6180255762,Orange (Santra),57,quintal,3551,Medium Black Soil,Dhamangaon,Amravati,"Nagpur santra, sweet and juicy"
7954457162,Cotton,41,quintal,6442,Black Cotton Soil,Hingoli,Hingoli,"High-grade cotton, sun-dried and ready for sale"
7595478987,Turmeric,14,quintal,8755,Medium Black Soil,Aundha Nagnath,Hingoli,"Selam-variety turmeric, high curcumin content"
6649299284,Rice,59,quintal,2394,Coastal Alluvial,Ulhasnagar,Thane,"Fine quality rice, well-dried"
8781498814,Soybean,71,quintal,4108,Black Cotton Soil,Jintur,Parbhani,"Good quality soybean, machine-cleaned"
6549396868,Turmeric,49,quintal,8096,Black Cotton Soil,Biloli,Nanded,"Sun-dried turmeric fingers, good colour"
6259637318,Grapes,22,quintal,6484,Black Cotton Soil,Peth,Nashik,"Thompson seedless grapes, export quality"
7098498240,Cotton,52,quintal,6721,Black Cotton Soil,Dhadgaon,Nandurbar,"Long-staple cotton, clean and well-ginned"
8429765388,Grapes,20,quintal,5806,Black Cotton Soil,Mangalvedhe,Solapur,"Thompson seedless grapes, export quality"
7222952122,Rice,73,quintal,2330,Medium Black Soil,Bhandara,Bhandara,"Local variety paddy, freshly harvested"
8581506907,Maize,21,quintal,2132,Loamy,Sindkheda,Dhule,"Good quality maize, ready for market"
6673202399,Soybean,74,quintal,4542,Clayey Loam,Risod,Washim,"Good quality soybean, machine-cleaned"
8871502110,Mango (Alphonso),33,quintal,5177,Coastal Alluvial,Devgad,Sindhudurg,"Ratnagiri Hapus, naturally ripened"
9597130911,Mixed Vegetables,43,quintal,1365,Red Laterite,Bandra,Mumbai Suburban,"Farm-fresh vegetables, harvested this week"
8677278082,Turmeric,17,quintal,8195,Medium Black Soil,Sengaon,Hingoli,"Selam-variety turmeric, high curcumin content"
9360110576,Sugarcane,276,quintal,303,Medium Black Soil,Ambajogai,Beed,"High-yield sugarcane, ready for crushing"
8769338503,Sugarcane,270,quintal,324,Red Loamy,Walwa,Sangli,"Fresh-cut sugarcane, high sucrose content"
8764012707,Coconut,46,quintal,2181,Coastal Alluvial,Kudal,Sindhudurg,"Well-matured coconut, ready for market"
7681067365,Onion,57,quintal,1302,Loamy,Niphad,Nashik,"Nashik-grade onion, medium size, low moisture"
6930356347,Wheat,39,quintal,2515,Medium Black Soil,Vaijapur,Chhatrapati Sambhajinagar (Aurangabad),"Sharbati wheat, Grade A"
8710484882,Sugarcane,376,quintal,317,Red Loamy,Panhala,Kolhapur,"Fresh-cut sugarcane, high sucrose content"
6509737980,Cotton,58,quintal,6775,Medium Black Soil,Achalpur,Amravati,"High-grade cotton, sun-dried and ready for sale"
7221681834,Mixed Vegetables,31,quintal,1176,Coastal Alluvial,Borivali,Mumbai Suburban,"Farm-fresh vegetables, harvested this week"
6893917462,Cotton,22,quintal,6376,Clayey Loam,Mangrulpir,Washim,"Long-staple cotton, clean and well-ginned"
7951161516,Sugarcane,329,quintal,355,Black Cotton Soil,Hatkanangale,Kolhapur,"High-yield sugarcane, ready for crushing"
9064105784,Orange (Santra),15,quintal,3470,Clayey Loam,Seloo,Wardha,"Nagpur santra, sweet and juicy"
6855358758,Tomato,12,quintal,1586,Sandy Loam,Niphad,Nashik,"Fresh ripe tomatoes, hybrid variety"
8775109410,Rice,66,quintal,2227,Black Cotton Soil,Lakhandur,Bhandara,"Fine quality rice, well-dried"
8272060340,Rice,38,quintal,2303,Regur Soil,Tiroda,Gondia,"Local variety paddy, freshly harvested"
9414039920,Coconut,40,quintal,2696,Coastal Alluvial,Guhagar,Ratnagiri,"Well-matured coconut, ready for market"
7307858991,Cotton,60,quintal,6627,Black Cotton Soil,Ambajogai,Beed,"Premium BT cotton, harvested this Kharif season"
9127496453,Rice,48,quintal,2109,Clayey Loam,Tiroda,Gondia,"Fine quality rice, well-dried"
8270861545,Wheat,43,quintal,2678,Murrum,Ghansawangi,Jalna,"Clean, well-dried wheat, good milling quality"
8488813553,Turmeric,24,quintal,9463,Loamy,Walwa,Sangli,"Selam-variety turmeric, high curcumin content"
9351330875,Mixed Vegetables,19,quintal,1319,Sandy Coastal Soil,Fort,Mumbai City,"Farm-fresh vegetables, harvested this week"
6511207999,Soybean,70,quintal,4438,Medium Black Soil,Aundha Nagnath,Hingoli,"Clean soybean, low moisture content, ready for crushing"
8087983842,Cotton,80,quintal,6388,Regur Soil,Risod,Washim,"High-grade cotton, sun-dried and ready for sale"
8869549424,Mixed Vegetables,21,quintal,1653,Laterite Soil,Colaba,Mumbai City,"Fresh seasonal vegetables, mixed lot"
8487744502,Jowar,30,quintal,2925,Red Loamy,Solapur South,Solapur,"Good quality jowar, low moisture"
6738530749,Mango (Alphonso),18,quintal,6555,Sandy Coastal Soil,Vikramgad,Palghar,"Ratnagiri Hapus, naturally ripened"
6518636014,Sugarcane,343,quintal,310,Black Cotton Soil,Gadhinglaj,Kolhapur,"Fresh-cut sugarcane, high sucrose content"
9695119714,Rice,87,quintal,2277,Laterite Soil,Pen,Raigad,"Fine quality rice, well-dried"
7813887243,Soybean,65,quintal,4218,Regur Soil,Lonar,Buldhana,"Good quality soybean, machine-cleaned"
7664361009,Sugarcane,120,quintal,352,Murrum,Indapur,Pune,"Fresh-cut sugarcane, high sucrose content"
8090062687,Cotton,32,quintal,6338,Medium Black Soil,Hingoli,Hingoli,"Long-staple cotton, clean and well-ginned"
6581009949,Cotton,60,quintal,6418,Black Cotton Soil,Dhule,Dhule,"High-grade cotton, sun-dried and ready for sale"
6327325209,Turmeric,10,quintal,8854,Black Cotton Soil,Kavathemahankal,Sangli,"Sun-dried turmeric fingers, good colour"
7726684017,Rice,61,quintal,2034,Black Cotton Soil,Aheri,Gadchiroli,"Fine quality rice, well-dried"
8095003706,Cotton,32,quintal,7593,Regur Soil,Karanja,Wardha,"Long-staple cotton, clean and well-ginned"
8255729043,Turmeric,42,quintal,9081,Murrum,Aundha Nagnath,Hingoli,"Sun-dried turmeric fingers, good colour"
9423262600,Mixed Vegetables,29,quintal,895,Red Laterite,Malad,Mumbai Suburban,"Fresh seasonal vegetables, mixed lot"
8900081882,Soybean,52,quintal,4371,Black Cotton Soil,Renapur,Latur,"Good quality soybean, machine-cleaned"
9182445304,Cotton,54,quintal,7225,Clayey Loam,Manora,Washim,"Long-staple cotton, clean and well-ginned"
7910846962,Cashew (Raw),8,quintal,12825,Laterite Soil,Malwan,Sindhudurg,"Raw cashew nuts, sun-dried"
6434721557,Sunflower Seed,29,quintal,5808,Black Cotton Soil,Malkapur,Buldhana,Well-dried sunflower seed
8860960227,Cotton,42,quintal,6809,Medium Black Soil,Khuldabad,Chhatrapati Sambhajinagar (Aurangabad),"Long-staple cotton, clean and well-ginned"
9918908958,Betelnut (Supari),9,quintal,12807,Red Laterite,Pen,Raigad,"Fresh betelnut, well-processed"
6181236781,Soybean,56,quintal,4202,Black Cotton Soil,Shegaon,Buldhana,"Clean soybean, low moisture content, ready for crushing"
6988549107,Sugarcane,369,quintal,329,Black Cotton Soil,Wadwani,Beed,"Fresh-cut sugarcane, high sucrose content"
6677105197,Mango (Alphonso),27,quintal,5539,Red Laterite,Vaibhavwadi,Sindhudurg,"Ratnagiri Hapus, naturally ripened"
8944568080,Turmeric,42,quintal,8022,Murrum,Gaganbawada,Kolhapur,"Sun-dried turmeric fingers, good colour"
9151930893,Rice,22,quintal,2319,Clayey Loam,Tumsar,Bhandara,"Fine quality rice, well-dried"
9101995658,Tomato,21,quintal,1880,Black Cotton Soil,Malegaon,Nashik,"Farm-fresh tomatoes, harvested this week"
6818446158,Cotton,55,quintal,6818,Sandy Loam,Sindkheda,Dhule,"Long-staple cotton, clean and well-ginned"
8719886012,Soybean,78,quintal,4287,Medium Black Soil,Jalkot,Latur,"Clean soybean, low moisture content, ready for crushing"
6863843987,Cashew (Raw),27,quintal,11737,Coastal Alluvial,Vaibhavwadi,Sindhudurg,"Good quality raw cashew, ready for processing"
8011553802,Sugarcane,283,quintal,302,Medium Black Soil,Khuldabad,Chhatrapati Sambhajinagar (Aurangabad),"High-yield sugarcane, ready for crushing"
9434684716,Cotton,45,quintal,6774,Black Cotton Soil,Karanja,Washim,"Premium BT cotton, harvested this Kharif season"
9955186475,Chikoo (Sapota),25,quintal,2837,Red Laterite,Dahanu,Palghar,"Kalipatti chikoo, sweet and fresh"
9524439785,Rice,35,quintal,2337,Black Cotton Soil,Nagbhid,Chandrapur,"Local variety paddy, freshly harvested"
6434721557,Cotton,39,quintal,7161,Black Cotton Soil,Malkapur,Buldhana,"Long-staple cotton, clean and well-ginned"
6186907669,Rice,43,quintal,2440,Medium Black Soil,Etapalli,Gadchiroli,"Local variety paddy, freshly harvested"
7714777626,Turmeric,14,quintal,8477,Red Loamy,Jat,Sangli,"Sun-dried turmeric fingers, good colour"
8887045655,Soybean,89,quintal,4266,Black Cotton Soil,Risod,Washim,"Good quality soybean, machine-cleaned"
6578015346,Soybean,30,quintal,4771,Black Cotton Soil,Manwath,Parbhani,"Clean soybean, low moisture content, ready for crushing"
8768239985,Sugarcane,296,quintal,347,Black Cotton Soil,Madha,Solapur,"High-yield sugarcane, ready for crushing"
6061395801,Cotton,34,quintal,6351,Black Cotton Soil,Akot,Akola,"Premium BT cotton, harvested this Kharif season"
8077206179,Grapes,22,quintal,4247,Loamy,Igatpuri,Nashik,"Fresh table grapes, good sugar content"
7651591089,Soybean,79,quintal,4343,Black Cotton Soil,Washi,Dharashiv (Osmanabad),"Good quality soybean, machine-cleaned"
9273547128,Soybean,77,quintal,4452,Black Cotton Soil,Hingoli,Hingoli,"Good quality soybean, machine-cleaned"
7955621687,Cotton,49,quintal,6343,Regur Soil,Deoli,Wardha,"Long-staple cotton, clean and well-ginned"
7633853283,Rice,49,quintal,2592,Black Cotton Soil,Salekasa,Gondia,"Fine quality rice, well-dried"
8480871075,Jowar,65,quintal,2537,Black Cotton Soil,Chakur,Latur,"Good quality jowar, low moisture"
8198946928,Rice,60,quintal,2458,Clayey Loam,Sironcha,Gadchiroli,"Local variety paddy, freshly harvested"
8361055066,Turmeric,26,quintal,8996,Black Cotton Soil,Gadhinglaj,Kolhapur,"Sun-dried turmeric fingers, good colour"
7224445817,Sugarcane,251,quintal,329,Red Loamy,Shrirampur,Ahilyanagar (Ahmednagar),"Fresh-cut sugarcane, high sucrose content"
7021930439,Rice,74,quintal,2317,Black Cotton Soil,Gondpimpri,Chandrapur,"Fine quality rice, well-dried"
9064105784,Cotton,49,quintal,6894,Regur Soil,Seloo,Wardha,"High-grade cotton, sun-dried and ready for sale"
6485403304,Mango (Alphonso),27,quintal,5442,Laterite Soil,Sawantwadi,Sindhudurg,"Ratnagiri Hapus, naturally ripened"
8248133354,Rice,71,quintal,2307,Black Cotton Soil,Sindewahi,Chandrapur,"Fine quality rice, well-dried"
9424449244,Grapes,30,quintal,5211,Red Loamy,Jat,Sangli,"Thompson seedless grapes, export quality"
8883437108,Mixed Vegetables,12,quintal,1383,Coastal Alluvial,Kurla,Mumbai Suburban,"Fresh seasonal vegetables, mixed lot"
6220591693,Soybean,36,quintal,4554,Black Cotton Soil,Pathri,Parbhani,"Good quality soybean, machine-cleaned"
6225637253,Orange (Santra),30,quintal,2538,Black Cotton Soil,Narkhed,Nagpur,"Nagpur santra, sweet and juicy"
6770280667,Sugarcane,172,quintal,354,Black Cotton Soil,Ajra,Kolhapur,"Fresh-cut sugarcane, high sucrose content"
8652896481,Sugarcane,277,quintal,344,Black Cotton Soil,Gangapur,Chhatrapati Sambhajinagar (Aurangabad),"High-yield sugarcane, ready for crushing"
8661644152,Sugarcane,333,quintal,317,Red Loamy,Karmala,Solapur,"High-yield sugarcane, ready for crushing"
6061395801,Soybean,63,quintal,4118,Medium Black Soil,Akot,Akola,"Good quality soybean, machine-cleaned"
6413269840,Mixed Vegetables,26,quintal,1185,Loamy,Koregaon,Satara,"Fresh seasonal vegetables, mixed lot"
7385589741,Rice,93,quintal,2490,Clayey Loam,Sindewahi,Chandrapur,"Fine quality rice, well-dried"
8639293339,Cotton,36,quintal,7061,Murrum,Kandhar,Nanded,"Premium BT cotton, harvested this Kharif season"
7980080263,Tomato,17,quintal,1118,Sandy Loam,Yeola,Nashik,"Farm-fresh tomatoes, harvested this week"
6848908119,Tur (Arhar),20,quintal,7798,Murrum,Renapur,Latur,"Well-dried tur, ready for milling"
7092238128,Chikoo (Sapota),44,quintal,2182,Sandy Coastal Soil,Vasai,Palghar,"Fresh sapota, ready for market"
8698223890,Mixed Vegetables,31,quintal,973,Laterite Soil,Colaba,Mumbai City,"Fresh seasonal vegetables, mixed lot"
6460974569,Mixed Vegetables,41,quintal,920,Laterite Soil,Andheri,Mumbai Suburban,"Farm-fresh vegetables, harvested this week"
9750792087,Soybean,55,quintal,4675,Murrum,Jintur,Parbhani,"Good quality soybean, machine-cleaned"
9176261644,Soybean,62,quintal,4497,Regur Soil,Zari Jamani,Yavatmal,"Clean soybean, low moisture content, ready for crushing"
6267900935,Sugarcane,332,quintal,336,Medium Black Soil,Washi,Dharashiv (Osmanabad),"Fresh-cut sugarcane, high sucrose content"
9276090772,Cashew (Raw),13,quintal,14276,Red Laterite,Dapoli,Ratnagiri,"Good quality raw cashew, ready for processing"
9719663963,Rice,82,quintal,2158,Laterite Soil,Mahad,Raigad,"Local variety paddy, freshly harvested"
8245601654,Cotton,71,quintal,7050,Regur Soil,Mouda,Nagpur,"Long-staple cotton, clean and well-ginned"
7648149253,Betelnut (Supari),11,quintal,10264,Laterite Soil,Malwan,Sindhudurg,"Sun-dried supari, good quality"
8326930462,Sugarcane,182,quintal,324,Black Cotton Soil,Shirala,Sangli,"High-yield sugarcane, ready for crushing"
8537691410,Banana,84,quintal,1137,Loamy,Bodwad,Jalgaon,"Fresh banana, ready for market"
8148232469,Cashew (Raw),28,quintal,14116,Red Laterite,Sangameshwar,Ratnagiri,"Good quality raw cashew, ready for processing"
8062434185,Sugarcane,250,quintal,307,Loamy,Jamkhed,Ahilyanagar (Ahmednagar),"High-yield sugarcane, ready for crushing"
8090062687,Turmeric,33,quintal,9350,Black Cotton Soil,Hingoli,Hingoli,"Sun-dried turmeric fingers, good colour"
7192787680,Rice,76,quintal,2186,Clayey Loam,Tumsar,Bhandara,"Local variety paddy, freshly harvested"
9373094723,Orange (Santra),66,quintal,3651,Clayey Loam,Nagpur Rural,Nagpur,"Nagpur santra, sweet and juicy"
9925321263,Sugarcane,100,quintal,332,Murrum,Solapur North,Solapur,"Fresh-cut sugarcane, high sucrose content"
6538350887,Rice,55,quintal,2003,Clayey Loam,Saoli,Chandrapur,"Fine quality rice, well-dried"
6217990271,Soybean,24,quintal,4870,Murrum,Hadgaon,Nanded,"Good quality soybean, machine-cleaned"
8887045655,Soybean,72,quintal,4714,Medium Black Soil,Risod,Washim,"Good quality soybean, machine-cleaned"
6001311366,Strawberry,103,kg,131,Loamy,Mahabaleshwar,Satara,"Mahabaleshwar strawberry, fresh-picked"
6403770925,Rice,49,quintal,2429,Black Cotton Soil,Lakhandur,Bhandara,"Local variety paddy, freshly harvested"
6540338015,Sugarcane,237,quintal,315,Black Cotton Soil,Khed,Pune,"Fresh-cut sugarcane, high sucrose content"
7085704422,Cotton,15,quintal,7115,Clayey Loam,Babhulgaon,Yavatmal,"High-grade cotton, sun-dried and ready for sale"
6356686468,Cotton,51,quintal,7463,Sandy Loam,Akkalkuwa,Nandurbar,"Long-staple cotton, clean and well-ginned"
7814660721,Rice,38,quintal,2275,Clayey Loam,Chamorshi,Gadchiroli,"Fine quality rice, well-dried"
9341430920,Mango (Alphonso),17,quintal,8143,Laterite Soil,Kankavli,Sindhudurg,"Premium Alphonso mango, export grade"
6384092956,Papaya,50,quintal,1338,Sandy Loam,Navapur,Nandurbar,"Fresh papaya, ready for market"
9072096460,Soybean,29,quintal,4592,Murrum,Basmath,Hingoli,"Clean soybean, low moisture content, ready for crushing"
9435111987,Wheat,147,quintal,2514,Sandy Loam,Kalwan,Nashik,"Sharbati wheat, Grade A"
7904304897,Cotton,36,quintal,6617,Murrum,Manwath,Parbhani,"High-grade cotton, sun-dried and ready for sale"
8312903383,Cotton,34,quintal,7082,Black Cotton Soil,Sailu,Parbhani,"Long-staple cotton, clean and well-ginned"
9057608318,Rice,81,quintal,2175,Black Cotton Soil,Amgaon,Gondia,"Local variety paddy, freshly harvested"
8544352071,Sugarcane,337,quintal,328,Murrum,Paranda,Dharashiv (Osmanabad),"High-yield sugarcane, ready for crushing"
9005116346,Soybean,37,quintal,4242,Regur Soil,Akot,Akola,"Good quality soybean, machine-cleaned"
8693609491,Rice,44,quintal,2073,Clayey Loam,Bhandara,Bhandara,"Local variety paddy, freshly harvested"
8674930545,Maize,83,quintal,1994,Black Cotton Soil,Dhule,Dhule,"Good quality maize, ready for market"
7623350876,Soybean,51,quintal,4635,Black Cotton Soil,Hadgaon,Nanded,"Clean soybean, low moisture content, ready for crushing"
6561242401,Custard Apple (Sitaphal),23,quintal,4779,Medium Black Soil,Wadwani,Beed,"Balanagar variety sitaphal, naturally ripened"
7285386793,Pomegranate,29,quintal,7200,Black Cotton Soil,Malshiras,Solapur,"Fresh pomegranate, good size and colour"
9314908323,Sugarcane,179,quintal,353,Murrum,Ashti,Beed,"High-yield sugarcane, ready for crushing"
6418565096,Sugarcane,196,quintal,310,Murrum,Patan,Satara,"High-yield sugarcane, ready for crushing"
7823829102,Mixed Vegetables,38,quintal,1609,Laterite Soil,Dadar,Mumbai City,"Farm-fresh vegetables, harvested this week"
7354397217,Cotton,73,quintal,6851,Black Cotton Soil,Mangrulpir,Washim,"Premium BT cotton, harvested this Kharif season"
8102037195,Cotton,75,quintal,7082,Regur Soil,Kalameshwar,Nagpur,"High-grade cotton, sun-dried and ready for sale"
8527317217,Orange (Santra),71,quintal,2891,Clayey Loam,Nagpur Urban,Nagpur,"Nagpur santra, sweet and juicy"
9011786542,Chikoo (Sapota),16,quintal,2680,Sandy Coastal Soil,Mokhada,Palghar,"Kalipatti chikoo, sweet and fresh"
7833946267,Coconut,34,quintal,1897,Laterite Soil,Tala,Raigad,"Fresh coconut, good copra content"
9537736551,Groundnut,49,quintal,5995,Black Cotton Soil,Jalna,Jalna,"Bold variety groundnut, good oil content"
8526698387,Sugarcane,160,quintal,333,Medium Black Soil,Vaijapur,Chhatrapati Sambhajinagar (Aurangabad),"Fresh-cut sugarcane, high sucrose content"
7540152953,Rice,73,quintal,2513,Medium Black Soil,Sironcha,Gadchiroli,"Fine quality rice, well-dried"
6257715255,Turmeric,36,quintal,7605,Black Cotton Soil,Deglur,Nanded,"Selam-variety turmeric, high curcumin content"
6801889029,Mixed Vegetables,40,quintal,1784,Sandy Coastal Soil,Borivali,Mumbai Suburban,"Fresh seasonal vegetables, mixed lot"
6007992266,Cotton,24,quintal,7365,Black Cotton Soil,Sindkheda,Dhule,"Long-staple cotton, clean and well-ginned"
6209404860,Rice,22,quintal,2117,Medium Black Soil,Korpana,Chandrapur,"Fine quality rice, well-dried"
9319243393,Pomegranate,22,quintal,4666,Black Cotton Soil,Nevasa,Ahilyanagar (Ahmednagar),"Bhagwa variety pomegranate, export quality"
7740465005,Rice,31,quintal,2124,Black Cotton Soil,Tiroda,Gondia,"Fine quality rice, well-dried"
8526331164,Groundnut,22,quintal,6197,Medium Black Soil,Mantha,Jalna,"Clean, well-dried groundnut"
6597672471,Turmeric,41,quintal,7723,Murrum,Hadgaon,Nanded,"Sun-dried turmeric fingers, good colour"
8889252440,Mango (Alphonso),7,quintal,4189,Laterite Soil,Mokhada,Palghar,"Ratnagiri Hapus, naturally ripened"
7322197127,Soybean,25,quintal,4852,Clayey Loam,Darwha,Yavatmal,"Clean soybean, low moisture content, ready for crushing"
6720150064,Sugarcane,294,quintal,316,Black Cotton Soil,Lohara,Dharashiv (Osmanabad),"High-yield sugarcane, ready for crushing"
6566204534,Turmeric,33,quintal,8936,Murrum,Mahur,Nanded,"Sun-dried turmeric fingers, good colour"
8911909850,Mixed Vegetables,47,quintal,1264,Coastal Alluvial,Malad,Mumbai Suburban,"Fresh seasonal vegetables, mixed lot"
9305200907,Strawberry,139,kg,93,Murrum,Koregaon,Satara,"Sweet strawberry, ideal for jam-making"
9963274535,Rice,55,quintal,2334,Black Cotton Soil,Amgaon,Gondia,"Local variety paddy, freshly harvested"
9341810223,Rice,62,quintal,2478,Red Laterite,Sudhagad-Pali,Raigad,"Fine quality rice, well-dried"
9638610619,Soybean,34,quintal,4778,Murrum,Chakur,Latur,"Clean soybean, low moisture content, ready for crushing"
9780615475,Turmeric,26,quintal,9027,Black Cotton Soil,Aundha Nagnath,Hingoli,"Selam-variety turmeric, high curcumin content"
6000668519,Soybean,59,quintal,4450,Medium Black Soil,Kalamnuri,Hingoli,"Clean soybean, low moisture content, ready for crushing"
8096848537,Cotton,54,quintal,7166,Black Cotton Soil,Vaijapur,Chhatrapati Sambhajinagar (Aurangabad),"Long-staple cotton, clean and well-ginned"
8493652530,Cotton,29,quintal,6548,Medium Black Soil,Pombhurna,Chandrapur,"Long-staple cotton, clean and well-ginned"
7391165213,Soybean,21,quintal,4201,Black Cotton Soil,Mukhed,Nanded,"Good quality soybean, machine-cleaned"
7927999003,Rice,91,quintal,2299,Coastal Alluvial,Jawhar,Palghar,"Fine quality rice, well-dried"
8478972788,Strawberry,220,kg,179,Murrum,Satara,Satara,"Sweet strawberry, ideal for jam-making"
9890740507,Cotton,66,quintal,7120,Murrum,Badnapur,Jalna,"High-grade cotton, sun-dried and ready for sale"
8130717288,Cotton,39,quintal,7460,Regur Soil,Nandura,Buldhana,"Premium BT cotton, harvested this Kharif season"
7511674753,Orange (Santra),55,quintal,2924,Clayey Loam,Dhamangaon,Amravati,"Nagpur santra, sweet and juicy"
7943070543,Orange (Santra),38,quintal,3199,Clayey Loam,Kuhi,Nagpur,"Nagpur santra, sweet and juicy"
7107794666,Cotton,46,quintal,7382,Medium Black Soil,Achalpur,Amravati,"Long-staple cotton, clean and well-ginned"
6197789727,Sugarcane,306,quintal,353,Loamy,Chandgad,Kolhapur,"High-yield sugarcane, ready for crushing"
9005116346,Cotton,73,quintal,7438,Medium Black Soil,Akot,Akola,"Premium BT cotton, harvested this Kharif season"
8538295327,Rice,99,quintal,2361,Black Cotton Soil,Tumsar,Bhandara,"Fine quality rice, well-dried"
9890740507,Wheat,60,quintal,2345,Murrum,Badnapur,Jalna,"Sharbati wheat, Grade A"
7003795114,Orange (Santra),80,quintal,3693,Black Cotton Soil,Arvi,Wardha,"Fresh orange, good size and colour"
7751182015,Mixed Vegetables,33,quintal,942,Laterite Soil,Kurla,Mumbai Suburban,"Farm-fresh vegetables, harvested this week"
7884751369,Mixed Vegetables,49,quintal,1650,Laterite Soil,Kurla,Mumbai Suburban,"Fresh seasonal vegetables, mixed lot"
7119809062,Rice,84,quintal,2172,Clayey Loam,Tiroda,Gondia,"Local variety paddy, freshly harvested"
9779295743,Grapes,50,quintal,6176,Sandy Loam,Dindori,Nashik,"Fresh table grapes, good sugar content"
6327328412,Cotton,57,quintal,6679,Murrum,Nanded,Nanded,"High-grade cotton, sun-dried and ready for sale"
9890778866,Coconut,20,quintal,2563,Laterite Soil,Murud,Raigad,"Well-matured coconut, ready for market"
7076796590,Grapes,40,quintal,4691,Loamy,Mohol,Solapur,"Thompson seedless grapes, export quality"
9846962887,Rice,61,quintal,2223,Regur Soil,Mohadi,Bhandara,"Fine quality rice, well-dried"
6544242572,Orange (Santra),48,quintal,2899,Clayey Loam,Tiosa,Amravati,"Fresh orange, good size and colour"
8650297203,Sunflower Seed,39,quintal,6517,Murrum,Wadwani,Beed,"Clean sunflower seed, good oil content"
9384550849,Soybean,21,quintal,4765,Medium Black Soil,Kinwat,Nanded,"Clean soybean, low moisture content, ready for crushing"
7457250157,Sugarcane,353,quintal,337,Red Loamy,Mohol,Solapur,"High-yield sugarcane, ready for crushing"
7326520517,Chikoo (Sapota),33,quintal,2491,Red Laterite,Vikramgad,Palghar,"Fresh sapota, ready for market"
9172862806,Mango (Alphonso),30,quintal,5057,Laterite Soil,Guhagar,Ratnagiri,"Premium Alphonso mango, export grade"
6255671032,Jowar,31,quintal,3052,Black Cotton Soil,Ahmedpur,Latur,"Rabi jowar, clean and well-dried"
7525967974,Coconut,42,quintal,2257,Red Laterite,Rajapur,Ratnagiri,"Fresh coconut, good copra content"
9193281568,Chikoo (Sapota),23,quintal,3135,Red Laterite,Vasai,Palghar,"Kalipatti chikoo, sweet and fresh"
6873739159,Rice,29,quintal,2279,Black Cotton Soil,Sindewahi,Chandrapur,"Local variety paddy, freshly harvested"
7657257988,Betelnut (Supari),6,quintal,11238,Red Laterite,Mandangad,Ratnagiri,"Fresh betelnut, well-processed"
9101341952,Orange (Santra),60,quintal,3150,Medium Black Soil,Nagpur Rural,Nagpur,"Fresh orange, good size and colour"
8340740719,Cotton,78,quintal,7056,Murrum,Hingoli,Hingoli,"Premium BT cotton, harvested this Kharif season"
7689210605,Papaya,64,quintal,902,Black Cotton Soil,Navapur,Nandurbar,"Fresh papaya, ready for market"
9965659562,Rice,95,quintal,2001,Black Cotton Soil,Gadchiroli,Gadchiroli,"Local variety paddy, freshly harvested"
9620850566,Cotton,18,quintal,6318,Murrum,Sailu,Parbhani,"High-grade cotton, sun-dried and ready for sale"
9772807826,Mixed Vegetables,25,quintal,1661,Coastal Alluvial,Andheri,Mumbai Suburban,"Fresh seasonal vegetables, mixed lot"
6235580150,Sugarcane,390,quintal,349,Murrum,Pandharpur,Solapur,"High-yield sugarcane, ready for crushing"
9030774583,Orange (Santra),49,quintal,2721,Black Cotton Soil,Mouda,Nagpur,"Fresh orange, good size and colour"
8844938853,Mixed Vegetables,38,quintal,1157,Laterite Soil,Dadar,Mumbai City,"Fresh seasonal vegetables, mixed lot"
8746681450,Grapes,50,quintal,6131,Sandy Loam,Deola,Nashik,"Fresh table grapes, good sugar content"
8579934474,Sugarcane,339,quintal,326,Murrum,Lohara,Dharashiv (Osmanabad),"High-yield sugarcane, ready for crushing"
6454130344,Rice,91,quintal,2424,Black Cotton Soil,Tiroda,Gondia,"Fine quality rice, well-dried"
9619843745,Sugarcane,347,quintal,313,Murrum,Patoda,Beed,"Fresh-cut sugarcane, high sucrose content"
8039891463,Mixed Vegetables,37,quintal,1213,Coastal Alluvial,Parel,Mumbai City,"Fresh seasonal vegetables, mixed lot"
9284587245,Rice,51,quintal,2182,Coastal Alluvial,Palghar,Palghar,"Fine quality rice, well-dried"
8314234462,Cotton,19,quintal,7578,Medium Black Soil,Hingoli,Hingoli,"Long-staple cotton, clean and well-ginned"
8789309234,Papaya,56,quintal,929,Sandy Loam,Akkalkuwa,Nandurbar,"Red Lady variety papaya, uniform ripening"
8420292904,Banana,76,quintal,1400,Black Cotton Soil,Chopda,Jalgaon,"G9 variety banana, uniform bunches"
8257616237,Pomegranate,19,quintal,5135,Black Cotton Soil,Kopargaon,Ahilyanagar (Ahmednagar),"Bhagwa variety pomegranate, export quality"
7533642070,Turmeric,48,quintal,8135,Red Loamy,Shirol,Kolhapur,"Selam-variety turmeric, high curcumin content"
9151225961,Mango (Alphonso),16,quintal,8013,Coastal Alluvial,Kankavli,Sindhudurg,"Premium Alphonso mango, export grade"
7440092824,Maize,77,quintal,2186,Loamy,Sakri,Dhule,"Hybrid maize, well-dried"
8096848537,Wheat,91,quintal,2659,Murrum,Vaijapur,Chhatrapati Sambhajinagar (Aurangabad),"Sharbati wheat, Grade A"
7513767451,Rice,90,quintal,2354,Black Cotton Soil,Dhanora,Gadchiroli,"Fine quality rice, well-dried"
7816119417,Cotton,34,quintal,7445,Clayey Loam,Kelapur,Yavatmal,"Premium BT cotton, harvested this Kharif season"
6265847332,Cotton,38,quintal,7453,Sandy Loam,Sindkheda,Dhule,"Premium BT cotton, harvested this Kharif season"
6593211254,Rice,52,quintal,2344,Regur Soil,Bhandara,Bhandara,"Fine quality rice, well-dried"
7631610790,Cotton,18,quintal,6519,Black Cotton Soil,Manwath,Parbhani,"Long-staple cotton, clean and well-ginned"
7513767451,Rice,28,quintal,2110,Medium Black Soil,Dhanora,Gadchiroli,"Fine quality rice, well-dried"
8361197403,Strawberry,89,kg,172,Murrum,Phaltan,Satara,"Sweet strawberry, ideal for jam-making"
7232914120,Mixed Vegetables,38,quintal,1290,Laterite Soil,Dadar,Mumbai City,"Fresh seasonal vegetables, mixed lot"
6391439107,Sugarcane,344,quintal,351,Black Cotton Soil,Karmala,Solapur,"Fresh-cut sugarcane, high sucrose content"
9294343438,Jowar,36,quintal,2705,Medium Black Soil,Udgir,Latur,"Good quality jowar, low moisture"
9562784268,Onion,84,quintal,1890,Loamy,Ambegaon,Pune,"Fresh red onion, well-stored"
8629417087,Groundnut,36,quintal,6178,Black Cotton Soil,Raver,Jalgaon,"Bold variety groundnut, good oil content"
7789912929,Orange (Santra),60,quintal,2884,Medium Black Soil,Ashti,Wardha,"Nagpur santra, sweet and juicy"
9756563841,Groundnut,36,quintal,5569,Black Cotton Soil,Raver,Jalgaon,"Bold variety groundnut, good oil content"
8350329074,Mango (Alphonso),14,quintal,6702,Sandy Coastal Soil,Kudal,Sindhudurg,"Ratnagiri Hapus, naturally ripened"
9861154677,Soybean,26,quintal,4872,Medium Black Soil,Latur,Latur,"Clean soybean, low moisture content, ready for crushing"
8427409736,Coconut,29,quintal,2498,Red Laterite,Mahad,Raigad,"Well-matured coconut, ready for market"
6521541032,Cotton,30,quintal,7399,Clayey Loam,Motala,Buldhana,"Long-staple cotton, clean and well-ginned"
6996292330,Grapes,33,quintal,4037,Red Loamy,Miraj,Sangli,"Fresh table grapes, good sugar content"
8717981839,Soybean,40,quintal,4500,Clayey Loam,Patur,Akola,"Good quality soybean, machine-cleaned"
8662329173,Rice,60,quintal,2064,Medium Black Soil,Goregaon,Gondia,"Fine quality rice, well-dried"
7055038634,Strawberry,114,kg,123,Loamy,Koregaon,Satara,"Sweet strawberry, ideal for jam-making"
9564755477,Mixed Vegetables,48,quintal,1594,Sandy Coastal Soil,Byculla,Mumbai City,"Farm-fresh vegetables, harvested this week"
8906862775,Onion,62,quintal,1937,Black Cotton Soil,Dhule,Dhule,"Export-quality red onion, freshly harvested"
8123697733,Mixed Vegetables,38,quintal,1611,Laterite Soil,Borivali,Mumbai Suburban,"Fresh seasonal vegetables, mixed lot"
7622250466,Cotton,77,quintal,7538,Black Cotton Soil,Georai,Beed,"High-grade cotton, sun-dried and ready for sale"
7078965719,Banana,68,quintal,1216,Black Cotton Soil,Parola,Jalgaon,"Fresh banana, ready for market"
9135902033,Rice,46,quintal,2218,Black Cotton Soil,Deori,Gondia,"Fine quality rice, well-dried"
7430012271,Pomegranate,15,quintal,4387,Red Loamy,Sangamner,Ahilyanagar (Ahmednagar),"Fresh pomegranate, good size and colour"
8719886012,Jowar,34,quintal,2543,Murrum,Jalkot,Latur,"Good quality jowar, low moisture"
6055909893,Turmeric,40,quintal,7126,Medium Black Soil,Deglur,Nanded,"Selam-variety turmeric, high curcumin content"
9847930703,Turmeric,19,quintal,7756,Black Cotton Soil,Basmath,Hingoli,"Selam-variety turmeric, high curcumin content"
9817014413,Soybean,64,quintal,4630,Medium Black Soil,Mahagaon,Yavatmal,"Clean soybean, low moisture content, ready for crushing"
8683163786,Mixed Vegetables,45,quintal,903,Loamy,Baramati,Pune,"Farm-fresh vegetables, harvested this week"
8532388891,Coconut,23,quintal,1943,Laterite Soil,Dodamarg,Sindhudurg,"Fresh coconut, good copra content"
8662329173,Rice,62,quintal,2333,Regur Soil,Goregaon,Gondia,"Local variety paddy, freshly harvested"
7994544853,Pomegranate,17,quintal,5701,Black Cotton Soil,Karjat,Ahilyanagar (Ahmednagar),"Fresh pomegranate, good size and colour"
6890697730,Rice,38,quintal,2493,Sandy Coastal Soil,Sudhagad-Pali,Raigad,"Fine quality rice, well-dried"
8499528964,Turmeric,36,quintal,8877,Black Cotton Soil,Naigaon,Nanded,"Selam-variety turmeric, high curcumin content"
9076905116,Banana,46,quintal,1545,Loamy,Yawal,Jalgaon,"Fresh banana, ready for market"
7133925399,Rice,52,quintal,2251,Black Cotton Soil,Pombhurna,Chandrapur,"Local variety paddy, freshly harvested"
9946731776,Soybean,89,quintal,4101,Black Cotton Soil,Buldhana,Buldhana,"Clean soybean, low moisture content, ready for crushing"
8697914154,Rice,78,quintal,2038,Laterite Soil,Kalyan,Thane,"Fine quality rice, well-dried"
9980625640,Rice,32,quintal,2254,Medium Black Soil,Bhandara,Bhandara,"Local variety paddy, freshly harvested"
7336082331,Orange (Santra),56,quintal,2947,Medium Black Soil,Bhiwapur,Nagpur,"Fresh orange, good size and colour"
8946836462,Cotton,44,quintal,6554,Black Cotton Soil,Daryapur,Amravati,"Premium BT cotton, harvested this Kharif season"
9783021870,Soybean,20,quintal,4576,Medium Black Soil,Purna,Parbhani,"Good quality soybean, machine-cleaned"
9972014748,Chikoo (Sapota),42,quintal,2313,Red Laterite,Jawhar,Palghar,"Kalipatti chikoo, sweet and fresh"
6785641939,Chikoo (Sapota),30,quintal,2366,Sandy Coastal Soil,Dahanu,Palghar,"Kalipatti chikoo, sweet and fresh"
9697733475,Orange (Santra),45,quintal,3393,Clayey Loam,Savner,Nagpur,"Fresh orange, good size and colour"
9382886756,Orange (Santra),20,quintal,3547,Regur Soil,Narkhed,Nagpur,"Fresh orange, good size and colour"
9152270428,Mango (Alphonso),9,quintal,6136,Sandy Coastal Soil,Lanja,Ratnagiri,"Ratnagiri Hapus, naturally ripened"
7580542055,Mixed Vegetables,24,quintal,1577,Red Laterite,Murbad,Thane,"Fresh seasonal vegetables, mixed lot"
8377649680,Coconut,36,quintal,2667,Sandy Coastal Soil,Karjat,Raigad,"Fresh coconut, good copra content"
7863380608,Maize,67,quintal,1815,Loamy,Sindkheda,Dhule,"Hybrid maize, well-dried"
7442647548,Sugarcane,133,quintal,358,Loamy,Barshi,Solapur,"High-yield sugarcane, ready for crushing"
6154321439,Mixed Vegetables,33,quintal,1654,Sandy Coastal Soil,Dadar,Mumbai City,"Farm-fresh vegetables, harvested this week"
6899011218,Cashew (Raw),18,quintal,13522,Sandy Coastal Soil,Malwan,Sindhudurg,"Good quality raw cashew, ready for processing"
9785176296,Betelnut (Supari),17,quintal,10593,Red Laterite,Murud,Raigad,"Sun-dried supari, good quality"
6742467894,Cotton,65,quintal,6600,Clayey Loam,Khamgaon,Buldhana,"Premium BT cotton, harvested this Kharif season"
8234981426,Cotton,69,quintal,6849,Medium Black Soil,Lonar,Buldhana,"Long-staple cotton, clean and well-ginned"
6228337915,Mixed Vegetables,26,quintal,809,Loamy,Khed,Pune,"Farm-fresh vegetables, harvested this week"
8466947815,Wheat,41,quintal,2490,Black Cotton Soil,Paithan,Chhatrapati Sambhajinagar (Aurangabad),"Clean, well-dried wheat, good milling quality"
8903754776,Orange (Santra),69,quintal,3697,Regur Soil,Tiosa,Amravati,"Fresh orange, good size and colour"
8122557590,Cotton,28,quintal,6355,Black Cotton Soil,Jafrabad,Jalna,"High-grade cotton, sun-dried and ready for sale"
8652969259,Orange (Santra),26,quintal,3472,Clayey Loam,Savner,Nagpur,"Fresh orange, good size and colour"
8506378506,Sugarcane,169,quintal,348,Red Loamy,Karvir,Kolhapur,"Fresh-cut sugarcane, high sucrose content"
6080493291,Rice,86,quintal,2104,Black Cotton Soil,Gadchiroli,Gadchiroli,"Fine quality rice, well-dried"
9586143314,Sugarcane,163,quintal,336,Black Cotton Soil,Nagar,Ahilyanagar (Ahmednagar),"High-yield sugarcane, ready for crushing"
6189497850,Sugarcane,261,quintal,316,Murrum,Chandgad,Kolhapur,"Fresh-cut sugarcane, high sucrose content"
8314234462,Soybean,54,quintal,4381,Black Cotton Soil,Hingoli,Hingoli,"Good quality soybean, machine-cleaned"
9990644543,Mixed Vegetables,35,quintal,1059,Red Laterite,Byculla,Mumbai City,"Farm-fresh vegetables, harvested this week"
7155413293,Wheat,53,quintal,2325,Medium Black Soil,Paithan,Chhatrapati Sambhajinagar (Aurangabad),"Clean, well-dried wheat, good milling quality"
6416728329,Rice,89,quintal,2190,Black Cotton Soil,Warora,Chandrapur,"Local variety paddy, freshly harvested"
8533935454,Maize,26,quintal,2259,Sandy Loam,Sindkheda,Dhule,"Hybrid maize, well-dried"
6318834983,Rice,92,quintal,2586,Medium Black Soil,Mul,Chandrapur,"Local variety paddy, freshly harvested"
9832367721,Cotton,62,quintal,7016,Clayey Loam,Arvi,Wardha,"Premium BT cotton, harvested this Kharif season"
6994660863,Betelnut (Supari),20,quintal,12919,Coastal Alluvial,Khed,Ratnagiri,"Sun-dried supari, good quality"
8716084384,Custard Apple (Sitaphal),6,quintal,4963,Black Cotton Soil,Majalgaon,Beed,"Balanagar variety sitaphal, naturally ripened"
8018401900,Cotton,19,quintal,6830,Medium Black Soil,Dharur,Beed,"High-grade cotton, sun-dried and ready for sale"
7540439298,Sugarcane,190,quintal,360,Murrum,Barshi,Solapur,"Fresh-cut sugarcane, high sucrose content"
7708883223,Rice,90,quintal,2242,Sandy Coastal Soil,Alibag,Raigad,"Fine quality rice, well-dried"
7348207134,Rice,67,quintal,2256,Regur Soil,Sadak-Arjuni,Gondia,"Fine quality rice, well-dried"
7364852710,Mixed Vegetables,45,quintal,1587,Coastal Alluvial,Colaba,Mumbai City,"Fresh seasonal vegetables, mixed lot"
9182466589,Cotton,60,quintal,6670,Regur Soil,Mouda,Nagpur,"Long-staple cotton, clean and well-ginned"
8314663377,Strawberry,75,kg,95,Loamy,Khatav,Satara,"Sweet strawberry, ideal for jam-making"
8250004527,Turmeric,39,quintal,7021,Black Cotton Soil,Purna,Parbhani,"Selam-variety turmeric, high curcumin content"
8564809436,Pomegranate,17,quintal,6973,Black Cotton Soil,Barshi,Solapur,"Bhagwa variety pomegranate, export quality"
8314663377,Sugarcane,165,quintal,343,Murrum,Khatav,Satara,"High-yield sugarcane, ready for crushing"
9945332074,Sugarcane,308,quintal,346,Loamy,Jat,Sangli,"Fresh-cut sugarcane, high sucrose content"
7534111725,Cotton,64,quintal,6251,Clayey Loam,Kelapur,Yavatmal,"Premium BT cotton, harvested this Kharif season"
6553665763,Turmeric,24,quintal,7879,Murrum,Panhala,Kolhapur,"Sun-dried turmeric fingers, good colour"
8885291183,Soybean,73,quintal,4555,Murrum,Sengaon,Hingoli,"Good quality soybean, machine-cleaned"
8251056195,Rice,88,quintal,2373,Medium Black Soil,Chandrapur,Chandrapur,"Fine quality rice, well-dried"
7139218448,Orange (Santra),57,quintal,3607,Regur Soil,Anjangaon-Surji,Amravati,"Fresh orange, good size and colour"
9765382483,Sugarcane,160,quintal,330,Medium Black Soil,Beed,Beed,"High-yield sugarcane, ready for crushing"
7732243357,Rice,100,quintal,2420,Black Cotton Soil,Sadak-Arjuni,Gondia,"Local variety paddy, freshly harvested"
8870384971,Coconut,28,quintal,1949,Sandy Coastal Soil,Mangaon,Raigad,"Well-matured coconut, ready for market"
8522315544,Soybean,68,quintal,4428,Medium Black Soil,Digras,Yavatmal,"Clean soybean, low moisture content, ready for crushing"
6566748645,Orange (Santra),78,quintal,3548,Medium Black Soil,Dharni,Amravati,"Nagpur santra, sweet and juicy"
9377408730,Mixed Vegetables,28,quintal,1103,Red Laterite,Bandra,Mumbai Suburban,"Fresh seasonal vegetables, mixed lot"
6609230640,Mixed Vegetables,27,quintal,1602,Murrum,Mahabaleshwar,Satara,"Fresh seasonal vegetables, mixed lot"
9081240706,Cotton,69,quintal,7340,Black Cotton Soil,Ner,Yavatmal,"Premium BT cotton, harvested this Kharif season"
9704852686,Rice,59,quintal,2239,Clayey Loam,Sironcha,Gadchiroli,"Fine quality rice, well-dried"
6316019407,Cotton,69,quintal,7532,Murrum,Wadwani,Beed,"High-grade cotton, sun-dried and ready for sale"
7862241539,Custard Apple (Sitaphal),5,quintal,4860,Medium Black Soil,Shirur-Kasar,Beed,"Fresh custard apple, good size"
7056878086,Rice,70,quintal,2271,Clayey Loam,Ballarpur,Chandrapur,"Local variety paddy, freshly harvested"
7755490385,Turmeric,14,quintal,9241,Medium Black Soil,Kalamnuri,Hingoli,"Sun-dried turmeric fingers, good colour"
6505304370,Soybean,56,quintal,4818,Medium Black Soil,Tuljapur,Dharashiv (Osmanabad),"Good quality soybean, machine-cleaned"
6403770925,Rice,32,quintal,2334,Black Cotton Soil,Lakhandur,Bhandara,"Fine quality rice, well-dried"
8540110381,Banana,42,quintal,1417,Loamy,Erandol,Jalgaon,"Fresh banana, ready for market"
8744940514,Mixed Vegetables,25,quintal,1558,Black Cotton Soil,Purandhar,Pune,"Fresh seasonal vegetables, mixed lot"
7838311712,Groundnut,44,quintal,6045,Black Cotton Soil,Ambad,Jalna,"Bold variety groundnut, good oil content"
9342092969,Cotton,45,quintal,6882,Medium Black Soil,Anjangaon-Surji,Amravati,"Premium BT cotton, harvested this Kharif season"
7883809315,Cashew (Raw),10,quintal,14675,Red Laterite,Ratnagiri,Ratnagiri,"Raw cashew nuts, sun-dried"
7656454619,Turmeric,36,quintal,7478,Murrum,Kalamnuri,Hingoli,"Sun-dried turmeric fingers, good colour"
7464536640,Onion,33,quintal,1895,Sandy Loam,Nandgaon,Nashik,"Fresh red onion, well-stored"
9687051843,Soybean,35,quintal,4239,Medium Black Soil,Sindkhed Raja,Buldhana,"Good quality soybean, machine-cleaned"
8433155404,Orange (Santra),24,quintal,2745,Clayey Loam,Deoli,Wardha,"Nagpur santra, sweet and juicy"
9645320388,Mango (Alphonso),22,quintal,4857,Coastal Alluvial,Sudhagad-Pali,Raigad,"Ratnagiri Hapus, naturally ripened"
9838438311,Rice,47,quintal,2082,Black Cotton Soil,Gondia,Gondia,"Fine quality rice, well-dried"
9231264506,Mixed Vegetables,19,quintal,1040,Red Laterite,Borivali,Mumbai Suburban,"Farm-fresh vegetables, harvested this week"
9869477161,Turmeric,45,quintal,7978,Medium Black Soil,Purna,Parbhani,"Selam-variety turmeric, high curcumin content"
6785275723,Cotton,54,quintal,7045,Murrum,Sonpeth,Parbhani,"High-grade cotton, sun-dried and ready for sale"
7006323553,Maize,74,quintal,1910,Loamy,Sindkheda,Dhule,"Good quality maize, ready for market"
8008303506,Grapes,15,quintal,4585,Red Loamy,Purandhar,Pune,"Thompson seedless grapes, export quality"
7011337099,Cotton,41,quintal,6315,Medium Black Soil,Manwath,Parbhani,"Premium BT cotton, harvested this Kharif season"
6366770698,Sugarcane,115,quintal,327,Murrum,Solapur South,Solapur,"Fresh-cut sugarcane, high sucrose content"
7657257988,Mango (Alphonso),9,quintal,7408,Coastal Alluvial,Mandangad,Ratnagiri,"Ratnagiri Hapus, naturally ripened"
8022541663,Pomegranate,13,quintal,5823,Red Loamy,Madha,Solapur,"Fresh pomegranate, good size and colour"
6985278610,Orange (Santra),59,quintal,2905,Black Cotton Soil,Umred,Nagpur,"Fresh orange, good size and colour"
8747113702,Turmeric,43,quintal,7149,Murrum,Gaganbawada,Kolhapur,"Sun-dried turmeric fingers, good colour"
7021930439,Rice,60,quintal,2234,Regur Soil,Gondpimpri,Chandrapur,"Local variety paddy, freshly harvested"
6849104819,Banana,101,quintal,1140,Black Cotton Soil,Bhusawal,Jalgaon,"G9 variety banana, uniform bunches"
7098958852,Cotton,72,quintal,6439,Regur Soil,Hinganghat,Wardha,"High-grade cotton, sun-dried and ready for sale"
6733692553,Sugarcane,307,quintal,340,Murrum,Ambajogai,Beed,"High-yield sugarcane, ready for crushing"
9377408730,Mixed Vegetables,37,quintal,1738,Coastal Alluvial,Bandra,Mumbai Suburban,"Farm-fresh vegetables, harvested this week"
7560410996,Sugarcane,160,quintal,301,Black Cotton Soil,Tuljapur,Dharashiv (Osmanabad),"Fresh-cut sugarcane, high sucrose content"
6485585733,Cotton,79,quintal,6405,Black Cotton Soil,Kalamnuri,Hingoli,"High-grade cotton, sun-dried and ready for sale"
7830155131,Soybean,53,quintal,4590,Regur Soil,Akot,Akola,"Clean soybean, low moisture content, ready for crushing"
8120783383,Cashew (Raw),7,quintal,13537,Coastal Alluvial,Sawantwadi,Sindhudurg,"Good quality raw cashew, ready for processing"
8599786343,Banana,37,quintal,1582,Sandy Loam,Shahada,Nandurbar,"Fresh banana, ready for market"
7828556665,Sugarcane,242,quintal,350,Murrum,Panhala,Kolhapur,"Fresh-cut sugarcane, high sucrose content"
9972014748,Rice,38,quintal,2124,Laterite Soil,Jawhar,Palghar,"Fine quality rice, well-dried"
7868630852,Turmeric,17,quintal,7561,Black Cotton Soil,Basmath,Hingoli,"Selam-variety turmeric, high curcumin content"
7343526432,Rice,91,quintal,2434,Black Cotton Soil,Pombhurna,Chandrapur,"Fine quality rice, well-dried"
7027044785,Mango (Alphonso),34,quintal,6808,Sandy Coastal Soil,Guhagar,Ratnagiri,"Premium Alphonso mango, export grade"
8209004869,Cashew (Raw),10,quintal,11858,Laterite Soil,Dodamarg,Sindhudurg,"Raw cashew nuts, sun-dried"
6149920445,Turmeric,27,quintal,7769,Black Cotton Soil,Radhanagari,Kolhapur,"Selam-variety turmeric, high curcumin content"
6996538778,Turmeric,12,quintal,7203,Loamy,Panhala,Kolhapur,"Sun-dried turmeric fingers, good colour"
9101426564,Sugarcane,300,quintal,350,Black Cotton Soil,Bhum,Dharashiv (Osmanabad),"Fresh-cut sugarcane, high sucrose content"
7769433310,Sunflower Seed,24,quintal,5673,Murrum,Shirur-Kasar,Beed,Well-dried sunflower seed
9096955407,Coconut,49,quintal,2221,Red Laterite,Shrivardhan,Raigad,"Well-matured coconut, ready for market"
7391165213,Turmeric,46,quintal,7781,Medium Black Soil,Mukhed,Nanded,"Sun-dried turmeric fingers, good colour"
7153791818,Pomegranate,17,quintal,6709,Black Cotton Soil,Karmala,Solapur,"Fresh pomegranate, good size and colour"
8067884406,Onion,76,quintal,2419,Loamy,Nagar,Ahilyanagar (Ahmednagar),"Export-quality red onion, freshly harvested"
8061483671,Cotton,41,quintal,6894,Clayey Loam,Digras,Yavatmal,"High-grade cotton, sun-dried and ready for sale"
8736574161,Sugarcane,250,quintal,346,Murrum,Bhudargad,Kolhapur,"Fresh-cut sugarcane, high sucrose content"
7521227237,Cotton,77,quintal,6683,Black Cotton Soil,Akot,Akola,"High-grade cotton, sun-dried and ready for sale"
6367623350,Orange (Santra),63,quintal,3794,Regur Soil,Dharni,Amravati,"Fresh orange, good size and colour"
9579291848,Soybean,48,quintal,4756,Medium Black Soil,Lohara,Dharashiv (Osmanabad),"Clean soybean, low moisture content, ready for crushing"
7055038634,Sugarcane,392,quintal,302,Black Cotton Soil,Koregaon,Satara,"High-yield sugarcane, ready for crushing"
8390095284,Cotton,69,quintal,7370,Black Cotton Soil,Barshitakli,Akola,"High-grade cotton, sun-dried and ready for sale"
7569759775,Cotton,17,quintal,6961,Medium Black Soil,Sillod,Chhatrapati Sambhajinagar (Aurangabad),"Long-staple cotton, clean and well-ginned"
9600512834,Rice,36,quintal,2327,Clayey Loam,Bhadravati,Chandrapur,"Fine quality rice, well-dried"
7417445761,Cotton,67,quintal,7596,Medium Black Soil,Jalna,Jalna,"Long-staple cotton, clean and well-ginned"
7064645514,Cotton,74,quintal,6421,Regur Soil,Morshi,Amravati,"Premium BT cotton, harvested this Kharif season"
7617649442,Mixed Vegetables,36,quintal,894,Coastal Alluvial,Malad,Mumbai Suburban,"Fresh seasonal vegetables, mixed lot"
9622053745,Soybean,32,quintal,4828,Medium Black Soil,Risod,Washim,"Clean soybean, low moisture content, ready for crushing"
7580848673,Mixed Vegetables,22,quintal,1560,Red Loamy,Pune City,Pune,"Fresh seasonal vegetables, mixed lot"
7297747219,Rice,54,quintal,2571,Black Cotton Soil,Sakoli,Bhandara,"Local variety paddy, freshly harvested"
8693609491,Rice,54,quintal,2342,Regur Soil,Bhandara,Bhandara,"Local variety paddy, freshly harvested"
7896161518,Rice,94,quintal,2043,Coastal Alluvial,Mhasala,Raigad,"Local variety paddy, freshly harvested"
9714774744,Cotton,76,quintal,6540,Black Cotton Soil,Parli,Beed,"High-grade cotton, sun-dried and ready for sale"
8783485591,Cotton,32,quintal,6430,Regur Soil,Motala,Buldhana,"Long-staple cotton, clean and well-ginned"
7276554015,Sugarcane,176,quintal,326,Murrum,Sangamner,Ahilyanagar (Ahmednagar),"High-yield sugarcane, ready for crushing"
7859424663,Cotton,28,quintal,6206,Regur Soil,Chikhaldara,Amravati,"High-grade cotton, sun-dried and ready for sale"
6638104619,Mixed Vegetables,34,quintal,1375,Sandy Coastal Soil,Andheri,Mumbai Suburban,"Fresh seasonal vegetables, mixed lot"
9014260090,Sugarcane,212,quintal,309,Murrum,Radhanagari,Kolhapur,"High-yield sugarcane, ready for crushing"
7244614730,Rice,41,quintal,2020,Laterite Soil,Vada,Palghar,"Local variety paddy, freshly harvested"
7056878086,Rice,77,quintal,2175,Medium Black Soil,Ballarpur,Chandrapur,"Local variety paddy, freshly harvested"
8887045655,Cotton,30,quintal,7374,Clayey Loam,Risod,Washim,"Premium BT cotton, harvested this Kharif season"
7752583197,Custard Apple (Sitaphal),17,quintal,3687,Murrum,Dharur,Beed,"Balanagar variety sitaphal, naturally ripened"
7240482611,Grapes,18,quintal,4778,Black Cotton Soil,Dindori,Nashik,"Fresh table grapes, good sugar content"
7525983355,Cotton,50,quintal,6936,Murrum,Ghansawangi,Jalna,"Premium BT cotton, harvested this Kharif season"
8224939329,Mixed Vegetables,40,quintal,1700,Sandy Coastal Soil,Shahapur,Thane,"Farm-fresh vegetables, harvested this week"
9426945205,Rice,87,quintal,2165,Clayey Loam,Gondpimpri,Chandrapur,"Local variety paddy, freshly harvested"
7077864183,Cotton,71,quintal,7099,Clayey Loam,Telhara,Akola,"Premium BT cotton, harvested this Kharif season"
9693793975,Turmeric,20,quintal,8167,Black Cotton Soil,Hingoli,Hingoli,"Sun-dried turmeric fingers, good colour"
8386931753,Sugarcane,292,quintal,356,Loamy,Pathardi,Ahilyanagar (Ahmednagar),"Fresh-cut sugarcane, high sucrose content"
8208193167,Rice,61,quintal,2218,Black Cotton Soil,Desaiganj,Gadchiroli,"Local variety paddy, freshly harvested"
8169679712,Soybean,68,quintal,4706,Clayey Loam,Dhamangaon,Amravati,"Good quality soybean, machine-cleaned"
9377657116,Mixed Vegetables,50,quintal,1007,Coastal Alluvial,Bandra,Mumbai Suburban,"Farm-fresh vegetables, harvested this week"
7310163660,Orange (Santra),52,quintal,2878,Black Cotton Soil,Morshi,Amravati,"Fresh orange, good size and colour"
6628015542,Mixed Vegetables,12,quintal,1254,Red Laterite,Dadar,Mumbai City,"Fresh seasonal vegetables, mixed lot"
8258940044,Grapes,43,quintal,5184,Red Loamy,Maval,Pune,"Thompson seedless grapes, export quality"
6701743403,Rice,40,quintal,2119,Regur Soil,Etapalli,Gadchiroli,"Fine quality rice, well-dried"
7194880622,Onion,59,quintal,2097,Black Cotton Soil,Sindkheda,Dhule,"Nashik-grade onion, medium size, low moisture"
9754135313,Onion,23,quintal,1983,Loamy,Dhule,Dhule,"Export-quality red onion, freshly harvested"
9931986350,Rice,48,quintal,2259,Black Cotton Soil,Sironcha,Gadchiroli,"Local variety paddy, freshly harvested"
7017096471,Mango (Alphonso),18,quintal,6543,Sandy Coastal Soil,Poladpur,Raigad,"Ratnagiri Hapus, naturally ripened"
6451434801,Jowar,58,quintal,3008,Loamy,Sangole,Solapur,"Rabi jowar, clean and well-dried"
7648445619,Cotton,79,quintal,6225,Murrum,Naigaon,Nanded,"Long-staple cotton, clean and well-ginned"
8845590952,Sugarcane,135,quintal,360,Murrum,Tuljapur,Dharashiv (Osmanabad),"High-yield sugarcane, ready for crushing"
6774013719,Soybean,63,quintal,4592,Murrum,Hingoli,Hingoli,"Good quality soybean, machine-cleaned"
6999953154,Turmeric,19,quintal,9346,Clayey Loam,Mangrulpir,Washim,"Sun-dried turmeric fingers, good colour"
7341354370,Rice,45,quintal,2266,Regur Soil,Pombhurna,Chandrapur,"Local variety paddy, freshly harvested"
9767128222,Sugarcane,149,quintal,327,Murrum,Panhala,Kolhapur,"High-yield sugarcane, ready for crushing"
7413237907,Cotton,55,quintal,7266,Medium Black Soil,Basmath,Hingoli,"High-grade cotton, sun-dried and ready for sale"
9519432843,Rice,61,quintal,2053,Regur Soil,Sadak-Arjuni,Gondia,"Local variety paddy, freshly harvested"
8115694427,Rice,89,quintal,2257,Laterite Soil,Talasari,Palghar,"Fine quality rice, well-dried"
6524532800,Sunflower Seed,43,quintal,6415,Medium Black Soil,Dharur,Beed,Well-dried sunflower seed
8589025457,Mixed Vegetables,18,quintal,1313,Laterite Soil,Andheri,Mumbai Suburban,"Farm-fresh vegetables, harvested this week"
8840797692,Soybean,65,quintal,4508,Black Cotton Soil,Umarga,Dharashiv (Osmanabad),"Good quality soybean, machine-cleaned"
8872323346,Mixed Vegetables,16,quintal,1304,Red Laterite,Colaba,Mumbai City,"Fresh seasonal vegetables, mixed lot"
6349942038,Grapes,38,quintal,5171,Black Cotton Soil,Jat,Sangli,"Thompson seedless grapes, export quality"
8011553802,Wheat,49,quintal,2592,Murrum,Khuldabad,Chhatrapati Sambhajinagar (Aurangabad),"Sharbati wheat, Grade A"
9035794948,Soybean,24,quintal,4421,Black Cotton Soil,Yavatmal,Yavatmal,"Clean soybean, low moisture content, ready for crushing"
6021383477,Wheat,93,quintal,2379,Medium Black Soil,Jafrabad,Jalna,"Clean, well-dried wheat, good milling quality"
6063060789,Rice,25,quintal,2229,Regur Soil,Korchi,Gadchiroli,"Fine quality rice, well-dried"
8502097462,Mixed Vegetables,11,quintal,1416,Coastal Alluvial,Fort,Mumbai City,"Fresh seasonal vegetables, mixed lot"
6792052935,Sugarcane,297,quintal,352,Medium Black Soil,Tuljapur,Dharashiv (Osmanabad),"High-yield sugarcane, ready for crushing"
6455669947,Cotton,32,quintal,7384,Murrum,Bhokardan,Jalna,"High-grade cotton, sun-dried and ready for sale"
7339509589,Sugarcane,360,quintal,311,Loamy,Hatkanangale,Kolhapur,"Fresh-cut sugarcane, high sucrose content"
9834385141,Cotton,78,quintal,6906,Black Cotton Soil,Mantha,Jalna,"High-grade cotton, sun-dried and ready for sale"
8568267849,Tur (Arhar),11,quintal,6982,Medium Black Soil,Ausa,Latur,"Well-dried tur, ready for milling"
9446834007,Betelnut (Supari),8,quintal,10366,Laterite Soil,Sudhagad-Pali,Raigad,"Fresh betelnut, well-processed"
7901340362,Mango (Alphonso),8,quintal,6569,Laterite Soil,Vaibhavwadi,Sindhudurg,"Premium Alphonso mango, export grade"
9888097244,Sugarcane,351,quintal,306,Red Loamy,Solapur North,Solapur,"Fresh-cut sugarcane, high sucrose content"
9635732666,Grapes,37,quintal,4922,Red Loamy,Baramati,Pune,"Thompson seedless grapes, export quality"
7901443957,Mango (Alphonso),11,quintal,6455,Sandy Coastal Soil,Mhasala,Raigad,"Ratnagiri Hapus, naturally ripened"
7516301027,Rice,100,quintal,2257,Laterite Soil,Poladpur,Raigad,"Local variety paddy, freshly harvested"
7866218987,Cotton,79,quintal,6468,Black Cotton Soil,Partur,Jalna,"High-grade cotton, sun-dried and ready for sale"
6055363300,Cotton,66,quintal,7520,Medium Black Soil,Jafrabad,Jalna,"Premium BT cotton, harvested this Kharif season"
6097522500,Soybean,86,quintal,4895,Medium Black Soil,Mehkar,Buldhana,"Good quality soybean, machine-cleaned"
6855920701,Pomegranate,18,quintal,5525,Murrum,Malshiras,Solapur,"Fresh pomegranate, good size and colour"
8902064712,Cotton,52,quintal,7188,Medium Black Soil,Shegaon,Buldhana,"Premium BT cotton, harvested this Kharif season"
7982648728,Rice,32,quintal,2164,Clayey Loam,Mohadi,Bhandara,"Local variety paddy, freshly harvested"
9161616387,Rice,83,quintal,2127,Regur Soil,Deori,Gondia,"Local variety paddy, freshly harvested"
7516301027,Betelnut (Supari),24,quintal,12574,Red Laterite,Poladpur,Raigad,"Sun-dried supari, good quality"
6612277673,Onion,20,quintal,2050,Black Cotton Soil,Shirpur,Dhule,"Nashik-grade onion, medium size, low moisture"
9281536139,Cotton,65,quintal,7390,Loamy,Navapur,Nandurbar,"Long-staple cotton, clean and well-ginned"
8561000636,Rice,44,quintal,2228,Medium Black Soil,Mohadi,Bhandara,"Fine quality rice, well-dried"
8481682415,Sugarcane,132,quintal,325,Loamy,Shevgaon,Ahilyanagar (Ahmednagar),"High-yield sugarcane, ready for crushing"
8731500595,Soybean,65,quintal,4659,Murrum,Hingoli,Hingoli,"Clean soybean, low moisture content, ready for crushing"
6376465311,Mixed Vegetables,42,quintal,1733,Coastal Alluvial,Bhiwandi,Thane,"Fresh seasonal vegetables, mixed lot"
8973490055,Betelnut (Supari),22,quintal,12139,Coastal Alluvial,Karjat,Raigad,"Fresh betelnut, well-processed"
9931986350,Rice,20,quintal,2115,Regur Soil,Sironcha,Gadchiroli,"Fine quality rice, well-dried"
6100906189,Sugarcane,280,quintal,327,Loamy,Gadhinglaj,Kolhapur,"High-yield sugarcane, ready for crushing"
9031313605,Maize,74,quintal,1822,Sandy Loam,Dhule,Dhule,"Hybrid maize, well-dried"
6994660863,Cashew (Raw),10,quintal,11495,Sandy Coastal Soil,Khed,Ratnagiri,"Raw cashew nuts, sun-dried"
8715895964,Sugarcane,380,quintal,327,Loamy,Kadegaon,Sangli,"High-yield sugarcane, ready for crushing"
6432719274,Soybean,41,quintal,4520,Medium Black Soil,Manora,Washim,"Good quality soybean, machine-cleaned"
9538530276,Groundnut,56,quintal,5850,Loamy,Bhadgaon,Jalgaon,"Clean, well-dried groundnut"
9315899121,Chikoo (Sapota),42,quintal,2095,Red Laterite,Mokhada,Palghar,"Fresh sapota, ready for market"
7280262553,Rice,56,quintal,2168,Laterite Soil,Uran,Raigad,"Fine quality rice, well-dried"
7888275713,Strawberry,257,kg,175,Red Loamy,Mahabaleshwar,Satara,"Sweet strawberry, ideal for jam-making"
9233038176,Grapes,42,quintal,4334,Black Cotton Soil,Chandwad,Nashik,"Thompson seedless grapes, export quality"
6154534410,Sugarcane,362,quintal,358,Black Cotton Soil,Soegaon,Chhatrapati Sambhajinagar (Aurangabad),"Fresh-cut sugarcane, high sucrose content"
8700123265,Mixed Vegetables,22,quintal,881,Murrum,Wai,Satara,"Farm-fresh vegetables, harvested this week"
6421702743,Orange (Santra),77,quintal,3587,Clayey Loam,Narkhed,Nagpur,"Fresh orange, good size and colour"
6640607351,Sugarcane,120,quintal,335,Black Cotton Soil,Palus,Sangli,"Fresh-cut sugarcane, high sucrose content"
7010415002,Onion,26,quintal,1359,Red Loamy,Nevasa,Ahilyanagar (Ahmednagar),"Export-quality red onion, freshly harvested"
6451831955,Rice,42,quintal,2555,Regur Soil,Salekasa,Gondia,"Local variety paddy, freshly harvested"
6741506215,Soybean,60,quintal,4813,Black Cotton Soil,Dharni,Amravati,"Good quality soybean, machine-cleaned"
7443394391,Chikoo (Sapota),45,quintal,2860,Laterite Soil,Vikramgad,Palghar,"Fresh sapota, ready for market"
9581348557,Soybean,78,quintal,4487,Medium Black Soil,Karanja,Washim,"Good quality soybean, machine-cleaned"
7195388588,Tur (Arhar),29,quintal,6935,Medium Black Soil,Ausa,Latur,"Clean tur dal grain, good quality"
9384550849,Turmeric,43,quintal,7145,Black Cotton Soil,Kinwat,Nanded,"Sun-dried turmeric fingers, good colour"
7832773058,Rice,47,quintal,2362,Red Laterite,Bhiwandi,Thane,"Local variety paddy, freshly harvested"
8717981839,Cotton,48,quintal,7378,Medium Black Soil,Patur,Akola,"Long-staple cotton, clean and well-ginned"
7743213622,Soybean,85,quintal,4346,Medium Black Soil,Mangrulpir,Washim,"Good quality soybean, machine-cleaned"
6868697014,Orange (Santra),49,quintal,2649,Medium Black Soil,Samudrapur,Wardha,"Nagpur santra, sweet and juicy"
9392981156,Onion,58,quintal,1205,Red Loamy,Shevgaon,Ahilyanagar (Ahmednagar),"Export-quality red onion, freshly harvested"
6503395107,Rice,27,quintal,2454,Clayey Loam,Bhadravati,Chandrapur,"Fine quality rice, well-dried"
7571725443,Rice,26,quintal,2136,Clayey Loam,Tumsar,Bhandara,"Local variety paddy, freshly harvested"
9413631521,Rice,33,quintal,2297,Red Laterite,Karjat,Raigad,"Fine quality rice, well-dried"
9029882149,Rice,21,quintal,2203,Regur Soil,Chandrapur,Chandrapur,"Local variety paddy, freshly harvested"
7195351561,Rice,25,quintal,2446,Red Laterite,Alibag,Raigad,"Fine quality rice, well-dried"
9787251878,Rice,43,quintal,2506,Black Cotton Soil,Pauni,Bhandara,"Local variety paddy, freshly harvested"
8422851836,Pomegranate,36,quintal,7324,Murrum,Kopargaon,Ahilyanagar (Ahmednagar),"Fresh pomegranate, good size and colour"
6644743619,Mango (Alphonso),17,quintal,6983,Laterite Soil,Sawantwadi,Sindhudurg,"Premium Alphonso mango, export grade"
7722366356,Orange (Santra),77,quintal,2664,Clayey Loam,Mouda,Nagpur,"Fresh orange, good size and colour"
9718728190,Grapes,40,quintal,6229,Black Cotton Soil,Niphad,Nashik,"Thompson seedless grapes, export quality"
8606223366,Mixed Vegetables,20,quintal,831,Red Loamy,Mahabaleshwar,Satara,"Farm-fresh vegetables, harvested this week"
7850056699,Soybean,49,quintal,4681,Medium Black Soil,Kalamnuri,Hingoli,"Clean soybean, low moisture content, ready for crushing"
6492245600,Mixed Vegetables,26,quintal,1145,Red Laterite,Byculla,Mumbai City,"Fresh seasonal vegetables, mixed lot"
6956260380,Turmeric,43,quintal,8565,Murrum,Hatkanangale,Kolhapur,"Sun-dried turmeric fingers, good colour"
9772807826,Mixed Vegetables,27,quintal,962,Red Laterite,Andheri,Mumbai Suburban,"Fresh seasonal vegetables, mixed lot"
9974655495,Cashew (Raw),27,quintal,11852,Red Laterite,Vengurla,Sindhudurg,"Raw cashew nuts, sun-dried"
7522992826,Soybean,26,quintal,4756,Medium Black Soil,Ausa,Latur,"Good quality soybean, machine-cleaned"
8808324312,Pomegranate,12,quintal,6422,Loamy,Nevasa,Ahilyanagar (Ahmednagar),"Fresh pomegranate, good size and colour"
9600512834,Cotton,25,quintal,6550,Medium Black Soil,Bhadravati,Chandrapur,"Premium BT cotton, harvested this Kharif season"
6836234848,Mixed Vegetables,24,quintal,1198,Red Loamy,Jaoli,Satara,"Fresh seasonal vegetables, mixed lot"
8900081882,Soybean,53,quintal,4284,Medium Black Soil,Renapur,Latur,"Clean soybean, low moisture content, ready for crushing"
6198520054,Papaya,16,quintal,1039,Loamy,Talode,Nandurbar,"Fresh papaya, ready for market"
7247679634,Sugarcane,245,quintal,351,Medium Black Soil,Aurangabad,Chhatrapati Sambhajinagar (Aurangabad),"Fresh-cut sugarcane, high sucrose content"
7034408770,Betelnut (Supari),6,quintal,10905,Sandy Coastal Soil,Kankavli,Sindhudurg,"Fresh betelnut, well-processed"
9064859176,Rice,62,quintal,2486,Black Cotton Soil,Lakhandur,Bhandara,"Local variety paddy, freshly harvested"
7849399014,Chikoo (Sapota),38,quintal,2487,Coastal Alluvial,Vikramgad,Palghar,"Kalipatti chikoo, sweet and fresh"
8093964907,Turmeric,43,quintal,7283,Black Cotton Soil,Basmath,Hingoli,"Selam-variety turmeric, high curcumin content"
6792052935,Soybean,88,quintal,4847,Murrum,Tuljapur,Dharashiv (Osmanabad),"Good quality soybean, machine-cleaned"
8660086673,Cotton,72,quintal,6403,Medium Black Soil,Deoli,Wardha,"High-grade cotton, sun-dried and ready for sale"
6867086560,Banana,91,quintal,1009,Sandy Loam,Pachora,Jalgaon,"Fresh banana, ready for market"
7418254303,Rice,76,quintal,2135,Clayey Loam,Mohadi,Bhandara,"Fine quality rice, well-dried"
8353183992,Soybean,39,quintal,4119,Black Cotton Soil,Dhamangaon,Amravati,"Good quality soybean, machine-cleaned"
8248917994,Custard Apple (Sitaphal),25,quintal,5426,Black Cotton Soil,Georai,Beed,"Fresh custard apple, good size"
7361117316,Banana,111,quintal,1371,Black Cotton Soil,Bodwad,Jalgaon,"Fresh banana, ready for market"
7620183707,Rice,71,quintal,2271,Laterite Soil,Ambarnath,Thane,"Fine quality rice, well-dried"
7030312401,Cotton,58,quintal,6545,Clayey Loam,Karanja,Wardha,"Premium BT cotton, harvested this Kharif season"
7828556665,Turmeric,41,quintal,9481,Red Loamy,Panhala,Kolhapur,"Sun-dried turmeric fingers, good colour"
9493983414,Papaya,57,quintal,1105,Loamy,Talode,Nandurbar,"Fresh papaya, ready for market"
8579866013,Soybean,80,quintal,4365,Medium Black Soil,Parbhani,Parbhani,"Clean soybean, low moisture content, ready for crushing"
6490446329,Sugarcane,363,quintal,302,Black Cotton Soil,Majalgaon,Beed,"Fresh-cut sugarcane, high sucrose content"
9137886610,Papaya,28,quintal,929,Sandy Loam,Nandurbar,Nandurbar,"Red Lady variety papaya, uniform ripening"
6238574182,Sugarcane,116,quintal,346,Black Cotton Soil,Satara,Satara,"High-yield sugarcane, ready for crushing"
9930320296,Mixed Vegetables,15,quintal,1110,Laterite Soil,Shahapur,Thane,"Farm-fresh vegetables, harvested this week"
6418565096,Strawberry,216,kg,180,Black Cotton Soil,Patan,Satara,"Sweet strawberry, ideal for jam-making"
9591283331,Sugarcane,135,quintal,301,Medium Black Soil,Phulambri,Chhatrapati Sambhajinagar (Aurangabad),"High-yield sugarcane, ready for crushing"
8516635605,Jowar,79,quintal,2676,Black Cotton Soil,Akkalkot,Solapur,"Good quality jowar, low moisture"
6349705972,Turmeric,32,quintal,8405,Clayey Loam,Mangrulpir,Washim,"Selam-variety turmeric, high curcumin content"
9111766831,Soybean,69,quintal,4710,Murrum,Aundha Nagnath,Hingoli,"Good quality soybean, machine-cleaned"
6597672471,Cotton,40,quintal,6587,Medium Black Soil,Hadgaon,Nanded,"High-grade cotton, sun-dried and ready for sale"
8652896481,Cotton,72,quintal,6313,Black Cotton Soil,Gangapur,Chhatrapati Sambhajinagar (Aurangabad),"High-grade cotton, sun-dried and ready for sale"
7040699409,Soybean,38,quintal,4799,Black Cotton Soil,Malkapur,Buldhana,"Good quality soybean, machine-cleaned"
6273164104,Rice,52,quintal,2371,Regur Soil,Bhandara,Bhandara,"Fine quality rice, well-dried"
9747950431,Wheat,137,quintal,2457,Medium Black Soil,Gangapur,Chhatrapati Sambhajinagar (Aurangabad),"Sharbati wheat, Grade A"
6377690294,Rice,66,quintal,2430,Regur Soil,Arjuni-Morgaon,Gondia,"Fine quality rice, well-dried"
6946221710,Cotton,59,quintal,6828,Black Cotton Soil,Shirpur,Dhule,"Premium BT cotton, harvested this Kharif season"
8758561745,Rice,34,quintal,2589,Medium Black Soil,Gondpimpri,Chandrapur,"Fine quality rice, well-dried"
8409473781,Mixed Vegetables,41,quintal,1560,Laterite Soil,Dadar,Mumbai City,"Fresh seasonal vegetables, mixed lot"
9514353664,Mango (Alphonso),9,quintal,5848,Sandy Coastal Soil,Khed,Ratnagiri,"Premium Alphonso mango, export grade"
8677270848,Cotton,42,quintal,6459,Medium Black Soil,Kalameshwar,Nagpur,"Premium BT cotton, harvested this Kharif season"
6594554500,Cotton,35,quintal,6761,Black Cotton Soil,Nagpur Urban,Nagpur,"Premium BT cotton, harvested this Kharif season"
8759546893,Cotton,24,quintal,7205,Medium Black Soil,Manora,Washim,"High-grade cotton, sun-dried and ready for sale"
9140189084,Rice,54,quintal,2572,Medium Black Soil,Lakhandur,Bhandara,"Fine quality rice, well-dried"
6603492840,Cotton,16,quintal,7349,Black Cotton Soil,Jalgaon,Jalgaon,"Premium BT cotton, harvested this Kharif season"
6640739339,Grapes,18,quintal,5442,Sandy Loam,Deola,Nashik,"Thompson seedless grapes, export quality"
9416089425,Cotton,71,quintal,6313,Black Cotton Soil,Jamner,Jalgaon,"High-grade cotton, sun-dried and ready for sale"
8505307232,Mixed Vegetables,29,quintal,1333,Loamy,Maan,Satara,"Fresh seasonal vegetables, mixed lot"
9969752389,Cotton,48,quintal,7237,Regur Soil,Kalameshwar,Nagpur,"High-grade cotton, sun-dried and ready for sale"
7056518816,Turmeric,30,quintal,7445,Medium Black Soil,Aundha Nagnath,Hingoli,"Sun-dried turmeric fingers, good colour"
8768667991,Cotton,74,quintal,7505,Black Cotton Soil,Malegaon,Washim,"Long-staple cotton, clean and well-ginned"
6995574958,Rice,62,quintal,2281,Medium Black Soil,Ballarpur,Chandrapur,"Fine quality rice, well-dried"
8102037195,Orange (Santra),61,quintal,2824,Medium Black Soil,Kalameshwar,Nagpur,"Fresh orange, good size and colour"
6220591693,Soybean,24,quintal,4590,Medium Black Soil,Pathri,Parbhani,"Good quality soybean, machine-cleaned"
7794970239,Grapes,19,quintal,5163,Black Cotton Soil,Maval,Pune,"Thompson seedless grapes, export quality"
8402779030,Cotton,31,quintal,6381,Black Cotton Soil,Deglur,Nanded,"Long-staple cotton, clean and well-ginned"
6941292748,Sunflower Seed,18,quintal,6647,Medium Black Soil,Patoda,Beed,"Clean sunflower seed, good oil content"
6141989418,Sugarcane,313,quintal,335,Loamy,Bhor,Pune,"Fresh-cut sugarcane, high sucrose content"
6469305163,Grapes,44,quintal,6437,Murrum,Junnar,Pune,"Fresh table grapes, good sugar content"
8719886012,Tur (Arhar),30,quintal,6733,Murrum,Jalkot,Latur,"Clean tur dal grain, good quality"
6633744196,Cotton,79,quintal,6411,Medium Black Soil,Akot,Akola,"Long-staple cotton, clean and well-ginned"
9909205400,Cashew (Raw),9,quintal,14595,Laterite Soil,Mandangad,Ratnagiri,"Good quality raw cashew, ready for processing"
7701215368,Turmeric,12,quintal,9267,Murrum,Gadhinglaj,Kolhapur,"Sun-dried turmeric fingers, good colour"
8138693537,Mixed Vegetables,46,quintal,1280,Laterite Soil,Bandra,Mumbai Suburban,"Farm-fresh vegetables, harvested this week"
7418254303,Rice,91,quintal,2013,Medium Black Soil,Mohadi,Bhandara,"Local variety paddy, freshly harvested"
7042041818,Soybean,45,quintal,4699,Medium Black Soil,Himayatnagar,Nanded,"Clean soybean, low moisture content, ready for crushing"
6566204534,Soybean,46,quintal,4384,Medium Black Soil,Mahur,Nanded,"Clean soybean, low moisture content, ready for crushing"
7973117767,Strawberry,235,kg,129,Red Loamy,Satara,Satara,"Sweet strawberry, ideal for jam-making"
6631872113,Cotton,74,quintal,6558,Medium Black Soil,Jalna,Jalna,"Long-staple cotton, clean and well-ginned"
9408849416,Rice,43,quintal,2092,Medium Black Soil,Tiroda,Gondia,"Local variety paddy, freshly harvested"
7974012372,Cotton,50,quintal,7314,Murrum,Beed,Beed,"High-grade cotton, sun-dried and ready for sale"
7017196596,Onion,56,quintal,1458,Loamy,Sinnar,Nashik,"Export-quality red onion, freshly harvested"
6311237649,Sugarcane,200,quintal,355,Black Cotton Soil,Jamkhed,Ahilyanagar (Ahmednagar),"High-yield sugarcane, ready for crushing"
9719663963,Mango (Alphonso),22,quintal,5052,Laterite Soil,Mahad,Raigad,"Premium Alphonso mango, export grade"
7814988353,Rice,55,quintal,2228,Clayey Loam,Bhamragad,Gadchiroli,"Fine quality rice, well-dried"
7915305789,Orange (Santra),55,quintal,3320,Medium Black Soil,Deoli,Wardha,"Nagpur santra, sweet and juicy"
6404992929,Rice,73,quintal,2519,Medium Black Soil,Gadchiroli,Gadchiroli,"Local variety paddy, freshly harvested"
7483811371,Mixed Vegetables,31,quintal,1647,Loamy,Bhor,Pune,"Fresh seasonal vegetables, mixed lot"
6578015346,Cotton,15,quintal,6251,Black Cotton Soil,Manwath,Parbhani,"High-grade cotton, sun-dried and ready for sale"
7950501035,Jowar,69,quintal,2709,Murrum,Nilanga,Latur,"Rabi jowar, clean and well-dried"
9955194324,Pomegranate,21,quintal,6566,Murrum,Malshiras,Solapur,"Fresh pomegranate, good size and colour"
8885291183,Turmeric,34,quintal,7474,Medium Black Soil,Sengaon,Hingoli,"Sun-dried turmeric fingers, good colour"
6655185185,Strawberry,114,kg,122,Murrum,Maan,Satara,"Sweet strawberry, ideal for jam-making"
9465922491,Banana,69,quintal,941,Murrum,Solapur South,Solapur,"G9 variety banana, uniform bunches"
8728987645,Mixed Vegetables,29,quintal,908,Red Loamy,Mulshi,Pune,"Fresh seasonal vegetables, mixed lot"
6617951799,Rice,39,quintal,2137,Black Cotton Soil,Pauni,Bhandara,"Local variety paddy, freshly harvested"
8224939329,Rice,76,quintal,2446,Laterite Soil,Shahapur,Thane,"Fine quality rice, well-dried"
7977872433,Rice,40,quintal,2028,Black Cotton Soil,Deori,Gondia,"Fine quality rice, well-dried"
7098759877,Turmeric,20,quintal,7036,Red Loamy,Bhudargad,Kolhapur,"Sun-dried turmeric fingers, good colour"
9358634925,Tomato,27,quintal,1645,Sandy Loam,Igatpuri,Nashik,"Farm-fresh tomatoes, harvested this week"
6250832731,Soybean,40,quintal,4691,Medium Black Soil,Shegaon,Buldhana,"Clean soybean, low moisture content, ready for crushing"
6770743408,Turmeric,28,quintal,9074,Black Cotton Soil,Basmath,Hingoli,"Selam-variety turmeric, high curcumin content"
9764337285,Mixed Vegetables,33,quintal,1597,Coastal Alluvial,Byculla,Mumbai City,"Fresh seasonal vegetables, mixed lot"
8260341732,Mixed Vegetables,15,quintal,1391,Sandy Coastal Soil,Bhiwandi,Thane,"Farm-fresh vegetables, harvested this week"
6221065483,Rice,66,quintal,2139,Medium Black Soil,Pauni,Bhandara,"Local variety paddy, freshly harvested"
9978147992,Cotton,64,quintal,7284,Regur Soil,Patur,Akola,"Long-staple cotton, clean and well-ginned"
9161959755,Soybean,75,quintal,4882,Clayey Loam,Akola,Akola,"Clean soybean, low moisture content, ready for crushing"
9908490543,Grapes,18,quintal,5233,Murrum,Kadegaon,Sangli,"Thompson seedless grapes, export quality"
7143727151,Cotton,31,quintal,6928,Black Cotton Soil,Gondpimpri,Chandrapur,"Premium BT cotton, harvested this Kharif season"
8021272983,Mixed Vegetables,29,quintal,1415,Loamy,Phaltan,Satara,"Fresh seasonal vegetables, mixed lot"
7589638873,Cotton,67,quintal,6941,Clayey Loam,Kelapur,Yavatmal,"Premium BT cotton, harvested this Kharif season"
7131215876,Soybean,19,quintal,4655,Medium Black Soil,Patur,Akola,"Good quality soybean, machine-cleaned"
8626047913,Soybean,90,quintal,4594,Medium Black Soil,Lohara,Dharashiv (Osmanabad),"Good quality soybean, machine-cleaned"
8805697290,Cotton,63,quintal,7128,Black Cotton Soil,Ardhapur,Nanded,"Premium BT cotton, harvested this Kharif season"
7536594551,Cotton,59,quintal,6997,Black Cotton Soil,Partur,Jalna,"High-grade cotton, sun-dried and ready for sale"
9447512151,Onion,30,quintal,2454,Sandy Loam,Sakri,Dhule,"Fresh red onion, well-stored"
9695119714,Betelnut (Supari),7,quintal,11412,Red Laterite,Pen,Raigad,"Sun-dried supari, good quality"
9230577429,Cashew (Raw),21,quintal,13621,Laterite Soil,Kankavli,Sindhudurg,"Good quality raw cashew, ready for processing"
8104726622,Wheat,125,quintal,2565,Medium Black Soil,Ambad,Jalna,"Sharbati wheat, Grade A"
9119579282,Cotton,26,quintal,7179,Black Cotton Soil,Wani,Yavatmal,"Premium BT cotton, harvested this Kharif season"
6362106250,Mixed Vegetables,14,quintal,1385,Laterite Soil,Colaba,Mumbai City,"Farm-fresh vegetables, harvested this week"
9457613581,Onion,46,quintal,1848,Sandy Loam,Dindori,Nashik,"Export-quality red onion, freshly harvested"
6803089461,Turmeric,43,quintal,8581,Black Cotton Soil,Umri,Nanded,"Sun-dried turmeric fingers, good colour"
9966554522,Cotton,17,quintal,7586,Murrum,Mahur,Nanded,"Long-staple cotton, clean and well-ginned"
8140921045,Turmeric,31,quintal,9485,Murrum,Jat,Sangli,"Sun-dried turmeric fingers, good colour"
8762602397,Cotton,22,quintal,6755,Medium Black Soil,Karanja,Washim,"Premium BT cotton, harvested this Kharif season"
6505238041,Groundnut,35,quintal,6340,Loamy,Erandol,Jalgaon,"Clean, well-dried groundnut"
6970962626,Coconut,46,quintal,2081,Coastal Alluvial,Kudal,Sindhudurg,"Fresh coconut, good copra content"
8358822795,Coconut,26,quintal,2718,Laterite Soil,Uran,Raigad,"Fresh coconut, good copra content"
9757841420,Mixed Vegetables,37,quintal,1203,Coastal Alluvial,Parel,Mumbai City,"Fresh seasonal vegetables, mixed lot"
9605299921,Cotton,67,quintal,7260,Black Cotton Soil,Ralegaon,Yavatmal,"Premium BT cotton, harvested this Kharif season"
7752246834,Soybean,36,quintal,4176,Black Cotton Soil,Renapur,Latur,"Good quality soybean, machine-cleaned"
9656574020,Mixed Vegetables,48,quintal,1701,Sandy Coastal Soil,Parel,Mumbai City,"Fresh seasonal vegetables, mixed lot"
6265083346,Mixed Vegetables,46,quintal,834,Loamy,Maan,Satara,"Farm-fresh vegetables, harvested this week"
7339509589,Turmeric,27,quintal,8683,Black Cotton Soil,Hatkanangale,Kolhapur,"Selam-variety turmeric, high curcumin content"
9338412715,Cotton,16,quintal,6784,Murrum,Wadwani,Beed,"Long-staple cotton, clean and well-ginned"
7540152953,Rice,71,quintal,2462,Regur Soil,Sironcha,Gadchiroli,"Fine quality rice, well-dried"
9095432792,Tur (Arhar),12,quintal,7296,Murrum,Latur,Latur,"Clean tur dal grain, good quality"
9530396392,Turmeric,22,quintal,8915,Medium Black Soil,Himayatnagar,Nanded,"Selam-variety turmeric, high curcumin content"
8759546893,Turmeric,27,quintal,7102,Medium Black Soil,Manora,Washim,"Sun-dried turmeric fingers, good colour"
9908077274,Cotton,38,quintal,6524,Murrum,Aundha Nagnath,Hingoli,"Premium BT cotton, harvested this Kharif season"
9127496453,Rice,81,quintal,2521,Black Cotton Soil,Tiroda,Gondia,"Fine quality rice, well-dried"
6249253588,Turmeric,14,quintal,9500,Murrum,Hingoli,Hingoli,"Sun-dried turmeric fingers, good colour"
9194586311,Maize,51,quintal,1893,Sandy Loam,Shahada,Nandurbar,"Good quality maize, ready for market"
9310727593,Coconut,14,quintal,2230,Laterite Soil,Uran,Raigad,"Well-matured coconut, ready for market"
6875087960,Sugarcane,240,quintal,316,Black Cotton Soil,Tasgaon,Sangli,"Fresh-cut sugarcane, high sucrose content"
6038726280,Rice,72,quintal,2502,Laterite Soil,Murbad,Thane,"Local variety paddy, freshly harvested"
9323031637,Turmeric,25,quintal,9031,Medium Black Soil,Parbhani,Parbhani,"Selam-variety turmeric, high curcumin content"
8145684480,Cotton,20,quintal,7360,Regur Soil,Digras,Yavatmal,"Long-staple cotton, clean and well-ginned"
6677105197,Coconut,50,quintal,2294,Sandy Coastal Soil,Vaibhavwadi,Sindhudurg,"Fresh coconut, good copra content"
7623350876,Turmeric,26,quintal,7487,Medium Black Soil,Hadgaon,Nanded,"Sun-dried turmeric fingers, good colour"
7385589741,Cotton,63,quintal,6872,Black Cotton Soil,Sindewahi,Chandrapur,"Premium BT cotton, harvested this Kharif season"
7576572660,Sugarcane,216,quintal,338,Murrum,Vaijapur,Chhatrapati Sambhajinagar (Aurangabad),"Fresh-cut sugarcane, high sucrose content"
9510781429,Orange (Santra),29,quintal,3034,Clayey Loam,Umred,Nagpur,"Fresh orange, good size and colour"
7348212946,Coconut,12,quintal,2473,Coastal Alluvial,Mhasala,Raigad,"Fresh coconut, good copra content"
9156882572,Rice,46,quintal,2109,Laterite Soil,Vada,Palghar,"Local variety paddy, freshly harvested"
9697269229,Onion,79,quintal,1655,Sandy Loam,Kalwan,Nashik,"Export-quality red onion, freshly harvested"
8861228748,Wheat,99,quintal,2626,Murrum,Paithan,Chhatrapati Sambhajinagar (Aurangabad),"Sharbati wheat, Grade A"
7355048822,Coconut,26,quintal,2386,Sandy Coastal Soil,Vengurla,Sindhudurg,"Well-matured coconut, ready for market"
8501863207,Mixed Vegetables,29,quintal,903,Sandy Coastal Soil,Dadar,Mumbai City,"Fresh seasonal vegetables, mixed lot"
9355443610,Soybean,65,quintal,4518,Medium Black Soil,Palam,Parbhani,"Good quality soybean, machine-cleaned"
6158952109,Rice,61,quintal,2458,Black Cotton Soil,Aheri,Gadchiroli,"Fine quality rice, well-dried"
6139097084,Rice,59,quintal,2428,Black Cotton Soil,Armori,Gadchiroli,"Fine quality rice, well-dried"
6829806228,Turmeric,39,quintal,8004,Red Loamy,Gadhinglaj,Kolhapur,"Selam-variety turmeric, high curcumin content"
7062126784,Maize,50,quintal,1854,Loamy,Dhule,Dhule,"Good quality maize, ready for market"
6500580396,Sunflower Seed,45,quintal,6334,Medium Black Soil,Ambajogai,Beed,"Clean sunflower seed, good oil content"
6281519348,Turmeric,40,quintal,8284,Murrum,Hingoli,Hingoli,"Sun-dried turmeric fingers, good colour"
9032279143,Sugarcane,199,quintal,313,Murrum,Shahuwadi,Kolhapur,"Fresh-cut sugarcane, high sucrose content"
6785641939,Rice,57,quintal,2218,Sandy Coastal Soil,Dahanu,Palghar,"Fine quality rice, well-dried"
9846962887,Rice,44,quintal,2433,Black Cotton Soil,Mohadi,Bhandara,"Fine quality rice, well-dried"
6225510501,Rice,88,quintal,2086,Clayey Loam,Chandrapur,Chandrapur,"Fine quality rice, well-dried"
6521143118,Turmeric,12,quintal,8465,Murrum,Aundha Nagnath,Hingoli,"Selam-variety turmeric, high curcumin content"
6733910311,Cotton,72,quintal,7555,Murrum,Sengaon,Hingoli,"High-grade cotton, sun-dried and ready for sale"
8710002529,Tur (Arhar),40,quintal,7672,Black Cotton Soil,Udgir,Latur,"Well-dried tur, ready for milling"
8148232469,Mango (Alphonso),5,quintal,5958,Coastal Alluvial,Sangameshwar,Ratnagiri,"Premium Alphonso mango, export grade"
7382885005,Rice,20,quintal,2376,Clayey Loam,Sindewahi,Chandrapur,"Local variety paddy, freshly harvested"
6219473868,Orange (Santra),17,quintal,2842,Medium Black Soil,Narkhed,Nagpur,"Nagpur santra, sweet and juicy"
8574640149,Rice,71,quintal,2075,Sandy Coastal Soil,Mokhada,Palghar,"Local variety paddy, freshly harvested"
9761946892,Soybean,33,quintal,4215,Regur Soil,Malkapur,Buldhana,"Good quality soybean, machine-cleaned"
8463713646,Rice,88,quintal,2445,Black Cotton Soil,Kurkheda,Gadchiroli,"Fine quality rice, well-dried"
9581739587,Groundnut,25,quintal,6520,Black Cotton Soil,Ambad,Jalna,"Clean, well-dried groundnut"
8910568386,Sugarcane,207,quintal,350,Murrum,Bhum,Dharashiv (Osmanabad),"Fresh-cut sugarcane, high sucrose content"
9444568384,Sugarcane,159,quintal,355,Black Cotton Soil,Solapur South,Solapur,"Fresh-cut sugarcane, high sucrose content"
8515979956,Cotton,22,quintal,6726,Black Cotton Soil,Deoli,Wardha,"High-grade cotton, sun-dried and ready for sale"
8677932799,Sugarcane,163,quintal,324,Red Loamy,Khatav,Satara,"Fresh-cut sugarcane, high sucrose content"
6703452527,Cotton,40,quintal,6217,Black Cotton Soil,Ashti,Wardha,"Long-staple cotton, clean and well-ginned"
9928282232,Rice,57,quintal,2229,Black Cotton Soil,Deori,Gondia,"Local variety paddy, freshly harvested"
7299458979,Cotton,74,quintal,6290,Regur Soil,Kelapur,Yavatmal,"Premium BT cotton, harvested this Kharif season"
9616512507,Strawberry,164,kg,173,Loamy,Jaoli,Satara,"Mahabaleshwar strawberry, fresh-picked"
9058753226,Grapes,20,quintal,6232,Red Loamy,Junnar,Pune,"Thompson seedless grapes, export quality"
6741037265,Sugarcane,192,quintal,338,Black Cotton Soil,Pandharpur,Solapur,"Fresh-cut sugarcane, high sucrose content"
6822885334,Mixed Vegetables,32,quintal,1281,Sandy Coastal Soil,Borivali,Mumbai Suburban,"Fresh seasonal vegetables, mixed lot"
6555680791,Cotton,30,quintal,7549,Loamy,Bhadgaon,Jalgaon,"Long-staple cotton, clean and well-ginned"
8085654054,Rice,91,quintal,2588,Medium Black Soil,Warora,Chandrapur,"Fine quality rice, well-dried"
7728146250,Orange (Santra),22,quintal,2802,Medium Black Soil,Ashti,Wardha,"Fresh orange, good size and colour"
9064287277,Wheat,85,quintal,2663,Medium Black Soil,Ambad,Jalna,"Sharbati wheat, Grade A"
9273506091,Onion,66,quintal,1780,Loamy,Igatpuri,Nashik,"Nashik-grade onion, medium size, low moisture"
7829395668,Rice,98,quintal,2003,Regur Soil,Etapalli,Gadchiroli,"Fine quality rice, well-dried"
9499163239,Cotton,53,quintal,6557,Medium Black Soil,Hinganghat,Wardha,"High-grade cotton, sun-dried and ready for sale"
7098498240,Maize,50,quintal,2276,Sandy Loam,Dhadgaon,Nandurbar,"Good quality maize, ready for market"
9101341952,Orange (Santra),47,quintal,2584,Regur Soil,Nagpur Rural,Nagpur,"Fresh orange, good size and colour"
9060091483,Cotton,80,quintal,7151,Clayey Loam,Jalgaon Jamod,Buldhana,"Long-staple cotton, clean and well-ginned"
6594554500,Orange (Santra),28,quintal,3134,Regur Soil,Nagpur Urban,Nagpur,"Fresh orange, good size and colour"
6562532595,Papaya,19,quintal,1360,Loamy,Navapur,Nandurbar,"Fresh papaya, ready for market"
8283013717,Sugarcane,242,quintal,306,Murrum,Tuljapur,Dharashiv (Osmanabad),"High-yield sugarcane, ready for crushing"
6702814107,Orange (Santra),56,quintal,3639,Clayey Loam,Karanja,Wardha,"Fresh orange, good size and colour"
6564593108,Sugarcane,367,quintal,344,Black Cotton Soil,Karmala,Solapur,"Fresh-cut sugarcane, high sucrose content"
9530396392,Soybean,85,quintal,4560,Black Cotton Soil,Himayatnagar,Nanded,"Clean soybean, low moisture content, ready for crushing"
8568158801,Cotton,45,quintal,7092,Sandy Loam,Nandurbar,Nandurbar,"Premium BT cotton, harvested this Kharif season"
7110740466,Sugarcane,214,quintal,316,Loamy,Karvir,Kolhapur,"High-yield sugarcane, ready for crushing"
8377649680,Rice,70,quintal,2481,Coastal Alluvial,Karjat,Raigad,"Fine quality rice, well-dried"
7128655683,Mixed Vegetables,20,quintal,1790,Red Laterite,Malad,Mumbai Suburban,"Farm-fresh vegetables, harvested this week"
6154321439,Mixed Vegetables,40,quintal,1365,Red Laterite,Dadar,Mumbai City,"Farm-fresh vegetables, harvested this week"
9218010885,Rice,76,quintal,2414,Laterite Soil,Kalyan,Thane,"Local variety paddy, freshly harvested"
7069156116,Sunflower Seed,35,quintal,5929,Black Cotton Soil,Dharur,Beed,Well-dried sunflower seed
9199422343,Pomegranate,18,quintal,4825,Black Cotton Soil,Madha,Solapur,"Fresh pomegranate, good size and colour"
6359488906,Rice,23,quintal,2267,Laterite Soil,Murud,Raigad,"Local variety paddy, freshly harvested"
8642801474,Grapes,39,quintal,5144,Sandy Loam,Sinnar,Nashik,"Fresh table grapes, good sugar content"
6404992929,Rice,45,quintal,2488,Regur Soil,Gadchiroli,Gadchiroli,"Fine quality rice, well-dried"
8392126443,Sugarcane,237,quintal,309,Murrum,Kannad,Chhatrapati Sambhajinagar (Aurangabad),"High-yield sugarcane, ready for crushing"
6009969069,Mixed Vegetables,37,quintal,1088,Murrum,Mahabaleshwar,Satara,"Fresh seasonal vegetables, mixed lot"
8780025562,Cotton,39,quintal,7363,Clayey Loam,Yavatmal,Yavatmal,"High-grade cotton, sun-dried and ready for sale"
6702814107,Cotton,63,quintal,7456,Regur Soil,Karanja,Wardha,"High-grade cotton, sun-dried and ready for sale"
6194780453,Mixed Vegetables,41,quintal,1730,Red Laterite,Byculla,Mumbai City,"Farm-fresh vegetables, harvested this week"
8481682415,Onion,56,quintal,2212,Loamy,Shevgaon,Ahilyanagar (Ahmednagar),"Nashik-grade onion, medium size, low moisture"
6180064782,Cotton,31,quintal,6847,Medium Black Soil,Samudrapur,Wardha,"High-grade cotton, sun-dried and ready for sale"
9979292950,Cotton,18,quintal,6585,Black Cotton Soil,Balapur,Akola,"High-grade cotton, sun-dried and ready for sale"
8889252440,Chikoo (Sapota),26,quintal,3110,Red Laterite,Mokhada,Palghar,"Kalipatti chikoo, sweet and fresh"
7668339970,Coconut,12,quintal,1837,Sandy Coastal Soil,Poladpur,Raigad,"Fresh coconut, good copra content"
7069156116,Cotton,72,quintal,6726,Murrum,Dharur,Beed,"Long-staple cotton, clean and well-ginned"
7295087322,Cotton,52,quintal,7377,Black Cotton Soil,Sailu,Parbhani,"Long-staple cotton, clean and well-ginned"
6937396636,Sugarcane,375,quintal,322,Murrum,Akole,Ahilyanagar (Ahmednagar),"High-yield sugarcane, ready for crushing"
6946820391,Soybean,68,quintal,4231,Murrum,Shirur Anantpal,Latur,"Clean soybean, low moisture content, ready for crushing"
6931251672,Cotton,57,quintal,7516,Loamy,Dhule,Dhule,"Long-staple cotton, clean and well-ginned"
8085134769,Mixed Vegetables,29,quintal,1043,Laterite Soil,Borivali,Mumbai Suburban,"Fresh seasonal vegetables, mixed lot"
7743744993,Rice,35,quintal,2312,Medium Black Soil,Chimur,Chandrapur,"Fine quality rice, well-dried"
7525983355,Wheat,80,quintal,2563,Black Cotton Soil,Ghansawangi,Jalna,"Clean, well-dried wheat, good milling quality"
8775109410,Rice,71,quintal,2079,Regur Soil,Lakhandur,Bhandara,"Local variety paddy, freshly harvested"
8551573518,Rice,26,quintal,2378,Regur Soil,Lakhandur,Bhandara,"Fine quality rice, well-dried"
9919540897,Onion,49,quintal,2343,Loamy,Igatpuri,Nashik,"Fresh red onion, well-stored"
8390095284,Soybean,41,quintal,4672,Medium Black Soil,Barshitakli,Akola,"Good quality soybean, machine-cleaned"
6180064782,Cotton,26,quintal,6359,Clayey Loam,Samudrapur,Wardha,"High-grade cotton, sun-dried and ready for sale"
7840320650,Groundnut,40,quintal,6607,Black Cotton Soil,Jalna,Jalna,"Clean, well-dried groundnut"
9622053745,Cotton,38,quintal,6592,Clayey Loam,Risod,Washim,"High-grade cotton, sun-dried and ready for sale"
6742467894,Sunflower Seed,40,quintal,6740,Regur Soil,Khamgaon,Buldhana,"Clean sunflower seed, good oil content"
7145465682,Cotton,55,quintal,7466,Regur Soil,Chikhli,Buldhana,"Premium BT cotton, harvested this Kharif season"
7740551344,Sugarcane,248,quintal,326,Loamy,Shirol,Kolhapur,"Fresh-cut sugarcane, high sucrose content"
8920690313,Mixed Vegetables,15,quintal,1759,Coastal Alluvial,Andheri,Mumbai Suburban,"Farm-fresh vegetables, harvested this week"
9990644543,Mixed Vegetables,46,quintal,1147,Red Laterite,Byculla,Mumbai City,"Fresh seasonal vegetables, mixed lot"
8589314524,Coconut,48,quintal,2668,Coastal Alluvial,Kankavli,Sindhudurg,"Fresh coconut, good copra content"
9228176930,Orange (Santra),19,quintal,2505,Black Cotton Soil,Warud,Amravati,"Fresh orange, good size and colour"
7719210582,Grapes,46,quintal,4618,Red Loamy,Madha,Solapur,"Thompson seedless grapes, export quality"
6395143224,Mixed Vegetables,18,quintal,1131,Red Laterite,Murbad,Thane,"Farm-fresh vegetables, harvested this week"
8875334000,Onion,74,quintal,2228,Black Cotton Soil,Karjat,Ahilyanagar (Ahmednagar),"Export-quality red onion, freshly harvested"
7065652622,Banana,84,quintal,1524,Black Cotton Soil,Barshi,Solapur,"G9 variety banana, uniform bunches"
7422763271,Maize,31,quintal,2047,Black Cotton Soil,Sakri,Dhule,"Good quality maize, ready for market"
6966565592,Pomegranate,13,quintal,5740,Black Cotton Soil,Pandharpur,Solapur,"Bhagwa variety pomegranate, export quality"
8862314390,Turmeric,48,quintal,8770,Black Cotton Soil,Shirala,Sangli,"Sun-dried turmeric fingers, good colour"
9526887017,Cotton,78,quintal,6685,Medium Black Soil,Bramhapuri,Chandrapur,"High-grade cotton, sun-dried and ready for sale"
9298208240,Strawberry,172,kg,154,Murrum,Phaltan,Satara,"Mahabaleshwar strawberry, fresh-picked"
7133925399,Rice,83,quintal,2564,Black Cotton Soil,Pombhurna,Chandrapur,"Local variety paddy, freshly harvested"
6862059158,Jowar,39,quintal,2964,Red Loamy,Barshi,Solapur,"Rabi jowar, clean and well-dried"
8608939301,Rice,33,quintal,2053,Clayey Loam,Mohadi,Bhandara,"Fine quality rice, well-dried"
8906862775,Maize,41,quintal,2188,Loamy,Dhule,Dhule,"Hybrid maize, well-dried"
6650088788,Mixed Vegetables,15,quintal,872,Coastal Alluvial,Malad,Mumbai Suburban,"Fresh seasonal vegetables, mixed lot"
7755490385,Cotton,61,quintal,7022,Medium Black Soil,Kalamnuri,Hingoli,"Long-staple cotton, clean and well-ginned"
6381913507,Sugarcane,192,quintal,321,Red Loamy,Kavathemahankal,Sangli,"High-yield sugarcane, ready for crushing"
7253835070,Banana,21,quintal,1090,Loamy,Yawal,Jalgaon,"Fresh banana, ready for market"
6771604665,Rice,20,quintal,2378,Clayey Loam,Tumsar,Bhandara,"Fine quality rice, well-dried"
8607337063,Cotton,51,quintal,6830,Medium Black Soil,Purna,Parbhani,"Long-staple cotton, clean and well-ginned"
6673202399,Cotton,55,quintal,7204,Black Cotton Soil,Risod,Washim,"High-grade cotton, sun-dried and ready for sale"
8717265098,Soybean,16,quintal,4792,Clayey Loam,Karanja,Washim,"Good quality soybean, machine-cleaned"
8835488184,Mixed Vegetables,14,quintal,1590,Sandy Coastal Soil,Borivali,Mumbai Suburban,"Farm-fresh vegetables, harvested this week"
6542648811,Orange (Santra),36,quintal,3309,Clayey Loam,Tiosa,Amravati,"Nagpur santra, sweet and juicy"
7561294683,Rice,29,quintal,2070,Black Cotton Soil,Lakhandur,Bhandara,"Fine quality rice, well-dried"
7905587716,Cotton,69,quintal,6768,Loamy,Navapur,Nandurbar,"Premium BT cotton, harvested this Kharif season"
9392981156,Pomegranate,15,quintal,4835,Murrum,Shevgaon,Ahilyanagar (Ahmednagar),"Bhagwa variety pomegranate, export quality"
6999353605,Soybean,52,quintal,4759,Clayey Loam,Motala,Buldhana,"Clean soybean, low moisture content, ready for crushing"
8250004527,Soybean,75,quintal,4479,Murrum,Purna,Parbhani,"Good quality soybean, machine-cleaned"
7106467104,Mixed Vegetables,42,quintal,1205,Murrum,Indapur,Pune,"Fresh seasonal vegetables, mixed lot"
6557073710,Soybean,39,quintal,4219,Medium Black Soil,Sailu,Parbhani,"Clean soybean, low moisture content, ready for crushing"
6395143224,Rice,34,quintal,2229,Laterite Soil,Murbad,Thane,"Fine quality rice, well-dried"
8474999548,Banana,55,quintal,1397,Loamy,Solapur North,Solapur,"Fresh banana, ready for market"
7048559277,Orange (Santra),26,quintal,3736,Clayey Loam,Kamptee,Nagpur,"Nagpur santra, sweet and juicy"
8366452330,Turmeric,36,quintal,9029,Black Cotton Soil,Shirala,Sangli,"Selam-variety turmeric, high curcumin content"
7221787698,Rice,68,quintal,2061,Clayey Loam,Tumsar,Bhandara,"Fine quality rice, well-dried"
6967755891,Cashew (Raw),25,quintal,11863,Sandy Coastal Soil,Dapoli,Ratnagiri,"Raw cashew nuts, sun-dried"
8274849357,Rice,47,quintal,2510,Medium Black Soil,Lakhani,Bhandara,"Fine quality rice, well-dried"
9111766831,Turmeric,20,quintal,7587,Medium Black Soil,Aundha Nagnath,Hingoli,"Sun-dried turmeric fingers, good colour"
7823829102,Mixed Vegetables,19,quintal,820,Red Laterite,Dadar,Mumbai City,"Farm-fresh vegetables, harvested this week"
8684744186,Rice,70,quintal,2204,Medium Black Soil,Sadak-Arjuni,Gondia,"Fine quality rice, well-dried"
7417445761,Groundnut,44,quintal,6401,Medium Black Soil,Jalna,Jalna,"Clean, well-dried groundnut"
8391833159,Soybean,78,quintal,4529,Murrum,Umarga,Dharashiv (Osmanabad),"Good quality soybean, machine-cleaned"
9570332102,Jowar,73,quintal,2795,Murrum,Chakur,Latur,"Rabi jowar, clean and well-dried"
8146795088,Grapes,37,quintal,4010,Sandy Loam,Niphad,Nashik,"Fresh table grapes, good sugar content"
7875424149,Cotton,59,quintal,6441,Medium Black Soil,Sangrampur,Buldhana,"High-grade cotton, sun-dried and ready for sale"
8433180676,Turmeric,27,quintal,8924,Black Cotton Soil,Tasgaon,Sangli,"Sun-dried turmeric fingers, good colour"
6317846184,Cotton,71,quintal,7531,Black Cotton Soil,Naigaon,Nanded,"High-grade cotton, sun-dried and ready for sale"
9979292950,Soybean,42,quintal,4508,Clayey Loam,Balapur,Akola,"Good quality soybean, machine-cleaned"
6977744109,Cotton,76,quintal,6959,Black Cotton Soil,Hinganghat,Wardha,"High-grade cotton, sun-dried and ready for sale"
7785709132,Soybean,83,quintal,4414,Black Cotton Soil,Lohara,Dharashiv (Osmanabad),"Clean soybean, low moisture content, ready for crushing"
8989691916,Sugarcane,143,quintal,346,Red Loamy,Tasgaon,Sangli,"High-yield sugarcane, ready for crushing"
9346480774,Mixed Vegetables,13,quintal,1688,Laterite Soil,Fort,Mumbai City,"Fresh seasonal vegetables, mixed lot"
9962581518,Rice,61,quintal,2374,Clayey Loam,Salekasa,Gondia,"Fine quality rice, well-dried"
8436444573,Soybean,55,quintal,4351,Black Cotton Soil,Chakur,Latur,"Clean soybean, low moisture content, ready for crushing"
6444019810,Cotton,26,quintal,7092,Black Cotton Soil,Paithan,Chhatrapati Sambhajinagar (Aurangabad),"Premium BT cotton, harvested this Kharif season"
8479815124,Coconut,25,quintal,2244,Red Laterite,Pen,Raigad,"Fresh coconut, good copra content"
6138707498,Coconut,10,quintal,1828,Red Laterite,Poladpur,Raigad,"Fresh coconut, good copra content"
8526331164,Wheat,75,quintal,2343,Black Cotton Soil,Mantha,Jalna,"Clean, well-dried wheat, good milling quality"
8283013717,Soybean,66,quintal,4552,Murrum,Tuljapur,Dharashiv (Osmanabad),"Good quality soybean, machine-cleaned"
6648444949,Coconut,33,quintal,2057,Laterite Soil,Vaibhavwadi,Sindhudurg,"Fresh coconut, good copra content"
8499319200,Mixed Vegetables,46,quintal,1297,Coastal Alluvial,Bandra,Mumbai Suburban,"Fresh seasonal vegetables, mixed lot"
8846338615,Mixed Vegetables,28,quintal,917,Coastal Alluvial,Colaba,Mumbai City,"Farm-fresh vegetables, harvested this week"
6096469974,Rice,42,quintal,2567,Medium Black Soil,Sakoli,Bhandara,"Fine quality rice, well-dried"
7157239417,Sugarcane,216,quintal,345,Red Loamy,Walwa,Sangli,"Fresh-cut sugarcane, high sucrose content"
7986400126,Cotton,59,quintal,6506,Black Cotton Soil,Jalgaon Jamod,Buldhana,"Long-staple cotton, clean and well-ginned"
7783929814,Custard Apple (Sitaphal),17,quintal,3708,Medium Black Soil,Parli,Beed,"Fresh custard apple, good size"
7850680449,Rice,76,quintal,2369,Regur Soil,Armori,Gadchiroli,"Fine quality rice, well-dried"
8533935454,Cotton,52,quintal,6614,Black Cotton Soil,Sindkheda,Dhule,"Long-staple cotton, clean and well-ginned"
6875087960,Grapes,39,quintal,4484,Murrum,Tasgaon,Sangli,"Fresh table grapes, good sugar content"
6255941546,Jowar,18,quintal,2523,Black Cotton Soil,Ausa,Latur,"Rabi jowar, clean and well-dried"
8503626535,Turmeric,43,quintal,7775,Loamy,Chandgad,Kolhapur,"Selam-variety turmeric, high curcumin content"
6078386341,Soybean,39,quintal,4674,Medium Black Soil,Basmath,Hingoli,"Good quality soybean, machine-cleaned"
7310385756,Coconut,23,quintal,2769,Laterite Soil,Dodamarg,Sindhudurg,"Fresh coconut, good copra content"
6258425880,Chikoo (Sapota),47,quintal,3127,Red Laterite,Vikramgad,Palghar,"Fresh sapota, ready for market"
9122218419,Sunflower Seed,36,quintal,5565,Clayey Loam,Sindkhed Raja,Buldhana,Well-dried sunflower seed
6194780453,Mixed Vegetables,28,quintal,1401,Red Laterite,Byculla,Mumbai City,"Fresh seasonal vegetables, mixed lot"
6733910311,Turmeric,30,quintal,8714,Black Cotton Soil,Sengaon,Hingoli,"Selam-variety turmeric, high curcumin content"
8747113702,Sugarcane,394,quintal,300,Murrum,Gaganbawada,Kolhapur,"Fresh-cut sugarcane, high sucrose content"
7950673864,Cotton,77,quintal,7329,Medium Black Soil,Parli,Beed,"Long-staple cotton, clean and well-ginned"
9345465288,Soybean,37,quintal,4335,Black Cotton Soil,Pathri,Parbhani,"Clean soybean, low moisture content, ready for crushing"
8145684480,Soybean,38,quintal,4586,Regur Soil,Digras,Yavatmal,"Good quality soybean, machine-cleaned"
8067884406,Pomegranate,30,quintal,4528,Loamy,Nagar,Ahilyanagar (Ahmednagar),"Bhagwa variety pomegranate, export quality"
6173681851,Cotton,30,quintal,7322,Medium Black Soil,Mouda,Nagpur,"Long-staple cotton, clean and well-ginned"
7826423585,Cotton,50,quintal,6462,Sandy Loam,Dhule,Dhule,"Long-staple cotton, clean and well-ginned"
9330821157,Soybean,44,quintal,4371,Black Cotton Soil,Osmanabad,Dharashiv (Osmanabad),"Clean soybean, low moisture content, ready for crushing"
7728146250,Cotton,39,quintal,6651,Black Cotton Soil,Ashti,Wardha,"Long-staple cotton, clean and well-ginned"
8164093534,Pomegranate,26,quintal,5259,Red Loamy,Mohol,Solapur,"Fresh pomegranate, good size and colour"
9661739249,Cashew (Raw),27,quintal,11439,Red Laterite,Devgad,Sindhudurg,"Good quality raw cashew, ready for processing"
8789266445,Coconut,25,quintal,2444,Laterite Soil,Pen,Raigad,"Fresh coconut, good copra content"
8811543997,Sugarcane,390,quintal,338,Murrum,Shevgaon,Ahilyanagar (Ahmednagar),"Fresh-cut sugarcane, high sucrose content"
8652896481,Wheat,53,quintal,2450,Black Cotton Soil,Gangapur,Chhatrapati Sambhajinagar (Aurangabad),"Clean, well-dried wheat, good milling quality"
8934917540,Rice,100,quintal,2525,Medium Black Soil,Sakoli,Bhandara,"Local variety paddy, freshly harvested"
8141996840,Soybean,43,quintal,4244,Regur Soil,Patur,Akola,"Good quality soybean, machine-cleaned"
7634439856,Onion,33,quintal,1370,Black Cotton Soil,Haveli,Pune,"Nashik-grade onion, medium size, low moisture"
9074087207,Sugarcane,225,quintal,337,Loamy,Shrigonda,Ahilyanagar (Ahmednagar),"High-yield sugarcane, ready for crushing"
8621821849,Rice,37,quintal,2160,Coastal Alluvial,Khalapur,Raigad,"Fine quality rice, well-dried"
6268569750,Sugarcane,136,quintal,345,Murrum,Shahuwadi,Kolhapur,"Fresh-cut sugarcane, high sucrose content"
9360110576,Custard Apple (Sitaphal),14,quintal,3212,Murrum,Ambajogai,Beed,"Fresh custard apple, good size"
6564499342,Orange (Santra),31,quintal,3751,Black Cotton Soil,Parseoni,Nagpur,"Fresh orange, good size and colour"
9515390747,Rice,71,quintal,2309,Black Cotton Soil,Salekasa,Gondia,"Fine quality rice, well-dried"
9154477830,Mixed Vegetables,38,quintal,1324,Red Laterite,Murbad,Thane,"Fresh seasonal vegetables, mixed lot"
8055847980,Grapes,44,quintal,6262,Loamy,Velhe,Pune,"Fresh table grapes, good sugar content"
6166361406,Mixed Vegetables,30,quintal,1662,Black Cotton Soil,Wai,Satara,"Farm-fresh vegetables, harvested this week"
8910568386,Soybean,25,quintal,4322,Murrum,Bhum,Dharashiv (Osmanabad),"Good quality soybean, machine-cleaned"
6581410005,Sugarcane,244,quintal,353,Red Loamy,Khandala,Satara,"Fresh-cut sugarcane, high sucrose content"
6791380586,Soybean,64,quintal,4156,Black Cotton Soil,Kandhar,Nanded,"Clean soybean, low moisture content, ready for crushing"
8731500595,Cotton,63,quintal,6986,Murrum,Hingoli,Hingoli,"Long-staple cotton, clean and well-ginned"
9964563555,Mixed Vegetables,49,quintal,1134,Laterite Soil,Borivali,Mumbai Suburban,"Farm-fresh vegetables, harvested this week"
6492245600,Mixed Vegetables,42,quintal,842,Red Laterite,Byculla,Mumbai City,"Farm-fresh vegetables, harvested this week"
9303971958,Banana,79,quintal,1393,Loamy,Chalisgaon,Jalgaon,"Fresh banana, ready for market"
6299494399,Soybean,87,quintal,4897,Murrum,Manwath,Parbhani,"Clean soybean, low moisture content, ready for crushing"
8297935452,Cotton,15,quintal,7172,Regur Soil,Akot,Akola,"Premium BT cotton, harvested this Kharif season"
8757106883,Coconut,11,quintal,2543,Laterite Soil,Lanja,Ratnagiri,"Fresh coconut, good copra content"
9846962887,Rice,22,quintal,2048,Black Cotton Soil,Mohadi,Bhandara,"Fine quality rice, well-dried"
6089592409,Soybean,73,quintal,4265,Medium Black Soil,Kinwat,Nanded,"Clean soybean, low moisture content, ready for crushing"
6352687399,Banana,93,quintal,1273,Sandy Loam,Bodwad,Jalgaon,"G9 variety banana, uniform bunches"
7700159429,Cotton,78,quintal,6527,Loamy,Nandurbar,Nandurbar,"Long-staple cotton, clean and well-ginned"
8769338503,Grapes,12,quintal,4248,Black Cotton Soil,Walwa,Sangli,"Fresh table grapes, good sugar content"
9443370693,Cotton,56,quintal,6497,Black Cotton Soil,Biloli,Nanded,"Premium BT cotton, harvested this Kharif season"
9314311080,Cotton,61,quintal,7573,Black Cotton Soil,Hinganghat,Wardha,"Long-staple cotton, clean and well-ginned"
8267952184,Sugarcane,238,quintal,305,Black Cotton Soil,Bhor,Pune,"High-yield sugarcane, ready for crushing"
9623089648,Rice,55,quintal,2370,Medium Black Soil,Chandrapur,Chandrapur,"Fine quality rice, well-dried"
7078141409,Sugarcane,278,quintal,310,Medium Black Soil,Paranda,Dharashiv (Osmanabad),"Fresh-cut sugarcane, high sucrose content"
7710631006,Banana,114,quintal,1448,Loamy,Nandurbar,Nandurbar,"G9 variety banana, uniform bunches"
9612550219,Rice,49,quintal,2597,Black Cotton Soil,Salekasa,Gondia,"Fine quality rice, well-dried"
9027795102,Rice,21,quintal,2496,Black Cotton Soil,Arjuni-Morgaon,Gondia,"Fine quality rice, well-dried"
7280815221,Soybean,56,quintal,4680,Clayey Loam,Karanja,Washim,"Clean soybean, low moisture content, ready for crushing"
8398923079,Rice,80,quintal,2179,Coastal Alluvial,Vasai,Palghar,"Fine quality rice, well-dried"
8442069445,Mango (Alphonso),32,quintal,5104,Red Laterite,Ulhasnagar,Thane,"Ratnagiri Hapus, naturally ripened"
8297935452,Cotton,44,quintal,7054,Medium Black Soil,Akot,Akola,"Premium BT cotton, harvested this Kharif season"
7743744993,Cotton,73,quintal,6210,Regur Soil,Chimur,Chandrapur,"Long-staple cotton, clean and well-ginned"
8247796404,Coconut,12,quintal,2335,Coastal Alluvial,Guhagar,Ratnagiri,"Fresh coconut, good copra content"
9101995658,Grapes,40,quintal,5520,Loamy,Malegaon,Nashik,"Thompson seedless grapes, export quality"
9343177287,Turmeric,34,quintal,8883,Murrum,Panhala,Kolhapur,"Sun-dried turmeric fingers, good colour"
7238757520,Rice,51,quintal,2323,Regur Soil,Goregaon,Gondia,"Fine quality rice, well-dried"
8771909164,Rice,95,quintal,2266,Black Cotton Soil,Pauni,Bhandara,"Fine quality rice, well-dried"
9709000017,Soybean,37,quintal,4405,Medium Black Soil,Tuljapur,Dharashiv (Osmanabad),"Clean soybean, low moisture content, ready for crushing"
8698066697,Rice,99,quintal,2114,Regur Soil,Desaiganj,Gadchiroli,"Fine quality rice, well-dried"
6164518120,Soybean,89,quintal,4240,Regur Soil,Balapur,Akola,"Good quality soybean, machine-cleaned"
7891541243,Rice,88,quintal,2044,Black Cotton Soil,Sadak-Arjuni,Gondia,"Fine quality rice, well-dried"
8169679712,Orange (Santra),24,quintal,3458,Black Cotton Soil,Dhamangaon,Amravati,"Fresh orange, good size and colour"
7440092824,Cotton,66,quintal,6997,Black Cotton Soil,Sakri,Dhule,"Premium BT cotton, harvested this Kharif season"
8866118589,Soybean,52,quintal,4507,Medium Black Soil,Aundha Nagnath,Hingoli,"Clean soybean, low moisture content, ready for crushing"
6265083346,Strawberry,98,kg,100,Red Loamy,Maan,Satara,"Sweet strawberry, ideal for jam-making"
7888275713,Sugarcane,236,quintal,358,Loamy,Mahabaleshwar,Satara,"High-yield sugarcane, ready for crushing"
6420502538,Onion,35,quintal,1921,Loamy,Baglan,Nashik,"Export-quality red onion, freshly harvested"
8992379151,Cotton,21,quintal,6302,Medium Black Soil,Karanja,Wardha,"Premium BT cotton, harvested this Kharif season"
6753432782,Sugarcane,157,quintal,301,Murrum,Patoda,Beed,"Fresh-cut sugarcane, high sucrose content"
8189850173,Rice,56,quintal,2399,Clayey Loam,Pombhurna,Chandrapur,"Fine quality rice, well-dried"
8535099137,Wheat,104,quintal,2330,Murrum,Aurangabad,Chhatrapati Sambhajinagar (Aurangabad),"Clean, well-dried wheat, good milling quality"
6381913507,Grapes,24,quintal,5507,Black Cotton Soil,Kavathemahankal,Sangli,"Fresh table grapes, good sugar content"
6076348596,Onion,31,quintal,1453,Murrum,Jamkhed,Ahilyanagar (Ahmednagar),"Export-quality red onion, freshly harvested"
8289462495,Rice,25,quintal,2391,Regur Soil,Gadchiroli,Gadchiroli,"Local variety paddy, freshly harvested"
8155631097,Chikoo (Sapota),13,quintal,2046,Coastal Alluvial,Vikramgad,Palghar,"Fresh sapota, ready for market"
8875334000,Sugarcane,364,quintal,308,Black Cotton Soil,Karjat,Ahilyanagar (Ahmednagar),"Fresh-cut sugarcane, high sucrose content"
8176677490,Groundnut,51,quintal,5536,Black Cotton Soil,Erandol,Jalgaon,"Clean, well-dried groundnut"
7237262148,Grapes,37,quintal,4636,Loamy,Peth,Nashik,"Fresh table grapes, good sugar content"
7318658741,Cotton,15,quintal,7168,Medium Black Soil,Saoli,Chandrapur,"Premium BT cotton, harvested this Kharif season"
6359488906,Mango (Alphonso),17,quintal,8245,Coastal Alluvial,Murud,Raigad,"Ratnagiri Hapus, naturally ripened"
9074460994,Soybean,64,quintal,4887,Murrum,Renapur,Latur,"Clean soybean, low moisture content, ready for crushing"
9142097570,Mixed Vegetables,19,quintal,1112,Red Laterite,Dadar,Mumbai City,"Farm-fresh vegetables, harvested this week"
9560236525,Sugarcane,289,quintal,315,Loamy,Kagal,Kolhapur,"High-yield sugarcane, ready for crushing"
8397224641,Sugarcane,146,quintal,323,Murrum,Khandala,Satara,"High-yield sugarcane, ready for crushing"
9966867762,Cotton,79,quintal,7204,Medium Black Soil,Loha,Nanded,"High-grade cotton, sun-dried and ready for sale"
7360848800,Cotton,35,quintal,7101,Black Cotton Soil,Pathri,Parbhani,"Premium BT cotton, harvested this Kharif season"
8436926025,Mango (Alphonso),32,quintal,8208,Coastal Alluvial,Kudal,Sindhudurg,"Premium Alphonso mango, export grade"
8677270848,Orange (Santra),52,quintal,3080,Black Cotton Soil,Kalameshwar,Nagpur,"Fresh orange, good size and colour"
9253879403,Sugarcane,238,quintal,317,Black Cotton Soil,Kannad,Chhatrapati Sambhajinagar (Aurangabad),"Fresh-cut sugarcane, high sucrose content"
9731991121,Mixed Vegetables,42,quintal,900,Coastal Alluvial,Shahapur,Thane,"Fresh seasonal vegetables, mixed lot"
8109516295,Rice,33,quintal,2118,Regur Soil,Mulchera,Gadchiroli,"Local variety paddy, freshly harvested"
7776205914,Pomegranate,39,quintal,4067,Black Cotton Soil,Nagar,Ahilyanagar (Ahmednagar),"Fresh pomegranate, good size and colour"
6027510942,Turmeric,36,quintal,8082,Murrum,Bhudargad,Kolhapur,"Sun-dried turmeric fingers, good colour"
7899770593,Mixed Vegetables,25,quintal,1779,Sandy Coastal Soil,Fort,Mumbai City,"Fresh seasonal vegetables, mixed lot"
7522992826,Tur (Arhar),39,quintal,7189,Black Cotton Soil,Ausa,Latur,"Clean tur dal grain, good quality"
8366391179,Soybean,15,quintal,4141,Regur Soil,Nandura,Buldhana,"Good quality soybean, machine-cleaned"
8241464523,Cotton,60,quintal,6299,Clayey Loam,Nagpur Rural,Nagpur,"High-grade cotton, sun-dried and ready for sale"
8906862775,Cotton,36,quintal,7566,Black Cotton Soil,Dhule,Dhule,"High-grade cotton, sun-dried and ready for sale"
9581348557,Turmeric,26,quintal,8049,Black Cotton Soil,Karanja,Washim,"Selam-variety turmeric, high curcumin content"
7291938919,Orange (Santra),68,quintal,3309,Clayey Loam,Chandurbazar,Amravati,"Fresh orange, good size and colour"
6053305570,Soybean,21,quintal,4650,Medium Black Soil,Renapur,Latur,"Clean soybean, low moisture content, ready for crushing"
8920690313,Mixed Vegetables,34,quintal,855,Sandy Coastal Soil,Andheri,Mumbai Suburban,"Fresh seasonal vegetables, mixed lot"
9171470905,Rice,73,quintal,2309,Regur Soil,Lakhani,Bhandara,"Fine quality rice, well-dried"
7766195110,Onion,66,quintal,2488,Sandy Loam,Igatpuri,Nashik,"Nashik-grade onion, medium size, low moisture"
7701215368,Sugarcane,114,quintal,350,Red Loamy,Gadhinglaj,Kolhapur,"Fresh-cut sugarcane, high sucrose content"
6428442011,Mixed Vegetables,40,quintal,1412,Red Laterite,Dadar,Mumbai City,"Farm-fresh vegetables, harvested this week"
7998435274,Mixed Vegetables,46,quintal,1001,Coastal Alluvial,Parel,Mumbai City,"Farm-fresh vegetables, harvested this week"
9433655631,Papaya,38,quintal,1041,Sandy Loam,Nandurbar,Nandurbar,"Red Lady variety papaya, uniform ripening"
7472770183,Mixed Vegetables,14,quintal,1654,Red Laterite,Bandra,Mumbai Suburban,"Farm-fresh vegetables, harvested this week"
8606223366,Sugarcane,388,quintal,344,Murrum,Mahabaleshwar,Satara,"Fresh-cut sugarcane, high sucrose content"
9692391033,Rice,71,quintal,2541,Black Cotton Soil,Korchi,Gadchiroli,"Local variety paddy, freshly harvested"
9964248471,Rice,77,quintal,2497,Black Cotton Soil,Lakhani,Bhandara,"Fine quality rice, well-dried"
7426334221,Rice,36,quintal,2097,Coastal Alluvial,Karjat,Raigad,"Fine quality rice, well-dried"
9499163239,Orange (Santra),37,quintal,2629,Clayey Loam,Hinganghat,Wardha,"Nagpur santra, sweet and juicy"
7411973452,Banana,70,quintal,1345,Black Cotton Soil,Raver,Jalgaon,"G9 variety banana, uniform bunches"
9699493445,Cotton,62,quintal,7456,Sandy Loam,Shirpur,Dhule,"High-grade cotton, sun-dried and ready for sale"
7092238128,Rice,61,quintal,2383,Red Laterite,Vasai,Palghar,"Local variety paddy, freshly harvested"
8688922007,Wheat,72,quintal,2405,Murrum,Paithan,Chhatrapati Sambhajinagar (Aurangabad),"Sharbati wheat, Grade A"
6345897989,Cotton,23,quintal,6861,Sandy Loam,Akkalkuwa,Nandurbar,"High-grade cotton, sun-dried and ready for sale"
8970310668,Sugarcane,245,quintal,349,Red Loamy,Panhala,Kolhapur,"Fresh-cut sugarcane, high sucrose content"
9477594912,Cotton,27,quintal,7313,Clayey Loam,Malegaon,Washim,"High-grade cotton, sun-dried and ready for sale"
8087746311,Soybean,55,quintal,4455,Clayey Loam,Chikhaldara,Amravati,"Clean soybean, low moisture content, ready for crushing"
9831965315,Sugarcane,121,quintal,301,Black Cotton Soil,Bhudargad,Kolhapur,"High-yield sugarcane, ready for crushing"
8375052296,Rice,98,quintal,2549,Red Laterite,Mahad,Raigad,"Fine quality rice, well-dried"
9909205400,Betelnut (Supari),19,quintal,9789,Laterite Soil,Mandangad,Ratnagiri,"Fresh betelnut, well-processed"
9531477595,Cotton,19,quintal,7074,Clayey Loam,Sindewahi,Chandrapur,"Long-staple cotton, clean and well-ginned"
7589638873,Soybean,38,quintal,4523,Regur Soil,Kelapur,Yavatmal,"Clean soybean, low moisture content, ready for crushing"
6356686468,Papaya,23,quintal,926,Sandy Loam,Akkalkuwa,Nandurbar,"Red Lady variety papaya, uniform ripening"
6893917462,Turmeric,24,quintal,8397,Black Cotton Soil,Mangrulpir,Washim,"Selam-variety turmeric, high curcumin content"
9568878414,Grapes,49,quintal,6287,Murrum,Maval,Pune,"Fresh table grapes, good sugar content"
9570332102,Tur (Arhar),12,quintal,7117,Black Cotton Soil,Chakur,Latur,"Clean tur dal grain, good quality"
6994660863,Coconut,20,quintal,2183,Red Laterite,Khed,Ratnagiri,"Fresh coconut, good copra content"
7401962834,Turmeric,15,quintal,9020,Murrum,Shirala,Sangli,"Sun-dried turmeric fingers, good colour"
8874147022,Cotton,54,quintal,7359,Loamy,Shahada,Nandurbar,"Long-staple cotton, clean and well-ginned"
9594262160,Cotton,28,quintal,6363,Medium Black Soil,Palam,Parbhani,"Long-staple cotton, clean and well-ginned"
6524532800,Sugarcane,210,quintal,340,Medium Black Soil,Dharur,Beed,"Fresh-cut sugarcane, high sucrose content"
9352190496,Cotton,22,quintal,6670,Medium Black Soil,Sindewahi,Chandrapur,"High-grade cotton, sun-dried and ready for sale"
6222967266,Maize,48,quintal,1888,Black Cotton Soil,Shirpur,Dhule,"Hybrid maize, well-dried"
7379425336,Strawberry,259,kg,149,Red Loamy,Khatav,Satara,"Mahabaleshwar strawberry, fresh-picked"
6519779100,Orange (Santra),70,quintal,3569,Regur Soil,Warud,Amravati,"Nagpur santra, sweet and juicy"
9153083573,Betelnut (Supari),19,quintal,10163,Sandy Coastal Soil,Rajapur,Ratnagiri,"Fresh betelnut, well-processed"
8044577769,Jowar,36,quintal,2978,Murrum,Chakur,Latur,"Rabi jowar, clean and well-dried"
6860499188,Betelnut (Supari),25,quintal,12508,Laterite Soil,Kankavli,Sindhudurg,"Sun-dried supari, good quality"
9998835942,Sugarcane,187,quintal,359,Murrum,Maan,Satara,"Fresh-cut sugarcane, high sucrose content"
7473363340,Coconut,22,quintal,2098,Sandy Coastal Soil,Sangameshwar,Ratnagiri,"Well-matured coconut, ready for market"
6549694785,Sugarcane,382,quintal,357,Loamy,Karad,Satara,"Fresh-cut sugarcane, high sucrose content"
6581009949,Maize,89,quintal,2140,Black Cotton Soil,Dhule,Dhule,"Good quality maize, ready for market"
7862241539,Sugarcane,355,quintal,305,Murrum,Shirur-Kasar,Beed,"High-yield sugarcane, ready for crushing"
7421895541,Soybean,74,quintal,4367,Black Cotton Soil,Maregaon,Yavatmal,"Clean soybean, low moisture content, ready for crushing"
7140567084,Wheat,124,quintal,2553,Murrum,Jafrabad,Jalna,"Clean, well-dried wheat, good milling quality"
8095003706,Cotton,20,quintal,6755,Clayey Loam,Karanja,Wardha,"High-grade cotton, sun-dried and ready for sale"
8855170459,Cotton,62,quintal,6963,Black Cotton Soil,Bodwad,Jalgaon,"Long-staple cotton, clean and well-ginned"
8980170376,Banana,77,quintal,1305,Loamy,Pachora,Jalgaon,"Fresh banana, ready for market"
8944553552,Turmeric,22,quintal,7620,Medium Black Soil,Washim,Washim,"Selam-variety turmeric, high curcumin content"
9285983568,Cotton,31,quintal,6200,Medium Black Soil,Jalna,Jalna,"Premium BT cotton, harvested this Kharif season"
7999453299,Soybean,40,quintal,4722,Regur Soil,Yavatmal,Yavatmal,"Clean soybean, low moisture content, ready for crushing"
9739821116,Cotton,79,quintal,6595,Regur Soil,Kelapur,Yavatmal,"Long-staple cotton, clean and well-ginned"
9406183124,Soybean,37,quintal,4886,Murrum,Deoni,Latur,"Clean soybean, low moisture content, ready for crushing"
8178855228,Turmeric,22,quintal,8774,Red Loamy,Palus,Sangli,"Selam-variety turmeric, high curcumin content"
8693609491,Rice,43,quintal,2023,Black Cotton Soil,Bhandara,Bhandara,"Fine quality rice, well-dried"
8774798687,Soybean,47,quintal,4486,Black Cotton Soil,Ausa,Latur,"Clean soybean, low moisture content, ready for crushing"
8219584221,Banana,49,quintal,1530,Sandy Loam,Jamner,Jalgaon,"G9 variety banana, uniform bunches"
8626047913,Sugarcane,368,quintal,313,Murrum,Lohara,Dharashiv (Osmanabad),"Fresh-cut sugarcane, high sucrose content"
7816119417,Soybean,38,quintal,4794,Black Cotton Soil,Kelapur,Yavatmal,"Good quality soybean, machine-cleaned"
7014618567,Banana,66,quintal,1241,Black Cotton Soil,Pachora,Jalgaon,"G9 variety banana, uniform bunches"
7333843844,Turmeric,33,quintal,9426,Murrum,Sengaon,Hingoli,"Sun-dried turmeric fingers, good colour"
8927052665,Rice,90,quintal,2472,Black Cotton Soil,Goregaon,Gondia,"Local variety paddy, freshly harvested"
7550461429,Soybean,73,quintal,4161,Black Cotton Soil,Washim,Washim,"Good quality soybean, machine-cleaned"
7274830620,Rice,66,quintal,2064,Medium Black Soil,Pombhurna,Chandrapur,"Fine quality rice, well-dried"
7360848800,Soybean,72,quintal,4484,Murrum,Pathri,Parbhani,"Clean soybean, low moisture content, ready for crushing"
6274937701,Grapes,23,quintal,5614,Black Cotton Soil,Tasgaon,Sangli,"Fresh table grapes, good sugar content"
8904210629,Rice,69,quintal,2459,Black Cotton Soil,Gondpimpri,Chandrapur,"Fine quality rice, well-dried"
9030774583,Cotton,34,quintal,7426,Clayey Loam,Mouda,Nagpur,"High-grade cotton, sun-dried and ready for sale"
6119496083,Cotton,26,quintal,7466,Murrum,Badnapur,Jalna,"High-grade cotton, sun-dried and ready for sale"
7299458979,Soybean,69,quintal,4580,Medium Black Soil,Kelapur,Yavatmal,"Clean soybean, low moisture content, ready for crushing"
6227798967,Sugarcane,388,quintal,314,Loamy,Pandharpur,Solapur,"Fresh-cut sugarcane, high sucrose content"
7227298738,Cotton,56,quintal,7293,Black Cotton Soil,Aundha Nagnath,Hingoli,"High-grade cotton, sun-dried and ready for sale"
6931412662,Tomato,15,quintal,1849,Loamy,Dindori,Nashik,"Fresh ripe tomatoes, hybrid variety"
6612277673,Cotton,35,quintal,6950,Loamy,Shirpur,Dhule,"High-grade cotton, sun-dried and ready for sale"
8037469217,Sugarcane,261,quintal,348,Murrum,Sangole,Solapur,"Fresh-cut sugarcane, high sucrose content"
9765330535,Cotton,64,quintal,6334,Medium Black Soil,Jalgaon Jamod,Buldhana,"High-grade cotton, sun-dried and ready for sale"
9981380125,Rice,52,quintal,2344,Sandy Coastal Soil,Thane,Thane,"Local variety paddy, freshly harvested"
8463945668,Rice,92,quintal,2402,Sandy Coastal Soil,Ulhasnagar,Thane,"Local variety paddy, freshly harvested"
9687051843,Sunflower Seed,17,quintal,5720,Black Cotton Soil,Sindkhed Raja,Buldhana,Well-dried sunflower seed
6460088004,Cotton,17,quintal,7204,Medium Black Soil,Hadgaon,Nanded,"High-grade cotton, sun-dried and ready for sale"
7571725443,Rice,50,quintal,2200,Clayey Loam,Tumsar,Bhandara,"Local variety paddy, freshly harvested"
8560595188,Cotton,24,quintal,6564,Medium Black Soil,Mahagaon,Yavatmal,"Premium BT cotton, harvested this Kharif season"
7466049710,Mango (Alphonso),5,quintal,7662,Sandy Coastal Soil,Tala,Raigad,"Premium Alphonso mango, export grade"
8869995772,Mango (Alphonso),32,quintal,8175,Red Laterite,Vasai,Palghar,"Premium Alphonso mango, export grade"
9119579282,Soybean,70,quintal,4261,Regur Soil,Wani,Yavatmal,"Clean soybean, low moisture content, ready for crushing"
9496883490,Soybean,78,quintal,4812,Medium Black Soil,Kalamnuri,Hingoli,"Good quality soybean, machine-cleaned"
6238574182,Strawberry,288,kg,161,Murrum,Satara,Satara,"Mahabaleshwar strawberry, fresh-picked"
7355048822,Cashew (Raw),6,quintal,12064,Laterite Soil,Vengurla,Sindhudurg,"Raw cashew nuts, sun-dried"
9112222962,Cotton,66,quintal,6611,Black Cotton Soil,Chikhli,Buldhana,"High-grade cotton, sun-dried and ready for sale"
8961233066,Mango (Alphonso),40,quintal,7308,Red Laterite,Vaibhavwadi,Sindhudurg,"Ratnagiri Hapus, naturally ripened"
9756563841,Cotton,39,quintal,6545,Black Cotton Soil,Raver,Jalgaon,"Long-staple cotton, clean and well-ginned"
9469760760,Mango (Alphonso),27,quintal,4984,Laterite Soil,Devgad,Sindhudurg,"Premium Alphonso mango, export grade"
9371729169,Sugarcane,324,quintal,315,Loamy,Rahata,Ahilyanagar (Ahmednagar),"High-yield sugarcane, ready for crushing"
6467844399,Soybean,48,quintal,4327,Regur Soil,Manora,Washim,"Good quality soybean, machine-cleaned"
9478118303,Soybean,70,quintal,4270,Murrum,Purna,Parbhani,"Good quality soybean, machine-cleaned"
9512528892,Mixed Vegetables,47,quintal,1301,Laterite Soil,Fort,Mumbai City,"Fresh seasonal vegetables, mixed lot"
9924188978,Rice,33,quintal,2320,Black Cotton Soil,Mohadi,Bhandara,"Local variety paddy, freshly harvested"
9990644543,Mixed Vegetables,15,quintal,1722,Red Laterite,Byculla,Mumbai City,"Fresh seasonal vegetables, mixed lot"
7863230984,Mixed Vegetables,17,quintal,925,Coastal Alluvial,Thane,Thane,"Farm-fresh vegetables, harvested this week"
8946836462,Soybean,62,quintal,4269,Black Cotton Soil,Daryapur,Amravati,"Clean soybean, low moisture content, ready for crushing"
7537236408,Cotton,20,quintal,7504,Regur Soil,Zari Jamani,Yavatmal,"High-grade cotton, sun-dried and ready for sale"
7771232566,Pomegranate,9,quintal,7198,Red Loamy,Sangamner,Ahilyanagar (Ahmednagar),"Bhagwa variety pomegranate, export quality"
7128508669,Mixed Vegetables,31,quintal,1645,Red Laterite,Borivali,Mumbai Suburban,"Farm-fresh vegetables, harvested this week"
9704852686,Rice,69,quintal,2264,Medium Black Soil,Sironcha,Gadchiroli,"Local variety paddy, freshly harvested"
7959294878,Soybean,22,quintal,4874,Murrum,Nilanga,Latur,"Clean soybean, low moisture content, ready for crushing"
7620183707,Mango (Alphonso),32,quintal,4734,Laterite Soil,Ambarnath,Thane,"Ratnagiri Hapus, naturally ripened"
9930320296,Rice,76,quintal,2209,Sandy Coastal Soil,Shahapur,Thane,"Fine quality rice, well-dried"
8211924047,Soybean,63,quintal,4871,Black Cotton Soil,Kandhar,Nanded,"Good quality soybean, machine-cleaned"
9510781429,Cotton,31,quintal,6945,Clayey Loam,Umred,Nagpur,"High-grade cotton, sun-dried and ready for sale"
7127990980,Sunflower Seed,24,quintal,6002,Black Cotton Soil,Sindkhed Raja,Buldhana,"Clean sunflower seed, good oil content"
6848908119,Soybean,39,quintal,4446,Murrum,Renapur,Latur,"Clean soybean, low moisture content, ready for crushing"
6416440893,Sugarcane,382,quintal,320,Loamy,Solapur North,Solapur,"Fresh-cut sugarcane, high sucrose content"
8427052484,Cotton,62,quintal,7358,Medium Black Soil,Beed,Beed,"Premium BT cotton, harvested this Kharif season"
9550033542,Cotton,21,quintal,7230,Loamy,Dhule,Dhule,"High-grade cotton, sun-dried and ready for sale"
6524532800,Cotton,20,quintal,6914,Medium Black Soil,Dharur,Beed,"High-grade cotton, sun-dried and ready for sale"
9341430920,Coconut,22,quintal,2733,Red Laterite,Kankavli,Sindhudurg,"Fresh coconut, good copra content"
7197148998,Orange (Santra),37,quintal,3262,Medium Black Soil,Bhiwapur,Nagpur,"Nagpur santra, sweet and juicy"
8532388891,Cashew (Raw),10,quintal,14375,Sandy Coastal Soil,Dodamarg,Sindhudurg,"Raw cashew nuts, sun-dried"
6268569750,Turmeric,29,quintal,8769,Loamy,Shahuwadi,Kolhapur,"Selam-variety turmeric, high curcumin content"
9586196935,Cotton,35,quintal,6862,Black Cotton Soil,Shirpur,Dhule,"Premium BT cotton, harvested this Kharif season"
8738304298,Betelnut (Supari),6,quintal,10412,Red Laterite,Roha,Raigad,"Sun-dried supari, good quality"
9838438311,Rice,30,quintal,2596,Clayey Loam,Gondia,Gondia,"Local variety paddy, freshly harvested"
6177119707,Soybean,60,quintal,4579,Clayey Loam,Daryapur,Amravati,"Clean soybean, low moisture content, ready for crushing"
6117847346,Cotton,74,quintal,6740,Black Cotton Soil,Arni,Yavatmal,"High-grade cotton, sun-dried and ready for sale"
9223056446,Grapes,21,quintal,4551,Loamy,Sinnar,Nashik,"Thompson seedless grapes, export quality"
9532233988,Soybean,81,quintal,4424,Medium Black Soil,Lohara,Dharashiv (Osmanabad),"Clean soybean, low moisture content, ready for crushing"
8000139844,Betelnut (Supari),25,quintal,9259,Red Laterite,Mahad,Raigad,"Fresh betelnut, well-processed"
7010208566,Sugarcane,326,quintal,314,Red Loamy,Daund,Pune,"High-yield sugarcane, ready for crushing"
6060753177,Turmeric,21,quintal,7211,Medium Black Soil,Deglur,Nanded,"Sun-dried turmeric fingers, good colour"
9918908958,Mango (Alphonso),16,quintal,7834,Sandy Coastal Soil,Pen,Raigad,"Ratnagiri Hapus, naturally ripened"
7047619235,Cotton,42,quintal,6735,Medium Black Soil,Ardhapur,Nanded,"High-grade cotton, sun-dried and ready for sale"
8087672291,Jowar,24,quintal,3011,Black Cotton Soil,Shirur Anantpal,Latur,"Good quality jowar, low moisture"
8170492826,Papaya,52,quintal,1084,Black Cotton Soil,Navapur,Nandurbar,"Red Lady variety papaya, uniform ripening"
6007992266,Onion,81,quintal,1624,Loamy,Sindkheda,Dhule,"Export-quality red onion, freshly harvested"
6016370786,Mixed Vegetables,21,quintal,1168,Coastal Alluvial,Malad,Mumbai Suburban,"Fresh seasonal vegetables, mixed lot"
8506378506,Turmeric,40,quintal,7076,Red Loamy,Karvir,Kolhapur,"Selam-variety turmeric, high curcumin content"
6668760678,Soybean,36,quintal,4708,Murrum,Udgir,Latur,"Clean soybean, low moisture content, ready for crushing"
6432653185,Sugarcane,158,quintal,309,Murrum,Solapur North,Solapur,"High-yield sugarcane, ready for crushing"
8526698387,Cotton,75,quintal,7512,Black Cotton Soil,Vaijapur,Chhatrapati Sambhajinagar (Aurangabad),"High-grade cotton, sun-dried and ready for sale"
7444864373,Cotton,62,quintal,6286,Clayey Loam,Narkhed,Nagpur,"Long-staple cotton, clean and well-ginned"
7010415002,Sugarcane,106,quintal,357,Red Loamy,Nevasa,Ahilyanagar (Ahmednagar),"Fresh-cut sugarcane, high sucrose content"
6351527516,Rice,41,quintal,2379,Sandy Coastal Soil,Vikramgad,Palghar,"Local variety paddy, freshly harvested"
8208193167,Rice,43,quintal,2439,Clayey Loam,Desaiganj,Gadchiroli,"Fine quality rice, well-dried"
8062434185,Pomegranate,19,quintal,5158,Red Loamy,Jamkhed,Ahilyanagar (Ahmednagar),"Fresh pomegranate, good size and colour"
6538350887,Rice,21,quintal,2226,Clayey Loam,Saoli,Chandrapur,"Local variety paddy, freshly harvested"
9665744137,Cotton,74,quintal,7555,Black Cotton Soil,Palam,Parbhani,"High-grade cotton, sun-dried and ready for sale"
6240419147,Rice,70,quintal,2250,Medium Black Soil,Salekasa,Gondia,"Local variety paddy, freshly harvested"
7342156354,Rice,23,quintal,2182,Regur Soil,Armori,Gadchiroli,"Local variety paddy, freshly harvested"
8456702320,Groundnut,38,quintal,6127,Black Cotton Soil,Bodwad,Jalgaon,"Bold variety groundnut, good oil content"
9254546331,Sugarcane,336,quintal,326,Murrum,Chandgad,Kolhapur,"High-yield sugarcane, ready for crushing"
8555118841,Soybean,49,quintal,4193,Black Cotton Soil,Shirur Anantpal,Latur,"Good quality soybean, machine-cleaned"
8171017136,Sugarcane,169,quintal,354,Loamy,Rahuri,Ahilyanagar (Ahmednagar),"Fresh-cut sugarcane, high sucrose content"
6881167158,Cotton,30,quintal,6394,Black Cotton Soil,Mangrulpir,Washim,"High-grade cotton, sun-dried and ready for sale"
6800476472,Rice,70,quintal,2277,Regur Soil,Chamorshi,Gadchiroli,"Fine quality rice, well-dried"
7361117316,Cotton,32,quintal,7141,Loamy,Bodwad,Jalgaon,"Premium BT cotton, harvested this Kharif season"
6959966274,Wheat,74,quintal,2366,Medium Black Soil,Aurangabad,Chhatrapati Sambhajinagar (Aurangabad),"Clean, well-dried wheat, good milling quality"
9408849416,Rice,70,quintal,2272,Medium Black Soil,Tiroda,Gondia,"Fine quality rice, well-dried"
6028160536,Cotton,65,quintal,6361,Regur Soil,Sindkhed Raja,Buldhana,"High-grade cotton, sun-dried and ready for sale"
7099394333,Cotton,78,quintal,6596,Regur Soil,Mul,Chandrapur,"High-grade cotton, sun-dried and ready for sale"
9831108591,Cotton,31,quintal,6971,Black Cotton Soil,Barshitakli,Akola,"High-grade cotton, sun-dried and ready for sale"
7010415002,Pomegranate,12,quintal,4740,Loamy,Nevasa,Ahilyanagar (Ahmednagar),"Fresh pomegranate, good size and colour"
8164093534,Sugarcane,312,quintal,334,Red Loamy,Mohol,Solapur,"Fresh-cut sugarcane, high sucrose content"
7153791818,Jowar,58,quintal,3022,Murrum,Karmala,Solapur,"Good quality jowar, low moisture"
8734718234,Cotton,43,quintal,7060,Medium Black Soil,Shirur-Kasar,Beed,"High-grade cotton, sun-dried and ready for sale"
9814639723,Cotton,35,quintal,7368,Medium Black Soil,Paithan,Chhatrapati Sambhajinagar (Aurangabad),"High-grade cotton, sun-dried and ready for sale"
9519432843,Rice,83,quintal,2566,Clayey Loam,Sadak-Arjuni,Gondia,"Local variety paddy, freshly harvested"
7948563090,Rice,62,quintal,2535,Black Cotton Soil,Pauni,Bhandara,"Fine quality rice, well-dried"
6522460869,Rice,88,quintal,2110,Coastal Alluvial,Mangaon,Raigad,"Fine quality rice, well-dried"
8264700340,Cotton,72,quintal,7086,Medium Black Soil,Jafrabad,Jalna,"Premium BT cotton, harvested this Kharif season"
9869477161,Soybean,40,quintal,4643,Medium Black Soil,Purna,Parbhani,"Clean soybean, low moisture content, ready for crushing"
7648149253,Cashew (Raw),18,quintal,12869,Sandy Coastal Soil,Malwan,Sindhudurg,"Good quality raw cashew, ready for processing"
9767720940,Strawberry,174,kg,103,Murrum,Wai,Satara,"Mahabaleshwar strawberry, fresh-picked"
6950085692,Soybean,66,quintal,4211,Black Cotton Soil,Murtajapur,Akola,"Clean soybean, low moisture content, ready for crushing"
9983001150,Mixed Vegetables,30,quintal,1530,Sandy Coastal Soil,Kurla,Mumbai Suburban,"Fresh seasonal vegetables, mixed lot"
8555118841,Tur (Arhar),42,quintal,7708,Murrum,Shirur Anantpal,Latur,"Well-dried tur, ready for milling"
7795944270,Chikoo (Sapota),24,quintal,2852,Red Laterite,Dahanu,Palghar,"Fresh sapota, ready for market"
6702234230,Maize,16,quintal,1804,Loamy,Akkalkuwa,Nandurbar,"Hybrid maize, well-dried"
6467844399,Cotton,59,quintal,7566,Black Cotton Soil,Manora,Washim,"High-grade cotton, sun-dried and ready for sale"
9205986737,Cashew (Raw),22,quintal,12579,Coastal Alluvial,Vengurla,Sindhudurg,"Raw cashew nuts, sun-dried"
6640607351,Grapes,36,quintal,4877,Murrum,Palus,Sangli,"Fresh table grapes, good sugar content"
8528898041,Mixed Vegetables,41,quintal,1334,Red Laterite,Fort,Mumbai City,"Farm-fresh vegetables, harvested this week"
9739821116,Cotton,80,quintal,6721,Clayey Loam,Kelapur,Yavatmal,"High-grade cotton, sun-dried and ready for sale"
8241326230,Rice,97,quintal,2073,Black Cotton Soil,Salekasa,Gondia,"Fine quality rice, well-dried"
8140921045,Grapes,33,quintal,4235,Red Loamy,Jat,Sangli,"Fresh table grapes, good sugar content"
6549694785,Mixed Vegetables,40,quintal,1655,Black Cotton Soil,Karad,Satara,"Fresh seasonal vegetables, mixed lot"
8765974070,Rice,28,quintal,2009,Clayey Loam,Sironcha,Gadchiroli,"Local variety paddy, freshly harvested"
9515176071,Rice,79,quintal,2392,Medium Black Soil,Deori,Gondia,"Fine quality rice, well-dried"
6394407709,Orange (Santra),43,quintal,3765,Medium Black Soil,Bhiwapur,Nagpur,"Fresh orange, good size and colour"
7919300471,Mango (Alphonso),9,quintal,7707,Laterite Soil,Pen,Raigad,"Premium Alphonso mango, export grade"
8040439161,Cotton,50,quintal,7081,Clayey Loam,Pombhurna,Chandrapur,"Long-staple cotton, clean and well-ginned"
6166361406,Sugarcane,321,quintal,337,Murrum,Wai,Satara,"Fresh-cut sugarcane, high sucrose content"
9050843618,Custard Apple (Sitaphal),7,quintal,4900,Medium Black Soil,Patoda,Beed,"Fresh custard apple, good size"
7195388588,Soybean,48,quintal,4565,Black Cotton Soil,Ausa,Latur,"Good quality soybean, machine-cleaned"
6487430929,Rice,47,quintal,2355,Medium Black Soil,Desaiganj,Gadchiroli,"Fine quality rice, well-dried"
9964248471,Rice,62,quintal,2584,Black Cotton Soil,Lakhani,Bhandara,"Local variety paddy, freshly harvested"
7107804480,Jowar,56,quintal,2988,Murrum,Latur,Latur,"Rabi jowar, clean and well-dried"
8601267067,Cotton,54,quintal,7317,Medium Black Soil,Telhara,Akola,"High-grade cotton, sun-dried and ready for sale"
7472770183,Mixed Vegetables,43,quintal,986,Red Laterite,Bandra,Mumbai Suburban,"Farm-fresh vegetables, harvested this week"
7329201514,Tur (Arhar),23,quintal,6850,Murrum,Renapur,Latur,"Well-dried tur, ready for milling"
7684802828,Mixed Vegetables,42,quintal,1430,Laterite Soil,Fort,Mumbai City,"Farm-fresh vegetables, harvested this week"
6065000310,Rice,38,quintal,2358,Regur Soil,Lakhandur,Bhandara,"Fine quality rice, well-dried"
9956953535,Turmeric,11,quintal,8516,Black Cotton Soil,Tasgaon,Sangli,"Selam-variety turmeric, high curcumin content"
7175433599,Cotton,79,quintal,6595,Murrum,Beed,Beed,"High-grade cotton, sun-dried and ready for sale"
9426945205,Rice,65,quintal,2005,Regur Soil,Gondpimpri,Chandrapur,"Local variety paddy, freshly harvested"
6996292330,Sugarcane,252,quintal,348,Red Loamy,Miraj,Sangli,"High-yield sugarcane, ready for crushing"
9612550219,Rice,35,quintal,2584,Regur Soil,Salekasa,Gondia,"Local variety paddy, freshly harvested"
9530669669,Cotton,24,quintal,7176,Murrum,Naigaon,Nanded,"Premium BT cotton, harvested this Kharif season"
6036156305,Sugarcane,187,quintal,360,Red Loamy,Kagal,Kolhapur,"Fresh-cut sugarcane, high sucrose content"
7689210605,Cotton,58,quintal,7067,Sandy Loam,Navapur,Nandurbar,"High-grade cotton, sun-dried and ready for sale"
9597555345,Sugarcane,179,quintal,352,Red Loamy,Radhanagari,Kolhapur,"Fresh-cut sugarcane, high sucrose content"
7349343090,Soybean,78,quintal,4301,Medium Black Soil,Purna,Parbhani,"Good quality soybean, machine-cleaned"
7705020556,Rice,36,quintal,2044,Sandy Coastal Soil,Mangaon,Raigad,"Fine quality rice, well-dried"
8773027233,Cotton,53,quintal,7163,Murrum,Phulambri,Chhatrapati Sambhajinagar (Aurangabad),"Long-staple cotton, clean and well-ginned"
6785275723,Soybean,47,quintal,4794,Medium Black Soil,Sonpeth,Parbhani,"Clean soybean, low moisture content, ready for crushing"
8122557590,Wheat,76,quintal,2607,Medium Black Soil,Jafrabad,Jalna,"Sharbati wheat, Grade A"
6700007805,Cotton,19,quintal,7079,Regur Soil,Umarkhed,Yavatmal,"Premium BT cotton, harvested this Kharif season"
7309859883,Rice,50,quintal,2385,Medium Black Soil,Deori,Gondia,"Local variety paddy, freshly harvested"
7821150165,Cotton,48,quintal,6427,Black Cotton Soil,Jalgaon,Jalgaon,"High-grade cotton, sun-dried and ready for sale"
8321039357,Sugarcane,338,quintal,346,Murrum,Gaganbawada,Kolhapur,"Fresh-cut sugarcane, high sucrose content"
6873333535,Orange (Santra),24,quintal,3704,Medium Black Soil,Amravati,Amravati,"Nagpur santra, sweet and juicy"
9963274535,Rice,92,quintal,2217,Black Cotton Soil,Amgaon,Gondia,"Local variety paddy, freshly harvested"
6906222972,Strawberry,276,kg,158,Black Cotton Soil,Patan,Satara,"Sweet strawberry, ideal for jam-making"
9221920812,Mixed Vegetables,47,quintal,1392,Laterite Soil,Fort,Mumbai City,"Farm-fresh vegetables, harvested this week"
9012771974,Turmeric,33,quintal,7852,Red Loamy,Hatkanangale,Kolhapur,"Selam-variety turmeric, high curcumin content"
6235843522,Soybean,66,quintal,4685,Murrum,Biloli,Nanded,"Good quality soybean, machine-cleaned"
9316120073,Rice,89,quintal,2102,Black Cotton Soil,Pauni,Bhandara,"Local variety paddy, freshly harvested"
9909205400,Mango (Alphonso),29,quintal,7571,Coastal Alluvial,Mandangad,Ratnagiri,"Ratnagiri Hapus, naturally ripened"
6627940364,Cotton,35,quintal,7508,Black Cotton Soil,Paithan,Chhatrapati Sambhajinagar (Aurangabad),"Premium BT cotton, harvested this Kharif season"
7292764596,Onion,35,quintal,2280,Loamy,Rahuri,Ahilyanagar (Ahmednagar),"Fresh red onion, well-stored"
7654256516,Cashew (Raw),5,quintal,13512,Sandy Coastal Soil,Sangameshwar,Ratnagiri,"Raw cashew nuts, sun-dried"
8336797872,Chikoo (Sapota),20,quintal,3138,Red Laterite,Vada,Palghar,"Kalipatti chikoo, sweet and fresh"
8606291098,Soybean,48,quintal,4675,Black Cotton Soil,Latur,Latur,"Good quality soybean, machine-cleaned"
7138171251,Cotton,17,quintal,6532,Black Cotton Soil,Wardha,Wardha,"Premium BT cotton, harvested this Kharif season"
6055909893,Cotton,19,quintal,7578,Murrum,Deglur,Nanded,"Premium BT cotton, harvested this Kharif season"
6149920445,Sugarcane,260,quintal,304,Black Cotton Soil,Radhanagari,Kolhapur,"Fresh-cut sugarcane, high sucrose content"
8118228693,Sugarcane,112,quintal,343,Loamy,Shirol,Kolhapur,"High-yield sugarcane, ready for crushing"
6394407709,Cotton,73,quintal,7090,Regur Soil,Bhiwapur,Nagpur,"Long-staple cotton, clean and well-ginned"
9999823859,Rice,88,quintal,2247,Medium Black Soil,Goregaon,Gondia,"Local variety paddy, freshly harvested"
7516301027,Coconut,47,quintal,2293,Sandy Coastal Soil,Poladpur,Raigad,"Well-matured coconut, ready for market"
7555052056,Mixed Vegetables,19,quintal,1316,Sandy Coastal Soil,Borivali,Mumbai Suburban,"Fresh seasonal vegetables, mixed lot"
7640827462,Betelnut (Supari),11,quintal,9698,Coastal Alluvial,Sudhagad-Pali,Raigad,"Sun-dried supari, good quality"
8534757780,Mixed Vegetables,47,quintal,1075,Sandy Coastal Soil,Borivali,Mumbai Suburban,"Fresh seasonal vegetables, mixed lot"
8945119276,Turmeric,46,quintal,7871,Black Cotton Soil,Bhudargad,Kolhapur,"Selam-variety turmeric, high curcumin content"
9342092969,Orange (Santra),38,quintal,3037,Clayey Loam,Anjangaon-Surji,Amravati,"Nagpur santra, sweet and juicy"
7833946267,Rice,96,quintal,2215,Red Laterite,Tala,Raigad,"Local variety paddy, freshly harvested"
7345565664,Cotton,23,quintal,7153,Clayey Loam,Mehkar,Buldhana,"High-grade cotton, sun-dried and ready for sale"
6578608252,Onion,22,quintal,2014,Black Cotton Soil,Kalwan,Nashik,"Fresh red onion, well-stored"
9017569771,Cotton,65,quintal,6749,Black Cotton Soil,Gondpimpri,Chandrapur,"Premium BT cotton, harvested this Kharif season"
9900462471,Jowar,21,quintal,2649,Black Cotton Soil,Shirur Anantpal,Latur,"Rabi jowar, clean and well-dried"
8397611970,Coconut,42,quintal,2353,Sandy Coastal Soil,Murud,Raigad,"Fresh coconut, good copra content"
7752246834,Tur (Arhar),26,quintal,6888,Murrum,Renapur,Latur,"Clean tur dal grain, good quality"
9828989815,Papaya,20,quintal,1265,Black Cotton Soil,Akkalkuwa,Nandurbar,"Fresh papaya, ready for market"
7298456912,Sugarcane,397,quintal,355,Red Loamy,Solapur North,Solapur,"Fresh-cut sugarcane, high sucrose content"
9999823859,Rice,74,quintal,2190,Black Cotton Soil,Goregaon,Gondia,"Local variety paddy, freshly harvested"
8594094699,Rice,66,quintal,2232,Black Cotton Soil,Chamorshi,Gadchiroli,"Local variety paddy, freshly harvested"
7216630085,Cotton,79,quintal,7387,Black Cotton Soil,Nandgaon Khandeshwar,Amravati,"Long-staple cotton, clean and well-ginned"
8544352071,Soybean,64,quintal,4339,Murrum,Paranda,Dharashiv (Osmanabad),"Good quality soybean, machine-cleaned"
9081240706,Soybean,49,quintal,4578,Clayey Loam,Ner,Yavatmal,"Clean soybean, low moisture content, ready for crushing"
6665516155,Cotton,22,quintal,6289,Murrum,Loha,Nanded,"Long-staple cotton, clean and well-ginned"
8010011010,Banana,35,quintal,935,Loamy,Bhusawal,Jalgaon,"Fresh banana, ready for market"
8250347610,Rice,91,quintal,2443,Black Cotton Soil,Amgaon,Gondia,"Local variety paddy, freshly harvested"
7959294878,Tur (Arhar),11,quintal,7665,Murrum,Nilanga,Latur,"Well-dried tur, ready for milling"
7903626876,Orange (Santra),43,quintal,2995,Regur Soil,Mouda,Nagpur,"Fresh orange, good size and colour"
8946836462,Orange (Santra),15,quintal,3640,Regur Soil,Daryapur,Amravati,"Nagpur santra, sweet and juicy"
7978678775,Grapes,13,quintal,5391,Red Loamy,Kavathemahankal,Sangli,"Fresh table grapes, good sugar content"
7172995295,Rice,75,quintal,2280,Black Cotton Soil,Pauni,Bhandara,"Fine quality rice, well-dried"
9740302548,Mixed Vegetables,20,quintal,1136,Coastal Alluvial,Bandra,Mumbai Suburban,"Fresh seasonal vegetables, mixed lot"
7407857663,Cotton,41,quintal,6287,Medium Black Soil,Ambad,Jalna,"High-grade cotton, sun-dried and ready for sale"
6914535518,Sugarcane,253,quintal,341,Black Cotton Soil,Bhor,Pune,"High-yield sugarcane, ready for crushing"
8441042185,Rice,64,quintal,2021,Coastal Alluvial,Murbad,Thane,"Fine quality rice, well-dried"
6471425204,Cotton,25,quintal,6747,Black Cotton Soil,Akkalkuwa,Nandurbar,"Premium BT cotton, harvested this Kharif season"
7651591089,Sugarcane,202,quintal,317,Murrum,Washi,Dharashiv (Osmanabad),"High-yield sugarcane, ready for crushing"
9706021854,Cotton,28,quintal,6498,Clayey Loam,Zari Jamani,Yavatmal,"High-grade cotton, sun-dried and ready for sale"
7801291124,Sugarcane,390,quintal,341,Murrum,Kannad,Chhatrapati Sambhajinagar (Aurangabad),"Fresh-cut sugarcane, high sucrose content"
7632183522,Cotton,53,quintal,7144,Medium Black Soil,Malegaon,Washim,"High-grade cotton, sun-dried and ready for sale"
7374872549,Rice,93,quintal,2268,Clayey Loam,Mulchera,Gadchiroli,"Local variety paddy, freshly harvested"
9515176071,Rice,98,quintal,2592,Medium Black Soil,Deori,Gondia,"Local variety paddy, freshly harvested"
6551361705,Rice,98,quintal,2028,Clayey Loam,Mohadi,Bhandara,"Fine quality rice, well-dried"
7361962931,Soybean,64,quintal,4854,Regur Soil,Mehkar,Buldhana,"Clean soybean, low moisture content, ready for crushing"
7086010767,Turmeric,45,quintal,9391,Murrum,Sengaon,Hingoli,"Selam-variety turmeric, high curcumin content"
6950085692,Cotton,66,quintal,6287,Medium Black Soil,Murtajapur,Akola,"Premium BT cotton, harvested this Kharif season"
7376169798,Onion,35,quintal,2241,Murrum,Parner,Ahilyanagar (Ahmednagar),"Nashik-grade onion, medium size, low moisture"
8439337857,Tur (Arhar),35,quintal,7326,Murrum,Shirur Anantpal,Latur,"Clean tur dal grain, good quality"
6185278948,Soybean,23,quintal,4399,Black Cotton Soil,Nanded,Nanded,"Good quality soybean, machine-cleaned"
9171470905,Rice,24,quintal,2094,Clayey Loam,Lakhani,Bhandara,"Fine quality rice, well-dried"
6532756392,Sugarcane,362,quintal,354,Loamy,Maval,Pune,"Fresh-cut sugarcane, high sucrose content"
7279849354,Cashew (Raw),22,quintal,14849,Red Laterite,Kudal,Sindhudurg,"Raw cashew nuts, sun-dried"
9353148885,Rice,56,quintal,2344,Clayey Loam,Lakhandur,Bhandara,"Local variety paddy, freshly harvested"
8455364077,Banana,93,quintal,916,Sandy Loam,Bhusawal,Jalgaon,"G9 variety banana, uniform bunches"
9761946892,Cotton,52,quintal,6277,Black Cotton Soil,Malkapur,Buldhana,"Premium BT cotton, harvested this Kharif season"
6680127172,Soybean,55,quintal,4884,Clayey Loam,Mangrulpir,Washim,"Good quality soybean, machine-cleaned"
7458571570,Soybean,67,quintal,4245,Medium Black Soil,Paranda,Dharashiv (Osmanabad),"Good quality soybean, machine-cleaned"
7710631006,Cotton,70,quintal,7096,Black Cotton Soil,Nandurbar,Nandurbar,"High-grade cotton, sun-dried and ready for sale"
9166307569,Onion,41,quintal,1701,Loamy,Rahuri,Ahilyanagar (Ahmednagar),"Fresh red onion, well-stored"
7894299453,Cotton,63,quintal,6960,Regur Soil,Umarkhed,Yavatmal,"High-grade cotton, sun-dried and ready for sale"
8807277331,Cotton,21,quintal,7190,Clayey Loam,Digras,Yavatmal,"Premium BT cotton, harvested this Kharif season"
6185718756,Coconut,49,quintal,1927,Coastal Alluvial,Guhagar,Ratnagiri,"Well-matured coconut, ready for market"
7379425336,Sugarcane,225,quintal,339,Red Loamy,Khatav,Satara,"Fresh-cut sugarcane, high sucrose content"
7654354018,Orange (Santra),28,quintal,3061,Clayey Loam,Chandur,Amravati,"Nagpur santra, sweet and juicy"
7722366356,Orange (Santra),38,quintal,3630,Regur Soil,Mouda,Nagpur,"Nagpur santra, sweet and juicy"
8965446810,Mixed Vegetables,21,quintal,1054,Sandy Coastal Soil,Colaba,Mumbai City,"Farm-fresh vegetables, harvested this week"
9319243393,Sugarcane,180,quintal,305,Black Cotton Soil,Nevasa,Ahilyanagar (Ahmednagar),"Fresh-cut sugarcane, high sucrose content"
8372135081,Sugarcane,305,quintal,311,Murrum,Kavathemahankal,Sangli,"High-yield sugarcane, ready for crushing"
6853693938,Soybean,69,quintal,4894,Regur Soil,Dharni,Amravati,"Good quality soybean, machine-cleaned"
8587806754,Soybean,29,quintal,4495,Medium Black Soil,Murtajapur,Akola,"Good quality soybean, machine-cleaned"
6662698387,Jowar,15,quintal,2656,Loamy,Pandharpur,Solapur,"Rabi jowar, clean and well-dried"
6225510501,Cotton,43,quintal,6517,Regur Soil,Chandrapur,Chandrapur,"Long-staple cotton, clean and well-ginned"
6829741023,Mango (Alphonso),30,quintal,8244,Red Laterite,Karjat,Raigad,"Ratnagiri Hapus, naturally ripened"
8830177951,Custard Apple (Sitaphal),18,quintal,3918,Murrum,Ambajogai,Beed,"Fresh custard apple, good size"
8127634877,Cotton,34,quintal,7132,Medium Black Soil,Ashti,Beed,"Long-staple cotton, clean and well-ginned"
8682552794,Sugarcane,131,quintal,354,Loamy,Pune City,Pune,"Fresh-cut sugarcane, high sucrose content"
6384092956,Banana,39,quintal,1501,Sandy Loam,Navapur,Nandurbar,"G9 variety banana, uniform bunches"
7124769843,Cotton,69,quintal,7367,Black Cotton Soil,Talode,Nandurbar,"Premium BT cotton, harvested this Kharif season"
6587842233,Cotton,44,quintal,6816,Sandy Loam,Shirpur,Dhule,"Premium BT cotton, harvested this Kharif season"
9996250724,Turmeric,36,quintal,8558,Loamy,Khanapur,Sangli,"Sun-dried turmeric fingers, good colour"
7541061254,Papaya,46,quintal,1027,Black Cotton Soil,Akkalkuwa,Nandurbar,"Red Lady variety papaya, uniform ripening"
6578608252,Wheat,94,quintal,2463,Black Cotton Soil,Kalwan,Nashik,"Clean, well-dried wheat, good milling quality"
8956107315,Orange (Santra),36,quintal,3043,Black Cotton Soil,Achalpur,Amravati,"Fresh orange, good size and colour"
7644010541,Mixed Vegetables,15,quintal,1522,Sandy Coastal Soil,Colaba,Mumbai City,"Fresh seasonal vegetables, mixed lot"
8505307232,Strawberry,237,kg,150,Loamy,Maan,Satara,"Mahabaleshwar strawberry, fresh-picked"
8128555062,Cotton,31,quintal,6504,Medium Black Soil,Kaij,Beed,"High-grade cotton, sun-dried and ready for sale"
6313740841,Onion,96,quintal,2365,Murrum,Shrirampur,Ahilyanagar (Ahmednagar),"Fresh red onion, well-stored"
8759546893,Soybean,67,quintal,4805,Medium Black Soil,Manora,Washim,"Clean soybean, low moisture content, ready for crushing"
7582444557,Cotton,72,quintal,6823,Murrum,Basmath,Hingoli,"Premium BT cotton, harvested this Kharif season"
8267952184,Mixed Vegetables,19,quintal,1345,Loamy,Bhor,Pune,"Farm-fresh vegetables, harvested this week"
7481394635,Cotton,25,quintal,6524,Black Cotton Soil,Sakri,Dhule,"Long-staple cotton, clean and well-ginned"
7580542055,Rice,73,quintal,2247,Red Laterite,Murbad,Thane,"Fine quality rice, well-dried"
6734477086,Cotton,54,quintal,7376,Clayey Loam,Arvi,Wardha,"High-grade cotton, sun-dried and ready for sale"
6969802897,Maize,69,quintal,2265,Loamy,Dhadgaon,Nandurbar,"Good quality maize, ready for market"
8746944135,Soybean,17,quintal,4466,Medium Black Soil,Sonpeth,Parbhani,"Good quality soybean, machine-cleaned"
9165084327,Betelnut (Supari),13,quintal,11130,Coastal Alluvial,Dodamarg,Sindhudurg,"Fresh betelnut, well-processed"
8944535854,Turmeric,24,quintal,7143,Murrum,Loha,Nanded,"Sun-dried turmeric fingers, good colour"
9684636889,Rice,79,quintal,2452,Coastal Alluvial,Vada,Palghar,"Local variety paddy, freshly harvested"
8833928291,Soybean,71,quintal,4744,Medium Black Soil,Nilanga,Latur,"Good quality soybean, machine-cleaned"
9538530276,Banana,71,quintal,1544,Loamy,Bhadgaon,Jalgaon,"Fresh banana, ready for market"
7040650361,Soybean,48,quintal,4762,Murrum,Dharmabad,Nanded,"Good quality soybean, machine-cleaned"
9691669547,Rice,99,quintal,2557,Black Cotton Soil,Mulchera,Gadchiroli,"Local variety paddy, freshly harvested"
8436926025,Coconut,49,quintal,1927,Red Laterite,Kudal,Sindhudurg,"Well-matured coconut, ready for market"
7909797148,Cotton,54,quintal,6206,Medium Black Soil,Mahur,Nanded,"Premium BT cotton, harvested this Kharif season"
7021368586,Sugarcane,253,quintal,354,Medium Black Soil,Wadwani,Beed,"High-yield sugarcane, ready for crushing"
9863528645,Cashew (Raw),17,quintal,14073,Laterite Soil,Sawantwadi,Sindhudurg,"Raw cashew nuts, sun-dried"
8918803781,Turmeric,24,quintal,7474,Loamy,Hatkanangale,Kolhapur,"Selam-variety turmeric, high curcumin content"
9930723933,Strawberry,225,kg,148,Red Loamy,Jaoli,Satara,"Mahabaleshwar strawberry, fresh-picked"
6458779087,Cotton,68,quintal,7590,Clayey Loam,Deoli,Wardha,"High-grade cotton, sun-dried and ready for sale"
6214023395,Strawberry,236,kg,125,Loamy,Maan,Satara,"Sweet strawberry, ideal for jam-making"
9095432792,Soybean,41,quintal,4830,Murrum,Latur,Latur,"Good quality soybean, machine-cleaned"
8383659405,Cashew (Raw),21,quintal,12027,Coastal Alluvial,Ratnagiri,Ratnagiri,"Raw cashew nuts, sun-dried"
6833374893,Soybean,15,quintal,4459,Murrum,Sengaon,Hingoli,"Good quality soybean, machine-cleaned"
8925405021,Cotton,46,quintal,6948,Medium Black Soil,Palam,Parbhani,"Premium BT cotton, harvested this Kharif season"
8972454592,Rice,28,quintal,2008,Coastal Alluvial,Mahad,Raigad,"Fine quality rice, well-dried"
8698149796,Soybean,32,quintal,4212,Regur Soil,Yavatmal,Yavatmal,"Clean soybean, low moisture content, ready for crushing"
7740551344,Sugarcane,201,quintal,322,Black Cotton Soil,Shirol,Kolhapur,"Fresh-cut sugarcane, high sucrose content"
8247796404,Mango (Alphonso),39,quintal,5992,Laterite Soil,Guhagar,Ratnagiri,"Premium Alphonso mango, export grade"
8833928291,Tur (Arhar),19,quintal,7499,Black Cotton Soil,Nilanga,Latur,"Well-dried tur, ready for milling"
6640263783,Mixed Vegetables,11,quintal,1711,Laterite Soil,Colaba,Mumbai City,"Fresh seasonal vegetables, mixed lot"
8554474518,Cotton,56,quintal,6253,Medium Black Soil,Babhulgaon,Yavatmal,"High-grade cotton, sun-dried and ready for sale"
8087672291,Tur (Arhar),19,quintal,6916,Murrum,Shirur Anantpal,Latur,"Well-dried tur, ready for milling"
7505048540,Soybean,26,quintal,4709,Black Cotton Soil,Gangakhed,Parbhani,"Good quality soybean, machine-cleaned"
9666381853,Soybean,77,quintal,4831,Black Cotton Soil,Lohara,Dharashiv (Osmanabad),"Good quality soybean, machine-cleaned"
8970310668,Sugarcane,256,quintal,302,Black Cotton Soil,Panhala,Kolhapur,"High-yield sugarcane, ready for crushing"
6192548816,Mango (Alphonso),12,quintal,8323,Coastal Alluvial,Ambarnath,Thane,"Premium Alphonso mango, export grade"
9931986350,Rice,27,quintal,2044,Regur Soil,Sironcha,Gadchiroli,"Fine quality rice, well-dried"
7771679432,Groundnut,58,quintal,5552,Medium Black Soil,Mantha,Jalna,"Clean, well-dried groundnut"
7419821366,Pomegranate,31,quintal,5363,Black Cotton Soil,Barshi,Solapur,"Bhagwa variety pomegranate, export quality"
8855170459,Groundnut,48,quintal,6467,Sandy Loam,Bodwad,Jalgaon,"Bold variety groundnut, good oil content"
8030928126,Orange (Santra),57,quintal,3682,Regur Soil,Deoli,Wardha,"Fresh orange, good size and colour"
7905587716,Papaya,34,quintal,1385,Loamy,Navapur,Nandurbar,"Red Lady variety papaya, uniform ripening"
9538530276,Cotton,62,quintal,7072,Loamy,Bhadgaon,Jalgaon,"High-grade cotton, sun-dried and ready for sale"
9537736551,Wheat,68,quintal,2573,Medium Black Soil,Jalna,Jalna,"Clean, well-dried wheat, good milling quality"
7223193498,Cotton,15,quintal,6218,Clayey Loam,Nandgaon Khandeshwar,Amravati,"Long-staple cotton, clean and well-ginned"
6665516155,Soybean,80,quintal,4729,Medium Black Soil,Loha,Nanded,"Good quality soybean, machine-cleaned"
8777215583,Cotton,47,quintal,7429,Sandy Loam,Pachora,Jalgaon,"Long-staple cotton, clean and well-ginned"
7061994099,Sugarcane,352,quintal,350,Murrum,Karvir,Kolhapur,"High-yield sugarcane, ready for crushing"
9524439785,Rice,66,quintal,2492,Black Cotton Soil,Nagbhid,Chandrapur,"Local variety paddy, freshly harvested"
6404992929,Rice,76,quintal,2209,Regur Soil,Gadchiroli,Gadchiroli,"Local variety paddy, freshly harvested"
6598205772,Mixed Vegetables,14,quintal,1311,Coastal Alluvial,Dadar,Mumbai City,"Fresh seasonal vegetables, mixed lot"
6741506215,Cotton,36,quintal,6487,Regur Soil,Dharni,Amravati,"Long-staple cotton, clean and well-ginned"
8744940514,Grapes,28,quintal,4091,Loamy,Purandhar,Pune,"Fresh table grapes, good sugar content"
8077206179,Tomato,52,quintal,1463,Black Cotton Soil,Igatpuri,Nashik,"Farm-fresh tomatoes, harvested this week"
6499814155,Rice,59,quintal,2204,Medium Black Soil,Arjuni-Morgaon,Gondia,"Local variety paddy, freshly harvested"
6089592409,Cotton,51,quintal,7318,Murrum,Kinwat,Nanded,"High-grade cotton, sun-dried and ready for sale"
7526047681,Rice,53,quintal,2390,Black Cotton Soil,Arjuni-Morgaon,Gondia,"Local variety paddy, freshly harvested"
9042108457,Cotton,61,quintal,6925,Murrum,Aurangabad,Chhatrapati Sambhajinagar (Aurangabad),"Premium BT cotton, harvested this Kharif season"
7668881434,Turmeric,48,quintal,8685,Black Cotton Soil,Sengaon,Hingoli,"Sun-dried turmeric fingers, good colour"
8949339809,Soybean,55,quintal,4436,Regur Soil,Risod,Washim,"Clean soybean, low moisture content, ready for crushing"
9863528645,Mango (Alphonso),26,quintal,5105,Laterite Soil,Sawantwadi,Sindhudurg,"Premium Alphonso mango, export grade"
9251612472,Soybean,68,quintal,4749,Medium Black Soil,Jalkot,Latur,"Clean soybean, low moisture content, ready for crushing"
7508535640,Cotton,68,quintal,7232,Loamy,Bhusawal,Jalgaon,"Premium BT cotton, harvested this Kharif season"
8699845050,Cotton,61,quintal,6628,Regur Soil,Ralegaon,Yavatmal,"Long-staple cotton, clean and well-ginned"
8674930545,Onion,52,quintal,1931,Sandy Loam,Dhule,Dhule,"Fresh red onion, well-stored"
8955032717,Jowar,30,quintal,2741,Black Cotton Soil,Shirur Anantpal,Latur,"Good quality jowar, low moisture"
9834385141,Groundnut,34,quintal,6185,Murrum,Mantha,Jalna,"Clean, well-dried groundnut"
7651329428,Coconut,40,quintal,2015,Laterite Soil,Malwan,Sindhudurg,"Well-matured coconut, ready for market"
8246080504,Mixed Vegetables,20,quintal,1398,Sandy Coastal Soil,Parel,Mumbai City,"Farm-fresh vegetables, harvested this week"
9910763736,Turmeric,28,quintal,8461,Black Cotton Soil,Hingoli,Hingoli,"Sun-dried turmeric fingers, good colour"
7583171621,Cotton,46,quintal,6653,Black Cotton Soil,Akot,Akola,"Premium BT cotton, harvested this Kharif season"
7719210582,Sugarcane,270,quintal,349,Murrum,Madha,Solapur,"Fresh-cut sugarcane, high sucrose content"
7195388588,Jowar,21,quintal,2854,Medium Black Soil,Ausa,Latur,"Rabi jowar, clean and well-dried"
6491382088,Papaya,36,quintal,1043,Loamy,Akkalkuwa,Nandurbar,"Fresh papaya, ready for market"
6152246717,Rice,43,quintal,2214,Medium Black Soil,Amgaon,Gondia,"Local variety paddy, freshly harvested"
9576099554,Orange (Santra),31,quintal,3090,Medium Black Soil,Arvi,Wardha,"Fresh orange, good size and colour"
6509060820,Orange (Santra),51,quintal,2734,Regur Soil,Bhatkuli,Amravati,"Fresh orange, good size and colour"
9972678660,Turmeric,17,quintal,9346,Red Loamy,Gadhinglaj,Kolhapur,"Selam-variety turmeric, high curcumin content"
6426480753,Cotton,77,quintal,6966,Black Cotton Soil,Jalna,Jalna,"Premium BT cotton, harvested this Kharif season"
8751451331,Mixed Vegetables,18,quintal,1108,Sandy Coastal Soil,Bandra,Mumbai Suburban,"Farm-fresh vegetables, harvested this week"
8115694427,Chikoo (Sapota),40,quintal,2011,Laterite Soil,Talasari,Palghar,"Fresh sapota, ready for market"
8386931753,Pomegranate,37,quintal,5168,Red Loamy,Pathardi,Ahilyanagar (Ahmednagar),"Fresh pomegranate, good size and colour"
7774454703,Cotton,47,quintal,7426,Regur Soil,Balapur,Akola,"Long-staple cotton, clean and well-ginned"
9177483518,Onion,62,quintal,2401,Loamy,Malegaon,Nashik,"Export-quality red onion, freshly harvested"
6381913507,Sugarcane,329,quintal,304,Loamy,Kavathemahankal,Sangli,"High-yield sugarcane, ready for crushing"
8528898041,Mixed Vegetables,48,quintal,1022,Laterite Soil,Fort,Mumbai City,"Fresh seasonal vegetables, mixed lot"
7635593410,Mango (Alphonso),36,quintal,7953,Laterite Soil,Mangaon,Raigad,"Premium Alphonso mango, export grade"
8480871075,Soybean,16,quintal,4696,Medium Black Soil,Chakur,Latur,"Good quality soybean, machine-cleaned"
8441042185,Mixed Vegetables,37,quintal,1536,Red Laterite,Murbad,Thane,"Farm-fresh vegetables, harvested this week"
9276090772,Betelnut (Supari),12,quintal,9666,Sandy Coastal Soil,Dapoli,Ratnagiri,"Sun-dried supari, good quality"
9956953535,Grapes,40,quintal,6018,Red Loamy,Tasgaon,Sangli,"Thompson seedless grapes, export quality"
8568267849,Soybean,87,quintal,4881,Black Cotton Soil,Ausa,Latur,"Clean soybean, low moisture content, ready for crushing"
7579724748,Turmeric,26,quintal,7065,Medium Black Soil,Palam,Parbhani,"Sun-dried turmeric fingers, good colour"
7978678775,Sugarcane,235,quintal,322,Red Loamy,Kavathemahankal,Sangli,"Fresh-cut sugarcane, high sucrose content"
6803089461,Cotton,33,quintal,6467,Murrum,Umri,Nanded,"Long-staple cotton, clean and well-ginned"
7657257988,Coconut,27,quintal,2149,Laterite Soil,Mandangad,Ratnagiri,"Fresh coconut, good copra content"
8682552794,Onion,43,quintal,2354,Red Loamy,Pune City,Pune,"Fresh red onion, well-stored"
6494450287,Turmeric,45,quintal,7990,Murrum,Kagal,Kolhapur,"Selam-variety turmeric, high curcumin content"
6540122311,Sugarcane,348,quintal,312,Black Cotton Soil,Panhala,Kolhapur,"High-yield sugarcane, ready for crushing"
7261260579,Orange (Santra),70,quintal,3074,Clayey Loam,Karanja,Wardha,"Nagpur santra, sweet and juicy"
9079947431,Cashew (Raw),13,quintal,14521,Sandy Coastal Soil,Dodamarg,Sindhudurg,"Raw cashew nuts, sun-dried"
6554577471,Papaya,66,quintal,1314,Sandy Loam,Shahada,Nandurbar,"Fresh papaya, ready for market"
6232611317,Mixed Vegetables,46,quintal,841,Black Cotton Soil,Junnar,Pune,"Fresh seasonal vegetables, mixed lot"
7534418743,Banana,35,quintal,1560,Red Loamy,Sangole,Solapur,"G9 variety banana, uniform bunches"
6349705972,Cotton,61,quintal,6870,Medium Black Soil,Mangrulpir,Washim,"High-grade cotton, sun-dried and ready for sale"
7411973452,Cotton,31,quintal,6939,Loamy,Raver,Jalgaon,"High-grade cotton, sun-dried and ready for sale"
6772711699,Grapes,46,quintal,5387,Sandy Loam,Niphad,Nashik,"Thompson seedless grapes, export quality"
9113380133,Chikoo (Sapota),43,quintal,2809,Red Laterite,Dahanu,Palghar,"Fresh sapota, ready for market"
9373870052,Mango (Alphonso),6,quintal,5978,Laterite Soil,Thane,Thane,"Ratnagiri Hapus, naturally ripened"
7692661878,Sugarcane,114,quintal,302,Medium Black Soil,Gangapur,Chhatrapati Sambhajinagar (Aurangabad),"High-yield sugarcane, ready for crushing"
9701498428,Soybean,19,quintal,4414,Regur Soil,Washim,Washim,"Clean soybean, low moisture content, ready for crushing"
9903053632,Soybean,43,quintal,4265,Clayey Loam,Kelapur,Yavatmal,"Clean soybean, low moisture content, ready for crushing"
9526887017,Rice,71,quintal,2508,Regur Soil,Bramhapuri,Chandrapur,"Local variety paddy, freshly harvested"
8178522103,Sugarcane,347,quintal,352,Murrum,Maval,Pune,"Fresh-cut sugarcane, high sucrose content"
9231264506,Mixed Vegetables,10,quintal,1705,Coastal Alluvial,Borivali,Mumbai Suburban,"Farm-fresh vegetables, harvested this week"
8870384971,Rice,22,quintal,2290,Laterite Soil,Mangaon,Raigad,"Local variety paddy, freshly harvested"
9094439310,Wheat,90,quintal,2392,Loamy,Peth,Nashik,"Sharbati wheat, Grade A"
8455710470,Tur (Arhar),21,quintal,6520,Medium Black Soil,Jalkot,Latur,"Clean tur dal grain, good quality"
9424449244,Turmeric,13,quintal,7653,Loamy,Jat,Sangli,"Sun-dried turmeric fingers, good colour"
9214316481,Mixed Vegetables,46,quintal,1783,Red Laterite,Thane,Thane,"Fresh seasonal vegetables, mixed lot"
7215538495,Cotton,69,quintal,6547,Medium Black Soil,Karanja,Wardha,"Long-staple cotton, clean and well-ginned"
7743744993,Rice,91,quintal,2334,Medium Black Soil,Chimur,Chandrapur,"Fine quality rice, well-dried"
9108789326,Turmeric,28,quintal,7649,Medium Black Soil,Mukhed,Nanded,"Selam-variety turmeric, high curcumin content"
6570660431,Soybean,53,quintal,4373,Black Cotton Soil,Malkapur,Buldhana,"Clean soybean, low moisture content, ready for crushing"
6014411743,Rice,25,quintal,2339,Medium Black Soil,Sadak-Arjuni,Gondia,"Fine quality rice, well-dried"
7702634176,Pomegranate,14,quintal,6444,Loamy,Shevgaon,Ahilyanagar (Ahmednagar),"Fresh pomegranate, good size and colour"
6359488906,Coconut,20,quintal,2518,Coastal Alluvial,Murud,Raigad,"Well-matured coconut, ready for market"
9975398189,Cotton,73,quintal,6409,Regur Soil,Balapur,Akola,"High-grade cotton, sun-dried and ready for sale"
6825107978,Pomegranate,14,quintal,4534,Black Cotton Soil,Jamkhed,Ahilyanagar (Ahmednagar),"Bhagwa variety pomegranate, export quality"
8140025293,Sugarcane,172,quintal,354,Black Cotton Soil,Phaltan,Satara,"Fresh-cut sugarcane, high sucrose content"
7212040476,Jowar,78,quintal,3069,Red Loamy,Solapur North,Solapur,"Good quality jowar, low moisture"
9566010065,Banana,31,quintal,1204,Sandy Loam,Jalgaon,Jalgaon,"Fresh banana, ready for market"
8746944135,Cotton,47,quintal,6625,Black Cotton Soil,Sonpeth,Parbhani,"Premium BT cotton, harvested this Kharif season"
6446639493,Mixed Vegetables,29,quintal,842,Laterite Soil,Borivali,Mumbai Suburban,"Fresh seasonal vegetables, mixed lot"
7501467619,Rice,41,quintal,2404,Regur Soil,Lakhandur,Bhandara,"Fine quality rice, well-dried"
8336797872,Rice,38,quintal,2227,Sandy Coastal Soil,Vada,Palghar,"Fine quality rice, well-dried"
6492245600,Mixed Vegetables,48,quintal,1734,Laterite Soil,Byculla,Mumbai City,"Farm-fresh vegetables, harvested this week"
7829395668,Rice,29,quintal,2573,Clayey Loam,Etapalli,Gadchiroli,"Local variety paddy, freshly harvested"
8464675571,Cotton,24,quintal,7451,Medium Black Soil,Arni,Yavatmal,"High-grade cotton, sun-dried and ready for sale"
8181339274,Soybean,33,quintal,4380,Murrum,Deoni,Latur,"Good quality soybean, machine-cleaned"
6413297415,Sugarcane,370,quintal,327,Murrum,Hatkanangale,Kolhapur,"Fresh-cut sugarcane, high sucrose content"
9207939438,Cotton,24,quintal,6632,Sandy Loam,Muktainagar,Jalgaon,"High-grade cotton, sun-dried and ready for sale"
8656851377,Sugarcane,313,quintal,339,Black Cotton Soil,Majalgaon,Beed,"Fresh-cut sugarcane, high sucrose content"
7017196596,Grapes,10,quintal,6348,Loamy,Sinnar,Nashik,"Thompson seedless grapes, export quality"
8510744580,Orange (Santra),61,quintal,2820,Clayey Loam,Bhiwapur,Nagpur,"Nagpur santra, sweet and juicy"
7192258565,Cotton,74,quintal,6544,Medium Black Soil,Daryapur,Amravati,"Long-staple cotton, clean and well-ginned"
9482133964,Cotton,68,quintal,7292,Sandy Loam,Erandol,Jalgaon,"Premium BT cotton, harvested this Kharif season"
9106985883,Mixed Vegetables,44,quintal,1293,Sandy Coastal Soil,Byculla,Mumbai City,"Farm-fresh vegetables, harvested this week"
6601273751,Sugarcane,387,quintal,301,Loamy,Phaltan,Satara,"High-yield sugarcane, ready for crushing"
7504273791,Sugarcane,209,quintal,330,Black Cotton Soil,Solapur North,Solapur,"Fresh-cut sugarcane, high sucrose content"
6825107978,Sugarcane,341,quintal,305,Black Cotton Soil,Jamkhed,Ahilyanagar (Ahmednagar),"Fresh-cut sugarcane, high sucrose content"
9442043099,Sugarcane,204,quintal,344,Murrum,Vaijapur,Chhatrapati Sambhajinagar (Aurangabad),"High-yield sugarcane, ready for crushing"
7885310500,Cotton,47,quintal,6639,Medium Black Soil,Gangapur,Chhatrapati Sambhajinagar (Aurangabad),"Premium BT cotton, harvested this Kharif season"
6914535518,Mixed Vegetables,47,quintal,1492,Red Loamy,Bhor,Pune,"Fresh seasonal vegetables, mixed lot"
7224445817,Onion,44,quintal,1752,Red Loamy,Shrirampur,Ahilyanagar (Ahmednagar),"Fresh red onion, well-stored"
6084255677,Sunflower Seed,31,quintal,6703,Clayey Loam,Sindkhed Raja,Buldhana,Well-dried sunflower seed
6850971571,Cotton,69,quintal,7328,Regur Soil,Nandgaon Khandeshwar,Amravati,"Premium BT cotton, harvested this Kharif season"
9305200907,Sugarcane,190,quintal,301,Black Cotton Soil,Koregaon,Satara,"Fresh-cut sugarcane, high sucrose content"
8698066697,Rice,44,quintal,2404,Medium Black Soil,Desaiganj,Gadchiroli,"Local variety paddy, freshly harvested"
6186907669,Rice,100,quintal,2143,Medium Black Soil,Etapalli,Gadchiroli,"Fine quality rice, well-dried"
7215538495,Orange (Santra),75,quintal,3228,Medium Black Soil,Karanja,Wardha,"Fresh orange, good size and colour"
7007682575,Pomegranate,21,quintal,6626,Red Loamy,Akole,Ahilyanagar (Ahmednagar),"Bhagwa variety pomegranate, export quality"
9659153710,Cotton,27,quintal,6737,Clayey Loam,Seloo,Wardha,"High-grade cotton, sun-dried and ready for sale"
8321147606,Soybean,17,quintal,4483,Black Cotton Soil,Naigaon,Nanded,"Good quality soybean, machine-cleaned"
9867173683,Rice,49,quintal,2507,Regur Soil,Sadak-Arjuni,Gondia,"Local variety paddy, freshly harvested"
9594262160,Turmeric,35,quintal,8774,Black Cotton Soil,Palam,Parbhani,"Selam-variety turmeric, high curcumin content"
9413857255,Mango (Alphonso),9,quintal,6665,Laterite Soil,Sudhagad-Pali,Raigad,"Ratnagiri Hapus, naturally ripened"
6322124303,Soybean,19,quintal,4705,Medium Black Soil,Umarga,Dharashiv (Osmanabad),"Good quality soybean, machine-cleaned"
8586121303,Cotton,59,quintal,6564,Murrum,Phulambri,Chhatrapati Sambhajinagar (Aurangabad),"Long-staple cotton, clean and well-ginned"
6917226482,Cotton,61,quintal,6910,Medium Black Soil,Hinganghat,Wardha,"Premium BT cotton, harvested this Kharif season"
9834385141,Wheat,67,quintal,2379,Black Cotton Soil,Mantha,Jalna,"Clean, well-dried wheat, good milling quality"
8559211241,Soybean,20,quintal,4860,Medium Black Soil,Umarga,Dharashiv (Osmanabad),"Good quality soybean, machine-cleaned"
7286182580,Turmeric,37,quintal,7820,Medium Black Soil,Karanja,Washim,"Selam-variety turmeric, high curcumin content"
9151930893,Rice,85,quintal,2121,Black Cotton Soil,Tumsar,Bhandara,"Fine quality rice, well-dried"
9516151458,Cotton,47,quintal,6683,Sandy Loam,Sakri,Dhule,"Long-staple cotton, clean and well-ginned"
7767670331,Rice,40,quintal,2551,Regur Soil,Desaiganj,Gadchiroli,"Local variety paddy, freshly harvested"
9151225961,Mango (Alphonso),21,quintal,6907,Red Laterite,Kankavli,Sindhudurg,"Premium Alphonso mango, export grade"
8264700340,Groundnut,29,quintal,5838,Murrum,Jafrabad,Jalna,"Bold variety groundnut, good oil content"
6808848652,Cotton,56,quintal,7510,Medium Black Soil,Mantha,Jalna,"Long-staple cotton, clean and well-ginned"
6586603476,Cotton,32,quintal,7325,Black Cotton Soil,Partur,Jalna,"Long-staple cotton, clean and well-ginned"
7423806197,Turmeric,34,quintal,7169,Medium Black Soil,Kalamnuri,Hingoli,"Selam-variety turmeric, high curcumin content"
6988549107,Cotton,37,quintal,6541,Black Cotton Soil,Wadwani,Beed,"Long-staple cotton, clean and well-ginned"
6207334436,Rice,81,quintal,2309,Regur Soil,Pauni,Bhandara,"Local variety paddy, freshly harvested"
8130717288,Soybean,53,quintal,4692,Regur Soil,Nandura,Buldhana,"Good quality soybean, machine-cleaned"
9310727593,Betelnut (Supari),10,quintal,10969,Coastal Alluvial,Uran,Raigad,"Sun-dried supari, good quality"
7969746129,Mixed Vegetables,47,quintal,1238,Red Laterite,Bandra,Mumbai Suburban,"Fresh seasonal vegetables, mixed lot"
9014062623,Cashew (Raw),13,quintal,11514,Red Laterite,Chiplun,Ratnagiri,"Good quality raw cashew, ready for processing"
7318658741,Rice,27,quintal,2005,Regur Soil,Saoli,Chandrapur,"Fine quality rice, well-dried"
8944568080,Sugarcane,165,quintal,345,Murrum,Gaganbawada,Kolhapur,"Fresh-cut sugarcane, high sucrose content"
6850971571,Orange (Santra),41,quintal,3754,Black Cotton Soil,Nandgaon Khandeshwar,Amravati,"Nagpur santra, sweet and juicy"
7398490416,Grapes,15,quintal,6139,Loamy,Shirala,Sangli,"Fresh table grapes, good sugar content"
7634439856,Grapes,44,quintal,5789,Loamy,Haveli,Pune,"Thompson seedless grapes, export quality"
6506143224,Soybean,22,quintal,4677,Medium Black Soil,Parbhani,Parbhani,"Good quality soybean, machine-cleaned"
8248133354,Cotton,44,quintal,6524,Regur Soil,Sindewahi,Chandrapur,"Long-staple cotton, clean and well-ginned"
8517612503,Soybean,84,quintal,4126,Regur Soil,Balapur,Akola,"Clean soybean, low moisture content, ready for crushing"
6218331268,Strawberry,280,kg,169,Black Cotton Soil,Maan,Satara,"Sweet strawberry, ideal for jam-making"
9052177011,Orange (Santra),76,quintal,3789,Medium Black Soil,Morshi,Amravati,"Nagpur santra, sweet and juicy"
6602437602,Groundnut,21,quintal,6579,Medium Black Soil,Ghansawangi,Jalna,"Bold variety groundnut, good oil content"
9328673056,Mixed Vegetables,28,quintal,1333,Sandy Coastal Soil,Colaba,Mumbai City,"Fresh seasonal vegetables, mixed lot"
8789309234,Cotton,37,quintal,7563,Black Cotton Soil,Akkalkuwa,Nandurbar,"Long-staple cotton, clean and well-ginned"
8706795188,Mixed Vegetables,31,quintal,1564,Loamy,Pune City,Pune,"Fresh seasonal vegetables, mixed lot"
9814639723,Sugarcane,269,quintal,342,Medium Black Soil,Paithan,Chhatrapati Sambhajinagar (Aurangabad),"High-yield sugarcane, ready for crushing"
7757483874,Papaya,44,quintal,931,Sandy Loam,Navapur,Nandurbar,"Red Lady variety papaya, uniform ripening"
8684556461,Sugarcane,261,quintal,349,Black Cotton Soil,Patan,Satara,"Fresh-cut sugarcane, high sucrose content"
9909213512,Soybean,41,quintal,4201,Black Cotton Soil,Latur,Latur,"Good quality soybean, machine-cleaned"
8064709519,Sugarcane,205,quintal,316,Murrum,Rahata,Ahilyanagar (Ahmednagar),"High-yield sugarcane, ready for crushing"
6617951799,Rice,52,quintal,2099,Regur Soil,Pauni,Bhandara,"Local variety paddy, freshly harvested"
7140567084,Cotton,39,quintal,7061,Medium Black Soil,Jafrabad,Jalna,"Long-staple cotton, clean and well-ginned"
6836234848,Mixed Vegetables,17,quintal,1701,Murrum,Jaoli,Satara,"Farm-fresh vegetables, harvested this week"
9964248471,Rice,51,quintal,2056,Regur Soil,Lakhani,Bhandara,"Local variety paddy, freshly harvested"
9895877063,Jowar,35,quintal,2648,Black Cotton Soil,Deoni,Latur,"Good quality jowar, low moisture"
9939673778,Coconut,15,quintal,1995,Red Laterite,Khed,Ratnagiri,"Well-matured coconut, ready for market"
9174448032,Pomegranate,30,quintal,4037,Black Cotton Soil,Shrigonda,Ahilyanagar (Ahmednagar),"Fresh pomegranate, good size and colour"
9101995658,Wheat,24,quintal,2623,Loamy,Malegaon,Nashik,"Clean, well-dried wheat, good milling quality"
8744940514,Onion,85,quintal,1745,Loamy,Purandhar,Pune,"Fresh red onion, well-stored"
8976363729,Cashew (Raw),25,quintal,13375,Sandy Coastal Soil,Sawantwadi,Sindhudurg,"Good quality raw cashew, ready for processing"
8767675328,Rice,31,quintal,2095,Regur Soil,Mohadi,Bhandara,"Fine quality rice, well-dried"
6542648811,Soybean,54,quintal,4446,Black Cotton Soil,Tiosa,Amravati,"Good quality soybean, machine-cleaned"
6879624872,Sugarcane,286,quintal,303,Medium Black Soil,Kaij,Beed,"Fresh-cut sugarcane, high sucrose content"
7128831950,Sugarcane,130,quintal,340,Murrum,Kavathemahankal,Sangli,"High-yield sugarcane, ready for crushing"
6153366841,Mixed Vegetables,31,quintal,1794,Murrum,Khed,Pune,"Fresh seasonal vegetables, mixed lot"
8179199204,Cashew (Raw),17,quintal,13284,Sandy Coastal Soil,Chiplun,Ratnagiri,"Raw cashew nuts, sun-dried"
6120504154,Sugarcane,387,quintal,318,Murrum,Atpadi,Sangli,"Fresh-cut sugarcane, high sucrose content"
9303971958,Cotton,72,quintal,6478,Black Cotton Soil,Chalisgaon,Jalgaon,"Premium BT cotton, harvested this Kharif season"
9453346841,Cotton,34,quintal,7524,Clayey Loam,Manora,Washim,"Premium BT cotton, harvested this Kharif season"
9433329022,Soybean,15,quintal,4352,Regur Soil,Mehkar,Buldhana,"Clean soybean, low moisture content, ready for crushing"
9380980067,Betelnut (Supari),8,quintal,11810,Sandy Coastal Soil,Mandangad,Ratnagiri,"Fresh betelnut, well-processed"
8021272983,Sugarcane,238,quintal,349,Loamy,Phaltan,Satara,"Fresh-cut sugarcane, high sucrose content"
8992379151,Orange (Santra),41,quintal,2950,Black Cotton Soil,Karanja,Wardha,"Nagpur santra, sweet and juicy"
8041027109,Onion,54,quintal,1738,Black Cotton Soil,Sindkheda,Dhule,"Fresh red onion, well-stored"
8219584221,Cotton,51,quintal,6602,Sandy Loam,Jamner,Jalgaon,"Long-staple cotton, clean and well-ginned"
8439185356,Rice,94,quintal,2160,Medium Black Soil,Sakoli,Bhandara,"Fine quality rice, well-dried"
8815248638,Rice,97,quintal,2147,Regur Soil,Armori,Gadchiroli,"Fine quality rice, well-dried"
9540016748,Cotton,30,quintal,6229,Regur Soil,Nagpur Rural,Nagpur,"Long-staple cotton, clean and well-ginned"
8281324755,Sugarcane,277,quintal,330,Black Cotton Soil,Panhala,Kolhapur,"High-yield sugarcane, ready for crushing"
9281710313,Cotton,34,quintal,6746,Regur Soil,Wardha,Wardha,"High-grade cotton, sun-dried and ready for sale"
8254401128,Mango (Alphonso),21,quintal,4140,Coastal Alluvial,Mhasala,Raigad,"Ratnagiri Hapus, naturally ripened"
9281597053,Soybean,56,quintal,4801,Black Cotton Soil,Ahmedpur,Latur,"Good quality soybean, machine-cleaned"
9662421718,Cotton,75,quintal,6948,Medium Black Soil,Pusad,Yavatmal,"High-grade cotton, sun-dried and ready for sale"
9065131983,Strawberry,92,kg,168,Loamy,Koregaon,Satara,"Mahabaleshwar strawberry, fresh-picked"
7865277061,Sunflower Seed,13,quintal,5821,Medium Black Soil,Majalgaon,Beed,Well-dried sunflower seed
8422851836,Sugarcane,181,quintal,357,Murrum,Kopargaon,Ahilyanagar (Ahmednagar),"High-yield sugarcane, ready for crushing"
9372681644,Jowar,36,quintal,2751,Black Cotton Soil,Ahmedpur,Latur,"Rabi jowar, clean and well-dried"
9236993586,Orange (Santra),45,quintal,2545,Clayey Loam,Hinganghat,Wardha,"Fresh orange, good size and colour"
9433136798,Cotton,73,quintal,6547,Regur Soil,Chimur,Chandrapur,"Premium BT cotton, harvested this Kharif season"
6255671032,Soybean,86,quintal,4456,Black Cotton Soil,Ahmedpur,Latur,"Good quality soybean, machine-cleaned"
9433655631,Banana,29,quintal,987,Black Cotton Soil,Nandurbar,Nandurbar,"G9 variety banana, uniform bunches"
6366770698,Pomegranate,20,quintal,6197,Loamy,Solapur South,Solapur,"Fresh pomegranate, good size and colour"
7912716558,Mango (Alphonso),20,quintal,7083,Laterite Soil,Dapoli,Ratnagiri,"Ratnagiri Hapus, naturally ripened"
9139276742,Cotton,30,quintal,7321,Black Cotton Soil,Sindkhed Raja,Buldhana,"Long-staple cotton, clean and well-ginned"
9042108457,Wheat,30,quintal,2460,Black Cotton Soil,Aurangabad,Chhatrapati Sambhajinagar (Aurangabad),"Sharbati wheat, Grade A"
6930432915,Sugarcane,328,quintal,316,Black Cotton Soil,Solapur South,Solapur,"High-yield sugarcane, ready for crushing"
8239570986,Rice,84,quintal,2220,Coastal Alluvial,Ulhasnagar,Thane,"Fine quality rice, well-dried"
9599061419,Grapes,37,quintal,4678,Red Loamy,Atpadi,Sangli,"Thompson seedless grapes, export quality"
8271801145,Rice,44,quintal,2175,Medium Black Soil,Dhanora,Gadchiroli,"Local variety paddy, freshly harvested"
8280713877,Mixed Vegetables,24,quintal,1610,Coastal Alluvial,Kurla,Mumbai Suburban,"Fresh seasonal vegetables, mixed lot"
9032190777,Coconut,25,quintal,2711,Red Laterite,Uran,Raigad,"Fresh coconut, good copra content"
6454130344,Rice,45,quintal,2359,Medium Black Soil,Tiroda,Gondia,"Fine quality rice, well-dried"
9900971351,Rice,44,quintal,2599,Laterite Soil,Kalyan,Thane,"Local variety paddy, freshly harvested"
6767040440,Coconut,38,quintal,2619,Sandy Coastal Soil,Sangameshwar,Ratnagiri,"Fresh coconut, good copra content"
9045965908,Sugarcane,248,quintal,325,Loamy,Gadhinglaj,Kolhapur,"Fresh-cut sugarcane, high sucrose content"
6228337915,Sugarcane,246,quintal,343,Red Loamy,Khed,Pune,"Fresh-cut sugarcane, high sucrose content"
9390343797,Rice,50,quintal,2270,Black Cotton Soil,Korchi,Gadchiroli,"Fine quality rice, well-dried"
7354397217,Turmeric,45,quintal,7128,Regur Soil,Mangrulpir,Washim,"Sun-dried turmeric fingers, good colour"
7216630085,Orange (Santra),68,quintal,2533,Clayey Loam,Nandgaon Khandeshwar,Amravati,"Nagpur santra, sweet and juicy"
7064645514,Orange (Santra),18,quintal,2650,Medium Black Soil,Morshi,Amravati,"Fresh orange, good size and colour"
8527317217,Cotton,59,quintal,6613,Clayey Loam,Nagpur Urban,Nagpur,"Premium BT cotton, harvested this Kharif season"
8260341732,Mixed Vegetables,29,quintal,1672,Sandy Coastal Soil,Bhiwandi,Thane,"Farm-fresh vegetables, harvested this week"
9997340527,Cotton,21,quintal,7406,Loamy,Sakri,Dhule,"High-grade cotton, sun-dried and ready for sale"
9320789897,Coconut,28,quintal,2790,Coastal Alluvial,Shrivardhan,Raigad,"Well-matured coconut, ready for market"
7783929814,Sugarcane,201,quintal,309,Murrum,Parli,Beed,"High-yield sugarcane, ready for crushing"
6587232705,Custard Apple (Sitaphal),24,quintal,4973,Murrum,Wadwani,Beed,"Balanagar variety sitaphal, naturally ripened"
9440569318,Onion,96,quintal,1430,Sandy Loam,Peth,Nashik,"Fresh red onion, well-stored"
8650297203,Sugarcane,166,quintal,341,Medium Black Soil,Wadwani,Beed,"High-yield sugarcane, ready for crushing"
6863843987,Betelnut (Supari),22,quintal,10937,Red Laterite,Vaibhavwadi,Sindhudurg,"Fresh betelnut, well-processed"
6056869323,Cotton,24,quintal,7388,Black Cotton Soil,Hingna,Nagpur,"Premium BT cotton, harvested this Kharif season"
9681103882,Mango (Alphonso),10,quintal,5340,Coastal Alluvial,Shrivardhan,Raigad,"Ratnagiri Hapus, naturally ripened"
7671074656,Jowar,67,quintal,3028,Black Cotton Soil,Mangalvedhe,Solapur,"Rabi jowar, clean and well-dried"
8549480181,Mixed Vegetables,30,quintal,1022,Sandy Coastal Soil,Ambarnath,Thane,"Fresh seasonal vegetables, mixed lot"
9734513892,Pomegranate,32,quintal,6365,Black Cotton Soil,Karmala,Solapur,"Fresh pomegranate, good size and colour"
8442069445,Mixed Vegetables,12,quintal,1532,Coastal Alluvial,Ulhasnagar,Thane,"Fresh seasonal vegetables, mixed lot"
7172605867,Cotton,43,quintal,7321,Clayey Loam,Mul,Chandrapur,"High-grade cotton, sun-dried and ready for sale"
6034663370,Cashew (Raw),11,quintal,11285,Coastal Alluvial,Dodamarg,Sindhudurg,"Raw cashew nuts, sun-dried"
6409135686,Turmeric,25,quintal,8965,Murrum,Sengaon,Hingoli,"Sun-dried turmeric fingers, good colour"
8556508169,Orange (Santra),49,quintal,3137,Medium Black Soil,Chandur,Amravati,"Fresh orange, good size and colour"
9340678123,Cotton,26,quintal,6975,Black Cotton Soil,Gangakhed,Parbhani,"Long-staple cotton, clean and well-ginned"
7885310500,Wheat,78,quintal,2598,Medium Black Soil,Gangapur,Chhatrapati Sambhajinagar (Aurangabad),"Clean, well-dried wheat, good milling quality"
7361117316,Cotton,27,quintal,6836,Sandy Loam,Bodwad,Jalgaon,"Long-staple cotton, clean and well-ginned"
7620969741,Rice,91,quintal,2481,Clayey Loam,Bhamragad,Gadchiroli,"Fine quality rice, well-dried"
6985278610,Cotton,41,quintal,6262,Medium Black Soil,Umred,Nagpur,"High-grade cotton, sun-dried and ready for sale"
6240419147,Rice,21,quintal,2032,Black Cotton Soil,Salekasa,Gondia,"Local variety paddy, freshly harvested"
6611841888,Rice,23,quintal,2040,Medium Black Soil,Saoli,Chandrapur,"Local variety paddy, freshly harvested"
6441860101,Soybean,89,quintal,4432,Black Cotton Soil,Kalamb,Dharashiv (Osmanabad),"Good quality soybean, machine-cleaned"
7407857663,Groundnut,13,quintal,6680,Murrum,Ambad,Jalna,"Clean, well-dried groundnut"
6420502538,Wheat,122,quintal,2675,Loamy,Baglan,Nashik,"Sharbati wheat, Grade A"
9368354263,Cotton,59,quintal,6666,Black Cotton Soil,Morshi,Amravati,"Premium BT cotton, harvested this Kharif season"
7670199440,Mango (Alphonso),17,quintal,5942,Coastal Alluvial,Ambarnath,Thane,"Premium Alphonso mango, export grade"
9030774583,Orange (Santra),26,quintal,2882,Medium Black Soil,Mouda,Nagpur,"Nagpur santra, sweet and juicy"
9435111987,Onion,47,quintal,1685,Sandy Loam,Kalwan,Nashik,"Nashik-grade onion, medium size, low moisture"
7823725448,Grapes,18,quintal,4236,Red Loamy,Shirur,Pune,"Thompson seedless grapes, export quality"
8568158801,Papaya,59,quintal,1017,Loamy,Nandurbar,Nandurbar,"Fresh papaya, ready for market"
7579724748,Soybean,82,quintal,4775,Medium Black Soil,Palam,Parbhani,"Clean soybean, low moisture content, ready for crushing"
7805553734,Cotton,40,quintal,6408,Black Cotton Soil,Dharangaon,Jalgaon,"Premium BT cotton, harvested this Kharif season"
9995132134,Turmeric,15,quintal,7577,Black Cotton Soil,Miraj,Sangli,"Selam-variety turmeric, high curcumin content"
7221787698,Rice,55,quintal,2541,Regur Soil,Tumsar,Bhandara,"Fine quality rice, well-dried"
8027121365,Soybean,52,quintal,4855,Murrum,Kalamb,Dharashiv (Osmanabad),"Good quality soybean, machine-cleaned"
8120677410,Mango (Alphonso),20,quintal,7223,Red Laterite,Roha,Raigad,"Premium Alphonso mango, export grade"
6055909893,Soybean,89,quintal,4188,Black Cotton Soil,Deglur,Nanded,"Good quality soybean, machine-cleaned"
6235580150,Jowar,55,quintal,3087,Loamy,Pandharpur,Solapur,"Good quality jowar, low moisture"
9174448032,Sugarcane,381,quintal,336,Red Loamy,Shrigonda,Ahilyanagar (Ahmednagar),"Fresh-cut sugarcane, high sucrose content"
6806936068,Cotton,30,quintal,6574,Regur Soil,Ralegaon,Yavatmal,"Premium BT cotton, harvested this Kharif season"
6434205273,Cotton,61,quintal,7585,Clayey Loam,Ralegaon,Yavatmal,"Long-staple cotton, clean and well-ginned"
6906222972,Sugarcane,100,quintal,331,Black Cotton Soil,Patan,Satara,"Fresh-cut sugarcane, high sucrose content"
7431940797,Coconut,25,quintal,1947,Red Laterite,Murud,Raigad,"Fresh coconut, good copra content"
6946221710,Maize,34,quintal,2121,Black Cotton Soil,Shirpur,Dhule,"Good quality maize, ready for market"
7473363340,Mango (Alphonso),32,quintal,4831,Red Laterite,Sangameshwar,Ratnagiri,"Premium Alphonso mango, export grade"
6426480753,Groundnut,38,quintal,5882,Medium Black Soil,Jalna,Jalna,"Clean, well-dried groundnut"
9461502586,Soybean,76,quintal,4476,Medium Black Soil,Telhara,Akola,"Clean soybean, low moisture content, ready for crushing"
7629057863,Cashew (Raw),6,quintal,14138,Sandy Coastal Soil,Ratnagiri,Ratnagiri,"Raw cashew nuts, sun-dried"
9244079705,Rice,76,quintal,2270,Black Cotton Soil,Gadchiroli,Gadchiroli,"Local variety paddy, freshly harvested"
6345998924,Betelnut (Supari),13,quintal,11381,Laterite Soil,Murud,Raigad,"Sun-dried supari, good quality"
8768239985,Grapes,10,quintal,4090,Loamy,Madha,Solapur,"Fresh table grapes, good sugar content"
6471425204,Papaya,39,quintal,1163,Black Cotton Soil,Akkalkuwa,Nandurbar,"Fresh papaya, ready for market"
8297935452,Soybean,20,quintal,4827,Medium Black Soil,Akot,Akola,"Good quality soybean, machine-cleaned"
8294906228,Mixed Vegetables,29,quintal,1123,Red Laterite,Byculla,Mumbai City,"Farm-fresh vegetables, harvested this week"
8693411790,Sugarcane,393,quintal,304,Black Cotton Soil,Soegaon,Chhatrapati Sambhajinagar (Aurangabad),"High-yield sugarcane, ready for crushing"
9236993586,Cotton,41,quintal,7060,Black Cotton Soil,Hinganghat,Wardha,"Long-staple cotton, clean and well-ginned"
9709000017,Soybean,19,quintal,4290,Murrum,Tuljapur,Dharashiv (Osmanabad),"Clean soybean, low moisture content, ready for crushing"
9166307569,Sugarcane,396,quintal,356,Red Loamy,Rahuri,Ahilyanagar (Ahmednagar),"High-yield sugarcane, ready for crushing"
7048559277,Orange (Santra),37,quintal,3255,Black Cotton Soil,Kamptee,Nagpur,"Fresh orange, good size and colour"
7648869462,Pomegranate,25,quintal,6383,Murrum,Nevasa,Ahilyanagar (Ahmednagar),"Bhagwa variety pomegranate, export quality"
9514132669,Cotton,27,quintal,6434,Regur Soil,Amravati,Amravati,"High-grade cotton, sun-dried and ready for sale"
8146795088,Onion,53,quintal,1343,Black Cotton Soil,Niphad,Nashik,"Fresh red onion, well-stored"
7094698645,Mango (Alphonso),22,quintal,8282,Red Laterite,Kudal,Sindhudurg,"Ratnagiri Hapus, naturally ripened"
8241464523,Orange (Santra),51,quintal,3335,Clayey Loam,Nagpur Rural,Nagpur,"Nagpur santra, sweet and juicy"
9172862806,Betelnut (Supari),18,quintal,11922,Red Laterite,Guhagar,Ratnagiri,"Sun-dried supari, good quality"
7081970184,Rice,43,quintal,2439,Black Cotton Soil,Deori,Gondia,"Fine quality rice, well-dried"
8811329029,Mixed Vegetables,20,quintal,1249,Sandy Coastal Soil,Fort,Mumbai City,"Fresh seasonal vegetables, mixed lot"
7514398268,Rice,70,quintal,2516,Black Cotton Soil,Sadak-Arjuni,Gondia,"Fine quality rice, well-dried"
6999953154,Soybean,41,quintal,4899,Clayey Loam,Mangrulpir,Washim,"Good quality soybean, machine-cleaned"
8326930462,Grapes,44,quintal,5058,Black Cotton Soil,Shirala,Sangli,"Thompson seedless grapes, export quality"
7572794244,Turmeric,12,quintal,8269,Murrum,Mahur,Nanded,"Selam-variety turmeric, high curcumin content"
9109228943,Cotton,27,quintal,7035,Black Cotton Soil,Darwha,Yavatmal,"High-grade cotton, sun-dried and ready for sale"
6624764084,Mango (Alphonso),39,quintal,7651,Coastal Alluvial,Kudal,Sindhudurg,"Premium Alphonso mango, export grade"
6184593221,Rice,20,quintal,2221,Medium Black Soil,Tiroda,Gondia,"Local variety paddy, freshly harvested"
9476750037,Soybean,38,quintal,4838,Black Cotton Soil,Deoni,Latur,"Good quality soybean, machine-cleaned"
7838738511,Rice,93,quintal,2536,Clayey Loam,Desaiganj,Gadchiroli,"Fine quality rice, well-dried"
8549480181,Rice,58,quintal,2197,Sandy Coastal Soil,Ambarnath,Thane,"Local variety paddy, freshly harvested"
6053305570,Tur (Arhar),35,quintal,7415,Black Cotton Soil,Renapur,Latur,"Well-dried tur, ready for milling"
8921144380,Cashew (Raw),16,quintal,14307,Laterite Soil,Vaibhavwadi,Sindhudurg,"Good quality raw cashew, ready for processing"
8555314612,Cotton,43,quintal,6280,Loamy,Dharangaon,Jalgaon,"Premium BT cotton, harvested this Kharif season"
9288959875,Coconut,46,quintal,2528,Red Laterite,Poladpur,Raigad,"Well-matured coconut, ready for market"
8908306951,Sunflower Seed,43,quintal,5860,Medium Black Soil,Nandura,Buldhana,"Clean sunflower seed, good oil content"
9669627986,Sugarcane,196,quintal,317,Black Cotton Soil,Kagal,Kolhapur,"High-yield sugarcane, ready for crushing"
6867222326,Pomegranate,33,quintal,5214,Red Loamy,Pathardi,Ahilyanagar (Ahmednagar),"Fresh pomegranate, good size and colour"
7236530413,Grapes,15,quintal,4880,Loamy,Khanapur,Sangli,"Fresh table grapes, good sugar content"
8710002529,Soybean,50,quintal,4384,Black Cotton Soil,Udgir,Latur,"Clean soybean, low moisture content, ready for crushing"
8736559811,Soybean,80,quintal,4575,Black Cotton Soil,Shirur Anantpal,Latur,"Good quality soybean, machine-cleaned"
8272060340,Rice,22,quintal,2238,Clayey Loam,Tiroda,Gondia,"Fine quality rice, well-dried"
6311303354,Cotton,52,quintal,7016,Clayey Loam,Arvi,Wardha,"Premium BT cotton, harvested this Kharif season"
7339673477,Mango (Alphonso),40,quintal,7563,Red Laterite,Lanja,Ratnagiri,"Ratnagiri Hapus, naturally ripened"
7830155131,Cotton,16,quintal,7579,Clayey Loam,Akot,Akola,"Premium BT cotton, harvested this Kharif season"
7950501035,Soybean,40,quintal,4809,Murrum,Nilanga,Latur,"Good quality soybean, machine-cleaned"
8970310668,Turmeric,28,quintal,9237,Red Loamy,Panhala,Kolhapur,"Sun-dried turmeric fingers, good colour"
9776211465,Cotton,51,quintal,7289,Medium Black Soil,Badnapur,Jalna,"Long-staple cotton, clean and well-ginned"
9929761918,Rice,57,quintal,2112,Black Cotton Soil,Kurkheda,Gadchiroli,"Local variety paddy, freshly harvested"
9955186475,Rice,52,quintal,2240,Laterite Soil,Dahanu,Palghar,"Fine quality rice, well-dried"
9754135313,Cotton,67,quintal,7500,Black Cotton Soil,Dhule,Dhule,"Long-staple cotton, clean and well-ginned"
6644688597,Soybean,45,quintal,4157,Medium Black Soil,Manwath,Parbhani,"Clean soybean, low moisture content, ready for crushing"
8677932799,Strawberry,221,kg,134,Loamy,Khatav,Satara,"Sweet strawberry, ideal for jam-making"
9105504639,Papaya,43,quintal,926,Sandy Loam,Navapur,Nandurbar,"Fresh papaya, ready for market"
7085242532,Cotton,66,quintal,6426,Medium Black Soil,Sonpeth,Parbhani,"Premium BT cotton, harvested this Kharif season"
8824918586,Mixed Vegetables,46,quintal,1414,Sandy Coastal Soil,Kurla,Mumbai Suburban,"Fresh seasonal vegetables, mixed lot"
6127170151,Grapes,26,quintal,4867,Loamy,Kalwan,Nashik,"Thompson seedless grapes, export quality"
8353183992,Orange (Santra),27,quintal,3754,Regur Soil,Dhamangaon,Amravati,"Fresh orange, good size and colour"
9521428150,Cotton,62,quintal,6340,Loamy,Bhadgaon,Jalgaon,"Long-staple cotton, clean and well-ginned"
6163311721,Sugarcane,253,quintal,344,Black Cotton Soil,Karjat,Ahilyanagar (Ahmednagar),"High-yield sugarcane, ready for crushing"
7840320650,Cotton,77,quintal,7041,Murrum,Jalna,Jalna,"High-grade cotton, sun-dried and ready for sale"
8567270118,Orange (Santra),19,quintal,3392,Medium Black Soil,Kalameshwar,Nagpur,"Nagpur santra, sweet and juicy"
7095714708,Betelnut (Supari),23,quintal,10015,Red Laterite,Vaibhavwadi,Sindhudurg,"Sun-dried supari, good quality"
9798445862,Rice,31,quintal,2178,Clayey Loam,Desaiganj,Gadchiroli,"Fine quality rice, well-dried"
6937592803,Mango (Alphonso),24,quintal,6472,Laterite Soil,Vengurla,Sindhudurg,"Premium Alphonso mango, export grade"
9156453262,Rice,60,quintal,2245,Medium Black Soil,Bhamragad,Gadchiroli,"Fine quality rice, well-dried"
9314908323,Custard Apple (Sitaphal),15,quintal,4833,Murrum,Ashti,Beed,"Balanagar variety sitaphal, naturally ripened"
9177485797,Sugarcane,212,quintal,334,Murrum,Gadhinglaj,Kolhapur,"High-yield sugarcane, ready for crushing"
6988549107,Custard Apple (Sitaphal),11,quintal,3998,Medium Black Soil,Wadwani,Beed,"Fresh custard apple, good size"
9230577429,Mango (Alphonso),28,quintal,5615,Laterite Soil,Kankavli,Sindhudurg,"Premium Alphonso mango, export grade"
6028160536,Sunflower Seed,34,quintal,6078,Black Cotton Soil,Sindkhed Raja,Buldhana,"Clean sunflower seed, good oil content"
7631073383,Soybean,58,quintal,4148,Black Cotton Soil,Aundha Nagnath,Hingoli,"Good quality soybean, machine-cleaned"
9135324256,Mixed Vegetables,44,quintal,1459,Red Laterite,Dadar,Mumbai City,"Fresh seasonal vegetables, mixed lot"
8843257192,Soybean,74,quintal,4469,Clayey Loam,Nandura,Buldhana,"Clean soybean, low moisture content, ready for crushing"
6648444949,Cashew (Raw),30,quintal,12581,Coastal Alluvial,Vaibhavwadi,Sindhudurg,"Good quality raw cashew, ready for processing"
6490446329,Custard Apple (Sitaphal),22,quintal,3233,Murrum,Majalgaon,Beed,"Balanagar variety sitaphal, naturally ripened"
6218331268,Sugarcane,334,quintal,332,Black Cotton Soil,Maan,Satara,"High-yield sugarcane, ready for crushing"
9209792811,Sugarcane,298,quintal,337,Murrum,Majalgaon,Beed,"Fresh-cut sugarcane, high sucrose content"
7998435274,Mixed Vegetables,39,quintal,1740,Sandy Coastal Soil,Parel,Mumbai City,"Farm-fresh vegetables, harvested this week"
7373756893,Sugarcane,369,quintal,349,Medium Black Soil,Paranda,Dharashiv (Osmanabad),"Fresh-cut sugarcane, high sucrose content"
6232731677,Onion,25,quintal,1553,Murrum,Maval,Pune,"Nashik-grade onion, medium size, low moisture"
6821919072,Sugarcane,196,quintal,355,Loamy,Maan,Satara,"High-yield sugarcane, ready for crushing"
6540472028,Soybean,65,quintal,4239,Medium Black Soil,Digras,Yavatmal,"Good quality soybean, machine-cleaned"
7065652622,Jowar,30,quintal,2720,Murrum,Barshi,Solapur,"Rabi jowar, clean and well-dried"
7581481808,Coconut,29,quintal,1977,Red Laterite,Shrivardhan,Raigad,"Fresh coconut, good copra content"
7917311571,Cotton,78,quintal,6506,Black Cotton Soil,Parola,Jalgaon,"High-grade cotton, sun-dried and ready for sale"
8210698828,Coconut,26,quintal,2016,Sandy Coastal Soil,Malwan,Sindhudurg,"Fresh coconut, good copra content"
6865403390,Betelnut (Supari),20,quintal,11913,Sandy Coastal Soil,Ratnagiri,Ratnagiri,"Sun-dried supari, good quality"
9546815554,Onion,41,quintal,2534,Black Cotton Soil,Akole,Ahilyanagar (Ahmednagar),"Fresh red onion, well-stored"
7375383060,Cotton,16,quintal,6977,Medium Black Soil,Washim,Washim,"Premium BT cotton, harvested this Kharif season"
9205986737,Betelnut (Supari),6,quintal,9739,Laterite Soil,Vengurla,Sindhudurg,"Sun-dried supari, good quality"
7345565664,Sunflower Seed,47,quintal,6776,Clayey Loam,Mehkar,Buldhana,Well-dried sunflower seed
6694786851,Strawberry,208,kg,130,Black Cotton Soil,Phaltan,Satara,"Mahabaleshwar strawberry, fresh-picked"
6566204534,Cotton,22,quintal,6837,Murrum,Mahur,Nanded,"Premium BT cotton, harvested this Kharif season"
7623350876,Cotton,59,quintal,7018,Murrum,Hadgaon,Nanded,"Long-staple cotton, clean and well-ginned"
8561000636,Rice,91,quintal,2424,Medium Black Soil,Mohadi,Bhandara,"Fine quality rice, well-dried"
6299494399,Turmeric,28,quintal,7262,Murrum,Manwath,Parbhani,"Selam-variety turmeric, high curcumin content"
7326849909,Cotton,25,quintal,7088,Medium Black Soil,Shegaon,Buldhana,"Premium BT cotton, harvested this Kharif season"
8869549424,Mixed Vegetables,26,quintal,1228,Sandy Coastal Soil,Colaba,Mumbai City,"Fresh seasonal vegetables, mixed lot"
6485403304,Cashew (Raw),15,quintal,13795,Laterite Soil,Sawantwadi,Sindhudurg,"Raw cashew nuts, sun-dried"
7532937433,Grapes,38,quintal,6085,Red Loamy,Ambegaon,Pune,"Fresh table grapes, good sugar content"
6710853124,Soybean,87,quintal,4811,Black Cotton Soil,Deglur,Nanded,"Good quality soybean, machine-cleaned"
9980019438,Mango (Alphonso),11,quintal,7630,Sandy Coastal Soil,Khed,Ratnagiri,"Ratnagiri Hapus, naturally ripened"
9903789331,Turmeric,41,quintal,7180,Medium Black Soil,Hadgaon,Nanded,"Selam-variety turmeric, high curcumin content"
7737667057,Mango (Alphonso),25,quintal,7979,Coastal Alluvial,Sangameshwar,Ratnagiri,"Premium Alphonso mango, export grade"
6240419147,Rice,47,quintal,2494,Regur Soil,Salekasa,Gondia,"Fine quality rice, well-dried"
9395528090,Soybean,81,quintal,4216,Medium Black Soil,Deulgaon Raja,Buldhana,"Clean soybean, low moisture content, ready for crushing"
9380561852,Onion,92,quintal,1511,Black Cotton Soil,Sakri,Dhule,"Export-quality red onion, freshly harvested"
9034715155,Sugarcane,252,quintal,327,Loamy,Kopargaon,Ahilyanagar (Ahmednagar),"High-yield sugarcane, ready for crushing"
9554149083,Groundnut,38,quintal,6194,Murrum,Ghansawangi,Jalna,"Bold variety groundnut, good oil content"
7207334796,Tomato,11,quintal,1401,Black Cotton Soil,Trimbakeshwar,Nashik,"Farm-fresh tomatoes, harvested this week"
8087020595,Cotton,15,quintal,7523,Black Cotton Soil,Ambad,Jalna,"Long-staple cotton, clean and well-ginned"
6048514603,Mixed Vegetables,38,quintal,1352,Red Laterite,Bandra,Mumbai Suburban,"Farm-fresh vegetables, harvested this week"
9493983414,Banana,83,quintal,1360,Black Cotton Soil,Talode,Nandurbar,"G9 variety banana, uniform bunches"
8277941853,Orange (Santra),62,quintal,3197,Medium Black Soil,Kuhi,Nagpur,"Nagpur santra, sweet and juicy"
8047996741,Cashew (Raw),21,quintal,14045,Red Laterite,Kankavli,Sindhudurg,"Good quality raw cashew, ready for processing"
7581481808,Mango (Alphonso),20,quintal,6447,Red Laterite,Shrivardhan,Raigad,"Ratnagiri Hapus, naturally ripened"
8866118589,Cotton,17,quintal,7040,Black Cotton Soil,Aundha Nagnath,Hingoli,"High-grade cotton, sun-dried and ready for sale"
8260341732,Rice,48,quintal,2492,Sandy Coastal Soil,Bhiwandi,Thane,"Local variety paddy, freshly harvested"
9276782866,Soybean,61,quintal,4103,Clayey Loam,Jalgaon Jamod,Buldhana,"Clean soybean, low moisture content, ready for crushing"
6561242401,Sunflower Seed,45,quintal,6440,Medium Black Soil,Wadwani,Beed,"Clean sunflower seed, good oil content"
6940080032,Soybean,56,quintal,4138,Medium Black Soil,Tuljapur,Dharashiv (Osmanabad),"Clean soybean, low moisture content, ready for crushing"
9972678660,Sugarcane,183,quintal,340,Loamy,Gadhinglaj,Kolhapur,"High-yield sugarcane, ready for crushing"
9772370937,Rice,51,quintal,2395,Regur Soil,Mohadi,Bhandara,"Fine quality rice, well-dried"
6039491895,Rice,93,quintal,2496,Regur Soil,Sadak-Arjuni,Gondia,"Fine quality rice, well-dried"
9975398189,Soybean,16,quintal,4164,Regur Soil,Balapur,Akola,"Good quality soybean, machine-cleaned"
8059768439,Soybean,88,quintal,4697,Black Cotton Soil,Bhum,Dharashiv (Osmanabad),"Good quality soybean, machine-cleaned"
6538350887,Cotton,78,quintal,7512,Medium Black Soil,Saoli,Chandrapur,"Premium BT cotton, harvested this Kharif season"
6460974569,Mixed Vegetables,32,quintal,1767,Red Laterite,Andheri,Mumbai Suburban,"Farm-fresh vegetables, harvested this week"
6559493097,Cotton,31,quintal,7555,Medium Black Soil,Badnapur,Jalna,"Premium BT cotton, harvested this Kharif season"
9101426564,Soybean,59,quintal,4420,Medium Black Soil,Bhum,Dharashiv (Osmanabad),"Clean soybean, low moisture content, ready for crushing"
8414087572,Sugarcane,400,quintal,336,Loamy,Bhor,Pune,"Fresh-cut sugarcane, high sucrose content"
6284366517,Maize,25,quintal,2007,Black Cotton Soil,Sakri,Dhule,"Hybrid maize, well-dried"
9356450748,Rice,23,quintal,2492,Black Cotton Soil,Bhandara,Bhandara,"Fine quality rice, well-dried"
7455487358,Cashew (Raw),16,quintal,13425,Sandy Coastal Soil,Devgad,Sindhudurg,"Good quality raw cashew, ready for processing"
8090062687,Soybean,66,quintal,4278,Medium Black Soil,Hingoli,Hingoli,"Clean soybean, low moisture content, ready for crushing"
6582539303,Cotton,16,quintal,7588,Medium Black Soil,Phulambri,Chhatrapati Sambhajinagar (Aurangabad),"Long-staple cotton, clean and well-ginned"
7442647548,Pomegranate,13,quintal,5340,Murrum,Barshi,Solapur,"Bhagwa variety pomegranate, export quality"
8052256958,Mango (Alphonso),40,quintal,6693,Coastal Alluvial,Ambarnath,Thane,"Premium Alphonso mango, export grade"
9179364831,Sugarcane,330,quintal,309,Black Cotton Soil,Patan,Satara,"Fresh-cut sugarcane, high sucrose content"
6770934382,Turmeric,44,quintal,8741,Murrum,Hatkanangale,Kolhapur,"Selam-variety turmeric, high curcumin content"
7420315560,Mixed Vegetables,16,quintal,1616,Coastal Alluvial,Borivali,Mumbai Suburban,"Farm-fresh vegetables, harvested this week"
6197789727,Sugarcane,382,quintal,307,Loamy,Chandgad,Kolhapur,"High-yield sugarcane, ready for crushing"
9552381221,Turmeric,23,quintal,7594,Medium Black Soil,Sengaon,Hingoli,"Sun-dried turmeric fingers, good colour"
9582546320,Orange (Santra),53,quintal,3233,Clayey Loam,Chikhaldara,Amravati,"Fresh orange, good size and colour"
6266731719,Banana,90,quintal,1461,Sandy Loam,Parola,Jalgaon,"Fresh banana, ready for market"
7482285756,Turmeric,40,quintal,7142,Red Loamy,Atpadi,Sangli,"Sun-dried turmeric fingers, good colour"
9684426006,Cotton,66,quintal,7582,Black Cotton Soil,Washim,Washim,"Long-staple cotton, clean and well-ginned"
9974778016,Grapes,35,quintal,6186,Loamy,Niphad,Nashik,"Thompson seedless grapes, export quality"
9845704358,Soybean,24,quintal,4899,Black Cotton Soil,Jalkot,Latur,"Good quality soybean, machine-cleaned"
9656574020,Mixed Vegetables,27,quintal,1269,Laterite Soil,Parel,Mumbai City,"Fresh seasonal vegetables, mixed lot"
8047741970,Rice,76,quintal,2161,Regur Soil,Salekasa,Gondia,"Local variety paddy, freshly harvested"
9464624325,Cotton,51,quintal,7157,Regur Soil,Barshitakli,Akola,"High-grade cotton, sun-dried and ready for sale"
6927030842,Cotton,40,quintal,6634,Black Cotton Soil,Paithan,Chhatrapati Sambhajinagar (Aurangabad),"Premium BT cotton, harvested this Kharif season"
7121527170,Maize,51,quintal,2018,Sandy Loam,Talode,Nandurbar,"Hybrid maize, well-dried"
8427409736,Rice,74,quintal,2581,Coastal Alluvial,Mahad,Raigad,"Local variety paddy, freshly harvested"
9358580295,Orange (Santra),51,quintal,2938,Black Cotton Soil,Kuhi,Nagpur,"Fresh orange, good size and colour"
8807744397,Sugarcane,336,quintal,360,Red Loamy,Mangalvedhe,Solapur,"High-yield sugarcane, ready for crushing"
8754528553,Onion,81,quintal,2243,Loamy,Surgana,Nashik,"Nashik-grade onion, medium size, low moisture"
7081484624,Soybean,55,quintal,4450,Medium Black Soil,Murtajapur,Akola,"Good quality soybean, machine-cleaned"
9548423790,Onion,38,quintal,1392,Sandy Loam,Dhule,Dhule,"Export-quality red onion, freshly harvested"
6811580746,Cotton,70,quintal,6403,Medium Black Soil,Darwha,Yavatmal,"Premium BT cotton, harvested this Kharif season"
9464624325,Soybean,54,quintal,4480,Black Cotton Soil,Barshitakli,Akola,"Clean soybean, low moisture content, ready for crushing"
6638104619,Mixed Vegetables,39,quintal,1372,Red Laterite,Andheri,Mumbai Suburban,"Fresh seasonal vegetables, mixed lot"
8377638182,Rice,50,quintal,2574,Black Cotton Soil,Desaiganj,Gadchiroli,"Local variety paddy, freshly harvested"
6696119388,Soybean,19,quintal,4266,Medium Black Soil,Balapur,Akola,"Good quality soybean, machine-cleaned"
6873739159,Cotton,70,quintal,6718,Clayey Loam,Sindewahi,Chandrapur,"High-grade cotton, sun-dried and ready for sale"
9692391033,Rice,81,quintal,2408,Medium Black Soil,Korchi,Gadchiroli,"Fine quality rice, well-dried"
7361962931,Cotton,45,quintal,7554,Medium Black Soil,Mehkar,Buldhana,"Premium BT cotton, harvested this Kharif season"
9244079705,Rice,73,quintal,2161,Regur Soil,Gadchiroli,Gadchiroli,"Local variety paddy, freshly harvested"
9079947431,Mango (Alphonso),16,quintal,4959,Coastal Alluvial,Dodamarg,Sindhudurg,"Ratnagiri Hapus, naturally ripened"
9451462001,Pomegranate,27,quintal,5942,Red Loamy,Nevasa,Ahilyanagar (Ahmednagar),"Fresh pomegranate, good size and colour"
6723544568,Tomato,39,quintal,1726,Loamy,Igatpuri,Nashik,"Farm-fresh tomatoes, harvested this week"
8248917994,Sunflower Seed,26,quintal,6520,Black Cotton Soil,Georai,Beed,"Clean sunflower seed, good oil content"
9599061419,Turmeric,32,quintal,9342,Black Cotton Soil,Atpadi,Sangli,"Selam-variety turmeric, high curcumin content"
6609230640,Strawberry,206,kg,154,Red Loamy,Mahabaleshwar,Satara,"Mahabaleshwar strawberry, fresh-picked"
6458754730,Cotton,52,quintal,6513,Sandy Loam,Jamner,Jalgaon,"High-grade cotton, sun-dried and ready for sale"
6309718932,Soybean,60,quintal,4242,Black Cotton Soil,Tuljapur,Dharashiv (Osmanabad),"Clean soybean, low moisture content, ready for crushing"
9946616231,Pomegranate,20,quintal,5692,Black Cotton Soil,Karjat,Ahilyanagar (Ahmednagar),"Fresh pomegranate, good size and colour"
6741854095,Mixed Vegetables,27,quintal,905,Laterite Soil,Ambarnath,Thane,"Fresh seasonal vegetables, mixed lot"
8342563263,Mixed Vegetables,19,quintal,1696,Red Laterite,Kurla,Mumbai Suburban,"Farm-fresh vegetables, harvested this week"
6549694785,Strawberry,275,kg,98,Red Loamy,Karad,Satara,"Mahabaleshwar strawberry, fresh-picked"
6540122311,Turmeric,29,quintal,7889,Black Cotton Soil,Panhala,Kolhapur,"Selam-variety turmeric, high curcumin content"
9664926304,Maize,25,quintal,1960,Loamy,Dhadgaon,Nandurbar,"Good quality maize, ready for market"
8077296794,Cotton,70,quintal,6585,Black Cotton Soil,Jafrabad,Jalna,"Premium BT cotton, harvested this Kharif season"
8537999766,Cotton,44,quintal,7102,Murrum,Hingoli,Hingoli,"Premium BT cotton, harvested this Kharif season"
7838311712,Cotton,17,quintal,7224,Murrum,Ambad,Jalna,"High-grade cotton, sun-dried and ready for sale"
7702114432,Cotton,56,quintal,7243,Regur Soil,Kuhi,Nagpur,"High-grade cotton, sun-dried and ready for sale"
8409473781,Mixed Vegetables,27,quintal,1769,Red Laterite,Dadar,Mumbai City,"Fresh seasonal vegetables, mixed lot"
7421390982,Turmeric,46,quintal,7344,Black Cotton Soil,Khanapur,Sangli,"Selam-variety turmeric, high curcumin content"
6662698387,Sugarcane,311,quintal,309,Black Cotton Soil,Pandharpur,Solapur,"Fresh-cut sugarcane, high sucrose content"
7887948162,Sugarcane,362,quintal,351,Black Cotton Soil,Velhe,Pune,"Fresh-cut sugarcane, high sucrose content"
7493612426,Soybean,22,quintal,4793,Medium Black Soil,Shirur Anantpal,Latur,"Clean soybean, low moisture content, ready for crushing"
8222013912,Mixed Vegetables,32,quintal,1262,Murrum,Koregaon,Satara,"Farm-fresh vegetables, harvested this week"
7657382939,Cotton,66,quintal,6317,Black Cotton Soil,Motala,Buldhana,"High-grade cotton, sun-dried and ready for sale"
9151225961,Cashew (Raw),23,quintal,14074,Laterite Soil,Kankavli,Sindhudurg,"Good quality raw cashew, ready for processing"
6640739339,Tomato,15,quintal,1139,Sandy Loam,Deola,Nashik,"Fresh ripe tomatoes, hybrid variety"
6630381232,Banana,47,quintal,1435,Black Cotton Soil,Muktainagar,Jalgaon,"G9 variety banana, uniform bunches"
9656574020,Mixed Vegetables,30,quintal,1469,Laterite Soil,Parel,Mumbai City,"Farm-fresh vegetables, harvested this week"
6953426326,Cotton,57,quintal,6812,Regur Soil,Shegaon,Buldhana,"Long-staple cotton, clean and well-ginned"
8920177882,Cotton,47,quintal,6849,Medium Black Soil,Ghatanji,Yavatmal,"High-grade cotton, sun-dried and ready for sale"
9396172966,Sunflower Seed,20,quintal,6110,Medium Black Soil,Wadwani,Beed,"Clean sunflower seed, good oil content"
9161700936,Cotton,21,quintal,6347,Regur Soil,Jalgaon Jamod,Buldhana,"High-grade cotton, sun-dried and ready for sale"
6995574958,Rice,42,quintal,2358,Black Cotton Soil,Ballarpur,Chandrapur,"Fine quality rice, well-dried"
9221736433,Wheat,31,quintal,2481,Medium Black Soil,Jafrabad,Jalna,"Clean, well-dried wheat, good milling quality"
6803089461,Soybean,54,quintal,4604,Medium Black Soil,Umri,Nanded,"Good quality soybean, machine-cleaned"
8048205254,Soybean,81,quintal,4645,Black Cotton Soil,Kalamnuri,Hingoli,"Clean soybean, low moisture content, ready for crushing"
8633031145,Onion,51,quintal,2409,Black Cotton Soil,Parner,Ahilyanagar (Ahmednagar),"Fresh red onion, well-stored"
9415097574,Rice,58,quintal,2553,Black Cotton Soil,Sadak-Arjuni,Gondia,"Fine quality rice, well-dried"
6192548816,Rice,86,quintal,2420,Laterite Soil,Ambarnath,Thane,"Local variety paddy, freshly harvested"
8398896480,Rice,92,quintal,2186,Medium Black Soil,Mohadi,Bhandara,"Fine quality rice, well-dried"
7591317590,Onion,45,quintal,2048,Black Cotton Soil,Rahata,Ahilyanagar (Ahmednagar),"Fresh red onion, well-stored"
9098338627,Cotton,74,quintal,7275,Loamy,Sakri,Dhule,"Long-staple cotton, clean and well-ginned"
7702516585,Coconut,22,quintal,2507,Red Laterite,Shrivardhan,Raigad,"Well-matured coconut, ready for market"
8178522103,Mixed Vegetables,45,quintal,831,Loamy,Maval,Pune,"Fresh seasonal vegetables, mixed lot"
6352687399,Cotton,39,quintal,6869,Sandy Loam,Bodwad,Jalgaon,"High-grade cotton, sun-dried and ready for sale"
6045596664,Grapes,38,quintal,6484,Black Cotton Soil,Miraj,Sangli,"Fresh table grapes, good sugar content"
7675116639,Grapes,23,quintal,5228,Murrum,Solapur North,Solapur,"Thompson seedless grapes, export quality"
9521628229,Onion,55,quintal,2146,Loamy,Nandgaon,Nashik,"Fresh red onion, well-stored"
8251056195,Cotton,39,quintal,6818,Black Cotton Soil,Chandrapur,Chandrapur,"Long-staple cotton, clean and well-ginned"
9257670364,Turmeric,50,quintal,8041,Medium Black Soil,Kalamnuri,Hingoli,"Selam-variety turmeric, high curcumin content"
7422763271,Cotton,33,quintal,6424,Black Cotton Soil,Sakri,Dhule,"Premium BT cotton, harvested this Kharif season"
9031313605,Onion,47,quintal,2017,Black Cotton Soil,Dhule,Dhule,"Fresh red onion, well-stored"
8764012707,Mango (Alphonso),23,quintal,8118,Laterite Soil,Kudal,Sindhudurg,"Premium Alphonso mango, export grade"
6624259587,Mango (Alphonso),35,quintal,5939,Laterite Soil,Malwan,Sindhudurg,"Ratnagiri Hapus, naturally ripened"
8264700340,Wheat,105,quintal,2570,Black Cotton Soil,Jafrabad,Jalna,"Sharbati wheat, Grade A"
7361225857,Cotton,39,quintal,6475,Black Cotton Soil,Dhule,Dhule,"Long-staple cotton, clean and well-ginned"
9439618666,Sugarcane,204,quintal,304,Black Cotton Soil,Patan,Satara,"High-yield sugarcane, ready for crushing"
9817014413,Cotton,77,quintal,6588,Regur Soil,Mahagaon,Yavatmal,"High-grade cotton, sun-dried and ready for sale"
7728146250,Cotton,61,quintal,7123,Medium Black Soil,Ashti,Wardha,"Long-staple cotton, clean and well-ginned"
7700059900,Soybean,82,quintal,4764,Black Cotton Soil,Maregaon,Yavatmal,"Good quality soybean, machine-cleaned"
6632154482,Rice,91,quintal,2459,Black Cotton Soil,Sadak-Arjuni,Gondia,"Fine quality rice, well-dried"
9117178743,Custard Apple (Sitaphal),9,quintal,4718,Black Cotton Soil,Kaij,Beed,"Balanagar variety sitaphal, naturally ripened"
7017196596,Grapes,11,quintal,5181,Black Cotton Soil,Sinnar,Nashik,"Thompson seedless grapes, export quality"
9876157689,Mango (Alphonso),33,quintal,5156,Sandy Coastal Soil,Lanja,Ratnagiri,"Ratnagiri Hapus, naturally ripened"
9442043099,Cotton,67,quintal,6250,Medium Black Soil,Vaijapur,Chhatrapati Sambhajinagar (Aurangabad),"Long-staple cotton, clean and well-ginned"
9789373073,Mango (Alphonso),20,quintal,4490,Red Laterite,Ambarnath,Thane,"Ratnagiri Hapus, naturally ripened"
9111766831,Soybean,77,quintal,4711,Murrum,Aundha Nagnath,Hingoli,"Good quality soybean, machine-cleaned"
7458571570,Sugarcane,339,quintal,337,Medium Black Soil,Paranda,Dharashiv (Osmanabad),"High-yield sugarcane, ready for crushing"
9443086053,Betelnut (Supari),5,quintal,10713,Laterite Soil,Alibag,Raigad,"Sun-dried supari, good quality"
7708347076,Soybean,21,quintal,4367,Clayey Loam,Malegaon,Washim,"Good quality soybean, machine-cleaned"
7412193666,Turmeric,41,quintal,8996,Loamy,Ajra,Kolhapur,"Selam-variety turmeric, high curcumin content"
6915609258,Mixed Vegetables,49,quintal,1793,Red Laterite,Bandra,Mumbai Suburban,"Fresh seasonal vegetables, mixed lot"
6559687734,Rice,85,quintal,2313,Regur Soil,Mohadi,Bhandara,"Fine quality rice, well-dried"
9179364831,Mixed Vegetables,27,quintal,1219,Murrum,Patan,Satara,"Farm-fresh vegetables, harvested this week"
8898849305,Chikoo (Sapota),38,quintal,2360,Coastal Alluvial,Mokhada,Palghar,"Kalipatti chikoo, sweet and fresh"
6424856739,Mango (Alphonso),16,quintal,6821,Coastal Alluvial,Dapoli,Ratnagiri,"Ratnagiri Hapus, naturally ripened"
9270092311,Soybean,43,quintal,4359,Murrum,Mahur,Nanded,"Good quality soybean, machine-cleaned"
6117847346,Soybean,45,quintal,4116,Regur Soil,Arni,Yavatmal,"Good quality soybean, machine-cleaned"
8489490622,Orange (Santra),50,quintal,2942,Medium Black Soil,Samudrapur,Wardha,"Nagpur santra, sweet and juicy"
7138171251,Cotton,74,quintal,6591,Clayey Loam,Wardha,Wardha,"Premium BT cotton, harvested this Kharif season"
9724526964,Sugarcane,379,quintal,325,Loamy,Kagal,Kolhapur,"High-yield sugarcane, ready for crushing"
9652764761,Pomegranate,25,quintal,4530,Black Cotton Soil,Sangole,Solapur,"Fresh pomegranate, good size and colour"
9099327106,Sugarcane,311,quintal,338,Loamy,Pune City,Pune,"Fresh-cut sugarcane, high sucrose content"
7477599021,Orange (Santra),57,quintal,3417,Medium Black Soil,Wardha,Wardha,"Nagpur santra, sweet and juicy"
9233038176,Tomato,40,quintal,1586,Loamy,Chandwad,Nashik,"Fresh ripe tomatoes, hybrid variety"
7950920159,Cotton,26,quintal,7264,Regur Soil,Hingna,Nagpur,"Premium BT cotton, harvested this Kharif season"
8439337857,Soybean,65,quintal,4679,Black Cotton Soil,Shirur Anantpal,Latur,"Good quality soybean, machine-cleaned"
9828989815,Maize,78,quintal,1829,Loamy,Akkalkuwa,Nandurbar,"Good quality maize, ready for market"
9321207582,Coconut,28,quintal,1920,Sandy Coastal Soil,Sudhagad-Pali,Raigad,"Fresh coconut, good copra content"
8648406529,Rice,40,quintal,2382,Clayey Loam,Bhandara,Bhandara,"Fine quality rice, well-dried"
9716308353,Sugarcane,230,quintal,343,Black Cotton Soil,Satara,Satara,"High-yield sugarcane, ready for crushing"
6434205273,Cotton,63,quintal,6520,Clayey Loam,Ralegaon,Yavatmal,"Long-staple cotton, clean and well-ginned"
8234981426,Sunflower Seed,20,quintal,5987,Medium Black Soil,Lonar,Buldhana,Well-dried sunflower seed
7442737781,Banana,48,quintal,1354,Sandy Loam,Parola,Jalgaon,"Fresh banana, ready for market"
9756794010,Cotton,50,quintal,6464,Medium Black Soil,Partur,Jalna,"Long-staple cotton, clean and well-ginned"
6965583087,Onion,89,quintal,1413,Loamy,Karjat,Ahilyanagar (Ahmednagar),"Export-quality red onion, freshly harvested"
6102692779,Cotton,75,quintal,7241,Medium Black Soil,Tiosa,Amravati,"Premium BT cotton, harvested this Kharif season"
8696014473,Cotton,40,quintal,7518,Medium Black Soil,Arni,Yavatmal,"High-grade cotton, sun-dried and ready for sale"
8523144327,Sugarcane,114,quintal,303,Red Loamy,Karjat,Ahilyanagar (Ahmednagar),"High-yield sugarcane, ready for crushing"
8044577769,Soybean,82,quintal,4646,Medium Black Soil,Chakur,Latur,"Good quality soybean, machine-cleaned"
8231686820,Rice,39,quintal,2589,Coastal Alluvial,Karjat,Raigad,"Fine quality rice, well-dried"
9974655495,Mango (Alphonso),39,quintal,5855,Sandy Coastal Soil,Vengurla,Sindhudurg,"Ratnagiri Hapus, naturally ripened"
6899011218,Mango (Alphonso),39,quintal,4013,Sandy Coastal Soil,Malwan,Sindhudurg,"Ratnagiri Hapus, naturally ripened"
8917814748,Rice,31,quintal,2477,Clayey Loam,Mulchera,Gadchiroli,"Local variety paddy, freshly harvested"
8996675442,Cashew (Raw),29,quintal,14029,Laterite Soil,Mandangad,Ratnagiri,"Good quality raw cashew, ready for processing"
8943201835,Wheat,103,quintal,2310,Loamy,Dindori,Nashik,"Clean, well-dried wheat, good milling quality"
9096955407,Rice,41,quintal,2093,Laterite Soil,Shrivardhan,Raigad,"Local variety paddy, freshly harvested"
7739084381,Sugarcane,161,quintal,340,Loamy,Shrirampur,Ahilyanagar (Ahmednagar),"Fresh-cut sugarcane, high sucrose content"
8137034799,Pomegranate,21,quintal,4013,Loamy,Nevasa,Ahilyanagar (Ahmednagar),"Bhagwa variety pomegranate, export quality"
8535099137,Cotton,77,quintal,7154,Medium Black Soil,Aurangabad,Chhatrapati Sambhajinagar (Aurangabad),"Long-staple cotton, clean and well-ginned"
6451379561,Soybean,71,quintal,4531,Medium Black Soil,Gangakhed,Parbhani,"Clean soybean, low moisture content, ready for crushing"
7265958090,Cashew (Raw),18,quintal,11941,Red Laterite,Ratnagiri,Ratnagiri,"Good quality raw cashew, ready for processing"
9478519187,Mixed Vegetables,41,quintal,1063,Red Laterite,Dadar,Mumbai City,"Farm-fresh vegetables, harvested this week"
7077864183,Soybean,18,quintal,4594,Black Cotton Soil,Telhara,Akola,"Good quality soybean, machine-cleaned"
8835488184,Mixed Vegetables,35,quintal,1185,Coastal Alluvial,Borivali,Mumbai Suburban,"Fresh seasonal vegetables, mixed lot"
9977983397,Soybean,55,quintal,4772,Black Cotton Soil,Latur,Latur,"Clean soybean, low moisture content, ready for crushing"
6284366517,Cotton,33,quintal,6901,Sandy Loam,Sakri,Dhule,"Long-staple cotton, clean and well-ginned"
9262926301,Cotton,48,quintal,7109,Clayey Loam,Mul,Chandrapur,"High-grade cotton, sun-dried and ready for sale"
8927052665,Rice,99,quintal,2526,Regur Soil,Goregaon,Gondia,"Fine quality rice, well-dried"
6096469974,Rice,57,quintal,2482,Clayey Loam,Sakoli,Bhandara,"Fine quality rice, well-dried"
6173681851,Orange (Santra),24,quintal,2776,Medium Black Soil,Mouda,Nagpur,"Nagpur santra, sweet and juicy"
8403310453,Soybean,31,quintal,4362,Clayey Loam,Malkapur,Buldhana,"Clean soybean, low moisture content, ready for crushing"
8041407065,Banana,57,quintal,1440,Sandy Loam,Parola,Jalgaon,"G9 variety banana, uniform bunches"
8361197403,Sugarcane,377,quintal,329,Black Cotton Soil,Phaltan,Satara,"Fresh-cut sugarcane, high sucrose content"
6746806123,Soybean,47,quintal,4494,Black Cotton Soil,Purna,Parbhani,"Clean soybean, low moisture content, ready for crushing"
9787251878,Rice,70,quintal,2259,Clayey Loam,Pauni,Bhandara,"Fine quality rice, well-dried"
6727052780,Soybean,79,quintal,4629,Medium Black Soil,Loha,Nanded,"Good quality soybean, machine-cleaned"
9217596962,Cotton,44,quintal,7078,Clayey Loam,Deoli,Wardha,"Premium BT cotton, harvested this Kharif season"
7099394333,Rice,87,quintal,2589,Black Cotton Soil,Mul,Chandrapur,"Fine quality rice, well-dried"
6854809943,Grapes,49,quintal,4434,Loamy,Kadegaon,Sangli,"Fresh table grapes, good sugar content"
9168488991,Soybean,31,quintal,4697,Murrum,Jintur,Parbhani,"Clean soybean, low moisture content, ready for crushing"
7716235422,Mixed Vegetables,46,quintal,806,Laterite Soil,Bandra,Mumbai Suburban,"Farm-fresh vegetables, harvested this week"
7065335414,Soybean,73,quintal,4712,Medium Black Soil,Ausa,Latur,"Good quality soybean, machine-cleaned"
7784377059,Cotton,20,quintal,6766,Medium Black Soil,Pathri,Parbhani,"Long-staple cotton, clean and well-ginned"
6818446158,Maize,24,quintal,2279,Loamy,Sindkheda,Dhule,"Hybrid maize, well-dried"
7564783071,Rice,56,quintal,2007,Medium Black Soil,Bhamragad,Gadchiroli,"Fine quality rice, well-dried"
9177483518,Grapes,42,quintal,4319,Sandy Loam,Malegaon,Nashik,"Fresh table grapes, good sugar content"
6947314500,Cotton,26,quintal,6766,Black Cotton Soil,Pathri,Parbhani,"Long-staple cotton, clean and well-ginned"
9473782883,Cashew (Raw),10,quintal,13742,Coastal Alluvial,Kankavli,Sindhudurg,"Raw cashew nuts, sun-dried"
7753010793,Mixed Vegetables,48,quintal,1786,Red Loamy,Junnar,Pune,"Farm-fresh vegetables, harvested this week"
6228069368,Banana,25,quintal,926,Sandy Loam,Parola,Jalgaon,"G9 variety banana, uniform bunches"
9174448032,Onion,82,quintal,1670,Black Cotton Soil,Shrigonda,Ahilyanagar (Ahmednagar),"Export-quality red onion, freshly harvested"
7832773058,Mixed Vegetables,12,quintal,1101,Red Laterite,Bhiwandi,Thane,"Farm-fresh vegetables, harvested this week"
9443086053,Coconut,26,quintal,2738,Sandy Coastal Soil,Alibag,Raigad,"Well-matured coconut, ready for market"
7431940797,Rice,29,quintal,2572,Laterite Soil,Murud,Raigad,"Local variety paddy, freshly harvested"
8860960227,Wheat,133,quintal,2632,Medium Black Soil,Khuldabad,Chhatrapati Sambhajinagar (Aurangabad),"Clean, well-dried wheat, good milling quality"
7500808903,Mango (Alphonso),5,quintal,7021,Laterite Soil,Ratnagiri,Ratnagiri,"Premium Alphonso mango, export grade"
9182466589,Orange (Santra),70,quintal,3154,Clayey Loam,Mouda,Nagpur,"Fresh orange, good size and colour"
8554474518,Soybean,63,quintal,4886,Black Cotton Soil,Babhulgaon,Yavatmal,"Clean soybean, low moisture content, ready for crushing"
8606223366,Strawberry,275,kg,92,Black Cotton Soil,Mahabaleshwar,Satara,"Sweet strawberry, ideal for jam-making"
6173599671,Mixed Vegetables,35,quintal,1124,Red Loamy,Junnar,Pune,"Fresh seasonal vegetables, mixed lot"
7771232566,Sugarcane,310,quintal,333,Black Cotton Soil,Sangamner,Ahilyanagar (Ahmednagar),"Fresh-cut sugarcane, high sucrose content"
8398899802,Cotton,25,quintal,7588,Black Cotton Soil,Wani,Yavatmal,"High-grade cotton, sun-dried and ready for sale"
7179731915,Cotton,48,quintal,7384,Black Cotton Soil,Sindkheda,Dhule,"High-grade cotton, sun-dried and ready for sale"
9434158902,Maize,49,quintal,2112,Sandy Loam,Dhadgaon,Nandurbar,"Hybrid maize, well-dried"
9420563121,Papaya,27,quintal,1355,Sandy Loam,Navapur,Nandurbar,"Fresh papaya, ready for market"
6487430929,Rice,36,quintal,2369,Black Cotton Soil,Desaiganj,Gadchiroli,"Fine quality rice, well-dried"
9161959755,Cotton,72,quintal,6838,Medium Black Soil,Akola,Akola,"Premium BT cotton, harvested this Kharif season"
9425595872,Grapes,47,quintal,6461,Loamy,Barshi,Solapur,"Thompson seedless grapes, export quality"
7299782309,Mixed Vegetables,20,quintal,1132,Murrum,Velhe,Pune,"Fresh seasonal vegetables, mixed lot"
8040439161,Rice,77,quintal,2429,Clayey Loam,Pombhurna,Chandrapur,"Local variety paddy, freshly harvested"
6739806692,Soybean,74,quintal,4771,Clayey Loam,Umarkhed,Yavatmal,"Good quality soybean, machine-cleaned"
8947469056,Soybean,77,quintal,4622,Medium Black Soil,Osmanabad,Dharashiv (Osmanabad),"Good quality soybean, machine-cleaned"
8742022484,Pomegranate,24,quintal,6140,Loamy,Rahata,Ahilyanagar (Ahmednagar),"Fresh pomegranate, good size and colour"
9136799784,Banana,85,quintal,1234,Sandy Loam,Pachora,Jalgaon,"Fresh banana, ready for market"
8757106883,Cashew (Raw),6,quintal,13077,Laterite Soil,Lanja,Ratnagiri,"Raw cashew nuts, sun-dried"
7370561467,Soybean,19,quintal,4252,Black Cotton Soil,Karanja,Washim,"Good quality soybean, machine-cleaned"
8953573896,Mango (Alphonso),40,quintal,4069,Sandy Coastal Soil,Uran,Raigad,"Ratnagiri Hapus, naturally ripened"
7010208566,Grapes,30,quintal,4164,Loamy,Daund,Pune,"Thompson seedless grapes, export quality"
7024621769,Groundnut,13,quintal,5950,Medium Black Soil,Partur,Jalna,"Bold variety groundnut, good oil content"
6564593108,Pomegranate,11,quintal,6617,Loamy,Karmala,Solapur,"Fresh pomegranate, good size and colour"
9164405837,Soybean,57,quintal,4151,Medium Black Soil,Mangrulpir,Washim,"Clean soybean, low moisture content, ready for crushing"
9273547128,Turmeric,21,quintal,7300,Murrum,Hingoli,Hingoli,"Selam-variety turmeric, high curcumin content"
8008303506,Sugarcane,111,quintal,310,Murrum,Purandhar,Pune,"Fresh-cut sugarcane, high sucrose content"
9521428150,Banana,80,quintal,909,Black Cotton Soil,Bhadgaon,Jalgaon,"Fresh banana, ready for market"
8284972352,Mango (Alphonso),6,quintal,4494,Red Laterite,Vengurla,Sindhudurg,"Premium Alphonso mango, export grade"
8734357442,Cotton,44,quintal,7360,Medium Black Soil,Mudkhed,Nanded,"Long-staple cotton, clean and well-ginned"
7564783071,Rice,69,quintal,2233,Medium Black Soil,Bhamragad,Gadchiroli,"Local variety paddy, freshly harvested"
6097735061,Soybean,86,quintal,4713,Black Cotton Soil,Nandura,Buldhana,"Good quality soybean, machine-cleaned"
9123977674,Grapes,27,quintal,4605,Sandy Loam,Kalwan,Nashik,"Thompson seedless grapes, export quality"
8956931378,Cotton,48,quintal,6587,Clayey Loam,Patur,Akola,"Long-staple cotton, clean and well-ginned"
9915885332,Tur (Arhar),31,quintal,6630,Murrum,Nilanga,Latur,"Clean tur dal grain, good quality"
8497598702,Soybean,29,quintal,4239,Regur Soil,Dhamangaon,Amravati,"Good quality soybean, machine-cleaned"
9732704060,Tomato,53,quintal,1891,Sandy Loam,Trimbakeshwar,Nashik,"Farm-fresh tomatoes, harvested this week"
9457422975,Soybean,51,quintal,4856,Medium Black Soil,Gangakhed,Parbhani,"Good quality soybean, machine-cleaned"
9966554522,Soybean,73,quintal,4734,Medium Black Soil,Mahur,Nanded,"Good quality soybean, machine-cleaned"
8309056101,Cotton,64,quintal,6316,Sandy Loam,Raver,Jalgaon,"High-grade cotton, sun-dried and ready for sale"
8372135081,Grapes,24,quintal,4219,Black Cotton Soil,Kavathemahankal,Sangli,"Fresh table grapes, good sugar content"
7493612426,Tur (Arhar),21,quintal,7119,Medium Black Soil,Shirur Anantpal,Latur,"Well-dried tur, ready for milling"
7700159429,Papaya,40,quintal,1279,Sandy Loam,Nandurbar,Nandurbar,"Fresh papaya, ready for market"
7349503624,Betelnut (Supari),16,quintal,11391,Sandy Coastal Soil,Khed,Ratnagiri,"Sun-dried supari, good quality"
8320499130,Grapes,25,quintal,5510,Red Loamy,Daund,Pune,"Fresh table grapes, good sugar content"
9415097574,Rice,88,quintal,2191,Black Cotton Soil,Sadak-Arjuni,Gondia,"Fine quality rice, well-dried"
7657382939,Soybean,61,quintal,4312,Regur Soil,Motala,Buldhana,"Good quality soybean, machine-cleaned"
7550461429,Cotton,16,quintal,7522,Medium Black Soil,Washim,Washim,"Premium BT cotton, harvested this Kharif season"
9774963262,Soybean,81,quintal,4649,Murrum,Umarga,Dharashiv (Osmanabad),"Clean soybean, low moisture content, ready for crushing"
7085704422,Cotton,80,quintal,6769,Black Cotton Soil,Babhulgaon,Yavatmal,"High-grade cotton, sun-dried and ready for sale"
8736559811,Jowar,80,quintal,2690,Murrum,Shirur Anantpal,Latur,"Rabi jowar, clean and well-dried"
7702114432,Orange (Santra),17,quintal,3078,Clayey Loam,Kuhi,Nagpur,"Fresh orange, good size and colour"
8805697290,Soybean,46,quintal,4178,Black Cotton Soil,Ardhapur,Nanded,"Good quality soybean, machine-cleaned"
8692200713,Rice,99,quintal,2435,Clayey Loam,Korpana,Chandrapur,"Local variety paddy, freshly harvested"
6396717153,Mixed Vegetables,35,quintal,1367,Loamy,Karad,Satara,"Fresh seasonal vegetables, mixed lot"
7195351561,Mango (Alphonso),30,quintal,5351,Laterite Soil,Alibag,Raigad,"Ratnagiri Hapus, naturally ripened"
9581739587,Wheat,44,quintal,2474,Murrum,Ambad,Jalna,"Sharbati wheat, Grade A"
6788485575,Sugarcane,346,quintal,328,Black Cotton Soil,Mangalvedhe,Solapur,"High-yield sugarcane, ready for crushing"
6825107978,Onion,27,quintal,1498,Loamy,Jamkhed,Ahilyanagar (Ahmednagar),"Fresh red onion, well-stored"
8925405021,Cotton,65,quintal,6202,Black Cotton Soil,Palam,Parbhani,"Long-staple cotton, clean and well-ginned"
9714856819,Cotton,49,quintal,7281,Regur Soil,Akot,Akola,"Long-staple cotton, clean and well-ginned"
8509204269,Cotton,31,quintal,7155,Medium Black Soil,Aundha Nagnath,Hingoli,"Long-staple cotton, clean and well-ginned"
6975404713,Chikoo (Sapota),16,quintal,2972,Coastal Alluvial,Jawhar,Palghar,"Fresh sapota, ready for market"
8381780986,Soybean,82,quintal,4763,Medium Black Soil,Kalamnuri,Hingoli,"Good quality soybean, machine-cleaned"
9449150592,Tomato,16,quintal,1018,Sandy Loam,Trimbakeshwar,Nashik,"Fresh ripe tomatoes, hybrid variety"
7604939157,Mixed Vegetables,27,quintal,1198,Laterite Soil,Dadar,Mumbai City,"Farm-fresh vegetables, harvested this week"
8888005970,Sunflower Seed,38,quintal,5676,Black Cotton Soil,Motala,Buldhana,"Clean sunflower seed, good oil content"
8607337063,Soybean,20,quintal,4674,Murrum,Purna,Parbhani,"Good quality soybean, machine-cleaned"
6583924346,Cotton,20,quintal,6978,Regur Soil,Arvi,Wardha,"Long-staple cotton, clean and well-ginned"
7640827462,Coconut,48,quintal,2632,Red Laterite,Sudhagad-Pali,Raigad,"Fresh coconut, good copra content"
7085324021,Onion,47,quintal,1342,Loamy,Nevasa,Ahilyanagar (Ahmednagar),"Fresh red onion, well-stored"
7096847617,Strawberry,123,kg,150,Red Loamy,Khatav,Satara,"Mahabaleshwar strawberry, fresh-picked"
7078141409,Soybean,25,quintal,4342,Medium Black Soil,Paranda,Dharashiv (Osmanabad),"Good quality soybean, machine-cleaned"
7442737781,Cotton,63,quintal,6684,Loamy,Parola,Jalgaon,"Premium BT cotton, harvested this Kharif season"
6742467894,Soybean,58,quintal,4631,Regur Soil,Khamgaon,Buldhana,"Clean soybean, low moisture content, ready for crushing"
8321039357,Turmeric,22,quintal,7636,Black Cotton Soil,Gaganbawada,Kolhapur,"Selam-variety turmeric, high curcumin content"
8509204269,Turmeric,10,quintal,7765,Medium Black Soil,Aundha Nagnath,Hingoli,"Sun-dried turmeric fingers, good colour"
7245388952,Onion,67,quintal,1466,Loamy,Malegaon,Nashik,"Export-quality red onion, freshly harvested"
6763391158,Soybean,62,quintal,4799,Black Cotton Soil,Gangakhed,Parbhani,"Good quality soybean, machine-cleaned"
6822885334,Mixed Vegetables,41,quintal,1667,Red Laterite,Borivali,Mumbai Suburban,"Farm-fresh vegetables, harvested this week"
9908077274,Turmeric,14,quintal,7975,Medium Black Soil,Aundha Nagnath,Hingoli,"Selam-variety turmeric, high curcumin content"
9564755477,Mixed Vegetables,32,quintal,1499,Red Laterite,Byculla,Mumbai City,"Farm-fresh vegetables, harvested this week"
6113200505,Sugarcane,342,quintal,340,Murrum,Pathardi,Ahilyanagar (Ahmednagar),"High-yield sugarcane, ready for crushing"
6739806692,Cotton,70,quintal,7080,Clayey Loam,Umarkhed,Yavatmal,"High-grade cotton, sun-dried and ready for sale"
7873562065,Turmeric,36,quintal,8971,Black Cotton Soil,Bhokar,Nanded,"Selam-variety turmeric, high curcumin content"
7056878086,Cotton,31,quintal,6509,Clayey Loam,Ballarpur,Chandrapur,"High-grade cotton, sun-dried and ready for sale"
6376650574,Banana,97,quintal,1141,Black Cotton Soil,Amalner,Jalgaon,"G9 variety banana, uniform bunches"
9900462471,Soybean,85,quintal,4537,Murrum,Shirur Anantpal,Latur,"Good quality soybean, machine-cleaned"
7873562065,Soybean,73,quintal,4571,Murrum,Bhokar,Nanded,"Clean soybean, low moisture content, ready for crushing"
6327328412,Soybean,63,quintal,4892,Medium Black Soil,Nanded,Nanded,"Clean soybean, low moisture content, ready for crushing"
9711591886,Onion,49,quintal,1389,Black Cotton Soil,Ambegaon,Pune,"Fresh red onion, well-stored"
9270092311,Turmeric,38,quintal,9238,Medium Black Soil,Mahur,Nanded,"Sun-dried turmeric fingers, good colour"
8130717288,Sunflower Seed,16,quintal,5905,Clayey Loam,Nandura,Buldhana,Well-dried sunflower seed
8490747309,Cotton,52,quintal,6728,Medium Black Soil,Nandura,Buldhana,"Premium BT cotton, harvested this Kharif season"
7024422732,Soybean,81,quintal,4217,Black Cotton Soil,Barshitakli,Akola,"Clean soybean, low moisture content, ready for crushing"
9716308353,Mixed Vegetables,16,quintal,1419,Murrum,Satara,Satara,"Fresh seasonal vegetables, mixed lot"
6139097084,Rice,87,quintal,2040,Medium Black Soil,Armori,Gadchiroli,"Local variety paddy, freshly harvested"
8872323346,Mixed Vegetables,42,quintal,1009,Coastal Alluvial,Colaba,Mumbai City,"Farm-fresh vegetables, harvested this week"
9499380554,Cotton,66,quintal,6206,Regur Soil,Khamgaon,Buldhana,"High-grade cotton, sun-dried and ready for sale"
6096479778,Cotton,15,quintal,6672,Medium Black Soil,Chandur,Amravati,"Long-staple cotton, clean and well-ginned"
7130373425,Orange (Santra),61,quintal,3200,Regur Soil,Tiosa,Amravati,"Nagpur santra, sweet and juicy"
9268067414,Cotton,39,quintal,7401,Medium Black Soil,Kandhar,Nanded,"Premium BT cotton, harvested this Kharif season"
8934917540,Rice,38,quintal,2055,Clayey Loam,Sakoli,Bhandara,"Local variety paddy, freshly harvested"
9998835942,Strawberry,186,kg,156,Loamy,Maan,Satara,"Sweet strawberry, ideal for jam-making"
8449215548,Cotton,49,quintal,6934,Black Cotton Soil,Shirpur,Dhule,"Premium BT cotton, harvested this Kharif season"
6969802897,Cotton,43,quintal,7020,Black Cotton Soil,Dhadgaon,Nandurbar,"Premium BT cotton, harvested this Kharif season"
7339673477,Coconut,35,quintal,2394,Laterite Soil,Lanja,Ratnagiri,"Fresh coconut, good copra content"
7021368586,Sunflower Seed,46,quintal,6166,Murrum,Wadwani,Beed,"Clean sunflower seed, good oil content"
6115530659,Soybean,42,quintal,4838,Black Cotton Soil,Barshitakli,Akola,"Good quality soybean, machine-cleaned"
9434158902,Cotton,57,quintal,7559,Loamy,Dhadgaon,Nandurbar,"Premium BT cotton, harvested this Kharif season"
9035794948,Cotton,16,quintal,6568,Black Cotton Soil,Yavatmal,Yavatmal,"High-grade cotton, sun-dried and ready for sale"
6380495104,Cotton,40,quintal,7122,Murrum,Jafrabad,Jalna,"Premium BT cotton, harvested this Kharif season"
8093662122,Rice,93,quintal,2433,Clayey Loam,Goregaon,Gondia,"Local variety paddy, freshly harvested"
9121477691,Jowar,46,quintal,2538,Black Cotton Soil,Mangalvedhe,Solapur,"Rabi jowar, clean and well-dried"
6214023395,Sugarcane,365,quintal,328,Black Cotton Soil,Maan,Satara,"High-yield sugarcane, ready for crushing"
6786741700,Soybean,90,quintal,4320,Clayey Loam,Babhulgaon,Yavatmal,"Clean soybean, low moisture content, ready for crushing"
9583391864,Mixed Vegetables,37,quintal,1335,Coastal Alluvial,Parel,Mumbai City,"Farm-fresh vegetables, harvested this week"
8706795188,Onion,74,quintal,2379,Loamy,Pune City,Pune,"Fresh red onion, well-stored"
6177119707,Cotton,77,quintal,6608,Black Cotton Soil,Daryapur,Amravati,"High-grade cotton, sun-dried and ready for sale"
9870302163,Sugarcane,390,quintal,324,Black Cotton Soil,Shahuwadi,Kolhapur,"Fresh-cut sugarcane, high sucrose content"
9076905116,Groundnut,16,quintal,5583,Sandy Loam,Yawal,Jalgaon,"Clean, well-dried groundnut"
7339509589,Sugarcane,377,quintal,337,Loamy,Hatkanangale,Kolhapur,"High-yield sugarcane, ready for crushing"
8592134120,Sugarcane,392,quintal,314,Medium Black Soil,Kannad,Chhatrapati Sambhajinagar (Aurangabad),"High-yield sugarcane, ready for crushing"
8154130123,Cotton,21,quintal,6203,Black Cotton Soil,Kalamb,Yavatmal,"Long-staple cotton, clean and well-ginned"
7828556665,Sugarcane,203,quintal,356,Murrum,Panhala,Kolhapur,"High-yield sugarcane, ready for crushing"
8122758574,Cotton,37,quintal,6785,Clayey Loam,Rajura,Chandrapur,"Long-staple cotton, clean and well-ginned"
9876659916,Mango (Alphonso),29,quintal,6187,Coastal Alluvial,Ambarnath,Thane,"Premium Alphonso mango, export grade"
7605499493,Cotton,66,quintal,7264,Black Cotton Soil,Parola,Jalgaon,"Premium BT cotton, harvested this Kharif season"
8966166244,Cotton,19,quintal,6902,Medium Black Soil,Karanja,Washim,"Long-staple cotton, clean and well-ginned"
9803174925,Soybean,33,quintal,4334,Clayey Loam,Mangrulpir,Washim,"Clean soybean, low moisture content, ready for crushing"
7145465682,Sunflower Seed,11,quintal,6620,Medium Black Soil,Chikhli,Buldhana,"Clean sunflower seed, good oil content"
9108136390,Wheat,73,quintal,2439,Medium Black Soil,Badnapur,Jalna,"Clean, well-dried wheat, good milling quality"
6186907669,Rice,81,quintal,2314,Medium Black Soil,Etapalli,Gadchiroli,"Fine quality rice, well-dried"
9392981156,Sugarcane,377,quintal,323,Black Cotton Soil,Shevgaon,Ahilyanagar (Ahmednagar),"Fresh-cut sugarcane, high sucrose content"
7682651487,Mixed Vegetables,31,quintal,1021,Sandy Coastal Soil,Kurla,Mumbai Suburban,"Farm-fresh vegetables, harvested this week"
6358695028,Banana,86,quintal,1029,Loamy,Dharangaon,Jalgaon,"Fresh banana, ready for market"
8002910168,Soybean,33,quintal,4456,Black Cotton Soil,Udgir,Latur,"Good quality soybean, machine-cleaned"
7742641311,Rice,52,quintal,2120,Medium Black Soil,Pombhurna,Chandrapur,"Fine quality rice, well-dried"
6578989049,Cotton,15,quintal,7466,Clayey Loam,Yavatmal,Yavatmal,"Premium BT cotton, harvested this Kharif season"
8865605633,Mixed Vegetables,16,quintal,1526,Loamy,Karad,Satara,"Farm-fresh vegetables, harvested this week"
9757194914,Soybean,61,quintal,4241,Black Cotton Soil,Malegaon,Washim,"Clean soybean, low moisture content, ready for crushing"
9410018488,Mango (Alphonso),6,quintal,6037,Laterite Soil,Chiplun,Ratnagiri,"Ratnagiri Hapus, naturally ripened"
9154477830,Rice,36,quintal,2481,Laterite Soil,Murbad,Thane,"Fine quality rice, well-dried"
7469948573,Sugarcane,239,quintal,331,Red Loamy,Haveli,Pune,"High-yield sugarcane, ready for crushing"
9023843479,Mixed Vegetables,49,quintal,885,Sandy Coastal Soil,Byculla,Mumbai City,"Farm-fresh vegetables, harvested this week"
8771909164,Rice,92,quintal,2278,Clayey Loam,Pauni,Bhandara,"Local variety paddy, freshly harvested"
6490061114,Soybean,65,quintal,4141,Murrum,Bhum,Dharashiv (Osmanabad),"Good quality soybean, machine-cleaned"
8843696872,Cotton,76,quintal,6948,Medium Black Soil,Washim,Washim,"High-grade cotton, sun-dried and ready for sale"
8397224641,Strawberry,192,kg,145,Loamy,Khandala,Satara,"Mahabaleshwar strawberry, fresh-picked"
9545821231,Rice,60,quintal,2046,Clayey Loam,Etapalli,Gadchiroli,"Fine quality rice, well-dried"
6865403390,Cashew (Raw),28,quintal,14529,Laterite Soil,Ratnagiri,Ratnagiri,"Good quality raw cashew, ready for processing"
8882092242,Grapes,37,quintal,5495,Black Cotton Soil,Peth,Nashik,"Fresh table grapes, good sugar content"
9995132134,Sugarcane,392,quintal,317,Black Cotton Soil,Miraj,Sangli,"Fresh-cut sugarcane, high sucrose content"
9313320794,Orange (Santra),18,quintal,2568,Black Cotton Soil,Parseoni,Nagpur,"Fresh orange, good size and colour"
8767675328,Rice,90,quintal,2099,Clayey Loam,Mohadi,Bhandara,"Fine quality rice, well-dried"
6439133139,Rice,57,quintal,2551,Laterite Soil,Ulhasnagar,Thane,"Fine quality rice, well-dried"
7724087416,Turmeric,50,quintal,8655,Red Loamy,Palus,Sangli,"Selam-variety turmeric, high curcumin content"
8965446810,Mixed Vegetables,10,quintal,1782,Laterite Soil,Colaba,Mumbai City,"Fresh seasonal vegetables, mixed lot"
6694959430,Cotton,74,quintal,7300,Medium Black Soil,Shegaon,Buldhana,"Long-staple cotton, clean and well-ginned"
8115694427,Mango (Alphonso),36,quintal,4802,Red Laterite,Talasari,Palghar,"Premium Alphonso mango, export grade"
9676083212,Mango (Alphonso),6,quintal,6088,Laterite Soil,Kudal,Sindhudurg,"Premium Alphonso mango, export grade"
6048514603,Mixed Vegetables,37,quintal,987,Sandy Coastal Soil,Bandra,Mumbai Suburban,"Fresh seasonal vegetables, mixed lot"
9160890195,Sugarcane,110,quintal,359,Red Loamy,Radhanagari,Kolhapur,"Fresh-cut sugarcane, high sucrose content"
9918908958,Rice,71,quintal,2012,Coastal Alluvial,Pen,Raigad,"Local variety paddy, freshly harvested"
9880504269,Mixed Vegetables,15,quintal,1177,Laterite Soil,Parel,Mumbai City,"Farm-fresh vegetables, harvested this week"
6975326930,Sugarcane,258,quintal,341,Murrum,Aurangabad,Chhatrapati Sambhajinagar (Aurangabad),"Fresh-cut sugarcane, high sucrose content"
8827649392,Sugarcane,241,quintal,354,Murrum,Koregaon,Satara,"Fresh-cut sugarcane, high sucrose content"
7238757520,Rice,21,quintal,2464,Clayey Loam,Goregaon,Gondia,"Local variety paddy, freshly harvested"
7176505735,Soybean,41,quintal,4492,Medium Black Soil,Manwath,Parbhani,"Clean soybean, low moisture content, ready for crushing"
7140316652,Soybean,87,quintal,4239,Black Cotton Soil,Nanded,Nanded,"Clean soybean, low moisture content, ready for crushing"
7804581654,Coconut,43,quintal,2459,Sandy Coastal Soil,Rajapur,Ratnagiri,"Well-matured coconut, ready for market"
6727052780,Cotton,64,quintal,7262,Murrum,Loha,Nanded,"Premium BT cotton, harvested this Kharif season"
9434684716,Turmeric,17,quintal,8104,Regur Soil,Karanja,Washim,"Sun-dried turmeric fingers, good colour"
6943744986,Groundnut,21,quintal,5874,Loamy,Dharangaon,Jalgaon,"Clean, well-dried groundnut"
6194780453,Mixed Vegetables,32,quintal,872,Sandy Coastal Soil,Byculla,Mumbai City,"Fresh seasonal vegetables, mixed lot"
9681186439,Soybean,38,quintal,4447,Clayey Loam,Risod,Washim,"Clean soybean, low moisture content, ready for crushing"
9765330535,Soybean,30,quintal,4765,Black Cotton Soil,Jalgaon Jamod,Buldhana,"Good quality soybean, machine-cleaned"
6230357783,Rice,78,quintal,2316,Black Cotton Soil,Lakhani,Bhandara,"Fine quality rice, well-dried"
7452968708,Cotton,25,quintal,7170,Black Cotton Soil,Manora,Washim,"Premium BT cotton, harvested this Kharif season"
6931251672,Maize,45,quintal,2291,Sandy Loam,Dhule,Dhule,"Hybrid maize, well-dried"
8251418623,Mixed Vegetables,19,quintal,831,Laterite Soil,Kurla,Mumbai Suburban,"Farm-fresh vegetables, harvested this week"
8262379581,Onion,100,quintal,1583,Loamy,Akole,Ahilyanagar (Ahmednagar),"Fresh red onion, well-stored"
7589638873,Soybean,53,quintal,4641,Regur Soil,Kelapur,Yavatmal,"Good quality soybean, machine-cleaned"
8130790266,Cotton,74,quintal,6480,Medium Black Soil,Kuhi,Nagpur,"High-grade cotton, sun-dried and ready for sale"
6380495104,Wheat,115,quintal,2659,Murrum,Jafrabad,Jalna,"Clean, well-dried wheat, good milling quality"
9659153710,Cotton,26,quintal,6307,Black Cotton Soil,Seloo,Wardha,"Long-staple cotton, clean and well-ginned"
8361055066,Sugarcane,202,quintal,340,Loamy,Gadhinglaj,Kolhapur,"Fresh-cut sugarcane, high sucrose content"
7354397217,Soybean,19,quintal,4526,Clayey Loam,Mangrulpir,Washim,"Clean soybean, low moisture content, ready for crushing"
6195132440,Soybean,59,quintal,4205,Regur Soil,Balapur,Akola,"Clean soybean, low moisture content, ready for crushing"
8677278082,Soybean,85,quintal,4201,Murrum,Sengaon,Hingoli,"Good quality soybean, machine-cleaned"
8920177882,Cotton,53,quintal,7342,Regur Soil,Ghatanji,Yavatmal,"Premium BT cotton, harvested this Kharif season"
9893595340,Soybean,59,quintal,4508,Regur Soil,Dharni,Amravati,"Clean soybean, low moisture content, ready for crushing"
9832664286,Tomato,55,quintal,1466,Loamy,Trimbakeshwar,Nashik,"Fresh ripe tomatoes, hybrid variety"
8500717185,Turmeric,28,quintal,9213,Medium Black Soil,Mudkhed,Nanded,"Selam-variety turmeric, high curcumin content"
9633207343,Rice,32,quintal,2583,Clayey Loam,Warora,Chandrapur,"Local variety paddy, freshly harvested"
8439185356,Rice,55,quintal,2205,Medium Black Soil,Sakoli,Bhandara,"Fine quality rice, well-dried"
6648444949,Mango (Alphonso),15,quintal,4186,Laterite Soil,Vaibhavwadi,Sindhudurg,"Ratnagiri Hapus, naturally ripened"
6956260380,Sugarcane,389,quintal,352,Red Loamy,Hatkanangale,Kolhapur,"High-yield sugarcane, ready for crushing"
7342017493,Rice,59,quintal,2399,Medium Black Soil,Lakhandur,Bhandara,"Local variety paddy, freshly harvested"
7753010793,Grapes,49,quintal,5615,Black Cotton Soil,Junnar,Pune,"Fresh table grapes, good sugar content"
6515588166,Cotton,72,quintal,6636,Sandy Loam,Dhule,Dhule,"High-grade cotton, sun-dried and ready for sale"
6602437602,Cotton,78,quintal,7165,Murrum,Ghansawangi,Jalna,"Premium BT cotton, harvested this Kharif season"
8653925804,Cotton,52,quintal,7435,Black Cotton Soil,Chikhli,Buldhana,"High-grade cotton, sun-dried and ready for sale"
7205245323,Mixed Vegetables,37,quintal,935,Sandy Coastal Soil,Byculla,Mumbai City,"Fresh seasonal vegetables, mixed lot"
9903219070,Cotton,37,quintal,6282,Clayey Loam,Sangrampur,Buldhana,"High-grade cotton, sun-dried and ready for sale"
9765382483,Custard Apple (Sitaphal),12,quintal,3273,Black Cotton Soil,Beed,Beed,"Fresh custard apple, good size"
6423215329,Cotton,29,quintal,7140,Black Cotton Soil,Sakri,Dhule,"Long-staple cotton, clean and well-ginned"
8746681450,Onion,84,quintal,2308,Loamy,Deola,Nashik,"Export-quality red onion, freshly harvested"
6113200505,Pomegranate,26,quintal,6481,Loamy,Pathardi,Ahilyanagar (Ahmednagar),"Fresh pomegranate, good size and colour"
9677446840,Papaya,27,quintal,1124,Loamy,Navapur,Nandurbar,"Fresh papaya, ready for market"
9877744848,Rice,53,quintal,2124,Regur Soil,Ballarpur,Chandrapur,"Local variety paddy, freshly harvested"
7840149722,Custard Apple (Sitaphal),5,quintal,5277,Murrum,Dharur,Beed,"Fresh custard apple, good size"
7781537133,Soybean,83,quintal,4180,Black Cotton Soil,Risod,Washim,"Good quality soybean, machine-cleaned"
7904304897,Soybean,52,quintal,4406,Murrum,Manwath,Parbhani,"Good quality soybean, machine-cleaned"
9205986737,Mango (Alphonso),20,quintal,7659,Coastal Alluvial,Vengurla,Sindhudurg,"Premium Alphonso mango, export grade"
7118437198,Rice,40,quintal,2472,Clayey Loam,Lakhandur,Bhandara,"Local variety paddy, freshly harvested"
8709376669,Soybean,48,quintal,4457,Medium Black Soil,Renapur,Latur,"Clean soybean, low moisture content, ready for crushing"
9782189226,Cotton,64,quintal,7112,Regur Soil,Saoli,Chandrapur,"Premium BT cotton, harvested this Kharif season"
7544188188,Cotton,58,quintal,6556,Medium Black Soil,Akola,Akola,"High-grade cotton, sun-dried and ready for sale"
6321041259,Soybean,73,quintal,4763,Medium Black Soil,Latur,Latur,"Good quality soybean, machine-cleaned"
6976879884,Chikoo (Sapota),31,quintal,2225,Red Laterite,Vikramgad,Palghar,"Kalipatti chikoo, sweet and fresh"
9233562211,Banana,51,quintal,1086,Black Cotton Soil,Chopda,Jalgaon,"G9 variety banana, uniform bunches"
7651329428,Mango (Alphonso),32,quintal,5355,Coastal Alluvial,Malwan,Sindhudurg,"Ratnagiri Hapus, naturally ripened"
8087983842,Soybean,76,quintal,4581,Black Cotton Soil,Risod,Washim,"Clean soybean, low moisture content, ready for crushing"
6753432782,Sunflower Seed,25,quintal,5712,Medium Black Soil,Patoda,Beed,Well-dried sunflower seed
9882134521,Sugarcane,199,quintal,352,Black Cotton Soil,Hatkanangale,Kolhapur,"High-yield sugarcane, ready for crushing"
9394585071,Turmeric,33,quintal,9033,Red Loamy,Chandgad,Kolhapur,"Selam-variety turmeric, high curcumin content"
9135324256,Mixed Vegetables,15,quintal,911,Laterite Soil,Dadar,Mumbai City,"Farm-fresh vegetables, harvested this week"
7474744333,Cotton,63,quintal,7358,Regur Soil,Samudrapur,Wardha,"Premium BT cotton, harvested this Kharif season"
7377515418,Rice,98,quintal,2229,Regur Soil,Dhanora,Gadchiroli,"Fine quality rice, well-dried"
9265498101,Turmeric,25,quintal,7360,Black Cotton Soil,Mukhed,Nanded,"Selam-variety turmeric, high curcumin content"
8662329173,Rice,48,quintal,2539,Black Cotton Soil,Goregaon,Gondia,"Local variety paddy, freshly harvested"
7140567084,Groundnut,53,quintal,5722,Medium Black Soil,Jafrabad,Jalna,"Bold variety groundnut, good oil content"
7732243357,Rice,53,quintal,2033,Black Cotton Soil,Sadak-Arjuni,Gondia,"Fine quality rice, well-dried"
6388227842,Mixed Vegetables,48,quintal,1351,Red Laterite,Malad,Mumbai Suburban,"Farm-fresh vegetables, harvested this week"
9819749503,Rice,34,quintal,2202,Clayey Loam,Salekasa,Gondia,"Local variety paddy, freshly harvested"
9072096460,Turmeric,20,quintal,9381,Medium Black Soil,Basmath,Hingoli,"Selam-variety turmeric, high curcumin content"
7535238727,Cotton,15,quintal,7304,Black Cotton Soil,Manora,Washim,"High-grade cotton, sun-dried and ready for sale"
7184105432,Soybean,59,quintal,4790,Murrum,Washi,Dharashiv (Osmanabad),"Good quality soybean, machine-cleaned"
9253879403,Cotton,38,quintal,7169,Black Cotton Soil,Kannad,Chhatrapati Sambhajinagar (Aurangabad),"High-grade cotton, sun-dried and ready for sale"
6065000310,Rice,52,quintal,2092,Black Cotton Soil,Lakhandur,Bhandara,"Local variety paddy, freshly harvested"
