demand_id,buyer_id,crop,variety,required_quantity_tons,maximum_price_per_quintal,description,demand_date,required_by_date,cluster,district,taluka,village
D0001,B0913,Ragi,Dapoli-2,11.75,3012.04,Bulk Ragi requirement for processing.,2026-07-30,2026-11-01,Konkan,Palghar,Mokhada,Gonde Bk.
D0002,B0713,Groundnut,Not Specified,10.48,5891.93,"Procurement need for good quality Groundnut, open to multiple sellers.",2026-07-09,2026-08-06,Western Maharashtra (Desh),Pune,Pune City,Keshavnagar-Mundwa
D0003,B4598,Mango (Alphonso),Ratna,11.4,20454.27,Looking for fresh Mango (Alphonso) for wholesale procurement.,2026-08-08,2026-08-28,Konkan,Ratnagiri,Rajapur,Kondsar Bk.
D0004,B3463,Coconut,Dwarf Green,11.21,5594.73,Bulk Coconut requirement for processing.,2026-05-13,2026-05-29,Konkan,Sindhudurg,Sawantwadi,Amboli
D0005,B2941,Banana,Not Specified,22.44,4560.6,Sourcing Banana for export-quality grading and packaging.,2026-07-04,2026-07-21,Khandesh,Jalgaon,Chalisgaon,Abhone
D0006,B3101,Gram,Phule Vikram,63.12,6100.45,Requirement raised for Gram to meet upcoming production schedule.,2026-07-18,2026-11-10,Marathwada,Latur,Jalkot,Atnoor
D0007,B0570,Turmeric,Phule Swarupa,24.86,19094.32,"Procurement need for good quality Turmeric, open to multiple sellers.",2026-08-18,2026-09-21,Western Maharashtra (Desh),Sangli,Shirala,Arala
D0008,B2278,Soybean,JS 9560,18.43,5573.19,Looking to procure Soybean for institutional buyers.,2026-06-07,2026-09-27,Marathwada,Nanded,Himayatnagar,Pota
D0009,B0585,Sugarcane,Not Specified,151.01,545.81,Seeking regular Sugarcane supply from nearby farmers.,2026-07-04,2026-09-01,Western Maharashtra (Desh),Kolhapur,Hatkanangale,Rukadi
D0010,B4563,Vari,Local Bhagar landrace,67.49,4818.91,"Procurement need for good quality Vari, open to multiple sellers.",2026-08-14,2026-10-18,Western Maharashtra (Desh),Kolhapur,Karvir,Amashi
D0011,B3287,Bajra,Phule Adishakti,67.22,3506.77,Sourcing Bajra for export-quality grading and packaging.,2026-06-14,2026-09-30,Khandesh,Nashik,Niphad,Kundewadi
D0012,B4090,Groundnut,TAG-24,17.71,6056.69,Sourcing Groundnut for export-quality grading and packaging.,2026-07-16,2026-09-12,Khandesh,Nashik,Baglan,Devthan Di
D0013,B4789,Linseed,Sharda,29.85,6069.52,Seeking regular Linseed supply from nearby farmers.,2026-07-10,2026-08-15,Vidarbha,Gondia,Salekasa,Tirkhedi
D0014,B0386,Mango (Alphonso),Not Specified,9.2,10276.69,Looking to procure Mango (Alphonso) for institutional buyers.,2026-06-29,2026-07-13,Konkan,Raigad,Shrivardhan,Asuf
D0015,B3153,Turmeric,Rajapuri,18.13,18951.54,Looking for fresh Turmeric for wholesale procurement.,2026-07-30,2026-08-16,Western Maharashtra (Desh),Sangli,Miraj,Bamnoli
D0016,B4399,Sugarcane,Not Specified,451.58,402.35,Sourcing Sugarcane in bulk for our processing unit.,2026-06-30,2026-09-21,Western Maharashtra (Desh),Ahilyanagar (Ahmednagar),Kopargaon,Samvatsar
D0017,B0027,Chickoo,Not Specified,30.81,2495.09,Inviting offers for Chickoo from farmers in the region.,2026-08-08,2026-09-19,Konkan,Palghar,Vikramgad,Alonde
D0018,B0872,Linseed,Not Specified,24.15,7117.76,"Standing requirement for Linseed, quantity flexible based on quality.",2026-05-29,2026-08-09,Vidarbha,Gadchiroli,Gadchiroli,Kotgal
D0019,B1324,Vari,Konkan local Vari landrace,50.55,4228.6,Bulk Vari requirement for processing.,2026-08-23,2026-10-26,Konkan,Palghar,Vasai,Agashi
D0020,B1962,Banana,Shrimanti,32.95,1756.85,Need consistent Banana supply for ongoing operations.,2026-08-13,2026-09-26,Khandesh,Jalgaon,Chopda,Adgaon
D0021,B1031,Tur,Phule Rajeshwari,69.19,6094.12,Inviting offers for Tur from farmers in the region.,2026-08-18,2026-11-05,Marathwada,Beed,Majalgaon,Pathrud
D0022,B1736,Cotton,Not Specified,56.27,9444.05,Sourcing Cotton for export-quality grading and packaging.,2026-06-14,2026-10-02,Vidarbha,Washim,Washim,Ansing
D0023,B3060,Cashew,Vengurla-8,8.08,16046.22,Requirement raised for Cashew to meet upcoming production schedule.,2026-05-02,2026-06-16,Konkan,Sindhudurg,Malwan,Kalethar
D0024,B1886,Soybean,Not Specified,8.61,6717.95,Looking for fresh Soybean for wholesale procurement.,2026-06-02,2026-07-01,Vidarbha,Washim,Manora,Poharadevi
D0025,B2707,Maize,DHM-117,26.52,2266.17,Inviting offers for Maize from farmers in the region.,2026-05-19,2026-08-25,Khandesh,Nandurbar,Shahada,Adgaon
D0026,B4721,Coconut,T x D hybrid,30.48,3468.97,Bulk Coconut requirement for processing.,2026-07-28,2026-08-29,Konkan,Sindhudurg,Devgad,Shirgaon
D0027,B3470,Mango (Alphonso),Alphonso (Hapus),26.18,29816.65,Bulk Mango (Alphonso) requirement for processing.,2026-05-08,2026-06-08,Konkan,Sindhudurg,Malwan,Waghavane
D0028,B0896,Mango (Alphonso),Kesar,21.71,9807.27,Seeking regular Mango (Alphonso) supply from nearby farmers.,2026-06-09,2026-07-04,Konkan,Raigad,Murud,Adad
D0029,B0618,Field Beans,Konkan Val landrace,6.17,5388.43,Looking for fresh Field Beans for wholesale procurement.,2026-08-25,2026-09-19,Konkan,Raigad,Murud,Agardande
D0030,B1363,Coconut,T x D hybrid,11.16,4250.27,Looking for fresh Coconut for wholesale procurement.,2026-05-24,2026-06-03,Konkan,Sindhudurg,Malwan,Devli
D0031,B3199,Sunflower,Phule Raviraj,28.95,7264.65,Sourcing Sunflower for export-quality grading and packaging.,2026-08-26,2026-11-30,Vidarbha,Buldhana,Buldhana,Dhad
D0032,B3987,Vari,Local Bhagar landrace,24.08,3345.13,Sourcing Vari for export-quality grading and packaging.,2026-07-14,2026-11-11,Western Maharashtra (Desh),Kolhapur,Karvir,Balinge
D0033,B2570,Soybean,MAUS 71,38.29,7404.82,Inviting offers for Soybean from farmers in the region.,2026-05-22,2026-08-20,Vidarbha,Akola,Murtajapur,Mana
D0034,B0657,Cotton,Not Specified,12.57,7814.17,"Procurement need for good quality Cotton, open to multiple sellers.",2026-06-26,2026-10-01,Marathwada,Parbhani,Parbhani,Aland
D0035,B2017,Mango (Alphonso),Not Specified,5.51,8427.48,Looking to procure Mango (Alphonso) for institutional buyers.,2026-07-19,2026-08-31,Konkan,Raigad,Khalapur,Ajivali
D0036,B2592,Areca Nut,Not Specified,11.03,51434.22,"Procurement need for good quality Areca Nut, open to multiple sellers.",2026-06-07,2026-06-25,Konkan,Ratnagiri,Dapoli,Satamba
D0037,B2458,Wheat,Lokwan,8.63,2916.52,"Standing requirement for Wheat, quantity flexible based on quality.",2026-08-26,2026-09-29,Western Maharashtra (Desh),Satara,Satara,Angapur Vandan
D0038,B4405,Bajra,Saburi,16.86,2936.75,Bulk Bajra requirement for processing.,2026-08-19,2026-10-30,Marathwada,Jalna,Badnapur,Bawane Pangri
D0039,B2335,Linseed,Sharda,47.04,7049.63,Looking to procure Linseed for institutional buyers.,2026-07-12,2026-10-30,Vidarbha,Gadchiroli,Kurkheda,Wadegaon
D0040,B4544,Ragi,Phule Nachani,7.31,4306.88,Sourcing Ragi in bulk for our processing unit.,2026-05-16,2026-06-23,Konkan,Palghar,Vikramgad,Alonde
D0041,B4533,Tur,ICPL-87,47.2,7992.47,"Procurement need for good quality Tur, open to multiple sellers.",2026-07-31,2026-09-27,Marathwada,Beed,Wadwani,Wadvani
D0042,B4141,Groundnut,JL-24,14.42,7075.14,Sourcing Groundnut in bulk for our processing unit.,2026-05-05,2026-07-11,Western Maharashtra (Desh),Kolhapur,Hatkanangale,Rukadi
D0043,B1072,Coconut,Not Specified,12.73,5512.15,Inviting offers for Coconut from farmers in the region.,2026-08-02,2026-09-16,Konkan,Sindhudurg,Vengurla,Chipi
D0044,B0080,Areca Nut,Mangala,22.32,54598.25,"Standing requirement for Areca Nut, quantity flexible based on quality.",2026-07-15,2026-08-21,Konkan,Sindhudurg,Malwan,Waghavane
D0045,B1045,Wheat,Sharbati,64.13,3165.07,Looking for fresh Wheat for wholesale procurement.,2026-08-20,2026-10-10,Vidarbha,Bhandara,Mohadi,Kandri
D0046,B2045,Groundnut,Not Specified,31.45,7564.05,Buyer looking to purchase Groundnut directly from farmers.,2026-08-25,2026-12-23,Western Maharashtra (Desh),Pune,Khed,Adgaon
D0047,B1267,Mango (Alphonso),Not Specified,11.93,10336.43,Seeking regular Mango (Alphonso) supply from nearby farmers.,2026-08-19,2026-08-30,Konkan,Ratnagiri,Dapoli,Murdi
D0048,B1470,Soybean,Not Specified,29.15,7441.93,Looking to procure Soybean for institutional buyers.,2026-08-18,2026-10-13,Marathwada,Hingoli,Aundha Nagnath,Jawala Bajar
D0049,B2186,Sugarcane,Phule 265,119.29,598.57,Need consistent Sugarcane supply for ongoing operations.,2026-06-01,2026-08-23,Western Maharashtra (Desh),Ahilyanagar (Ahmednagar),Shevgaon,Akhegaon Titarfa
D0050,B2865,Areca Nut,Mangala,11.65,49933.52,Buyer looking to purchase Areca Nut directly from farmers.,2026-06-16,2026-06-30,Konkan,Sindhudurg,Kudal,Gaorai
D0051,B2287,Rice,Kolam,44.73,5570.79,Inviting offers for Rice from farmers in the region.,2026-06-16,2026-07-14,Khandesh,Nashik,Deola,Vijayanagara
D0052,B0945,Jowar,Not Specified,26.03,4891.11,Sourcing Jowar in bulk for our processing unit.,2026-05-04,2026-08-13,Khandesh,Jalgaon,Bhusawal,Anjansonde
D0053,B3560,Areca Nut,Sumangala,18.71,58597.04,Bulk Areca Nut requirement for processing.,2026-06-24,2026-07-16,Konkan,Sindhudurg,Kankavli,Bandargaon
D0054,B2087,Gram,Vijay,8.61,6794.34,Inviting offers for Gram from farmers in the region.,2026-07-31,2026-11-27,Marathwada,Latur,Ahmedpur,Hadolti
D0055,B1615,Groundnut,JL-24,70.23,8858.49,"Standing requirement for Groundnut, quantity flexible based on quality.",2026-06-14,2026-07-24,Vidarbha,Akola,Balapur,Wadegaon
D0056,B2461,Rice,Karjat-3,38.51,4890.64,Inviting offers for Rice from farmers in the region.,2026-05-18,2026-08-04,Konkan,Thane,Bhiwandi,Ambardi
D0057,B3106,Gram,Not Specified,67.95,6093.66,Sourcing Gram in bulk for our processing unit.,2026-06-27,2026-07-22,Marathwada,Latur,Shirur Anantpal,Aari
D0058,B2490,Sunflower,Phule Raviraj,63.92,6981.41,Requirement raised for Sunflower to meet upcoming production schedule.,2026-07-04,2026-09-23,Vidarbha,Buldhana,Mehkar,Anjani Bk.
D0059,B1751,Ragi,Phule Nachani,9.39,2916.07,Inviting offers for Ragi from farmers in the region.,2026-07-28,2026-11-09,Konkan,Thane,Bhiwandi,Ambardi
D0060,B2746,Groundnut,Phule Unnati,52.24,6361.6,"Procurement need for good quality Groundnut, open to multiple sellers.",2026-05-21,2026-06-20,Vidarbha,Washim,Malegaon,Chiwara
D0061,B2006,Soybean,Not Specified,46.78,6914.87,Need consistent Soybean supply for ongoing operations.,2026-06-28,2026-10-11,Vidarbha,Washim,Manora,Shendurjana (A)
D0062,B4716,Chickoo,Kalipatti,19.11,2447.03,Looking to procure Chickoo for institutional buyers.,2026-07-31,2026-08-16,Konkan,Thane,Shahapur,Cherpoli
D0063,B3483,Bajra,Shraddha,11.56,2675.98,Bulk Bajra requirement for processing.,2026-07-03,2026-09-25,Marathwada,Chhatrapati Sambhajinagar (Aurangabad),Aurangabad,Devlai
D0064,B4352,Vari,Not Specified,50.31,5176.39,Need consistent Vari supply for ongoing operations.,2026-07-23,2026-11-17,Western Maharashtra (Desh),Satara,Satara,Angapur Vandan
D0065,B4136,Ragi,Phule Nachani,18.07,3046.44,Need consistent Ragi supply for ongoing operations.,2026-07-02,2026-08-27,Konkan,Raigad,Mahad,Rupavali
D0066,B2272,Vari,Not Specified,45.16,4512.35,Sourcing Vari in bulk for our processing unit.,2026-07-01,2026-10-25,Western Maharashtra (Desh),Satara,Koregaon,Ambawade S. Wagholi
D0067,B2341,Gram,Phule Vikram,29.55,5923.36,Seeking regular Gram supply from nearby farmers.,2026-05-21,2026-08-03,Marathwada,Latur,Jalkot,Atnoor
D0068,B1252,Areca Nut,Not Specified,6.39,43187.84,Inviting offers for Areca Nut from farmers in the region.,2026-07-04,2026-07-17,Konkan,Ratnagiri,Chiplun,Bivali
D0069,B1695,Cashew,Not Specified,16.77,21445.0,Sourcing Cashew for export-quality grading and packaging.,2026-05-02,2026-06-05,Konkan,Raigad,Poladpur,Adavale Kh.
D0070,B3908,Vari,Local Bhagar landrace,29.69,4026.04,Buyer looking to purchase Vari directly from farmers.,2026-07-14,2026-11-10,Konkan,Raigad,Tala,Ambeli
D0071,B4474,Chickoo,Not Specified,31.48,3052.0,Sourcing Chickoo in bulk for our processing unit.,2026-06-30,2026-07-11,Konkan,Palghar,Talasari,Vasa
D0072,B3186,Udid,TAU-2,57.08,9115.63,Seeking regular Udid supply from nearby farmers.,2026-08-26,2026-11-27,Konkan,Thane,Bhiwandi,Ambardi
D0073,B0221,Banana,Not Specified,22.08,4000.5,Bulk Banana requirement for processing.,2026-07-26,2026-08-13,Khandesh,Jalgaon,Jalgaon,Amode Bk.
D0074,B3783,Tur,ICPL-87,32.68,6254.01,Requirement raised for Tur to meet upcoming production schedule.,2026-06-17,2026-08-29,Marathwada,Latur,Ahmedpur,Hadolti
D0075,B2280,Tur,Not Specified,61.8,6393.55,Bulk Tur requirement for processing.,2026-07-05,2026-11-02,Vidarbha,Amravati,Bhatkuli,Bhatkuli
D0076,B4419,Cotton,DCH-32,22.48,7815.89,Looking to procure Cotton for institutional buyers.,2026-05-05,2026-06-02,Marathwada,Dharashiv (Osmanabad),Washi,Washi
D0077,B2026,Wheat,Lokwan,46.81,2372.98,Need consistent Wheat supply for ongoing operations.,2026-07-29,2026-11-03,Vidarbha,Bhandara,Sakoli,Sendurwafa
D0078,B1786,Maize,Ganga Safed-2,58.3,1932.93,"Standing requirement for Maize, quantity flexible based on quality.",2026-08-25,2026-12-19,Marathwada,Chhatrapati Sambhajinagar (Aurangabad),Sillod,Shivna
D0079,B0939,Maize,Not Specified,19.05,2083.22,"Standing requirement for Maize, quantity flexible based on quality.",2026-05-02,2026-07-05,Khandesh,Jalgaon,Amalner,Ambare
D0080,B4717,Ragi,Not Specified,34.18,3462.8,Sourcing Ragi for export-quality grading and packaging.,2026-05-28,2026-09-05,Konkan,Palghar,Vada,Chinchghar
D0081,B1990,Banana,Rajapuri,29.99,3757.27,Bulk Banana requirement for processing.,2026-08-11,2026-08-23,Khandesh,Jalgaon,Muktainagar,Bahadarpur
D0082,B2845,Udid,TAU-1,13.25,8506.45,Looking for fresh Udid for wholesale procurement.,2026-08-16,2026-11-11,Konkan,Thane,Shahapur,Shirol
D0083,B0865,Soybean,JS 9560,48.32,7110.39,Sourcing Soybean for export-quality grading and packaging.,2026-05-22,2026-07-08,Vidarbha,Washim,Karanja,Bembla
D0084,B4275,Groundnut,Not Specified,26.0,8454.71,Inviting offers for Groundnut from farmers in the region.,2026-08-09,2026-11-01,Khandesh,Nashik,Deola,Vijayanagara
D0085,B3569,Areca Nut,Not Specified,23.87,40908.55,"Procurement need for good quality Areca Nut, open to multiple sellers.",2026-08-15,2026-08-30,Konkan,Ratnagiri,Rajapur,Varachiwadi (Kasheli)
D0086,B2285,Bajra,Not Specified,24.05,3239.04,"Standing requirement for Bajra, quantity flexible based on quality.",2026-07-29,2026-10-05,Western Maharashtra (Desh),Pune,Khed,Amboli
D0087,B0236,Udid,TAU-1,20.8,7131.8,Sourcing Udid in bulk for our processing unit.,2026-06-18,2026-09-27,Konkan,Thane,Thane,Agasan
D0088,B2264,Groundnut,Not Specified,42.07,6241.14,"Procurement need for good quality Groundnut, open to multiple sellers.",2026-08-04,2026-10-30,Western Maharashtra (Desh),Pune,Haveli,Ambee
D0089,B4549,Groundnut,Not Specified,53.4,7872.59,Need consistent Groundnut supply for ongoing operations.,2026-07-02,2026-07-29,Western Maharashtra (Desh),Solapur,Pandharpur,Bhalawani
D0090,B0763,Groundnut,TAG-24,53.48,6654.16,"Standing requirement for Groundnut, quantity flexible based on quality.",2026-06-22,2026-09-25,Western Maharashtra (Desh),Kolhapur,Karvir,Bahireshwar
D0091,B4350,Vari,Local Bhagar landrace,33.39,4157.0,Sourcing Vari in bulk for our processing unit.,2026-06-05,2026-07-15,Konkan,Palghar,Vasai,Bhatane
D0092,B1578,Mango (Alphonso),Kesar,10.46,23994.84,Sourcing Mango (Alphonso) in bulk for our processing unit.,2026-08-04,2026-09-16,Konkan,Sindhudurg,Kankavli,Shivajipeth
D0093,B2319,Chickoo,Not Specified,29.48,2576.48,Requirement raised for Chickoo to meet upcoming production schedule.,2026-05-26,2026-06-05,Konkan,Palghar,Vada,Ambiste Kh.
D0094,B4376,Soybean,JS 20-29,69.73,6216.36,Sourcing Soybean for export-quality grading and packaging.,2026-08-24,2026-12-08,Marathwada,Nanded,Deglur,Markhel
D0095,B4022,Cashew,Konkan Kalpa,22.73,18469.78,Need consistent Cashew supply for ongoing operations.,2026-06-18,2026-07-01,Konkan,Sindhudurg,Kankavli,Waingani
D0096,B2069,Groundnut,Not Specified,39.53,8504.63,Buyer looking to purchase Groundnut directly from farmers.,2026-07-08,2026-10-14,Khandesh,Nashik,Sinnar,Wavi
D0097,B0440,Banana,Shrimanti,33.02,1755.02,"Procurement need for good quality Banana, open to multiple sellers.",2026-05-17,2026-06-22,Khandesh,Jalgaon,Bhadgaon,Achalgaon
D0098,B1849,Cotton,Not Specified,32.41,10017.06,Sourcing Cotton in bulk for our processing unit.,2026-08-17,2026-11-04,Khandesh,Jalgaon,Jalgaon,Amode Kh.
D0099,B2502,Tur,Not Specified,12.17,8825.7,Bulk Tur requirement for processing.,2026-08-24,2026-10-14,Marathwada,Latur,Jalkot,Chera
D0100,B1729,Vari,Konkan local Vari landrace,19.87,3582.02,Bulk Vari requirement for processing.,2026-05-22,2026-08-07,Konkan,Thane,Bhiwandi,Anjur
D0101,B3691,Mango (Alphonso),Not Specified,19.54,7257.63,Sourcing Mango (Alphonso) in bulk for our processing unit.,2026-08-02,2026-09-10,Konkan,Sindhudurg,Sawantwadi,Kariwade
D0102,B0584,Wheat,Not Specified,65.68,3153.28,Looking to procure Wheat for institutional buyers.,2026-07-20,2026-09-08,Vidarbha,Wardha,Arvi,Pimpalkhuta
D0103,B3483,Bajra,Phule Adishakti,50.09,4398.3,Seeking regular Bajra supply from nearby farmers.,2026-05-10,2026-06-25,Marathwada,Chhatrapati Sambhajinagar (Aurangabad),Aurangabad,Devlai
D0104,B2520,Sugarcane,Not Specified,479.57,616.65,Need consistent Sugarcane supply for ongoing operations.,2026-05-18,2026-09-08,Marathwada,Parbhani,Jintur,Bori
D0105,B2492,Udid,Not Specified,71.7,8042.14,Need consistent Udid supply for ongoing operations.,2026-07-01,2026-10-10,Konkan,Palghar,Talasari,Sutrakar
D0106,B0327,Sunflower,Not Specified,60.34,6972.12,Looking for fresh Sunflower for wholesale procurement.,2026-05-13,2026-09-01,Vidarbha,Buldhana,Sangrampur,Bawanbir
D0107,B4713,Maize,Not Specified,9.75,2559.25,Sourcing Maize in bulk for our processing unit.,2026-07-18,2026-09-03,Marathwada,Chhatrapati Sambhajinagar (Aurangabad),Soegaon,Gondegaon
D0108,B3855,Groundnut,TAG-24,68.09,6206.83,"Standing requirement for Groundnut, quantity flexible based on quality.",2026-06-30,2026-09-25,Western Maharashtra (Desh),Pune,Baramati,Anjangaon
D0109,B0748,Tur,Phule Rajeshwari,29.73,7829.34,Seeking regular Tur supply from nearby farmers.,2026-06-16,2026-10-07,Vidarbha,Gadchiroli,Korchi,Maseli
D0110,B4059,Groundnut,TAG-24,61.41,7528.95,Need consistent Groundnut supply for ongoing operations.,2026-05-12,2026-07-08,Vidarbha,Bhandara,Tumsar,Ashti
D0111,B2649,Bajra,Shraddha,64.11,4180.18,Looking for fresh Bajra for wholesale procurement.,2026-07-28,2026-10-30,Khandesh,Nashik,Yeola,Bokte
D0112,B3785,Udid,Phule Uttara,43.32,8427.81,Need consistent Udid supply for ongoing operations.,2026-07-24,2026-08-24,Konkan,Palghar,Palghar,Betegaon
D0113,B1668,Field Beans,Konkan Val landrace,36.27,3917.46,Sourcing Field Beans for export-quality grading and packaging.,2026-07-07,2026-07-18,Konkan,Raigad,Alibag,Akshi
D0114,B1961,Ragi,Not Specified,13.82,2791.39,Buyer looking to purchase Ragi directly from farmers.,2026-05-13,2026-06-21,Konkan,Raigad,Sudhagad-Pali,Kumbharshet
D0115,B3781,Soybean,Not Specified,49.09,4919.59,Sourcing Soybean for export-quality grading and packaging.,2026-06-11,2026-10-04,Marathwada,Nanded,Umri,Sindhi
D0116,B2240,Coconut,T x D hybrid,36.1,3666.76,Inviting offers for Coconut from farmers in the region.,2026-05-21,2026-06-12,Konkan,Sindhudurg,Sawantwadi,Kariwade
D0117,B4164,Sunflower,Not Specified,18.55,5290.57,Buyer looking to purchase Sunflower directly from farmers.,2026-06-18,2026-09-15,Vidarbha,Buldhana,Sangrampur,Sangrampur Pr. Jamod
D0118,B2189,Bajra,Not Specified,26.56,2804.94,"Standing requirement for Bajra, quantity flexible based on quality.",2026-07-19,2026-11-05,Marathwada,Chhatrapati Sambhajinagar (Aurangabad),Aurangabad,Tisgaon
D0119,B4012,Jowar,Not Specified,38.39,4479.1,Requirement raised for Jowar to meet upcoming production schedule.,2026-07-15,2026-10-17,Vidarbha,Buldhana,Shegaon,Shegaon (R)
D0120,B3091,Groundnut,SB-11,65.06,9073.71,"Procurement need for good quality Groundnut, open to multiple sellers.",2026-07-18,2026-09-10,Western Maharashtra (Desh),Pune,Purandhar,Ambodi
D0121,B3366,Cotton,RCH-2 Bt,53.08,9762.59,Buyer looking to purchase Cotton directly from farmers.,2026-08-26,2026-12-12,Vidarbha,Amravati,Chandurbazar,Shirajgaon Kasba
D0122,B1247,Chickoo,Cricket Ball,7.83,4233.78,Requirement raised for Chickoo to meet upcoming production schedule.,2026-08-18,2026-09-25,Konkan,Palghar,Vasai,Arnala
D0123,B0817,Cashew,Vengurla-8,4.67,15248.51,Looking to procure Cashew for institutional buyers.,2026-08-25,2026-09-08,Konkan,Sindhudurg,Kankavli,Bandargaon
D0124,B3847,Jowar,Not Specified,26.29,5073.77,Buyer looking to purchase Jowar directly from farmers.,2026-07-27,2026-10-02,Khandesh,Jalgaon,Dharangaon,Ahire Bk.
D0125,B4372,Sugarcane,Co 94012,380.24,604.2,Need consistent Sugarcane supply for ongoing operations.,2026-08-18,2026-09-16,Khandesh,Nandurbar,Akkalkuwa,Molgi
D0126,B0561,Ragi,Phule Nachani,33.01,4516.02,Sourcing Ragi for export-quality grading and packaging.,2026-05-12,2026-06-18,Konkan,Raigad,Murud,Agardande
D0127,B0824,Banana,Rajapuri,31.62,1602.72,Looking for fresh Banana for wholesale procurement.,2026-06-11,2026-07-14,Khandesh,Jalgaon,Raver,Ainpur
D0128,B3529,Ragi,Phule Nachani,17.01,3962.69,Seeking regular Ragi supply from nearby farmers.,2026-05-24,2026-06-28,Konkan,Ratnagiri,Sangameshwar,Wadi Adhishti
D0129,B3134,Jowar,Not Specified,24.67,6313.34,Seeking regular Jowar supply from nearby farmers.,2026-06-02,2026-09-16,Khandesh,Jalgaon,Bodwad,Amadgaon
D0130,B2081,Chickoo,Cricket Ball,31.51,2995.09,Sourcing Chickoo in bulk for our processing unit.,2026-07-30,2026-08-19,Konkan,Palghar,Mokhada,Gonde Bk.
D0131,B0606,Linseed,Parbhani Alsi,63.09,6268.94,Buyer looking to purchase Linseed directly from farmers.,2026-07-31,2026-10-22,Vidarbha,Gadchiroli,Korchi,Maseli
D0132,B2475,Soybean,MACS 1281,62.08,4765.95,Buyer looking to purchase Soybean directly from farmers.,2026-07-18,2026-10-24,Marathwada,Nanded,Hadgaon,Manatha
D0133,B2424,Cashew,Not Specified,13.72,23506.55,Looking to procure Cashew for institutional buyers.,2026-06-25,2026-07-05,Konkan,Raigad,Panvel,Belavali
D0134,B4637,Udid,Not Specified,60.7,9535.82,"Standing requirement for Udid, quantity flexible based on quality.",2026-08-06,2026-10-06,Konkan,Thane,Shahapur,Cherpoli
D0135,B1886,Soybean,Not Specified,30.42,6486.7,"Standing requirement for Soybean, quantity flexible based on quality.",2026-06-05,2026-09-30,Vidarbha,Washim,Manora,Poharadevi
D0136,B1121,Sunflower,Not Specified,72.14,7106.38,Sourcing Sunflower in bulk for our processing unit.,2026-08-11,2026-09-09,Vidarbha,Buldhana,Shegaon,Matargaon Bk.
D0137,B4748,Areca Nut,Mangala,7.25,40181.86,Sourcing Areca Nut for export-quality grading and packaging.,2026-06-28,2026-07-20,Konkan,Sindhudurg,Kudal,Gaorai
D0138,B1083,Banana,Not Specified,30.79,2845.76,Inviting offers for Banana from farmers in the region.,2026-08-22,2026-09-11,Khandesh,Jalgaon,Jalgaon,Amode Kh.
D0139,B2106,Soybean,Not Specified,67.82,7560.66,Sourcing Soybean in bulk for our processing unit.,2026-08-06,2026-10-13,Marathwada,Nanded,Nanded,Wadi Bk.
D0140,B0944,Areca Nut,Mangala,8.93,58123.1,Looking to procure Areca Nut for institutional buyers.,2026-08-04,2026-09-08,Konkan,Ratnagiri,Khed,Khed (Bhadgaon)
D0141,B4566,Areca Nut,Sumangala,4.73,46634.33,Need consistent Areca Nut supply for ongoing operations.,2026-06-21,2026-07-17,Konkan,Ratnagiri,Chiplun,Ketki
D0142,B4789,Linseed,Sharda,60.41,5792.3,"Procurement need for good quality Linseed, open to multiple sellers.",2026-07-05,2026-10-17,Vidarbha,Gondia,Salekasa,Tirkhedi
D0143,B4600,Maize,Pratap Hybrid-1,22.8,1823.21,Need consistent Maize supply for ongoing operations.,2026-08-21,2026-10-23,Khandesh,Dhule,Sakri,Dusane
D0144,B3345,Jowar,CSH-16,71.73,3708.67,Need consistent Jowar supply for ongoing operations.,2026-05-16,2026-07-10,Western Maharashtra (Desh),Pune,Purandhar,Ambale
D0145,B4404,Maize,Karveer,32.54,2752.95,Sourcing Maize for export-quality grading and packaging.,2026-08-24,2026-11-10,Khandesh,Nandurbar,Talode,Mod
D0146,B1266,Bajra,Not Specified,50.56,4203.09,"Standing requirement for Bajra, quantity flexible based on quality.",2026-06-27,2026-08-26,Marathwada,Chhatrapati Sambhajinagar (Aurangabad),Gangapur,Jogeshwari
D0147,B0269,Gram,Not Specified,22.81,5707.64,"Procurement need for good quality Gram, open to multiple sellers.",2026-08-17,2026-09-23,Marathwada,Latur,Chakur,Ambulga
D0148,B3010,Field Beans,Local Konkan landrace,6.51,3492.2,Bulk Field Beans requirement for processing.,2026-08-24,2026-10-02,Konkan,Raigad,Alibag,Agarkot
D0149,B0751,Ragi,Not Specified,24.23,3814.28,Looking for fresh Ragi for wholesale procurement.,2026-05-06,2026-07-12,Konkan,Ratnagiri,Sangameshwar,Devade
D0150,B1996,Soybean,Not Specified,57.89,5085.94,Inviting offers for Soybean from farmers in the region.,2026-05-30,2026-07-21,Vidarbha,Washim,Karanja,Bhambdevi
D0151,B1909,Sunflower,LSF-8,64.12,6947.77,Sourcing Sunflower in bulk for our processing unit.,2026-08-17,2026-09-29,Vidarbha,Buldhana,Jalgaon Jamod,Asalgaon
D0152,B1065,Wheat,NIAW-34,14.91,3264.97,Seeking regular Wheat supply from nearby farmers.,2026-05-01,2026-06-25,Marathwada,Nanded,Mudkhed,Niwgha
D0153,B2653,Field Beans,Local Konkan landrace,6.23,4713.29,Inviting offers for Field Beans from farmers in the region.,2026-05-16,2026-05-30,Konkan,Raigad,Khalapur,Ambivali T. Wankhal
D0154,B3902,Chickoo,Kalipatti,19.69,2112.82,Inviting offers for Chickoo from farmers in the region.,2026-06-01,2026-06-13,Konkan,Thane,Bhiwandi,Ambardi
D0155,B4272,Wheat,Lokwan,11.84,2714.54,Buyer looking to purchase Wheat directly from farmers.,2026-06-29,2026-08-06,Western Maharashtra (Desh),Sangli,Walwa,Bahe
D0156,B4017,Banana,Not Specified,17.54,4918.66,Requirement raised for Banana to meet upcoming production schedule.,2026-07-22,2026-08-05,Khandesh,Jalgaon,Parola,Babhale Nag
D0157,B1034,Turmeric,Selam,19.68,16337.57,Buyer looking to purchase Turmeric directly from farmers.,2026-08-26,2026-10-08,Western Maharashtra (Desh),Sangli,Miraj,Ankali
D0158,B2416,Areca Nut,Sumangala,7.55,51049.08,Looking to procure Areca Nut for institutional buyers.,2026-07-27,2026-09-10,Konkan,Sindhudurg,Malwan,Devli
D0159,B1762,Vari,Konkan local Vari landrace,37.69,4924.53,Buyer looking to purchase Vari directly from farmers.,2026-06-28,2026-08-04,Konkan,Raigad,Poladpur,Agryachakond
D0160,B2561,Linseed,Sharda,21.69,7903.74,Looking to procure Linseed for institutional buyers.,2026-08-22,2026-09-24,Vidarbha,Gadchiroli,Etapalli,Chandanweli
D0161,B0748,Tur,Not Specified,14.29,5858.53,Sourcing Tur for export-quality grading and packaging.,2026-06-22,2026-08-02,Vidarbha,Gadchiroli,Korchi,Maseli
D0162,B4558,Udid,TAU-1,53.46,7759.07,Looking to procure Udid for institutional buyers.,2026-08-23,2026-11-10,Konkan,Thane,Kalyan,Antarli
D0163,B0422,Udid,Not Specified,48.8,7572.29,"Standing requirement for Udid, quantity flexible based on quality.",2026-07-10,2026-08-23,Konkan,Thane,Murbad,Deogaon
D0164,B3951,Sugarcane,Co 740,241.05,482.06,Bulk Sugarcane requirement for processing.,2026-08-08,2026-11-14,Marathwada,Jalna,Jalna,Ner
D0165,B1853,Linseed,Not Specified,55.04,7956.09,"Standing requirement for Linseed, quantity flexible based on quality.",2026-07-23,2026-11-07,Vidarbha,Gadchiroli,Aheri,Nagepalli M
D0166,B4561,Jowar,Maldandi,10.54,3575.56,Sourcing Jowar in bulk for our processing unit.,2026-08-22,2026-10-30,Western Maharashtra (Desh),Ahilyanagar (Ahmednagar),Kopargaon,Kokamthan
D0167,B0051,Areca Nut,Mangala,23.01,43005.73,Seeking regular Areca Nut supply from nearby farmers.,2026-08-06,2026-08-17,Konkan,Ratnagiri,Mandangad,Ambavane Bk.
D0168,B0752,Udid,Not Specified,23.02,7787.56,Requirement raised for Udid to meet upcoming production schedule.,2026-05-22,2026-07-25,Konkan,Thane,Murbad,Deogaon
D0169,B2658,Groundnut,Not Specified,45.39,5860.59,Looking for fresh Groundnut for wholesale procurement.,2026-05-22,2026-09-03,Vidarbha,Gondia,Salekasa,Pipariya
D0170,B0408,Bajra,Not Specified,25.87,3754.34,Need consistent Bajra supply for ongoing operations.,2026-07-22,2026-10-08,Western Maharashtra (Desh),Pune,Haveli,Ambee
D0171,B2238,Gram,Digvijay,31.23,4953.31,Looking to procure Gram for institutional buyers.,2026-07-30,2026-10-25,Marathwada,Latur,Shirur Anantpal,Ajani Bk.
D0172,B4317,Ragi,Not Specified,5.48,3460.36,"Standing requirement for Ragi, quantity flexible based on quality.",2026-05-07,2026-06-27,Konkan,Ratnagiri,Khed,Khed (Bhadgaon)
D0173,B2470,Groundnut,Not Specified,58.4,8296.76,Sourcing Groundnut in bulk for our processing unit.,2026-06-16,2026-07-11,Western Maharashtra (Desh),Sangli,Tasgaon,Anjani
D0174,B4075,Udid,Not Specified,20.39,7662.46,Sourcing Udid for export-quality grading and packaging.,2026-06-02,2026-09-06,Konkan,Thane,Ambarnath,Ashele
D0175,B2902,Chickoo,Cricket Ball,17.33,2981.47,Bulk Chickoo requirement for processing.,2026-08-17,2026-09-23,Konkan,Palghar,Vada,Abitghar
D0176,B4698,Tur,Phule Rajeshwari,26.92,6918.44,Requirement raised for Tur to meet upcoming production schedule.,2026-05-25,2026-09-06,Vidarbha,Buldhana,Sindkhed Raja,Changefal
D0177,B3770,Groundnut,Not Specified,68.33,5871.97,Bulk Groundnut requirement for processing.,2026-06-04,2026-09-12,Western Maharashtra (Desh),Kolhapur,Radhanagari,Turambe
D0178,B3281,Udid,TAU-2,66.87,8816.66,"Procurement need for good quality Udid, open to multiple sellers.",2026-06-17,2026-08-02,Konkan,Palghar,Vada,Abitghar
D0179,B0626,Field Beans,Konkan Val landrace,22.64,3277.32,Requirement raised for Field Beans to meet upcoming production schedule.,2026-06-19,2026-07-08,Konkan,Raigad,Panvel,Barwai
D0180,B1936,Field Beans,Local Konkan landrace,11.2,4348.09,Looking to procure Field Beans for institutional buyers.,2026-05-10,2026-06-20,Konkan,Raigad,Mangaon,Ambarle
D0181,B3801,Field Beans,Not Specified,30.51,3945.74,"Standing requirement for Field Beans, quantity flexible based on quality.",2026-07-26,2026-08-25,Konkan,Raigad,Sudhagad-Pali,Koshimbale
D0182,B2590,Ragi,Dapoli-1,18.8,3874.31,Sourcing Ragi in bulk for our processing unit.,2026-07-20,2026-09-28,Konkan,Thane,Ambarnath,Chinchpada
D0183,B4157,Vari,Local Bhagar landrace,40.34,3341.86,Sourcing Vari in bulk for our processing unit.,2026-05-10,2026-06-15,Konkan,Palghar,Jawhar,Vavar
D0184,B4154,Jowar,Phule Yashoda,45.58,5795.32,Looking for fresh Jowar for wholesale procurement.,2026-07-02,2026-10-08,Vidarbha,Chandrapur,Bramhapuri,Adyal Gaonganna
D0185,B1543,Chickoo,Kalipatti,19.33,4214.88,Need consistent Chickoo supply for ongoing operations.,2026-05-14,2026-06-14,Konkan,Palghar,Vikramgad,Dadade
D0186,B0691,Gram,JAKI-9218,11.08,6301.8,Need consistent Gram supply for ongoing operations.,2026-07-12,2026-10-23,Marathwada,Latur,Ahmedpur,Shirur Tajband
D0187,B1301,Sugarcane,Co 94012,259.82,562.54,Looking to procure Sugarcane for institutional buyers.,2026-07-21,2026-11-03,Marathwada,Beed,Shirur-Kasar,Shirur
D0188,B2742,Soybean,JS 20-29,43.42,5674.8,Sourcing Soybean in bulk for our processing unit.,2026-08-04,2026-11-21,Marathwada,Nanded,Kandhar,Shiradhon
D0189,B1232,Groundnut,Phule Unnati,68.13,6668.6,Looking to procure Groundnut for institutional buyers.,2026-08-01,2026-10-15,Western Maharashtra (Desh),Kolhapur,Shahuwadi,Bambavade
D0190,B1057,Field Beans,Not Specified,36.63,3580.54,Buyer looking to purchase Field Beans directly from farmers.,2026-07-26,2026-08-26,Konkan,Raigad,Panvel,Belavali
D0191,B1047,Groundnut,Not Specified,62.41,8205.7,Looking to procure Groundnut for institutional buyers.,2026-08-21,2026-09-26,Vidarbha,Bhandara,Lakhandur,Lakhandur
D0192,B3469,Udid,BDU-1,32.89,7031.23,"Procurement need for good quality Udid, open to multiple sellers.",2026-06-18,2026-09-13,Konkan,Palghar,Palghar,Chahade
D0193,B1573,Sugarcane,Co 86032,142.86,385.98,Bulk Sugarcane requirement for processing.,2026-07-10,2026-10-12,Western Maharashtra (Desh),Pune,Maval,Adhale Bk.
D0194,B4314,Vari,Local Bhagar landrace,69.81,4494.44,"Standing requirement for Vari, quantity flexible based on quality.",2026-06-23,2026-08-07,Konkan,Raigad,Alibag,Akshi
D0195,B1482,Gram,Not Specified,59.28,6531.0,Seeking regular Gram supply from nearby farmers.,2026-08-04,2026-09-03,Marathwada,Latur,Udgir,Kumtha Kh.
D0196,B3366,Cotton,Bt Cotton (Bollgard II hybrid),69.9,9236.3,Sourcing Cotton for export-quality grading and packaging.,2026-08-10,2026-10-03,Vidarbha,Amravati,Chandurbazar,Shirajgaon Kasba
D0197,B4375,Tur,Phule Rajeshwari,66.44,6193.38,Looking to procure Tur for institutional buyers.,2026-08-24,2026-11-13,Marathwada,Latur,Jalkot,Belsangvi
D0198,B3783,Tur,Not Specified,58.34,7254.74,Buyer looking to purchase Tur directly from farmers.,2026-08-25,2026-10-14,Marathwada,Latur,Ahmedpur,Hadolti
D0199,B1134,Wheat,Not Specified,11.3,2716.82,Requirement raised for Wheat to meet upcoming production schedule.,2026-07-16,2026-08-23,Vidarbha,Amravati,Chandur,Palaskhed
D0200,B4227,Banana,Not Specified,12.68,4389.56,Sourcing Banana in bulk for our processing unit.,2026-07-02,2026-08-13,Khandesh,Jalgaon,Jamner,Ambadi
D0201,B1208,Ragi,Not Specified,6.94,4363.64,Need consistent Ragi supply for ongoing operations.,2026-08-19,2026-09-16,Konkan,Thane,Thane,Agasan
D0202,B3399,Ragi,Phule Nachani,15.81,3444.41,Bulk Ragi requirement for processing.,2026-06-22,2026-07-20,Konkan,Ratnagiri,Mandangad,Dandnagari
D0203,B2611,Field Beans,Not Specified,33.23,4472.77,Seeking regular Field Beans supply from nearby farmers.,2026-05-20,2026-06-17,Konkan,Raigad,Sudhagad-Pali,Koshimbale
D0204,B3871,Sugarcane,Not Specified,134.74,537.11,Need consistent Sugarcane supply for ongoing operations.,2026-07-23,2026-08-27,Marathwada,Chhatrapati Sambhajinagar (Aurangabad),Paithan,Pimpalwadi (Pirachi)
D0205,B0156,Chickoo,Cricket Ball,20.78,3643.99,Inviting offers for Chickoo from farmers in the region.,2026-06-29,2026-07-27,Konkan,Palghar,Palghar,Barhanpur
D0206,B1947,Cotton,Ajeet-155 Bt,23.38,9310.61,"Standing requirement for Cotton, quantity flexible based on quality.",2026-07-03,2026-08-11,Vidarbha,Gadchiroli,Chamorshi,Kunghada Raiyyatwari
D0207,B4095,Udid,Not Specified,9.73,8089.19,"Procurement need for good quality Udid, open to multiple sellers.",2026-08-03,2026-10-04,Konkan,Thane,Murbad,Deogaon
D0208,B3517,Ragi,Dapoli-2,11.62,3497.71,Looking to procure Ragi for institutional buyers.,2026-07-29,2026-10-29,Konkan,Thane,Shahapur,Cherpoli
D0209,B2955,Udid,BDU-1,34.75,7946.36,Looking to procure Udid for institutional buyers.,2026-06-24,2026-09-04,Konkan,Palghar,Vikramgad,Alonde
D0210,B2078,Rice,Not Specified,41.13,3382.37,"Procurement need for good quality Rice, open to multiple sellers.",2026-08-05,2026-11-18,Western Maharashtra (Desh),Kolhapur,Hatkanangale,Rukadi
D0211,B0850,Soybean,Not Specified,54.62,5499.32,Looking for fresh Soybean for wholesale procurement.,2026-06-19,2026-08-26,Marathwada,Nanded,Ardhapur,Lahan
D0212,B1435,Banana,Not Specified,24.92,5235.58,Need consistent Banana supply for ongoing operations.,2026-07-25,2026-08-12,Khandesh,Jalgaon,Yawal,Aklud
D0213,B0517,Cotton,Not Specified,68.25,7732.98,"Procurement need for good quality Cotton, open to multiple sellers.",2026-05-05,2026-06-24,Vidarbha,Wardha,Samudrapur,Bhosa
D0214,B0344,Soybean,JS 9560,40.72,7631.25,Inviting offers for Soybean from farmers in the region.,2026-07-05,2026-08-03,Marathwada,Nanded,Biloli,Sagroli
D0215,B1566,Vari,Konkan local Vari landrace,69.08,3906.78,Bulk Vari requirement for processing.,2026-08-12,2026-10-31,Western Maharashtra (Desh),Satara,Jaoli,Akhade
D0216,B3277,Udid,Not Specified,68.48,7682.78,Seeking regular Udid supply from nearby farmers.,2026-07-08,2026-10-04,Konkan,Thane,Ambarnath,Chinchpada
D0217,B3010,Field Beans,Not Specified,22.25,4869.07,Sourcing Field Beans for export-quality grading and packaging.,2026-06-29,2026-08-05,Konkan,Raigad,Alibag,Agarkot
D0218,B1479,Sunflower,Morden,16.18,6103.5,Sourcing Sunflower in bulk for our processing unit.,2026-06-13,2026-09-23,Vidarbha,Buldhana,Shegaon,Jalamb
D0219,B3491,Banana,Red Banana,14.72,1588.59,Requirement raised for Banana to meet upcoming production schedule.,2026-07-23,2026-08-29,Khandesh,Jalgaon,Yawal,Adgaon
D0220,B2250,Linseed,Not Specified,52.0,5664.93,Looking to procure Linseed for institutional buyers.,2026-07-25,2026-10-04,Vidarbha,Gadchiroli,Bhamragad,Arewada
D0221,B4204,Tur,Not Specified,51.99,8800.55,Seeking regular Tur supply from nearby farmers.,2026-08-16,2026-12-05,Konkan,Thane,Ambarnath,Chinchpada
D0222,B3590,Sunflower,KBSH-1,25.5,7102.67,Requirement raised for Sunflower to meet upcoming production schedule.,2026-06-23,2026-09-28,Vidarbha,Buldhana,Lonar,Sultanpur
D0223,B0266,Chickoo,Not Specified,24.77,4192.84,Requirement raised for Chickoo to meet upcoming production schedule.,2026-07-02,2026-07-16,Konkan,Thane,Bhiwandi,Ambardi
D0224,B4702,Sunflower,Morden,36.83,7116.52,"Procurement need for good quality Sunflower, open to multiple sellers.",2026-08-25,2026-09-22,Vidarbha,Buldhana,Lonar,Bibi
D0225,B1525,Cashew,Vengurla-8,33.71,14987.1,Sourcing Cashew in bulk for our processing unit.,2026-08-02,2026-08-25,Konkan,Sindhudurg,Malwan,Devli
D0226,B2340,Bajra,Not Specified,72.73,2547.91,Seeking regular Bajra supply from nearby farmers.,2026-08-17,2026-11-07,Marathwada,Chhatrapati Sambhajinagar (Aurangabad),Vaijapur,Shioor
D0227,B1415,Areca Nut,Not Specified,19.0,34641.75,Looking to procure Areca Nut for institutional buyers.,2026-08-25,2026-09-24,Konkan,Ratnagiri,Dapoli,Satamba
D0228,B2847,Bajra,Not Specified,43.79,2783.53,Sourcing Bajra in bulk for our processing unit.,2026-08-16,2026-12-10,Marathwada,Chhatrapati Sambhajinagar (Aurangabad),Kannad,Deogaon (R)
D0229,B1427,Soybean,Not Specified,40.31,4813.71,"Procurement need for good quality Soybean, open to multiple sellers.",2026-08-11,2026-10-05,Vidarbha,Wardha,Wardha,Waigaon
D0230,B4048,Tur,Vipula,45.1,7132.76,Inviting offers for Tur from farmers in the region.,2026-05-18,2026-06-23,Vidarbha,Washim,Risod,Rithad
D0231,B0539,Maize,Karveer,42.6,2563.87,"Standing requirement for Maize, quantity flexible based on quality.",2026-05-10,2026-07-14,Khandesh,Nandurbar,Navapur,Haldani
D0232,B0608,Areca Nut,Sumangala,8.52,54450.18,Inviting offers for Areca Nut from farmers in the region.,2026-07-26,2026-08-16,Konkan,Ratnagiri,Dapoli,Murdi
D0233,B1058,Tur,BDN-711,61.77,7306.95,Sourcing Tur in bulk for our processing unit.,2026-05-24,2026-07-29,Marathwada,Latur,Ausa,Ujani
D0234,B1848,Turmeric,Selam,28.21,17688.15,Sourcing Turmeric in bulk for our processing unit.,2026-05-28,2026-07-12,Western Maharashtra (Desh),Sangli,Shirala,Arala
D0235,B2249,Field Beans,Local Konkan landrace,25.52,3013.94,Looking to procure Field Beans for institutional buyers.,2026-05-24,2026-06-12,Konkan,Raigad,Alibag,Agarkot
D0236,B1403,Field Beans,Not Specified,29.16,4355.28,"Standing requirement for Field Beans, quantity flexible based on quality.",2026-05-05,2026-05-16,Konkan,Raigad,Uran,Aware
D0237,B0666,Sugarcane,Phule 265,452.8,374.5,"Procurement need for good quality Sugarcane, open to multiple sellers.",2026-08-08,2026-10-25,Western Maharashtra (Desh),Kolhapur,Kagal,Siddhanerli
D0238,B0249,Udid,TAU-1,51.58,7415.85,"Procurement need for good quality Udid, open to multiple sellers.",2026-08-12,2026-12-02,Konkan,Thane,Shahapur,Cherpoli
D0239,B3327,Bajra,ICTP-8203,52.73,2437.92,Buyer looking to purchase Bajra directly from farmers.,2026-07-07,2026-08-27,Marathwada,Jalna,Partur,Satona Kh.
D0240,B2787,Cotton,Not Specified,28.1,9518.73,Sourcing Cotton for export-quality grading and packaging.,2026-08-26,2026-11-03,Marathwada,Parbhani,Gangakhed,Ranisawargaon
D0241,B3267,Maize,Ganga Safed-2,41.9,1868.29,"Procurement need for good quality Maize, open to multiple sellers.",2026-07-04,2026-09-01,Khandesh,Jalgaon,Amalner,Ambasan
D0242,B3684,Sunflower,KBSH-1,12.55,8048.23,"Standing requirement for Sunflower, quantity flexible based on quality.",2026-06-28,2026-08-12,Vidarbha,Buldhana,Lonar,Bibi
D0243,B2683,Linseed,Not Specified,48.03,5995.86,Seeking regular Linseed supply from nearby farmers.,2026-07-09,2026-10-07,Vidarbha,Gadchiroli,Dhanora,Rangi
D0244,B3825,Cotton,DCH-32,39.86,7872.06,Buyer looking to purchase Cotton directly from farmers.,2026-07-09,2026-09-02,Vidarbha,Amravati,Daryapur,Darapur
D0245,B1763,Cashew,Not Specified,5.75,16607.38,"Standing requirement for Cashew, quantity flexible based on quality.",2026-08-19,2026-09-28,Konkan,Sindhudurg,Vaibhavwadi,Lore
D0246,B2341,Gram,Digvijay,36.88,6696.9,Sourcing Gram for export-quality grading and packaging.,2026-06-21,2026-09-05,Marathwada,Latur,Jalkot,Atnoor
D0247,B2998,Mango (Alphonso),Alphonso (Hapus),22.82,11098.73,Inviting offers for Mango (Alphonso) from farmers in the region.,2026-06-10,2026-07-14,Konkan,Sindhudurg,Dodamarg,Panturli
D0248,B4131,Mango (Alphonso),Pairi,31.14,21259.78,"Standing requirement for Mango (Alphonso), quantity flexible based on quality.",2026-05-17,2026-06-02,Konkan,Raigad,Tala,Bamanghar
D0249,B3227,Ragi,Dapoli-2,21.59,3408.37,Seeking regular Ragi supply from nearby farmers.,2026-05-29,2026-08-27,Konkan,Thane,Ambarnath,Chinchpada
D0250,B3289,Coconut,Banawali,5.47,5409.63,Need consistent Coconut supply for ongoing operations.,2026-07-11,2026-07-30,Konkan,Sindhudurg,Vengurla,Parule
D0251,B4224,Areca Nut,Sumangala,9.65,58767.52,Sourcing Areca Nut for export-quality grading and packaging.,2026-08-16,2026-09-16,Konkan,Ratnagiri,Lanja,Nivasar
D0252,B4156,Sugarcane,Not Specified,332.72,538.29,Sourcing Sugarcane in bulk for our processing unit.,2026-07-06,2026-08-02,Marathwada,Latur,Jalkot,Atnoor
D0253,B3018,Coconut,Banawali,36.09,4927.82,Sourcing Coconut for export-quality grading and packaging.,2026-08-18,2026-08-29,Konkan,Sindhudurg,Vaibhavwadi,Lore
D0254,B3888,Field Beans,Konkan Val landrace,29.19,4298.61,Seeking regular Field Beans supply from nearby farmers.,2026-07-12,2026-08-15,Konkan,Raigad,Khalapur,Ajivali
D0255,B1211,Jowar,Not Specified,24.76,4856.78,Sourcing Jowar for export-quality grading and packaging.,2026-05-15,2026-06-11,Western Maharashtra (Desh),Pune,Maval,Adavi
D0256,B3613,Tur,BSMR-736,34.86,6227.31,Inviting offers for Tur from farmers in the region.,2026-08-09,2026-11-02,Khandesh,Jalgaon,Raver,Ainpur
D0257,B0511,Linseed,Not Specified,36.59,6922.75,Looking to procure Linseed for institutional buyers.,2026-07-06,2026-09-17,Vidarbha,Gondia,Sadak-Arjuni,Saundal
D0258,B2571,Wheat,Not Specified,36.72,2791.46,Inviting offers for Wheat from farmers in the region.,2026-06-20,2026-10-15,Marathwada,Nanded,Ardhapur,Lahan
D0259,B2166,Areca Nut,Not Specified,10.63,38883.37,Inviting offers for Areca Nut from farmers in the region.,2026-06-12,2026-07-11,Konkan,Ratnagiri,Rajapur,Avali Chiwadi
D0260,B2368,Coconut,Not Specified,26.66,4576.55,Need consistent Coconut supply for ongoing operations.,2026-06-19,2026-07-16,Konkan,Sindhudurg,Sawantwadi,Kariwade
D0261,B2358,Tur,Vipula,32.72,8894.6,Requirement raised for Tur to meet upcoming production schedule.,2026-08-24,2026-10-06,Vidarbha,Gadchiroli,Dhanora,Dhanora
D0262,B2380,Maize,African Tall,30.93,2221.01,Sourcing Maize in bulk for our processing unit.,2026-08-06,2026-09-27,Khandesh,Nandurbar,Talode,Borad
D0263,B1656,Field Beans,Not Specified,13.74,4242.24,Sourcing Field Beans in bulk for our processing unit.,2026-05-19,2026-06-13,Konkan,Raigad,Poladpur,Agryachakond
D0264,B1987,Linseed,Sharda,20.04,6103.28,Bulk Linseed requirement for processing.,2026-06-28,2026-10-22,Vidarbha,Gondia,Gondia,Aasoli
D0265,B3870,Groundnut,Phule Unnati,8.74,7529.87,Seeking regular Groundnut supply from nearby farmers.,2026-06-27,2026-09-20,Western Maharashtra (Desh),Solapur,Solapur South,Achegaon
D0266,B3912,Areca Nut,Not Specified,29.28,39971.67,Sourcing Areca Nut in bulk for our processing unit.,2026-07-26,2026-08-10,Konkan,Sindhudurg,Vengurla,Parule
D0267,B4704,Wheat,Lokwan,65.01,2282.8,Seeking regular Wheat supply from nearby farmers.,2026-08-23,2026-09-21,Marathwada,Nanded,Mukhed,Jamb Bk.
D0268,B3253,Gram,Not Specified,20.77,6395.32,Sourcing Gram in bulk for our processing unit.,2026-08-19,2026-09-14,Marathwada,Latur,Ahmedpur,Shirur Tajband
D0269,B2445,Sugarcane,Not Specified,118.89,639.45,Sourcing Sugarcane in bulk for our processing unit.,2026-07-03,2026-10-18,Marathwada,Nanded,Nanded,Tuppa
D0270,B4451,Soybean,JS 335,61.94,5939.28,"Procurement need for good quality Soybean, open to multiple sellers.",2026-08-13,2026-10-19,Marathwada,Nanded,Hadgaon,Palsa
D0271,B1332,Vari,Not Specified,53.98,4701.01,Looking for fresh Vari for wholesale procurement.,2026-08-05,2026-10-06,Western Maharashtra (Desh),Kolhapur,Kagal,Siddhanerli
D0272,B4652,Gram,Not Specified,21.22,6083.36,Looking to procure Gram for institutional buyers.,2026-08-20,2026-11-07,Marathwada,Latur,Jalkot,Belsangvi
D0273,B4222,Sugarcane,CoM 0265,401.6,345.04,Seeking regular Sugarcane supply from nearby farmers.,2026-07-06,2026-08-31,Western Maharashtra (Desh),Kolhapur,Radhanagari,Turambe
D0274,B0056,Gram,JAKI-9218,37.92,5306.07,Requirement raised for Gram to meet upcoming production schedule.,2026-06-12,2026-10-07,Marathwada,Latur,Nilanga,Aurad
D0275,B4694,Wheat,Sharbati,51.26,2122.35,Bulk Wheat requirement for processing.,2026-07-04,2026-08-18,Western Maharashtra (Desh),Satara,Jaoli,Anewadi
D0276,B3322,Tur,Not Specified,67.67,8577.25,Sourcing Tur in bulk for our processing unit.,2026-07-31,2026-11-14,Vidarbha,Yavatmal,Kalamb,Antargaon
D0277,B2417,Groundnut,Phule Unnati,22.68,6034.95,Seeking regular Groundnut supply from nearby farmers.,2026-07-03,2026-10-13,Western Maharashtra (Desh),Pune,Shirur,Alegaon Paga
D0278,B3061,Wheat,Tapovan (NIAW-917),55.29,3173.41,"Procurement need for good quality Wheat, open to multiple sellers.",2026-08-08,2026-11-28,Vidarbha,Amravati,Dhamangaon,Talegaon Dashasar
D0279,B0671,Cashew,Vengurla-7,6.7,19408.42,Looking for fresh Cashew for wholesale procurement.,2026-08-14,2026-09-25,Konkan,Sindhudurg,Kudal,Padave
D0280,B1657,Cotton,Not Specified,17.75,8495.98,Inviting offers for Cotton from farmers in the region.,2026-07-01,2026-10-21,Khandesh,Dhule,Sindkheda,Chimthane
D0281,B1683,Groundnut,Not Specified,40.25,8780.0,Need consistent Groundnut supply for ongoing operations.,2026-08-13,2026-11-04,Khandesh,Nashik,Nandgaon,Girananagar
D0282,B1081,Linseed,Parbhani Alsi,39.15,6917.53,Looking to procure Linseed for institutional buyers.,2026-08-12,2026-12-07,Vidarbha,Gondia,Tiroda,Arjuni
D0283,B0179,Linseed,NL-97,49.42,6966.28,Looking for fresh Linseed for wholesale procurement.,2026-06-29,2026-10-21,Vidarbha,Gadchiroli,Mulchera,Gomani
D0284,B0523,Tur,BDN-711,68.41,5763.89,Need consistent Tur supply for ongoing operations.,2026-05-03,2026-07-19,Vidarbha,Gadchiroli,Chamorshi,Kunghada Raiyyatwari
D0285,B1475,Groundnut,Not Specified,58.3,9064.95,Looking to procure Groundnut for institutional buyers.,2026-08-25,2026-11-05,Vidarbha,Bhandara,Lakhani,Pohara
D0286,B3134,Jowar,Phule Vasudha,33.66,5328.35,Looking to procure Jowar for institutional buyers.,2026-08-18,2026-09-29,Khandesh,Jalgaon,Bodwad,Amadgaon
D0287,B2849,Chickoo,Kalipatti,20.17,3645.53,"Procurement need for good quality Chickoo, open to multiple sellers.",2026-08-15,2026-08-26,Konkan,Palghar,Jawhar,Kharonda
D0288,B2445,Sugarcane,Phule 265,338.81,473.08,"Procurement need for good quality Sugarcane, open to multiple sellers.",2026-06-05,2026-08-13,Marathwada,Nanded,Nanded,Tuppa
D0289,B1271,Jowar,CSH-16,10.76,5231.89,"Standing requirement for Jowar, quantity flexible based on quality.",2026-08-08,2026-09-04,Khandesh,Dhule,Sakri,Dusane
D0290,B1972,Soybean,JS 20-29,45.69,5869.21,Looking to procure Soybean for institutional buyers.,2026-08-02,2026-09-02,Marathwada,Nanded,Mahur,Hadsani
D0291,B2005,Mango (Alphonso),Not Specified,17.34,12039.57,"Procurement need for good quality Mango (Alphonso), open to multiple sellers.",2026-08-07,2026-08-20,Konkan,Raigad,Panvel,Barwai
D0292,B1148,Areca Nut,Sumangala,12.02,56784.21,"Standing requirement for Areca Nut, quantity flexible based on quality.",2026-06-15,2026-07-15,Konkan,Ratnagiri,Mandangad,Dandnagari
D0293,B1941,Soybean,JS 335,70.45,6112.11,Buyer looking to purchase Soybean directly from farmers.,2026-06-12,2026-07-14,Marathwada,Nanded,Biloli,Lohgaon
D0294,B4561,Jowar,Not Specified,67.29,6307.98,Looking to procure Jowar for institutional buyers.,2026-07-30,2026-11-03,Western Maharashtra (Desh),Ahilyanagar (Ahmednagar),Kopargaon,Kokamthan
D0295,B4061,Mango (Alphonso),Pairi,34.93,22400.17,Inviting offers for Mango (Alphonso) from farmers in the region.,2026-06-15,2026-07-21,Konkan,Ratnagiri,Sangameshwar,Wadi Adhishti
D0296,B3345,Jowar,Phule Vasudha,20.87,4708.49,"Procurement need for good quality Jowar, open to multiple sellers.",2026-08-16,2026-10-18,Western Maharashtra (Desh),Pune,Purandhar,Ambale
D0297,B1183,Udid,Not Specified,69.83,8237.6,Buyer looking to purchase Udid directly from farmers.,2026-07-16,2026-08-27,Konkan,Palghar,Vikramgad,Balapur
D0298,B3182,Wheat,NIAW-34,28.65,2146.43,Need consistent Wheat supply for ongoing operations.,2026-08-16,2026-09-21,Vidarbha,Wardha,Hinganghat,Allipur
D0299,B4388,Udid,Not Specified,21.38,7309.68,Looking to procure Udid for institutional buyers.,2026-07-22,2026-08-21,Konkan,Palghar,Jawhar,Winwal
D0300,B0597,Jowar,Phule Yashoda,56.92,4798.05,Need consistent Jowar supply for ongoing operations.,2026-05-30,2026-08-05,Western Maharashtra (Desh),Pune,Maval,Adhale Bk.
D0301,B2484,Chickoo,Not Specified,4.43,4163.95,Sourcing Chickoo for export-quality grading and packaging.,2026-05-16,2026-06-25,Konkan,Palghar,Vasai,Agashi
D0302,B1988,Ragi,Not Specified,26.18,3462.76,"Procurement need for good quality Ragi, open to multiple sellers.",2026-07-15,2026-09-14,Konkan,Thane,Ambarnath,Ashele
D0303,B3119,Coconut,Pratap,14.24,4096.72,Need consistent Coconut supply for ongoing operations.,2026-07-04,2026-08-13,Konkan,Sindhudurg,Kankavli,Shivajipeth
D0304,B2624,Tur,Not Specified,32.14,6949.01,"Standing requirement for Tur, quantity flexible based on quality.",2026-08-18,2026-12-15,Khandesh,Nandurbar,Nandurbar,Ambapur
D0305,B1196,Turmeric,Selam,29.31,14994.77,Buyer looking to purchase Turmeric directly from farmers.,2026-06-11,2026-07-03,Western Maharashtra (Desh),Sangli,Khanapur,Alsund
D0306,B2703,Sugarcane,CoVSI 09292,484.16,461.04,Looking to procure Sugarcane for institutional buyers.,2026-08-24,2026-10-31,Western Maharashtra (Desh),Pune,Khed,Ambethan
D0307,B2109,Chickoo,Not Specified,18.94,3634.88,Sourcing Chickoo for export-quality grading and packaging.,2026-07-08,2026-07-28,Konkan,Thane,Shahapur,Shirol
D0308,B2886,Sugarcane,Phule 265,339.87,344.77,Inviting offers for Sugarcane from farmers in the region.,2026-08-26,2026-09-27,Western Maharashtra (Desh),Ahilyanagar (Ahmednagar),Nevasa,Nevasa Kh. (Rural)
D0309,B4293,Groundnut,JL-24,69.99,7952.62,Looking for fresh Groundnut for wholesale procurement.,2026-06-27,2026-10-10,Western Maharashtra (Desh),Kolhapur,Hatkanangale,Shiroli
D0310,B1896,Jowar,CSH-25,9.22,4570.67,Requirement raised for Jowar to meet upcoming production schedule.,2026-05-08,2026-08-22,Vidarbha,Washim,Malegaon,Amani
D0311,B3959,Cashew,Not Specified,4.68,19091.92,Buyer looking to purchase Cashew directly from farmers.,2026-04-30,2026-06-12,Konkan,Raigad,Karjat,Khandape
D0312,B2251,Wheat,Sharbati,9.12,3189.27,Looking to procure Wheat for institutional buyers.,2026-06-30,2026-08-16,Vidarbha,Amravati,Warud,Pusla
D0313,B0877,Linseed,Not Specified,36.92,6123.59,"Standing requirement for Linseed, quantity flexible based on quality.",2026-07-12,2026-09-20,Vidarbha,Gadchiroli,Aheri,Chhallewada
D0314,B2190,Ragi,Not Specified,6.54,4449.18,Need consistent Ragi supply for ongoing operations.,2026-07-17,2026-11-08,Konkan,Ratnagiri,Chiplun,Bivali
D0315,B1851,Tur,BDN-711,50.34,8475.6,Looking for fresh Tur for wholesale procurement.,2026-05-13,2026-07-25,Marathwada,Beed,Parli,Parli (Rural)
D0316,B3090,Gram,Not Specified,12.19,4724.07,Seeking regular Gram supply from nearby farmers.,2026-05-11,2026-07-30,Marathwada,Latur,Deoni,Batanpur
D0317,B2714,Tur,Not Specified,63.48,5854.4,Inviting offers for Tur from farmers in the region.,2026-08-22,2026-10-15,Marathwada,Latur,Nilanga,Halgara
D0318,B1732,Groundnut,Not Specified,53.51,7588.8,Sourcing Groundnut in bulk for our processing unit.,2026-05-06,2026-06-09,Western Maharashtra (Desh),Solapur,Solapur South,Aherwadi
D0319,B2297,Coconut,Not Specified,22.54,2884.72,Requirement raised for Coconut to meet upcoming production schedule.,2026-05-01,2026-05-24,Konkan,Sindhudurg,Vengurla,Chipi
D0320,B1182,Chickoo,Not Specified,25.81,2829.24,Bulk Chickoo requirement for processing.,2026-06-12,2026-07-07,Konkan,Thane,Thane,Agasan
D0321,B4643,Cashew,Not Specified,16.76,22700.16,Requirement raised for Cashew to meet upcoming production schedule.,2026-06-24,2026-07-12,Konkan,Raigad,Sudhagad-Pali,Koshimbale
D0322,B0643,Vari,Local Bhagar landrace,12.69,4122.79,Bulk Vari requirement for processing.,2026-06-18,2026-09-29,Konkan,Thane,Murbad,Deogaon
D0323,B3250,Chickoo,Not Specified,13.96,3413.36,Need consistent Chickoo supply for ongoing operations.,2026-07-08,2026-08-09,Konkan,Palghar,Palghar,Chahade
D0324,B4531,Vari,Not Specified,38.95,4621.1,Looking to procure Vari for institutional buyers.,2026-06-23,2026-10-05,Konkan,Raigad,Panvel,Belavali
D0325,B2420,Sunflower,Not Specified,58.84,5329.08,Seeking regular Sunflower supply from nearby farmers.,2026-06-23,2026-10-07,Vidarbha,Buldhana,Buldhana,Chandol
D0326,B1264,Mango (Alphonso),Not Specified,14.54,9009.93,Looking for fresh Mango (Alphonso) for wholesale procurement.,2026-08-24,2026-10-01,Konkan,Ratnagiri,Dapoli,Satamba
D0327,B2949,Wheat,Not Specified,14.43,2158.12,Buyer looking to purchase Wheat directly from farmers.,2026-07-02,2026-10-06,Marathwada,Nanded,Bhokar,Divshi Kh.
D0328,B4198,Soybean,JS 20-29,13.82,6219.16,"Standing requirement for Soybean, quantity flexible based on quality.",2026-07-21,2026-09-25,Marathwada,Nanded,Deglur,Shahapur
D0329,B3156,Wheat,Tapovan (NIAW-917),32.24,2154.43,Inviting offers for Wheat from farmers in the region.,2026-08-21,2026-10-16,Marathwada,Nanded,Kinwat,Islapur
D0330,B4686,Maize,Karveer,19.42,2039.03,Sourcing Maize in bulk for our processing unit.,2026-07-08,2026-08-10,Khandesh,Nashik,Chandwad,Pattharsenbe
D0331,B1370,Gram,Vijay,28.24,6471.39,Requirement raised for Gram to meet upcoming production schedule.,2026-06-05,2026-07-31,Marathwada,Latur,Ausa,Killari
D0332,B4062,Areca Nut,Not Specified,10.74,35154.33,Sourcing Areca Nut in bulk for our processing unit.,2026-04-30,2026-06-04,Konkan,Sindhudurg,Vaibhavwadi,Nadhavade
D0333,B2722,Bajra,Not Specified,32.82,4277.56,Need consistent Bajra supply for ongoing operations.,2026-06-17,2026-10-03,Marathwada,Jalna,Jafrabad,Bharaj Bk.
D0334,B1116,Coconut,Dwarf Green,19.79,3421.59,Buyer looking to purchase Coconut directly from farmers.,2026-08-25,2026-09-22,Konkan,Sindhudurg,Sawantwadi,Madkhol
D0335,B4023,Ragi,Not Specified,28.64,3338.73,Sourcing Ragi in bulk for our processing unit.,2026-08-13,2026-10-27,Konkan,Thane,Shahapur,Shirol
D0336,B2991,Cashew,Vengurla-4,23.32,19224.8,Looking to procure Cashew for institutional buyers.,2026-08-09,2026-08-20,Konkan,Sindhudurg,Kankavli,Waingani
D0337,B3782,Mango (Alphonso),Not Specified,11.05,25395.54,Sourcing Mango (Alphonso) for export-quality grading and packaging.,2026-05-09,2026-06-14,Konkan,Ratnagiri,Chiplun,Karambavane
D0338,B4091,Cotton,DCH-32,23.61,9362.27,Sourcing Cotton for export-quality grading and packaging.,2026-06-29,2026-09-10,Khandesh,Dhule,Dhule,Kusumbe
D0339,B0606,Linseed,Sharda,34.36,6522.87,Inviting offers for Linseed from farmers in the region.,2026-08-22,2026-12-13,Vidarbha,Gadchiroli,Korchi,Maseli
D0340,B3427,Wheat,Sharbati,51.82,3188.04,"Standing requirement for Wheat, quantity flexible based on quality.",2026-07-25,2026-08-29,Vidarbha,Yavatmal,Umarkhed,Mulawa
D0341,B0896,Mango (Alphonso),Not Specified,25.67,14900.44,Looking to procure Mango (Alphonso) for institutional buyers.,2026-07-23,2026-08-27,Konkan,Raigad,Murud,Adad
D0342,B2717,Rice,Not Specified,47.33,3245.8,Sourcing Rice in bulk for our processing unit.,2026-06-01,2026-09-29,Vidarbha,Nagpur,Hingna,Ajangaon
D0343,B4250,Banana,Not Specified,25.01,2282.95,Requirement raised for Banana to meet upcoming production schedule.,2026-06-25,2026-08-06,Khandesh,Jalgaon,Erandol,Adgaon
D0344,B1235,Coconut,Banawali,19.91,3858.53,Bulk Coconut requirement for processing.,2026-05-16,2026-06-04,Konkan,Sindhudurg,Kudal,Kasal
D0345,B2854,Chickoo,Kalipatti,28.0,3133.45,Requirement raised for Chickoo to meet upcoming production schedule.,2026-07-06,2026-08-13,Konkan,Thane,Kalyan,Antarde
D0346,B3707,Chickoo,Kalipatti,5.33,3603.23,Looking for fresh Chickoo for wholesale procurement.,2026-08-16,2026-09-01,Konkan,Thane,Ambarnath,Ashele
D0347,B1347,Jowar,Not Specified,58.0,4614.6,Inviting offers for Jowar from farmers in the region.,2026-05-23,2026-08-27,Western Maharashtra (Desh),Pune,Velhe,Ambavane
D0348,B3493,Coconut,Not Specified,11.75,4265.13,Seeking regular Coconut supply from nearby farmers.,2026-05-27,2026-07-03,Konkan,Sindhudurg,Kankavli,Bandargaon
D0349,B3241,Jowar,Phule Yashoda,67.51,4330.27,Buyer looking to purchase Jowar directly from farmers.,2026-06-24,2026-10-17,Vidarbha,Yavatmal,Yavatmal,Akola Bajar
D0350,B1760,Cashew,Konkan Kalpa,22.84,21739.22,Inviting offers for Cashew from farmers in the region.,2026-05-27,2026-06-26,Konkan,Sindhudurg,Devgad,Jamsande
D0351,B1615,Groundnut,SB-11,52.1,7311.54,Looking to procure Groundnut for institutional buyers.,2026-06-14,2026-08-27,Vidarbha,Akola,Balapur,Wadegaon
D0352,B3216,Ragi,Not Specified,14.99,4249.71,"Standing requirement for Ragi, quantity flexible based on quality.",2026-05-25,2026-09-13,Konkan,Palghar,Dahanu,Dapchari
D0353,B2437,Sugarcane,Not Specified,361.82,524.78,Requirement raised for Sugarcane to meet upcoming production schedule.,2026-05-17,2026-07-20,Marathwada,Parbhani,Pathri,Babhulgaon
D0354,B0959,Cotton,Bt Cotton (Bollgard II hybrid),40.71,8732.17,Seeking regular Cotton supply from nearby farmers.,2026-07-18,2026-10-05,Vidarbha,Wardha,Karanja,Botona
D0355,B1522,Coconut,Dwarf Green,22.26,4578.92,Seeking regular Coconut supply from nearby farmers.,2026-05-27,2026-07-04,Konkan,Sindhudurg,Dodamarg,Talkat
D0356,B0440,Banana,Not Specified,33.1,3307.25,"Procurement need for good quality Banana, open to multiple sellers.",2026-08-13,2026-09-27,Khandesh,Jalgaon,Bhadgaon,Achalgaon
D0357,B4141,Groundnut,Not Specified,35.06,7319.59,Sourcing Groundnut for export-quality grading and packaging.,2026-08-15,2026-11-10,Western Maharashtra (Desh),Kolhapur,Hatkanangale,Rukadi
D0358,B1371,Tur,BDN-711,59.48,6284.48,Looking for fresh Tur for wholesale procurement.,2026-06-08,2026-09-09,Konkan,Palghar,Dahanu,Dapchari
D0359,B2365,Coconut,T x D hybrid,22.61,5628.31,Need consistent Coconut supply for ongoing operations.,2026-07-15,2026-08-01,Konkan,Sindhudurg,Devgad,Padel
D0360,B4692,Tur,Vipula,61.25,6787.28,Looking for fresh Tur for wholesale procurement.,2026-08-08,2026-10-28,Khandesh,Nandurbar,Navapur,Haldani
D0361,B4476,Vari,Local Bhagar landrace,16.07,4929.97,"Procurement need for good quality Vari, open to multiple sellers.",2026-06-12,2026-07-11,Konkan,Raigad,Karjat,Khanand
D0362,B3685,Rice,Ambemohar,48.06,5601.47,"Procurement need for good quality Rice, open to multiple sellers.",2026-05-30,2026-09-26,Vidarbha,Chandrapur,Warora,Amadi
D0363,B2873,Vari,Not Specified,51.33,4104.46,"Standing requirement for Vari, quantity flexible based on quality.",2026-05-20,2026-07-10,Western Maharashtra (Desh),Kolhapur,Radhanagari,Phejiwade
D0364,B1696,Sunflower,Not Specified,48.85,6747.14,"Standing requirement for Sunflower, quantity flexible based on quality.",2026-07-14,2026-09-18,Vidarbha,Buldhana,Malkapur,Malkapur (Rural)
D0365,B2398,Banana,Rajapuri,33.12,3423.08,Looking to procure Banana for institutional buyers.,2026-08-13,2026-08-31,Khandesh,Jalgaon,Chopda,Ajanti Kh.
D0366,B3372,Jowar,Not Specified,74.81,6117.36,Seeking regular Jowar supply from nearby farmers.,2026-08-02,2026-09-12,Marathwada,Parbhani,Sonpeth,Ukhali Bk.
D0367,B2046,Chickoo,Kalipatti,29.36,3728.8,Looking to procure Chickoo for institutional buyers.,2026-06-25,2026-07-14,Konkan,Palghar,Vasai,Agashi
D0368,B4731,Chickoo,Not Specified,23.2,2771.97,Bulk Chickoo requirement for processing.,2026-07-25,2026-08-09,Konkan,Palghar,Talasari,Sutrakar
D0369,B3301,Bajra,Saburi,53.13,4317.06,Need consistent Bajra supply for ongoing operations.,2026-08-24,2026-10-29,Marathwada,Jalna,Ghansawangi,Ranjani
D0370,B4768,Cashew,Konkan Kalpa,27.81,18361.35,Looking to procure Cashew for institutional buyers.,2026-08-01,2026-08-15,Konkan,Raigad,Mahad,Gherakilla Raigad (Raigadwadi)
D0371,B4379,Cotton,RCH-2 Bt,60.69,8932.6,Requirement raised for Cotton to meet upcoming production schedule.,2026-08-14,2026-10-21,Vidarbha,Gadchiroli,Bhamragad,Arewada
D0372,B4484,Sunflower,Not Specified,48.57,6599.29,Requirement raised for Sunflower to meet upcoming production schedule.,2026-08-20,2026-09-20,Vidarbha,Buldhana,Sindkhed Raja,Adgaon Raja
D0373,B0377,Wheat,Tapovan (NIAW-917),9.06,3354.45,Seeking regular Wheat supply from nearby farmers.,2026-07-01,2026-07-26,Western Maharashtra (Desh),Sangli,Palus,Amanapur
D0374,B3505,Gram,JAKI-9218,66.59,5384.87,Sourcing Gram in bulk for our processing unit.,2026-05-13,2026-07-23,Marathwada,Latur,Jalkot,Chera
D0375,B2052,Tur,BSMR-736,11.63,7676.33,Sourcing Tur for export-quality grading and packaging.,2026-08-01,2026-09-24,Marathwada,Latur,Deoni,Ambegaon
D0376,B3517,Ragi,Not Specified,26.18,2769.32,Need consistent Ragi supply for ongoing operations.,2026-05-11,2026-08-19,Konkan,Thane,Shahapur,Cherpoli
D0377,B1853,Linseed,Parbhani Alsi,7.81,7259.26,Bulk Linseed requirement for processing.,2026-08-26,2026-11-13,Vidarbha,Gadchiroli,Aheri,Nagepalli M
D0378,B1083,Banana,Grand Naine,15.68,4263.83,Bulk Banana requirement for processing.,2026-05-14,2026-06-16,Khandesh,Jalgaon,Jalgaon,Amode Kh.
D0379,B2452,Sugarcane,Co 86032,387.68,526.64,Bulk Sugarcane requirement for processing.,2026-07-13,2026-08-08,Western Maharashtra (Desh),Ahilyanagar (Ahmednagar),Sangamner,Ashwi Bk.
D0380,B1345,Field Beans,Konkan Val landrace,25.99,3165.84,Buyer looking to purchase Field Beans directly from farmers.,2026-07-23,2026-08-30,Konkan,Raigad,Uran,Antrabamdakhar
D0381,B1780,Linseed,NL-97,15.2,5829.3,Sourcing Linseed for export-quality grading and packaging.,2026-06-24,2026-09-11,Vidarbha,Gadchiroli,Armori,Bhakrondi
D0382,B2577,Ragi,Not Specified,11.85,3897.51,"Procurement need for good quality Ragi, open to multiple sellers.",2026-07-15,2026-10-24,Konkan,Palghar,Vasai,Bhatane
D0383,B2335,Linseed,Not Specified,46.3,7639.7,Looking to procure Linseed for institutional buyers.,2026-08-19,2026-10-09,Vidarbha,Gadchiroli,Kurkheda,Wadegaon
D0384,B4242,Groundnut,Not Specified,20.7,6961.0,Looking to procure Groundnut for institutional buyers.,2026-05-07,2026-07-01,Western Maharashtra (Desh),Solapur,Akkalkot,Jeur
D0385,B4055,Gram,JAKI-9218,41.4,6044.88,Inviting offers for Gram from farmers in the region.,2026-08-20,2026-09-15,Marathwada,Latur,Shirur Anantpal,Anandwadi
D0386,B2959,Gram,Not Specified,17.19,6647.99,"Standing requirement for Gram, quantity flexible based on quality.",2026-06-29,2026-10-01,Marathwada,Latur,Deoni,Batanpur
D0387,B1416,Banana,Not Specified,33.18,4417.74,Looking for fresh Banana for wholesale procurement.,2026-07-20,2026-07-30,Khandesh,Jalgaon,Yawal,Ambapani
D0388,B2148,Bajra,ICTP-8203,69.51,3064.69,Sourcing Bajra in bulk for our processing unit.,2026-07-24,2026-10-21,Marathwada,Jalna,Bhokardan,Dhawada
D0389,B3404,Field Beans,Local Konkan landrace,7.26,4175.52,"Standing requirement for Field Beans, quantity flexible based on quality.",2026-05-22,2026-06-06,Konkan,Raigad,Murud,Abitghar
D0390,B2539,Banana,Grand Naine,33.79,2027.81,Requirement raised for Banana to meet upcoming production schedule.,2026-06-24,2026-07-08,Khandesh,Jalgaon,Parola,Ambapimpri
D0391,B2541,Maize,Not Specified,55.89,2644.98,Looking for fresh Maize for wholesale procurement.,2026-06-04,2026-08-23,Khandesh,Nandurbar,Akkalkuwa,Molgi
D0392,B0951,Sunflower,KBSH-1,30.63,7406.7,Sourcing Sunflower for export-quality grading and packaging.,2026-05-25,2026-06-20,Vidarbha,Buldhana,Malkapur,Datala
D0393,B1125,Maize,Not Specified,19.06,2756.76,Inviting offers for Maize from farmers in the region.,2026-07-11,2026-11-05,Khandesh,Nandurbar,Navapur,Chinchpada
D0394,B2124,Tur,BSMR-736,56.52,8527.97,Sourcing Tur for export-quality grading and packaging.,2026-08-19,2026-09-16,Konkan,Thane,Kalyan,Antarli
D0395,B2745,Areca Nut,Not Specified,13.27,34002.58,Sourcing Areca Nut for export-quality grading and packaging.,2026-08-26,2026-09-09,Konkan,Sindhudurg,Sawantwadi,Madkhol
D0396,B4065,Gram,Phule Vikram,12.15,6644.7,Seeking regular Gram supply from nearby farmers.,2026-06-21,2026-08-17,Marathwada,Latur,Ahmedpur,Kingaon
D0397,B0843,Wheat,Not Specified,50.1,2197.94,Sourcing Wheat for export-quality grading and packaging.,2026-07-10,2026-08-09,Marathwada,Nanded,Loha,Kalambar Bk.
D0398,B0101,Soybean,MACS 1281,31.16,7407.55,Seeking regular Soybean supply from nearby farmers.,2026-08-23,2026-09-21,Vidarbha,Washim,Manora,Manora
D0399,B4530,Turmeric,Not Specified,23.23,15767.68,"Procurement need for good quality Turmeric, open to multiple sellers.",2026-06-15,2026-07-21,Western Maharashtra (Desh),Sangli,Shirala,Bilashi
D0400,B2621,Gram,Digvijay,46.14,4972.54,Looking to procure Gram for institutional buyers.,2026-08-21,2026-10-07,Marathwada,Latur,Udgir,Kiniyalladevi
D0401,B1829,Gram,Not Specified,73.13,6858.75,Bulk Gram requirement for processing.,2026-08-19,2026-10-19,Marathwada,Latur,Renapur,Pangaon
D0402,B2546,Coconut,T x D hybrid,4.46,3507.03,"Standing requirement for Coconut, quantity flexible based on quality.",2026-08-10,2026-09-04,Konkan,Sindhudurg,Kudal,Gaorai
D0403,B3801,Field Beans,Local Konkan landrace,38.68,4802.85,Sourcing Field Beans for export-quality grading and packaging.,2026-08-21,2026-09-15,Konkan,Raigad,Sudhagad-Pali,Koshimbale
D0404,B1234,Chickoo,Kalipatti,4.69,3184.06,Looking to procure Chickoo for institutional buyers.,2026-08-15,2026-08-25,Konkan,Thane,Ambarnath,Chinchpada
D0405,B2745,Areca Nut,Sumangala,32.36,51728.79,Bulk Areca Nut requirement for processing.,2026-05-29,2026-06-23,Konkan,Sindhudurg,Sawantwadi,Madkhol
D0406,B3440,Maize,African Tall,71.68,1906.26,Sourcing Maize in bulk for our processing unit.,2026-05-13,2026-07-06,Khandesh,Dhule,Sakri,Dusane
D0407,B4258,Sunflower,Morden,41.05,7426.24,"Standing requirement for Sunflower, quantity flexible based on quality.",2026-05-13,2026-06-24,Vidarbha,Buldhana,Sindkhed Raja,Adgaon Raja
D0408,B3231,Groundnut,JL-24,36.75,9014.32,"Procurement need for good quality Groundnut, open to multiple sellers.",2026-06-11,2026-08-15,Vidarbha,Bhandara,Bhandara,Amgaon
D0409,B3220,Chickoo,Not Specified,26.5,2630.5,Sourcing Chickoo in bulk for our processing unit.,2026-06-03,2026-06-25,Konkan,Thane,Kalyan,Antarde
D0410,B1116,Coconut,Not Specified,23.23,3339.15,Seeking regular Coconut supply from nearby farmers.,2026-07-02,2026-08-01,Konkan,Sindhudurg,Sawantwadi,Madkhol
D0411,B3331,Bajra,Saburi,70.54,2567.39,Sourcing Bajra in bulk for our processing unit.,2026-07-04,2026-08-13,Khandesh,Dhule,Dhule,Kapadne
D0412,B0741,Udid,TAU-1,63.92,8662.2,Looking for fresh Udid for wholesale procurement.,2026-05-31,2026-08-05,Konkan,Palghar,Talasari,Vasa
D0413,B1216,Cashew,Vengurla-4,35.49,17745.26,Looking for fresh Cashew for wholesale procurement.,2026-07-30,2026-08-25,Konkan,Sindhudurg,Kudal,Kasal
D0414,B1425,Ragi,Dapoli-2,30.92,3742.07,Inviting offers for Ragi from farmers in the region.,2026-06-05,2026-08-28,Konkan,Palghar,Vada,Chinchghar
D0415,B0835,Sugarcane,Not Specified,135.24,281.29,"Procurement need for good quality Sugarcane, open to multiple sellers.",2026-05-18,2026-08-02,Western Maharashtra (Desh),Pune,Junnar,Agar
D0416,B3050,Areca Nut,Not Specified,35.29,34541.5,"Standing requirement for Areca Nut, quantity flexible based on quality.",2026-06-06,2026-06-20,Konkan,Ratnagiri,Ratnagiri,Bhandarwada
D0417,B0179,Linseed,Not Specified,18.46,7135.34,Seeking regular Linseed supply from nearby farmers.,2026-05-13,2026-07-19,Vidarbha,Gadchiroli,Mulchera,Gomani
D0418,B1004,Mango (Alphonso),Ratna,5.86,28393.36,Buyer looking to purchase Mango (Alphonso) directly from farmers.,2026-08-14,2026-09-18,Konkan,Ratnagiri,Ratnagiri,Bhandarwadi
D0419,B4065,Gram,Vijay,19.88,5187.93,Seeking regular Gram supply from nearby farmers.,2026-06-08,2026-08-29,Marathwada,Latur,Ahmedpur,Kingaon
D0420,B1218,Vari,Konkan local Vari landrace,53.91,4249.73,Inviting offers for Vari from farmers in the region.,2026-07-06,2026-08-11,Konkan,Thane,Kalyan,Antarli
D0421,B2292,Areca Nut,Sumangala,10.87,55935.92,Inviting offers for Areca Nut from farmers in the region.,2026-06-05,2026-07-19,Konkan,Ratnagiri,Dapoli,Murdi
D0422,B0160,Linseed,Not Specified,51.46,6418.72,Inviting offers for Linseed from farmers in the region.,2026-08-10,2026-10-18,Vidarbha,Gadchiroli,Sironcha,Asaralli
D0423,B4634,Udid,TAU-2,26.72,6544.42,"Standing requirement for Udid, quantity flexible based on quality.",2026-05-31,2026-07-30,Konkan,Palghar,Mokhada,Khodala
D0424,B0480,Bajra,Not Specified,38.74,2958.76,"Standing requirement for Bajra, quantity flexible based on quality.",2026-08-26,2026-10-10,Khandesh,Dhule,Dhule,Kusumbe
D0425,B0821,Jowar,CSH-25,26.39,5900.06,Sourcing Jowar for export-quality grading and packaging.,2026-05-07,2026-06-29,Western Maharashtra (Desh),Pune,Mulshi,Akole
D0426,B4717,Ragi,Not Specified,29.12,3389.43,Seeking regular Ragi supply from nearby farmers.,2026-05-25,2026-09-02,Konkan,Palghar,Vada,Chinchghar
D0427,B2606,Bajra,Not Specified,53.32,4412.85,Looking for fresh Bajra for wholesale procurement.,2026-08-02,2026-10-11,Marathwada,Jalna,Bhokardan,Paradh Bk.
D0428,B4651,Vari,Not Specified,48.06,3611.64,Need consistent Vari supply for ongoing operations.,2026-07-14,2026-08-30,Konkan,Raigad,Mangaon,Alsunde
D0429,B4018,Groundnut,JL-24,23.56,6340.69,Inviting offers for Groundnut from farmers in the region.,2026-07-06,2026-09-11,Vidarbha,Akola,Patur,Sasti
D0430,B1651,Bajra,Not Specified,30.3,2488.55,Requirement raised for Bajra to meet upcoming production schedule.,2026-05-08,2026-06-20,Khandesh,Dhule,Shirpur,Sangavi
D0431,B1161,Field Beans,Not Specified,33.48,5025.09,Bulk Field Beans requirement for processing.,2026-06-22,2026-07-27,Konkan,Raigad,Mangaon,Alsunde
D0432,B0828,Gram,Phule Vikram,17.48,5058.65,Buyer looking to purchase Gram directly from farmers.,2026-08-11,2026-11-06,Marathwada,Latur,Ausa,Killari
D0433,B2600,Gram,Phule Vikram,23.2,6033.63,Seeking regular Gram supply from nearby farmers.,2026-06-23,2026-10-19,Marathwada,Latur,Jalkot,Chera
D0434,B2413,Cotton,Ajeet-155 Bt,68.58,10122.39,Buyer looking to purchase Cotton directly from farmers.,2026-08-16,2026-11-21,Vidarbha,Akola,Patur,Alegaon
D0435,B0266,Chickoo,Kalipatti,32.19,4239.18,"Procurement need for good quality Chickoo, open to multiple sellers.",2026-07-26,2026-08-11,Konkan,Thane,Bhiwandi,Ambardi
D0436,B4065,Gram,Digvijay,24.17,6922.7,Seeking regular Gram supply from nearby farmers.,2026-07-25,2026-08-30,Marathwada,Latur,Ahmedpur,Kingaon
D0437,B2751,Maize,Ganga Safed-2,22.04,2484.15,Requirement raised for Maize to meet upcoming production schedule.,2026-06-06,2026-07-14,Khandesh,Jalgaon,Bhadgaon,Amadade
D0438,B0011,Areca Nut,Sumangala,28.51,58192.62,Buyer looking to purchase Areca Nut directly from farmers.,2026-07-08,2026-08-11,Konkan,Sindhudurg,Kudal,Padave
D0439,B2878,Wheat,Lokwan,59.75,3154.56,"Standing requirement for Wheat, quantity flexible based on quality.",2026-07-27,2026-11-16,Vidarbha,Bhandara,Lakhandur,Lakhandur
D0440,B1848,Turmeric,Phule Swarupa,25.58,9485.37,Looking for fresh Turmeric for wholesale procurement.,2026-06-15,2026-07-01,Western Maharashtra (Desh),Sangli,Shirala,Arala
D0441,B0608,Areca Nut,Sumangala,9.59,34300.01,Bulk Areca Nut requirement for processing.,2026-06-17,2026-07-27,Konkan,Ratnagiri,Dapoli,Murdi
D0442,B0254,Sunflower,LSF-8,51.45,6438.23,Looking for fresh Sunflower for wholesale procurement.,2026-05-14,2026-07-04,Vidarbha,Buldhana,Nandura,Alampur
D0443,B1557,Areca Nut,Sumangala,26.13,40243.05,Bulk Areca Nut requirement for processing.,2026-05-06,2026-06-20,Konkan,Sindhudurg,Kankavli,Bandargaon
D0444,B4022,Cashew,Vengurla-7,4.3,14688.66,Looking to procure Cashew for institutional buyers.,2026-07-24,2026-09-02,Konkan,Sindhudurg,Kankavli,Waingani
D0445,B1636,Sugarcane,Co 86032,150.86,384.51,Bulk Sugarcane requirement for processing.,2026-07-05,2026-08-13,Marathwada,Parbhani,Palam,Banwas
D0446,B2527,Sugarcane,Not Specified,301.84,606.95,Sourcing Sugarcane in bulk for our processing unit.,2026-05-13,2026-08-15,Marathwada,Nanded,Umri,Gortha
D0447,B3175,Vari,Local Bhagar landrace,34.61,4140.63,Sourcing Vari in bulk for our processing unit.,2026-07-01,2026-08-28,Konkan,Raigad,Poladpur,Adavale Kh.
D0448,B1854,Mango (Alphonso),Not Specified,22.62,10066.84,Sourcing Mango (Alphonso) for export-quality grading and packaging.,2026-07-29,2026-08-13,Konkan,Ratnagiri,Chiplun,Bivali
D0449,B2817,Ragi,Not Specified,17.07,4093.57,"Procurement need for good quality Ragi, open to multiple sellers.",2026-07-15,2026-09-27,Konkan,Palghar,Jawhar,Vavar
D0450,B4281,Ragi,Phule Nachani,25.65,4408.97,"Standing requirement for Ragi, quantity flexible based on quality.",2026-08-19,2026-11-12,Konkan,Ratnagiri,Rajapur,Avali Chiwadi
D0451,B2449,Vari,Konkan local Vari landrace,43.82,5074.54,"Standing requirement for Vari, quantity flexible based on quality.",2026-07-30,2026-11-11,Konkan,Thane,Thane,Adavli
D0452,B1208,Ragi,Dapoli-2,9.49,4493.13,"Procurement need for good quality Ragi, open to multiple sellers.",2026-08-13,2026-09-23,Konkan,Thane,Thane,Agasan
D0453,B0350,Mango (Alphonso),Ratna,10.8,25985.37,Seeking regular Mango (Alphonso) supply from nearby farmers.,2026-08-15,2026-09-10,Konkan,Ratnagiri,Rajapur,Avali Chiwadi
D0454,B2620,Areca Nut,Not Specified,34.52,34086.48,Buyer looking to purchase Areca Nut directly from farmers.,2026-07-16,2026-08-30,Konkan,Sindhudurg,Sawantwadi,Amboli
D0455,B2672,Rice,Not Specified,54.88,5417.51,Looking for fresh Rice for wholesale procurement.,2026-08-10,2026-11-22,Vidarbha,Gadchiroli,Chamorshi,Ghot
D0456,B4281,Ragi,Not Specified,7.59,3029.76,"Standing requirement for Ragi, quantity flexible based on quality.",2026-07-20,2026-08-26,Konkan,Ratnagiri,Rajapur,Avali Chiwadi
D0457,B0866,Cotton,Not Specified,14.64,8385.84,Inviting offers for Cotton from farmers in the region.,2026-08-19,2026-11-04,Western Maharashtra (Desh),Ahilyanagar (Ahmednagar),Parner,Dhavalpuri
D0458,B2164,Tur,Phule Rajeshwari,45.09,7152.14,Seeking regular Tur supply from nearby farmers.,2026-06-09,2026-07-22,Khandesh,Jalgaon,Muktainagar,Bahadarpur
D0459,B3291,Ragi,Dapoli-2,25.76,2853.83,Need consistent Ragi supply for ongoing operations.,2026-08-22,2026-11-02,Konkan,Thane,Murbad,Dhasai
D0460,B0166,Gram,Phule Vikram,28.97,6607.39,Sourcing Gram for export-quality grading and packaging.,2026-07-31,2026-09-23,Marathwada,Latur,Ausa,Ujani
D0461,B1101,Coconut,T x D hybrid,29.39,3952.88,Sourcing Coconut for export-quality grading and packaging.,2026-06-28,2026-07-13,Konkan,Sindhudurg,Devgad,Shirgaon
D0462,B1540,Udid,TAU-2,58.2,8859.87,Requirement raised for Udid to meet upcoming production schedule.,2026-08-14,2026-11-12,Konkan,Palghar,Dahanu,Bordi
D0463,B1303,Sugarcane,Phule 265,319.87,326.92,Inviting offers for Sugarcane from farmers in the region.,2026-08-19,2026-09-16,Western Maharashtra (Desh),Solapur,Madha,Bhosare
D0464,B1424,Cotton,Bt Cotton (Bollgard II hybrid),61.47,8289.92,Need consistent Cotton supply for ongoing operations.,2026-05-06,2026-07-16,Marathwada,Latur,Jalkot,Chera
D0465,B1632,Ragi,Dapoli-2,19.93,3881.36,Bulk Ragi requirement for processing.,2026-07-30,2026-09-23,Konkan,Thane,Bhiwandi,Anjur
D0466,B3052,Wheat,Tapovan (NIAW-917),19.13,3270.7,"Standing requirement for Wheat, quantity flexible based on quality.",2026-07-15,2026-09-22,Western Maharashtra (Desh),Pune,Maval,Adavi
D0467,B1340,Soybean,Not Specified,24.5,7117.42,Bulk Soybean requirement for processing.,2026-06-10,2026-08-23,Marathwada,Nanded,Bhokar,Amdari
D0468,B0407,Jowar,Phule Yashoda,60.63,3323.2,"Procurement need for good quality Jowar, open to multiple sellers.",2026-07-27,2026-11-15,Western Maharashtra (Desh),Pune,Junnar,Ahinavewadi
D0469,B1694,Ragi,Dapoli-2,20.19,4283.21,Looking to procure Ragi for institutional buyers.,2026-04-30,2026-06-10,Konkan,Raigad,Karjat,Khandape
D0470,B1419,Field Beans,Not Specified,4.72,3430.63,Sourcing Field Beans in bulk for our processing unit.,2026-08-03,2026-08-30,Konkan,Raigad,Tala,Ambeli
D0471,B3472,Cashew,Not Specified,31.71,18366.79,"Procurement need for good quality Cashew, open to multiple sellers.",2026-07-05,2026-08-17,Konkan,Sindhudurg,Sawantwadi,Amboli
D0472,B3254,Turmeric,Not Specified,3.76,19237.75,Requirement raised for Turmeric to meet upcoming production schedule.,2026-07-16,2026-08-13,Western Maharashtra (Desh),Sangli,Walwa,Bahe
D0473,B2446,Bajra,Not Specified,39.39,2903.51,Sourcing Bajra in bulk for our processing unit.,2026-07-26,2026-09-24,Khandesh,Nashik,Malegaon,Jalgaon Ga
D0474,B2140,Linseed,Not Specified,61.08,7149.02,"Procurement need for good quality Linseed, open to multiple sellers.",2026-05-21,2026-07-15,Vidarbha,Gadchiroli,Armori,Churmura
D0475,B0466,Wheat,Not Specified,58.1,2886.5,Looking to procure Wheat for institutional buyers.,2026-06-15,2026-07-27,Vidarbha,Yavatmal,Kalamb,Kotha
D0476,B0209,Ragi,Not Specified,35.41,3222.22,Buyer looking to purchase Ragi directly from farmers.,2026-06-26,2026-10-23,Konkan,Palghar,Palghar,Chahade
D0477,B0290,Mango (Alphonso),Not Specified,36.67,25830.1,Requirement raised for Mango (Alphonso) to meet upcoming production schedule.,2026-08-04,2026-08-28,Konkan,Raigad,Panvel,Bhatan
D0478,B4380,Coconut,Not Specified,19.68,6251.93,Requirement raised for Coconut to meet upcoming production schedule.,2026-07-10,2026-07-30,Konkan,Sindhudurg,Sawantwadi,Madkhol
D0479,B4574,Cashew,Konkan Kalpa,19.39,21159.0,Sourcing Cashew for export-quality grading and packaging.,2026-08-12,2026-09-02,Konkan,Sindhudurg,Vengurla,Karli
D0480,B2750,Sunflower,Not Specified,24.54,5774.08,Sourcing Sunflower in bulk for our processing unit.,2026-06-28,2026-09-03,Vidarbha,Buldhana,Shegaon,Jalamb
D0481,B3045,Linseed,Parbhani Alsi,33.49,5815.87,Looking for fresh Linseed for wholesale procurement.,2026-08-18,2026-11-25,Vidarbha,Gadchiroli,Gadchiroli,Amirza
D0482,B4754,Coconut,Not Specified,6.52,6061.85,Inviting offers for Coconut from farmers in the region.,2026-05-17,2026-06-20,Konkan,Sindhudurg,Malwan,Kalethar
D0483,B4341,Vari,Konkan local Vari landrace,69.43,3534.7,"Procurement need for good quality Vari, open to multiple sellers.",2026-06-18,2026-09-23,Konkan,Palghar,Vada,Ambiste Kh.
D0484,B3749,Udid,Phule Uttara,60.74,8001.44,Looking to procure Udid for institutional buyers.,2026-08-26,2026-10-30,Konkan,Palghar,Vada,Chinchghar
D0485,B0476,Groundnut,SB-11,22.05,8330.41,"Standing requirement for Groundnut, quantity flexible based on quality.",2026-08-08,2026-11-03,Vidarbha,Bhandara,Lakhani,Palandur
D0486,B0722,Sunflower,Phule Raviraj,53.28,6341.21,Need consistent Sunflower supply for ongoing operations.,2026-06-23,2026-07-22,Vidarbha,Buldhana,Jalgaon Jamod,Sungaon
D0487,B4373,Chickoo,Kalipatti,33.08,4052.11,Inviting offers for Chickoo from farmers in the region.,2026-05-27,2026-06-06,Konkan,Thane,Thane,Agasan
D0488,B2039,Vari,Local Bhagar landrace,30.63,3435.97,Inviting offers for Vari from farmers in the region.,2026-07-20,2026-09-04,Konkan,Palghar,Dahanu,Dapchari
D0489,B0535,Jowar,Not Specified,28.5,3650.72,Sourcing Jowar for export-quality grading and packaging.,2026-07-11,2026-10-11,Western Maharashtra (Desh),Pune,Maval,Adhale Kh.
D0490,B2768,Bajra,Phule Adishakti,30.43,4379.94,Requirement raised for Bajra to meet upcoming production schedule.,2026-08-07,2026-09-22,Marathwada,Beed,Georai,Pimpla
D0491,B3305,Gram,JAKI-9218,56.38,4999.22,Sourcing Gram for export-quality grading and packaging.,2026-05-02,2026-07-30,Marathwada,Latur,Chakur,Algarwadi
D0492,B1385,Groundnut,JL-24,32.85,7852.57,Inviting offers for Groundnut from farmers in the region.,2026-07-24,2026-11-02,Western Maharashtra (Desh),Satara,Koregaon,Arvi
D0493,B0393,Jowar,Not Specified,52.2,2490.27,Sourcing Jowar for export-quality grading and packaging.,2026-05-16,2026-08-05,Western Maharashtra (Desh),Pune,Baramati,Anjangaon
D0494,B3116,Areca Nut,Sumangala,19.97,36387.7,Sourcing Areca Nut for export-quality grading and packaging.,2026-07-31,2026-08-10,Konkan,Ratnagiri,Sangameshwar,Devrukh
D0495,B2467,Coconut,Banawali,25.76,3764.11,"Standing requirement for Coconut, quantity flexible based on quality.",2026-08-01,2026-09-06,Konkan,Sindhudurg,Vengurla,Parule
D0496,B0860,Vari,Konkan local Vari landrace,28.59,4836.9,Need consistent Vari supply for ongoing operations.,2026-05-29,2026-07-18,Konkan,Thane,Thane,Agasan
D0497,B2155,Jowar,Not Specified,73.52,3937.93,Buyer looking to purchase Jowar directly from farmers.,2026-06-11,2026-07-11,Western Maharashtra (Desh),Pune,Khed,Amboli
D0498,B4491,Chickoo,Cricket Ball,25.05,3033.26,"Procurement need for good quality Chickoo, open to multiple sellers.",2026-04-29,2026-05-14,Konkan,Thane,Murbad,Deogaon
D0499,B0905,Vari,Not Specified,55.42,3531.35,Bulk Vari requirement for processing.,2026-08-10,2026-09-13,Western Maharashtra (Desh),Kolhapur,Shirol,Lat
D0500,B0830,Ragi,Not Specified,24.31,3568.15,Sourcing Ragi in bulk for our processing unit.,2026-06-07,2026-07-08,Konkan,Ratnagiri,Khed,Tulashi Bk.
D0501,B0818,Maize,Not Specified,65.27,2651.04,Requirement raised for Maize to meet upcoming production schedule.,2026-08-12,2026-10-16,Marathwada,Chhatrapati Sambhajinagar (Aurangabad),Khuldabad,Verul
D0502,B3490,Banana,Not Specified,6.86,4370.47,Looking for fresh Banana for wholesale procurement.,2026-04-30,2026-05-18,Khandesh,Jalgaon,Chopda,Adwad
D0503,B1397,Banana,Red Banana,33.2,2466.68,Sourcing Banana for export-quality grading and packaging.,2026-05-13,2026-06-13,Khandesh,Jalgaon,Bhusawal,Achegaon
D0504,B1499,Chickoo,Kalipatti,33.46,2516.01,Buyer looking to purchase Chickoo directly from farmers.,2026-07-31,2026-09-09,Konkan,Thane,Shahapur,Shirol
D0505,B3455,Coconut,Not Specified,30.14,3182.04,Sourcing Coconut for export-quality grading and packaging.,2026-08-04,2026-08-24,Konkan,Sindhudurg,Malwan,Waghavane
D0506,B0850,Soybean,MAUS 71,38.66,6266.97,Need consistent Soybean supply for ongoing operations.,2026-05-26,2026-08-07,Marathwada,Nanded,Ardhapur,Lahan
D0507,B2938,Coconut,Not Specified,32.27,6026.7,Sourcing Coconut for export-quality grading and packaging.,2026-08-25,2026-09-12,Konkan,Sindhudurg,Kudal,Kasal
D0508,B3958,Maize,Not Specified,15.74,2188.39,Looking for fresh Maize for wholesale procurement.,2026-05-08,2026-08-24,Khandesh,Dhule,Sindkheda,Chimthane
D0509,B2575,Rice,Kolam,75.85,4601.85,"Standing requirement for Rice, quantity flexible based on quality.",2026-06-01,2026-09-19,Konkan,Palghar,Jawhar,Kharonda
D0510,B2772,Bajra,ICTP-8203,36.24,3923.42,Need consistent Bajra supply for ongoing operations.,2026-06-18,2026-10-07,Marathwada,Jalna,Mantha,Talni
D0511,B3153,Turmeric,Selam,28.14,15335.7,Looking for fresh Turmeric for wholesale procurement.,2026-07-26,2026-08-15,Western Maharashtra (Desh),Sangli,Miraj,Bamnoli
D0512,B4142,Linseed,Not Specified,55.42,7693.47,Bulk Linseed requirement for processing.,2026-08-07,2026-10-12,Vidarbha,Gondia,Tiroda,Wadegaon
D0513,B1974,Soybean,JS 9560,11.34,5142.77,Looking to procure Soybean for institutional buyers.,2026-06-23,2026-08-17,Vidarbha,Washim,Manora,Poharadevi
D0514,B0646,Ragi,Phule Nachani,18.14,4269.12,Need consistent Ragi supply for ongoing operations.,2026-06-14,2026-09-10,Konkan,Thane,Shahapur,Shirol
D0515,B0146,Bajra,Shraddha,10.63,3459.53,Bulk Bajra requirement for processing.,2026-08-11,2026-11-23,Marathwada,Jalna,Jalna,Sevali
D0516,B2496,Linseed,Not Specified,39.06,7156.84,Need consistent Linseed supply for ongoing operations.,2026-08-24,2026-11-03,Vidarbha,Gondia,Tiroda,Arjuni
D0517,B0445,Coconut,Not Specified,31.68,3994.07,"Standing requirement for Coconut, quantity flexible based on quality.",2026-07-21,2026-08-23,Konkan,Sindhudurg,Sawantwadi,Amboli
D0518,B3708,Sugarcane,Phule 265,176.47,402.79,Looking to procure Sugarcane for institutional buyers.,2026-08-25,2026-10-26,Western Maharashtra (Desh),Ahilyanagar (Ahmednagar),Pathardi,Tisgaon
D0519,B4487,Field Beans,Konkan Val landrace,6.0,3199.34,Seeking regular Field Beans supply from nearby farmers.,2026-08-14,2026-09-19,Konkan,Raigad,Khalapur,Adoshi
D0520,B0877,Linseed,NL-97,17.89,7845.35,Buyer looking to purchase Linseed directly from farmers.,2026-05-31,2026-07-19,Vidarbha,Gadchiroli,Aheri,Chhallewada
D0521,B2769,Maize,Karveer,11.42,2421.26,Looking to procure Maize for institutional buyers.,2026-07-20,2026-10-10,Marathwada,Chhatrapati Sambhajinagar (Aurangabad),Aurangabad,Ladsawangi
D0522,B3747,Mango (Alphonso),Not Specified,35.41,9675.78,Need consistent Mango (Alphonso) supply for ongoing operations.,2026-04-29,2026-05-12,Konkan,Ratnagiri,Mandangad,Kondgaon
D0523,B4533,Tur,Not Specified,62.25,7186.11,Inviting offers for Tur from farmers in the region.,2026-08-10,2026-09-26,Marathwada,Beed,Wadwani,Wadvani
D0524,B4740,Areca Nut,Mangala,7.7,49866.41,"Standing requirement for Areca Nut, quantity flexible based on quality.",2026-08-19,2026-09-30,Konkan,Ratnagiri,Ratnagiri,Bhandarwadi
D0525,B3152,Bajra,Phule Adishakti,25.97,4542.48,Sourcing Bajra in bulk for our processing unit.,2026-07-03,2026-08-14,Marathwada,Beed,Wadwani,Upli
D0526,B1132,Areca Nut,Sumangala,32.17,46934.52,Requirement raised for Areca Nut to meet upcoming production schedule.,2026-08-03,2026-09-17,Konkan,Ratnagiri,Dapoli,Satamba
D0527,B1781,Sunflower,Morden,56.99,7972.04,Seeking regular Sunflower supply from nearby farmers.,2026-08-26,2026-12-12,Vidarbha,Buldhana,Sindkhed Raja,Deulgaon Kol
D0528,B1457,Linseed,Sharda,43.27,7296.12,Requirement raised for Linseed to meet upcoming production schedule.,2026-07-17,2026-10-24,Vidarbha,Gadchiroli,Armori,Churmura
D0529,B4675,Coconut,Not Specified,27.31,5263.67,Inviting offers for Coconut from farmers in the region.,2026-06-10,2026-07-17,Konkan,Sindhudurg,Kudal,Padave
D0530,B0105,Areca Nut,Mangala,16.87,33713.79,Looking for fresh Areca Nut for wholesale procurement.,2026-05-29,2026-06-18,Konkan,Ratnagiri,Mandangad,Ambavane Bk.
D0531,B2348,Jowar,Not Specified,18.37,2671.31,Sourcing Jowar in bulk for our processing unit.,2026-05-29,2026-08-31,Western Maharashtra (Desh),Satara,Jaoli,Akhade
D0532,B0265,Linseed,Parbhani Alsi,13.08,7690.02,Sourcing Linseed for export-quality grading and packaging.,2026-07-16,2026-09-07,Vidarbha,Gadchiroli,Dhanora,Dhanora
D0533,B4598,Mango (Alphonso),Pairi,26.82,7597.6,Buyer looking to purchase Mango (Alphonso) directly from farmers.,2026-06-24,2026-07-24,Konkan,Ratnagiri,Rajapur,Kondsar Bk.
D0534,B4524,Chickoo,Kalipatti,10.18,3994.76,Need consistent Chickoo supply for ongoing operations.,2026-08-15,2026-09-17,Konkan,Thane,Ambarnath,Chinchpada
D0535,B4478,Banana,Not Specified,9.97,4241.11,"Procurement need for good quality Banana, open to multiple sellers.",2026-06-11,2026-07-02,Khandesh,Jalgaon,Muktainagar,Anturli
D0536,B0611,Udid,Phule Uttara,57.81,6838.94,Looking for fresh Udid for wholesale procurement.,2026-06-30,2026-10-04,Konkan,Thane,Shahapur,Shirol
D0537,B2165,Mango (Alphonso),Pairi,4.39,17539.7,Seeking regular Mango (Alphonso) supply from nearby farmers.,2026-05-05,2026-06-04,Konkan,Sindhudurg,Devgad,Jamsande
D0538,B0417,Turmeric,Not Specified,20.79,17659.94,Sourcing Turmeric in bulk for our processing unit.,2026-07-08,2026-08-22,Western Maharashtra (Desh),Sangli,Jat,Ankale
D0539,B2934,Tur,ICPL-87,42.09,8814.98,Inviting offers for Tur from farmers in the region.,2026-05-09,2026-08-06,Vidarbha,Buldhana,Khamgaon,Pimpalgaon Raja
D0540,B1306,Field Beans,Local Konkan landrace,7.59,3348.86,"Procurement need for good quality Field Beans, open to multiple sellers.",2026-07-28,2026-08-28,Konkan,Raigad,Poladpur,Adavale Bk.
D0541,B2956,Linseed,Sharda,37.26,8011.25,Looking to procure Linseed for institutional buyers.,2026-04-30,2026-08-18,Vidarbha,Gadchiroli,Etapalli,Burgi
D0542,B2835,Coconut,Dwarf Green,35.41,5294.49,Requirement raised for Coconut to meet upcoming production schedule.,2026-06-23,2026-07-10,Konkan,Sindhudurg,Kudal,Padave
D0543,B3162,Rice,Indrayani,13.01,4458.65,Requirement raised for Rice to meet upcoming production schedule.,2026-07-11,2026-10-09,Vidarbha,Bhandara,Pauni,Ambadi (Navegaon)
D0544,B3651,Gram,Phule Vikram,67.65,5137.76,Inviting offers for Gram from farmers in the region.,2026-05-11,2026-06-17,Marathwada,Latur,Nilanga,Halgara
D0545,B1372,Cashew,Not Specified,29.18,19101.76,Looking to procure Cashew for institutional buyers.,2026-05-09,2026-06-01,Konkan,Sindhudurg,Kudal,Padave
D0546,B3476,Cashew,Not Specified,10.82,22028.88,Sourcing Cashew for export-quality grading and packaging.,2026-08-09,2026-08-23,Konkan,Sindhudurg,Kudal,Gaorai
D0547,B1260,Coconut,Pratap,5.43,3034.38,Seeking regular Coconut supply from nearby farmers.,2026-08-11,2026-09-25,Konkan,Sindhudurg,Dodamarg,Kumbral
D0548,B0578,Rice,Not Specified,30.17,3840.1,Buyer looking to purchase Rice directly from farmers.,2026-07-02,2026-09-16,Konkan,Sindhudurg,Vaibhavwadi,Vabhave
D0549,B3548,Mango (Alphonso),Ratna,26.18,19163.79,Looking to procure Mango (Alphonso) for institutional buyers.,2026-08-04,2026-08-18,Konkan,Raigad,Khalapur,Ambivali T. Wankhal
D0550,B4798,Turmeric,Phule Swarupa,13.41,14224.43,Sourcing Turmeric in bulk for our processing unit.,2026-08-10,2026-09-08,Western Maharashtra (Desh),Sangli,Shirala,Biur
D0551,B0709,Coconut,T x D hybrid,16.61,5812.2,Looking for fresh Coconut for wholesale procurement.,2026-07-05,2026-08-18,Konkan,Sindhudurg,Kankavli,Waingani
D0552,B1802,Sugarcane,CoM 0265,465.75,590.2,Sourcing Sugarcane in bulk for our processing unit.,2026-08-25,2026-10-07,Western Maharashtra (Desh),Pune,Khed,Amboli
D0553,B2442,Ragi,Not Specified,32.79,4161.17,Sourcing Ragi for export-quality grading and packaging.,2026-07-27,2026-08-22,Konkan,Ratnagiri,Mandangad,Ambavane Bk.
D0554,B4535,Vari,Not Specified,18.78,3310.81,"Standing requirement for Vari, quantity flexible based on quality.",2026-07-21,2026-10-22,Konkan,Raigad,Shrivardhan,Asuf
D0555,B4486,Sunflower,Not Specified,30.3,7427.5,Sourcing Sunflower for export-quality grading and packaging.,2026-06-18,2026-09-03,Vidarbha,Buldhana,Lonar,Kingaon Jatu
D0556,B4199,Sunflower,LSF-8,24.44,7699.78,"Procurement need for good quality Sunflower, open to multiple sellers.",2026-05-16,2026-09-03,Vidarbha,Buldhana,Nandura,Alampur
D0557,B4648,Groundnut,Not Specified,63.87,8900.09,Inviting offers for Groundnut from farmers in the region.,2026-07-04,2026-10-07,Western Maharashtra (Desh),Solapur,Mangalvedhe,Nandeshwar
D0558,B0600,Chickoo,Cricket Ball,11.64,2331.69,"Standing requirement for Chickoo, quantity flexible based on quality.",2026-07-07,2026-08-07,Konkan,Thane,Kalyan,Antarde
D0559,B2926,Maize,DHM-117,14.91,2406.86,"Procurement need for good quality Maize, open to multiple sellers.",2026-06-15,2026-09-05,Khandesh,Jalgaon,Yawal,Ambapani
D0560,B2690,Chickoo,Not Specified,13.33,3289.63,"Standing requirement for Chickoo, quantity flexible based on quality.",2026-07-17,2026-08-16,Konkan,Palghar,Mokhada,Gonde Bk.
D0561,B3509,Tur,ICPL-87,24.13,6287.9,Sourcing Tur for export-quality grading and packaging.,2026-07-26,2026-09-24,Khandesh,Jalgaon,Dharangaon,Ahire Kh.
D0562,B2945,Tur,ICPL-87,64.76,7117.1,Requirement raised for Tur to meet upcoming production schedule.,2026-08-09,2026-11-04,Marathwada,Latur,Udgir,Kumtha Kh.
D0563,B4520,Vari,Konkan local Vari landrace,67.41,4988.81,Seeking regular Vari supply from nearby farmers.,2026-08-20,2026-10-09,Konkan,Palghar,Mokhada,Poshera
D0564,B2157,Groundnut,Not Specified,49.23,8164.99,Looking for fresh Groundnut for wholesale procurement.,2026-08-16,2026-11-29,Western Maharashtra (Desh),Pune,Maval,Adhale Bk.
D0565,B0256,Rice,Not Specified,59.89,5063.09,"Procurement need for good quality Rice, open to multiple sellers.",2026-08-21,2026-11-24,Vidarbha,Nagpur,Umred,Amboli
D0566,B2135,Sugarcane,CoVSI 09292,302.42,562.81,Requirement raised for Sugarcane to meet upcoming production schedule.,2026-06-25,2026-10-03,Western Maharashtra (Desh),Ahilyanagar (Ahmednagar),Shevgaon,Adhodi
D0567,B2384,Cashew,Konkan Kalpa,17.0,18794.35,Looking to procure Cashew for institutional buyers.,2026-06-03,2026-06-23,Konkan,Sindhudurg,Kankavli,Shivajipeth
D0568,B4212,Udid,Phule Uttara,20.62,9457.24,Looking to procure Udid for institutional buyers.,2026-08-18,2026-09-30,Konkan,Thane,Kalyan,Antarde
D0569,B3961,Sunflower,Not Specified,11.84,7468.99,"Procurement need for good quality Sunflower, open to multiple sellers.",2026-05-08,2026-07-19,Vidarbha,Buldhana,Deulgaon Raja,Singaon \[Jahnagir\]
D0570,B1918,Gram,JAKI-9218,42.6,6491.26,Buyer looking to purchase Gram directly from farmers.,2026-07-05,2026-09-26,Marathwada,Latur,Renapur,Kadepur
D0571,B0381,Rice,Indrayani,19.65,5540.35,Looking to procure Rice for institutional buyers.,2026-08-14,2026-12-11,Khandesh,Nashik,Deola,Matane
D0572,B2158,Wheat,Not Specified,43.61,2569.18,Buyer looking to purchase Wheat directly from farmers.,2026-06-21,2026-10-07,Vidarbha,Wardha,Karanja,Botona
D0573,B0638,Maize,Karveer,71.68,1990.75,Buyer looking to purchase Maize directly from farmers.,2026-06-19,2026-08-27,Khandesh,Nandurbar,Akkalkuwa,Molgi
D0574,B3989,Coconut,Not Specified,33.07,2787.15,Seeking regular Coconut supply from nearby farmers.,2026-07-01,2026-07-25,Konkan,Sindhudurg,Vengurla,Karli
D0575,B0632,Gram,Phule Vikram,22.43,5125.09,Requirement raised for Gram to meet upcoming production schedule.,2026-07-21,2026-08-30,Marathwada,Latur,Renapur,Kharola
D0576,B1887,Field Beans,Local Konkan landrace,29.15,4031.23,Need consistent Field Beans supply for ongoing operations.,2026-07-06,2026-07-26,Konkan,Raigad,Uran,Antrabamdakhar
D0577,B3367,Sunflower,KBSH-1,17.95,6936.33,Seeking regular Sunflower supply from nearby farmers.,2026-07-24,2026-08-23,Vidarbha,Buldhana,Shegaon,Shegaon (R)
D0578,B4689,Areca Nut,Mangala,12.82,37106.81,Buyer looking to purchase Areca Nut directly from farmers.,2026-07-21,2026-08-01,Konkan,Sindhudurg,Vaibhavwadi,Lore
D0579,B2323,Tur,Not Specified,22.23,7610.78,Need consistent Tur supply for ongoing operations.,2026-08-18,2026-10-03,Vidarbha,Nagpur,Parseoni,Amadi
D0580,B1798,Cotton,Not Specified,46.44,9718.58,Seeking regular Cotton supply from nearby farmers.,2026-07-24,2026-10-22,Marathwada,Beed,Parli,Dharmapuri
D0581,B2167,Soybean,JS 9560,66.44,6356.55,Bulk Soybean requirement for processing.,2026-06-02,2026-08-15,Marathwada,Nanded,Ardhapur,Kamtha Bk.
D0582,B1084,Ragi,Dapoli-1,20.49,4361.6,Looking to procure Ragi for institutional buyers.,2026-06-28,2026-08-11,Konkan,Ratnagiri,Rajapur,Varachiwadi (Kasheli)
D0583,B0789,Coconut,Banawali,32.77,4733.93,Bulk Coconut requirement for processing.,2026-05-13,2026-05-31,Konkan,Sindhudurg,Vaibhavwadi,Vabhave
D0584,B4418,Jowar,Not Specified,68.44,5722.78,Looking to procure Jowar for institutional buyers.,2026-06-30,2026-09-16,Western Maharashtra (Desh),Pune,Velhe,Adavali
D0585,B3035,Sugarcane,Not Specified,415.88,435.1,Need consistent Sugarcane supply for ongoing operations.,2026-08-11,2026-10-23,Western Maharashtra (Desh),Ahilyanagar (Ahmednagar),Shrirampur,Takalibhan
D0586,B2872,Cashew,Not Specified,28.14,21363.23,Sourcing Cashew for export-quality grading and packaging.,2026-07-18,2026-08-24,Konkan,Ratnagiri,Sangameshwar,Devade
D0587,B1097,Sunflower,LSF-8,72.6,5334.69,"Standing requirement for Sunflower, quantity flexible based on quality.",2026-08-19,2026-11-04,Vidarbha,Buldhana,Khamgaon,Ghatpuri
D0588,B2112,Udid,BDU-1,47.3,6834.12,Looking for fresh Udid for wholesale procurement.,2026-06-22,2026-08-12,Konkan,Palghar,Vada,Ambiste Kh.
D0589,B2588,Linseed,NL-97,16.03,7149.3,Sourcing Linseed in bulk for our processing unit.,2026-06-07,2026-09-08,Vidarbha,Gadchiroli,Mulchera,Vivekanandpur
D0590,B3470,Mango (Alphonso),Not Specified,24.17,29997.63,Buyer looking to purchase Mango (Alphonso) directly from farmers.,2026-08-07,2026-09-12,Konkan,Sindhudurg,Malwan,Waghavane
D0591,B4523,Udid,Not Specified,40.91,7630.91,Inviting offers for Udid from farmers in the region.,2026-07-07,2026-09-09,Konkan,Thane,Shahapur,Cherpoli
D0592,B4733,Vari,Local Bhagar landrace,60.05,4981.17,Looking to procure Vari for institutional buyers.,2026-05-17,2026-07-10,Konkan,Raigad,Sudhagad-Pali,Kumbharghar
D0593,B3659,Wheat,Not Specified,67.26,2176.56,Inviting offers for Wheat from farmers in the region.,2026-06-26,2026-09-02,Marathwada,Nanded,Biloli,Sagroli
D0594,B4511,Ragi,Not Specified,25.58,2858.67,Buyer looking to purchase Ragi directly from farmers.,2026-08-25,2026-09-19,Konkan,Thane,Shahapur,Cherpoli
D0595,B0747,Ragi,Not Specified,18.88,3819.72,Bulk Ragi requirement for processing.,2026-05-08,2026-06-30,Konkan,Ratnagiri,Chiplun,Bivali
D0596,B3038,Tur,BDN-711,54.89,8724.6,Buyer looking to purchase Tur directly from farmers.,2026-07-23,2026-10-22,Vidarbha,Gadchiroli,Desaiganj,Koregaon
D0597,B2347,Chickoo,Not Specified,22.27,4185.14,Seeking regular Chickoo supply from nearby farmers.,2026-07-26,2026-09-02,Konkan,Palghar,Jawhar,Vavar
D0598,B0088,Soybean,MAUS 71,26.23,4528.79,"Standing requirement for Soybean, quantity flexible based on quality.",2026-07-10,2026-11-01,Marathwada,Nanded,Loha,Sonkhed
D0599,B1898,Chickoo,Not Specified,24.62,2733.74,Looking to procure Chickoo for institutional buyers.,2026-04-29,2026-05-19,Konkan,Palghar,Vasai,Arnala
D0600,B0712,Sunflower,Not Specified,63.49,6182.89,Buyer looking to purchase Sunflower directly from farmers.,2026-06-26,2026-08-15,Vidarbha,Buldhana,Lonar,Sultanpur
D0601,B4242,Groundnut,JL-24,68.29,7527.14,Sourcing Groundnut for export-quality grading and packaging.,2026-08-14,2026-11-21,Western Maharashtra (Desh),Solapur,Akkalkot,Jeur
D0602,B2852,Vari,Local Bhagar landrace,24.67,5203.13,Need consistent Vari supply for ongoing operations.,2026-08-23,2026-11-29,Konkan,Palghar,Jawhar,Kharonda
D0603,B0039,Wheat,Tapovan (NIAW-917),39.63,2827.69,Inviting offers for Wheat from farmers in the region.,2026-06-11,2026-07-20,Vidarbha,Nagpur,Hingna,Adegaon
D0604,B4205,Maize,Not Specified,65.4,2610.02,"Standing requirement for Maize, quantity flexible based on quality.",2026-06-05,2026-08-25,Marathwada,Chhatrapati Sambhajinagar (Aurangabad),Kannad,Deogaon (R)
D0605,B3090,Gram,Not Specified,59.2,6414.46,Need consistent Gram supply for ongoing operations.,2026-07-30,2026-11-07,Marathwada,Latur,Deoni,Batanpur
D0606,B0225,Soybean,JS 9560,12.42,6477.1,"Procurement need for good quality Soybean, open to multiple sellers.",2026-07-30,2026-09-22,Vidarbha,Washim,Malegaon,Bramhanwada Najik Marsul
D0607,B2587,Linseed,Parbhani Alsi,36.47,5545.94,Sourcing Linseed in bulk for our processing unit.,2026-06-05,2026-07-11,Vidarbha,Gadchiroli,Aheri,Allapalli
D0608,B3269,Linseed,Not Specified,53.68,5711.57,Seeking regular Linseed supply from nearby farmers.,2026-07-06,2026-09-14,Vidarbha,Gadchiroli,Korchi,Kotgul
D0609,B1791,Vari,Not Specified,27.64,5170.39,Looking to procure Vari for institutional buyers.,2026-08-23,2026-10-11,Western Maharashtra (Desh),Kolhapur,Panhala,Karanjphen
D0610,B4088,Gram,Not Specified,23.96,5249.72,Sourcing Gram in bulk for our processing unit.,2026-05-30,2026-07-19,Marathwada,Latur,Latur,Bhosa
D0611,B2046,Chickoo,Not Specified,14.87,3772.05,Bulk Chickoo requirement for processing.,2026-08-22,2026-10-02,Konkan,Palghar,Vasai,Agashi
D0612,B0055,Soybean,Not Specified,42.37,4556.89,Need consistent Soybean supply for ongoing operations.,2026-06-22,2026-08-26,Vidarbha,Washim,Manora,Shendurjana (A)
D0613,B4034,Coconut,Not Specified,32.87,4893.76,Sourcing Coconut in bulk for our processing unit.,2026-07-08,2026-08-19,Konkan,Sindhudurg,Vengurla,Parule
D0614,B2296,Tur,Vipula,16.55,7333.18,Buyer looking to purchase Tur directly from farmers.,2026-07-06,2026-10-08,Marathwada,Latur,Deoni,Batanpur
D0615,B0267,Cashew,Vengurla-8,31.99,21505.5,Need consistent Cashew supply for ongoing operations.,2026-08-26,2026-10-08,Konkan,Ratnagiri,Ratnagiri,Bhandarwada
D0616,B3769,Udid,BDU-1,9.42,7127.49,"Standing requirement for Udid, quantity flexible based on quality.",2026-05-14,2026-07-24,Konkan,Thane,Shahapur,Shirol
D0617,B2128,Udid,TAU-1,24.5,7950.18,"Standing requirement for Udid, quantity flexible based on quality.",2026-06-18,2026-08-05,Konkan,Thane,Murbad,Deogaon
D0618,B4086,Groundnut,TAG-24,54.06,6891.26,Buyer looking to purchase Groundnut directly from farmers.,2026-06-09,2026-07-27,Western Maharashtra (Desh),Satara,Satara,Angapur Vandan
D0619,B4681,Sunflower,LSF-8,65.9,7340.94,"Procurement need for good quality Sunflower, open to multiple sellers.",2026-07-16,2026-09-27,Vidarbha,Buldhana,Sangrampur,Sonala
D0620,B1607,Sugarcane,Phule 265,140.15,574.04,Seeking regular Sugarcane supply from nearby farmers.,2026-06-29,2026-08-10,Western Maharashtra (Desh),Pune,Ambegaon,Adivare
D0621,B4236,Gram,Phule Vikram,60.22,5380.74,Inviting offers for Gram from farmers in the region.,2026-08-17,2026-09-17,Marathwada,Latur,Latur,Wadi Wagholi
D0622,B3264,Areca Nut,Mangala,6.26,54043.04,Need consistent Areca Nut supply for ongoing operations.,2026-08-15,2026-08-31,Konkan,Ratnagiri,Chiplun,Karambavane
D0623,B3686,Ragi,Not Specified,12.22,3399.08,Inviting offers for Ragi from farmers in the region.,2026-08-23,2026-10-19,Konkan,Ratnagiri,Ratnagiri,Bhandarwadi
D0624,B2820,Groundnut,JL-24,31.28,7993.4,"Standing requirement for Groundnut, quantity flexible based on quality.",2026-05-29,2026-09-04,Western Maharashtra (Desh),Pune,Baramati,Ambi Bk.
D0625,B4411,Jowar,Maldandi,32.29,5287.52,Need consistent Jowar supply for ongoing operations.,2026-08-09,2026-10-30,Western Maharashtra (Desh),Solapur,Sangole,Gheradi
D0626,B0643,Vari,Local Bhagar landrace,41.16,5189.85,Seeking regular Vari supply from nearby farmers.,2026-07-26,2026-10-02,Konkan,Thane,Murbad,Deogaon
D0627,B3456,Areca Nut,Not Specified,23.19,54980.54,Bulk Areca Nut requirement for processing.,2026-05-11,2026-06-11,Konkan,Ratnagiri,Khed,Tulashi Kh.
D0628,B1870,Jowar,Maldandi,56.0,4997.25,Buyer looking to purchase Jowar directly from farmers.,2026-06-08,2026-08-28,Vidarbha,Chandrapur,Nagbhid,Alewahi
D0629,B2976,Ragi,Not Specified,20.43,3556.82,Seeking regular Ragi supply from nearby farmers.,2026-05-26,2026-06-22,Konkan,Ratnagiri,Chiplun,Karambavane
D0630,B1025,Mango (Alphonso),Not Specified,25.81,28779.94,Sourcing Mango (Alphonso) for export-quality grading and packaging.,2026-08-07,2026-08-30,Konkan,Raigad,Sudhagad-Pali,Kumbharghar
D0631,B1368,Gram,Digvijay,12.7,6688.39,Inviting offers for Gram from farmers in the region.,2026-05-07,2026-07-21,Marathwada,Latur,Renapur,Kharola
D0632,B4293,Groundnut,Not Specified,13.83,6497.23,Seeking regular Groundnut supply from nearby farmers.,2026-05-11,2026-07-24,Western Maharashtra (Desh),Kolhapur,Hatkanangale,Shiroli
D0633,B2535,Cashew,Vengurla-7,18.5,15072.78,Inviting offers for Cashew from farmers in the region.,2026-08-15,2026-08-26,Konkan,Raigad,Mangaon,Adghar
D0634,B0288,Linseed,Not Specified,55.9,6334.01,Need consistent Linseed supply for ongoing operations.,2026-07-05,2026-10-07,Vidarbha,Gondia,Goregaon,Dawwa
D0635,B2232,Cotton,Bt Cotton (Bollgard II hybrid),69.9,9464.38,Seeking regular Cotton supply from nearby farmers.,2026-07-20,2026-10-11,Vidarbha,Wardha,Deoli,Nachangaon
D0636,B4621,Gram,Phule Vikram,68.35,5791.16,"Procurement need for good quality Gram, open to multiple sellers.",2026-08-12,2026-11-01,Marathwada,Latur,Ausa,Lamjana
D0637,B2523,Groundnut,SB-11,18.55,5593.72,Inviting offers for Groundnut from farmers in the region.,2026-08-13,2026-09-24,Vidarbha,Bhandara,Mohadi,Andhalgaon
D0638,B2818,Sugarcane,CoVSI 09292,69.1,616.98,Need consistent Sugarcane supply for ongoing operations.,2026-06-12,2026-08-31,Western Maharashtra (Desh),Pune,Khed,Ambethan
D0639,B2400,Rice,Not Specified,78.32,4533.73,"Procurement need for good quality Rice, open to multiple sellers.",2026-06-27,2026-10-01,Western Maharashtra (Desh),Kolhapur,Radhanagari,Savarde
D0640,B3581,Maize,DHM-117,54.91,2434.64,Buyer looking to purchase Maize directly from farmers.,2026-06-01,2026-07-06,Khandesh,Nashik,Dindori,Dindori
D0641,B3459,Groundnut,Not Specified,42.06,8425.16,"Standing requirement for Groundnut, quantity flexible based on quality.",2026-08-12,2026-12-02,Khandesh,Dhule,Sindkheda,Chilane
D0642,B2228,Sugarcane,Phule 265,332.52,376.03,"Procurement need for good quality Sugarcane, open to multiple sellers.",2026-08-17,2026-10-04,Western Maharashtra (Desh),Ahilyanagar (Ahmednagar),Nagar,Ambilwadi
D0643,B1120,Gram,Vijay,49.18,5317.69,"Standing requirement for Gram, quantity flexible based on quality.",2026-07-08,2026-09-12,Marathwada,Latur,Ausa,Ujani
D0644,B0159,Groundnut,JL-24,20.52,5922.7,Sourcing Groundnut in bulk for our processing unit.,2026-05-18,2026-08-07,Vidarbha,Bhandara,Lakhani,Lakhani
D0645,B0068,Sunflower,LSF-8,10.04,5754.74,Buyer looking to purchase Sunflower directly from farmers.,2026-06-14,2026-09-10,Vidarbha,Buldhana,Deulgaon Raja,Singaon \[Jahnagir\]
D0646,B3043,Coconut,Banawali,14.95,5891.67,Seeking regular Coconut supply from nearby farmers.,2026-05-07,2026-06-11,Konkan,Sindhudurg,Malwan,Waghavane
D0647,B0585,Sugarcane,Co 86032,161.6,587.27,Buyer looking to purchase Sugarcane directly from farmers.,2026-08-14,2026-09-23,Western Maharashtra (Desh),Kolhapur,Hatkanangale,Rukadi
D0648,B2040,Wheat,Tapovan (NIAW-917),23.47,3446.93,"Procurement need for good quality Wheat, open to multiple sellers.",2026-07-04,2026-08-10,Western Maharashtra (Desh),Satara,Koregaon,Ambawade S. Wagholi
D0649,B4270,Turmeric,Not Specified,9.3,13076.43,Sourcing Turmeric in bulk for our processing unit.,2026-08-23,2026-09-12,Western Maharashtra (Desh),Sangli,Tasgaon,Alate
D0650,B0346,Turmeric,Not Specified,18.7,10381.13,Need consistent Turmeric supply for ongoing operations.,2026-07-26,2026-08-17,Western Maharashtra (Desh),Sangli,Kavathemahankal,Dhalgaon
D0651,B2953,Vari,Not Specified,68.93,3672.34,Bulk Vari requirement for processing.,2026-06-03,2026-08-22,Konkan,Thane,Kalyan,Antarli
D0652,B2659,Maize,Ganga Safed-2,46.44,2172.16,"Procurement need for good quality Maize, open to multiple sellers.",2026-04-30,2026-05-30,Khandesh,Jalgaon,Yawal,Aklud
D0653,B4761,Wheat,Not Specified,37.7,2881.08,Requirement raised for Wheat to meet upcoming production schedule.,2026-08-09,2026-10-04,Marathwada,Nanded,Himayatnagar,Kamari
D0654,B1292,Soybean,MAUS 71,29.54,7568.03,Looking to procure Soybean for institutional buyers.,2026-05-08,2026-07-17,Vidarbha,Wardha,Karanja,Borgaon Dhole
D0655,B1261,Banana,Not Specified,28.19,1912.98,"Procurement need for good quality Banana, open to multiple sellers.",2026-06-14,2026-07-29,Khandesh,Jalgaon,Pachora,Anturli Bk. Pr. Pachora
D0656,B2846,Cashew,Not Specified,18.36,15731.94,Sourcing Cashew for export-quality grading and packaging.,2026-06-23,2026-07-11,Konkan,Ratnagiri,Rajapur,Varachiwadi (Kasheli)
D0657,B2054,Coconut,Not Specified,19.99,4385.51,Sourcing Coconut in bulk for our processing unit.,2026-07-14,2026-08-24,Konkan,Sindhudurg,Malwan,Waghavane
D0658,B1555,Soybean,Not Specified,42.51,5470.62,Need consistent Soybean supply for ongoing operations.,2026-06-09,2026-09-18,Vidarbha,Buldhana,Lonar,Kingaon Jatu
D0659,B4543,Soybean,MAUS 71,17.95,5379.68,Sourcing Soybean in bulk for our processing unit.,2026-07-14,2026-10-05,Vidarbha,Washim,Karanja,Bembla
D0660,B0006,Vari,Not Specified,44.09,4731.94,Looking for fresh Vari for wholesale procurement.,2026-07-23,2026-10-02,Western Maharashtra (Desh),Kolhapur,Karvir,Amashi
D0661,B1957,Gram,Digvijay,51.85,5920.65,Buyer looking to purchase Gram directly from farmers.,2026-05-27,2026-09-16,Marathwada,Latur,Shirur Anantpal,Ajani Bk.
D0662,B4076,Field Beans,Not Specified,9.72,3511.2,Buyer looking to purchase Field Beans directly from farmers.,2026-07-26,2026-08-12,Konkan,Raigad,Karjat,Khadyachapada
D0663,B0789,Coconut,Banawali,5.62,6241.29,Seeking regular Coconut supply from nearby farmers.,2026-08-18,2026-09-09,Konkan,Sindhudurg,Vaibhavwadi,Vabhave
D0664,B0877,Linseed,NL-97,9.09,7124.76,Buyer looking to purchase Linseed directly from farmers.,2026-07-28,2026-10-28,Vidarbha,Gadchiroli,Aheri,Chhallewada
D0665,B2097,Linseed,NL-97,41.52,5698.69,"Procurement need for good quality Linseed, open to multiple sellers.",2026-07-28,2026-09-01,Vidarbha,Gondia,Amgaon,Anjora
D0666,B3835,Sugarcane,Not Specified,95.45,482.7,Buyer looking to purchase Sugarcane directly from farmers.,2026-08-14,2026-12-07,Western Maharashtra (Desh),Pune,Khed,Adgaon
D0667,B0478,Field Beans,Not Specified,13.55,2875.61,Bulk Field Beans requirement for processing.,2026-08-15,2026-08-29,Konkan,Raigad,Karjat,Khandape
D0668,B1769,Tur,Not Specified,14.54,8018.45,Inviting offers for Tur from farmers in the region.,2026-06-24,2026-08-12,Marathwada,Latur,Latur,Bhosa
D0669,B4311,Bajra,Not Specified,45.09,4500.44,Inviting offers for Bajra from farmers in the region.,2026-08-07,2026-10-24,Marathwada,Jalna,Badnapur,Badnapur
D0670,B0865,Soybean,Not Specified,44.59,6609.67,Sourcing Soybean for export-quality grading and packaging.,2026-07-29,2026-09-05,Vidarbha,Washim,Karanja,Bembla
D0671,B1367,Areca Nut,Not Specified,22.47,45782.43,Looking to procure Areca Nut for institutional buyers.,2026-05-23,2026-06-30,Konkan,Sindhudurg,Vaibhavwadi,Vabhave
D0672,B2887,Gram,Not Specified,44.72,6955.4,Requirement raised for Gram to meet upcoming production schedule.,2026-06-27,2026-10-11,Marathwada,Latur,Renapur,Kharola
D0673,B3528,Mango (Alphonso),Not Specified,14.76,12190.91,Inviting offers for Mango (Alphonso) from farmers in the region.,2026-05-31,2026-07-15,Konkan,Raigad,Uran,Aware
D0674,B2082,Field Beans,Local Konkan landrace,19.79,3809.92,Sourcing Field Beans for export-quality grading and packaging.,2026-05-04,2026-06-01,Konkan,Raigad,Mangaon,Ambarle
D0675,B0134,Cotton,DCH-32,8.63,10215.95,"Procurement need for good quality Cotton, open to multiple sellers.",2026-08-17,2026-09-13,Vidarbha,Gadchiroli,Aheri,Allapalli
D0676,B2261,Banana,Not Specified,19.61,3641.68,"Standing requirement for Banana, quantity flexible based on quality.",2026-05-22,2026-06-03,Khandesh,Jalgaon,Bhadgaon,Achalgaon
D0677,B3772,Wheat,NIAW-34,24.58,3297.9,"Procurement need for good quality Wheat, open to multiple sellers.",2026-06-02,2026-08-04,Marathwada,Nanded,Dharmabad,Karkheli
D0678,B0753,Chickoo,Not Specified,21.4,2381.27,Bulk Chickoo requirement for processing.,2026-08-04,2026-09-13,Konkan,Thane,Thane,Adavli
D0679,B1417,Groundnut,JL-24,47.19,6633.31,Sourcing Groundnut for export-quality grading and packaging.,2026-08-12,2026-10-24,Western Maharashtra (Desh),Solapur,Malshiras,Velapur
D0680,B0643,Vari,Not Specified,72.97,3911.84,Buyer looking to purchase Vari directly from farmers.,2026-06-28,2026-08-07,Konkan,Thane,Murbad,Deogaon
D0681,B1858,Udid,Not Specified,65.46,9393.92,Looking to procure Udid for institutional buyers.,2026-08-09,2026-10-21,Konkan,Palghar,Dahanu,Bordi
D0682,B0444,Udid,BDU-1,29.99,8245.58,Requirement raised for Udid to meet upcoming production schedule.,2026-07-09,2026-08-31,Konkan,Palghar,Vasai,Agashi
D0683,B1255,Groundnut,TAG-24,71.67,8256.15,"Standing requirement for Groundnut, quantity flexible based on quality.",2026-07-09,2026-08-31,Khandesh,Nashik,Nashik,Dasak
D0684,B3539,Field Beans,Local Konkan landrace,9.51,3650.23,Need consistent Field Beans supply for ongoing operations.,2026-07-18,2026-07-31,Konkan,Raigad,Shrivardhan,Arathi
D0685,B4491,Chickoo,Cricket Ball,16.17,2918.89,Sourcing Chickoo for export-quality grading and packaging.,2026-05-18,2026-06-05,Konkan,Thane,Murbad,Deogaon
D0686,B3940,Turmeric,Not Specified,17.0,15732.8,"Procurement need for good quality Turmeric, open to multiple sellers.",2026-07-16,2026-08-28,Western Maharashtra (Desh),Sangli,Miraj,Bamnoli
D0687,B2018,Sunflower,Morden,63.29,6089.3,"Standing requirement for Sunflower, quantity flexible based on quality.",2026-05-12,2026-08-30,Vidarbha,Buldhana,Nandura,Yerali
D0688,B3389,Mango (Alphonso),Pairi,10.43,14651.88,Looking to procure Mango (Alphonso) for institutional buyers.,2026-05-02,2026-05-31,Konkan,Sindhudurg,Dodamarg,Kumbral
D0689,B1387,Wheat,Not Specified,46.49,3440.71,Need consistent Wheat supply for ongoing operations.,2026-07-24,2026-10-13,Vidarbha,Wardha,Wardha,Waigaon
D0690,B0368,Gram,Not Specified,23.87,6251.5,Seeking regular Gram supply from nearby farmers.,2026-08-07,2026-09-11,Marathwada,Latur,Nilanga,Halgara
D0691,B0921,Mango (Alphonso),Not Specified,12.14,21206.69,Seeking regular Mango (Alphonso) supply from nearby farmers.,2026-08-18,2026-09-15,Konkan,Ratnagiri,Khed,Khed (Bhadgaon)
D0692,B0113,Ragi,Dapoli-1,13.65,3593.47,Requirement raised for Ragi to meet upcoming production schedule.,2026-05-30,2026-08-31,Konkan,Ratnagiri,Mandangad,Kondgaon
D0693,B1736,Cotton,Suraj Bt,55.95,9074.35,"Standing requirement for Cotton, quantity flexible based on quality.",2026-08-05,2026-09-17,Vidarbha,Washim,Washim,Ansing
D0694,B0151,Soybean,MAUS 71,10.9,4972.67,Sourcing Soybean in bulk for our processing unit.,2026-05-29,2026-09-20,Vidarbha,Washim,Washim,Ansing
D0695,B2223,Jowar,CSH-16,13.05,5232.64,Looking to procure Jowar for institutional buyers.,2026-08-16,2026-12-03,Marathwada,Hingoli,Basmath,Hatta
D0696,B2951,Rice,Not Specified,12.53,5298.34,Looking to procure Rice for institutional buyers.,2026-06-24,2026-09-05,Vidarbha,Nagpur,Kamptee,Asoli
D0697,B4166,Wheat,Not Specified,14.26,2482.24,"Standing requirement for Wheat, quantity flexible based on quality.",2026-07-13,2026-08-30,Vidarbha,Yavatmal,Arni,Anjargaon
D0698,B1630,Soybean,MACS 1281,43.59,6732.98,Looking for fresh Soybean for wholesale procurement.,2026-06-05,2026-09-05,Marathwada,Dharashiv (Osmanabad),Tuljapur,Jalkot
D0699,B2498,Gram,Vijay,57.52,4744.24,Looking to procure Gram for institutional buyers.,2026-06-19,2026-10-02,Marathwada,Latur,Ahmedpur,Shirur Tajband
D0700,B2477,Rice,Kolam,34.26,3369.07,Sourcing Rice in bulk for our processing unit.,2026-08-19,2026-09-16,Vidarbha,Gadchiroli,Korchi,Kotgul
D0701,B4547,Maize,Not Specified,23.07,2115.48,Buyer looking to purchase Maize directly from farmers.,2026-07-28,2026-09-02,Khandesh,Nashik,Yeola,Gwandgaon
D0702,B3132,Chickoo,Cricket Ball,16.75,3261.71,Buyer looking to purchase Chickoo directly from farmers.,2026-08-25,2026-09-25,Konkan,Thane,Bhiwandi,Ambardi
D0703,B3680,Chickoo,Cricket Ball,23.96,3281.86,Looking to procure Chickoo for institutional buyers.,2026-08-12,2026-08-30,Konkan,Palghar,Vikramgad,Dadade
D0704,B2532,Linseed,Not Specified,58.06,7793.76,Buyer looking to purchase Linseed directly from farmers.,2026-08-26,2026-10-08,Vidarbha,Gadchiroli,Sironcha,Asaralli
D0705,B4628,Tur,Not Specified,28.72,7441.77,Sourcing Tur for export-quality grading and packaging.,2026-05-17,2026-07-21,Marathwada,Parbhani,Palam,Palam
D0706,B1193,Groundnut,Not Specified,58.28,8712.72,Buyer looking to purchase Groundnut directly from farmers.,2026-08-25,2026-10-27,Vidarbha,Bhandara,Lakhandur,Dighori (Mothi)
D0707,B3630,Groundnut,Not Specified,61.94,7840.11,Sourcing Groundnut for export-quality grading and packaging.,2026-06-08,2026-07-27,Vidarbha,Washim,Risod,Kenwad
D0708,B0875,Sunflower,KBSH-1,62.29,6998.16,Sourcing Sunflower in bulk for our processing unit.,2026-07-22,2026-11-02,Vidarbha,Buldhana,Malkapur,Malkapur (Rural)
D0709,B1892,Field Beans,Not Specified,12.36,2837.42,Bulk Field Beans requirement for processing.,2026-07-31,2026-09-09,Konkan,Raigad,Mangaon,Alsunde
D0710,B1099,Coconut,T x D hybrid,27.37,4149.82,Buyer looking to purchase Coconut directly from farmers.,2026-07-08,2026-07-26,Konkan,Sindhudurg,Vaibhavwadi,Vabhave
D0711,B1342,Udid,BDU-1,35.97,9520.71,Sourcing Udid in bulk for our processing unit.,2026-08-24,2026-10-16,Konkan,Palghar,Jawhar,Vavar
D0712,B1662,Banana,Not Specified,5.98,5026.84,Need consistent Banana supply for ongoing operations.,2026-08-18,2026-09-28,Khandesh,Jalgaon,Bhadgaon,Achalgaon
D0713,B2662,Linseed,Not Specified,57.43,6589.69,Looking for fresh Linseed for wholesale procurement.,2026-07-22,2026-10-03,Vidarbha,Gadchiroli,Etapalli,Bhapda
D0714,B2564,Areca Nut,Mangala,21.5,44363.91,Looking for fresh Areca Nut for wholesale procurement.,2026-08-19,2026-09-13,Konkan,Ratnagiri,Lanja,Gangar Kargaon
D0715,B4250,Banana,Ardhapuri,21.03,3429.73,Looking to procure Banana for institutional buyers.,2026-08-25,2026-09-16,Khandesh,Jalgaon,Erandol,Adgaon
D0716,B2386,Maize,Ganga Safed-2,58.74,2056.86,Seeking regular Maize supply from nearby farmers.,2026-06-29,2026-10-10,Khandesh,Nashik,Chandwad,Ganur
D0717,B0447,Coconut,Not Specified,33.61,4482.24,Looking to procure Coconut for institutional buyers.,2026-07-03,2026-08-14,Konkan,Sindhudurg,Vaibhavwadi,Nadhavade
D0718,B0928,Chickoo,Cricket Ball,16.01,2643.88,Looking for fresh Chickoo for wholesale procurement.,2026-05-26,2026-06-17,Konkan,Palghar,Palghar,Chahade
D0719,B3725,Linseed,Parbhani Alsi,46.37,7787.76,Seeking regular Linseed supply from nearby farmers.,2026-08-03,2026-09-12,Vidarbha,Gadchiroli,Desaiganj,Kurud
D0720,B0748,Tur,Phule Rajeshwari,49.08,5819.85,Sourcing Tur for export-quality grading and packaging.,2026-06-24,2026-09-22,Vidarbha,Gadchiroli,Korchi,Maseli
D0721,B1310,Ragi,Dapoli-2,5.44,3067.0,Requirement raised for Ragi to meet upcoming production schedule.,2026-07-17,2026-11-03,Konkan,Thane,Thane,Adavli
D0722,B1230,Turmeric,Phule Swarupa,8.48,16336.5,Buyer looking to purchase Turmeric directly from farmers.,2026-06-13,2026-07-21,Western Maharashtra (Desh),Sangli,Atpadi,Autewadi
D0723,B2366,Wheat,Not Specified,15.38,2221.01,"Procurement need for good quality Wheat, open to multiple sellers.",2026-04-29,2026-06-25,Vidarbha,Wardha,Karanja,Botona
D0724,B0101,Soybean,MACS 1281,42.5,4438.33,Need consistent Soybean supply for ongoing operations.,2026-06-03,2026-09-11,Vidarbha,Washim,Manora,Manora
D0725,B3898,Sunflower,Phule Raviraj,14.56,6960.75,"Procurement need for good quality Sunflower, open to multiple sellers.",2026-08-19,2026-10-18,Vidarbha,Buldhana,Sangrampur,Sangrampur Pr. Jamod
D0726,B4568,Rice,Not Specified,28.48,3663.3,Looking for fresh Rice for wholesale procurement.,2026-07-27,2026-08-25,Konkan,Palghar,Palghar,Chahade
D0727,B1191,Jowar,Not Specified,53.1,5993.08,Sourcing Jowar in bulk for our processing unit.,2026-06-16,2026-07-22,Vidarbha,Yavatmal,Darwha,Lohi
D0728,B0402,Bajra,Phule Adishakti,18.73,2767.9,Looking to procure Bajra for institutional buyers.,2026-07-31,2026-11-09,Marathwada,Jalna,Ambad,Gondi
D0729,B4689,Areca Nut,Not Specified,10.14,44463.54,"Standing requirement for Areca Nut, quantity flexible based on quality.",2026-06-20,2026-07-02,Konkan,Sindhudurg,Vaibhavwadi,Lore
D0730,B0763,Groundnut,Not Specified,29.44,8775.12,Bulk Groundnut requirement for processing.,2026-08-08,2026-11-11,Western Maharashtra (Desh),Kolhapur,Karvir,Bahireshwar
D0731,B0532,Tur,BSMR-736,16.15,8479.69,Requirement raised for Tur to meet upcoming production schedule.,2026-07-12,2026-10-12,Marathwada,Beed,Ashti,Dhamangaon
D0732,B1720,Sunflower,Not Specified,51.78,5414.95,Sourcing Sunflower for export-quality grading and packaging.,2026-08-26,2026-11-26,Vidarbha,Buldhana,Malkapur,Umali
D0733,B0719,Sugarcane,Phule 265,369.17,567.6,Sourcing Sugarcane for export-quality grading and packaging.,2026-06-10,2026-09-20,Western Maharashtra (Desh),Ahilyanagar (Ahmednagar),Shrirampur,Takalibhan
D0734,B2593,Areca Nut,Sumangala,34.95,48711.14,Need consistent Areca Nut supply for ongoing operations.,2026-07-11,2026-08-21,Konkan,Sindhudurg,Vaibhavwadi,Lore
D0735,B4035,Udid,Not Specified,67.75,7196.84,Sourcing Udid in bulk for our processing unit.,2026-08-26,2026-09-20,Konkan,Thane,Bhiwandi,Ambardi
D0736,B0969,Wheat,Lokwan,54.05,2328.63,"Standing requirement for Wheat, quantity flexible based on quality.",2026-08-26,2026-11-11,Vidarbha,Amravati,Chikhaldara,Katkumbh
D0737,B0373,Banana,Shrimanti,28.64,2249.17,Looking to procure Banana for institutional buyers.,2026-05-29,2026-06-26,Khandesh,Jalgaon,Amalner,Ambasan
D0738,B2085,Wheat,Not Specified,27.25,2753.9,Requirement raised for Wheat to meet upcoming production schedule.,2026-08-08,2026-09-16,Marathwada,Nanded,Naigaon,Kahala Bk.
D0739,B2731,Sugarcane,Phule 265,351.13,631.01,Seeking regular Sugarcane supply from nearby farmers.,2026-05-28,2026-08-04,Western Maharashtra (Desh),Kolhapur,Radhanagari,Phejiwade
D0740,B3925,Cashew,Not Specified,29.95,20215.45,Need consistent Cashew supply for ongoing operations.,2026-05-22,2026-06-30,Konkan,Sindhudurg,Malwan,Kalethar
D0741,B4399,Sugarcane,Not Specified,297.57,577.18,Sourcing Sugarcane for export-quality grading and packaging.,2026-05-07,2026-08-06,Western Maharashtra (Desh),Ahilyanagar (Ahmednagar),Kopargaon,Samvatsar
D0742,B2453,Vari,Not Specified,56.05,4365.34,Looking for fresh Vari for wholesale procurement.,2026-05-30,2026-09-19,Konkan,Thane,Ambarnath,Chinchpada
D0743,B2718,Mango (Alphonso),Not Specified,33.18,14866.93,Seeking regular Mango (Alphonso) supply from nearby farmers.,2026-06-09,2026-06-20,Konkan,Sindhudurg,Sawantwadi,Amboli
D0744,B2779,Bajra,Not Specified,48.73,4225.85,"Standing requirement for Bajra, quantity flexible based on quality.",2026-07-22,2026-09-08,Khandesh,Nashik,Dindori,Dhakambe
D0745,B0958,Sunflower,Not Specified,61.53,7291.97,Requirement raised for Sunflower to meet upcoming production schedule.,2026-08-02,2026-09-30,Vidarbha,Buldhana,Motala,Dhamangaon Badhe
D0746,B3391,Rice,IR-64,42.35,5207.43,Sourcing Rice in bulk for our processing unit.,2026-05-31,2026-08-02,Khandesh,Nashik,Chandwad,Tisgaon
D0747,B1434,Coconut,Banawali,29.51,6150.61,Need consistent Coconut supply for ongoing operations.,2026-07-10,2026-08-19,Konkan,Sindhudurg,Malwan,Devli
D0748,B4097,Sugarcane,Co 94012,529.58,547.04,Inviting offers for Sugarcane from farmers in the region.,2026-06-13,2026-08-18,Western Maharashtra (Desh),Pune,Ambegaon,Ahupe
D0749,B1174,Tur,Not Specified,14.62,8901.86,Inviting offers for Tur from farmers in the region.,2026-07-30,2026-09-09,Marathwada,Latur,Latur,Pimpalgaon Amba
D0750,B1681,Jowar,Not Specified,39.25,5460.83,Inviting offers for Jowar from farmers in the region.,2026-05-16,2026-07-19,Khandesh,Jalgaon,Chalisgaon,Abhone
D0751,B0361,Areca Nut,Not Specified,23.93,34622.64,Need consistent Areca Nut supply for ongoing operations.,2026-08-20,2026-09-05,Konkan,Ratnagiri,Khed,Tulashi Bk.
D0752,B4265,Gram,Not Specified,57.6,4753.52,Sourcing Gram in bulk for our processing unit.,2026-07-26,2026-09-15,Marathwada,Latur,Ahmedpur,Kingaon
D0753,B2629,Mango (Alphonso),Pairi,13.24,14050.28,Need consistent Mango (Alphonso) supply for ongoing operations.,2026-07-29,2026-08-25,Konkan,Raigad,Alibag,Akshi
D0754,B1224,Vari,Konkan local Vari landrace,10.02,4504.54,Inviting offers for Vari from farmers in the region.,2026-05-14,2026-08-16,Western Maharashtra (Desh),Satara,Satara,Angapur Vandan
D0755,B2870,Soybean,JS 9560,17.1,6706.63,Sourcing Soybean in bulk for our processing unit.,2026-07-18,2026-09-02,Vidarbha,Washim,Malegaon,Bramhanwada Najik Marsul
D0756,B0584,Wheat,Sharbati,41.77,2106.16,Looking for fresh Wheat for wholesale procurement.,2026-07-05,2026-10-24,Vidarbha,Wardha,Arvi,Pimpalkhuta
D0757,B0414,Vari,Konkan local Vari landrace,14.94,4030.0,Sourcing Vari for export-quality grading and packaging.,2026-07-21,2026-10-29,Western Maharashtra (Desh),Satara,Satara,Ambavade Bk.
D0758,B3653,Chickoo,Not Specified,13.53,3867.42,Sourcing Chickoo for export-quality grading and packaging.,2026-08-08,2026-09-21,Konkan,Palghar,Talasari,Sutrakar
D0759,B0644,Chickoo,Not Specified,27.13,2996.18,Seeking regular Chickoo supply from nearby farmers.,2026-05-13,2026-06-21,Konkan,Palghar,Talasari,Upalat
D0760,B0797,Turmeric,Selam,21.31,16886.16,Need consistent Turmeric supply for ongoing operations.,2026-06-02,2026-06-26,Western Maharashtra (Desh),Sangli,Jat,Ankale
D0761,B1178,Jowar,Not Specified,49.76,6313.48,Buyer looking to purchase Jowar directly from farmers.,2026-05-26,2026-09-13,Western Maharashtra (Desh),Sangli,Jat,Ankale
D0762,B2707,Maize,Not Specified,65.81,2232.46,Looking for fresh Maize for wholesale procurement.,2026-05-09,2026-06-17,Khandesh,Nandurbar,Shahada,Adgaon
D0763,B2880,Vari,Konkan local Vari landrace,28.56,3941.06,"Standing requirement for Vari, quantity flexible based on quality.",2026-05-18,2026-06-25,Western Maharashtra (Desh),Kolhapur,Shahuwadi,Bhedasgaon
D0764,B3324,Tur,Not Specified,59.54,6646.43,Looking to procure Tur for institutional buyers.,2026-05-09,2026-07-11,Vidarbha,Yavatmal,Pusad,Kakaddati
D0765,B4365,Gram,Vijay,24.21,5253.41,Seeking regular Gram supply from nearby farmers.,2026-08-25,2026-11-07,Marathwada,Latur,Renapur,Kadepur
D0766,B0542,Ragi,Phule Nachani,22.63,4142.41,Buyer looking to purchase Ragi directly from farmers.,2026-07-17,2026-09-23,Konkan,Palghar,Vada,Ambiste Kh.
D0767,B4461,Cashew,Not Specified,9.77,20452.69,Sourcing Cashew for export-quality grading and packaging.,2026-08-23,2026-10-03,Konkan,Sindhudurg,Devgad,Jamsande
D0768,B0937,Jowar,Not Specified,39.49,4781.95,Need consistent Jowar supply for ongoing operations.,2026-05-25,2026-08-09,Marathwada,Dharashiv (Osmanabad),Washi,Para
D0769,B0571,Cashew,Not Specified,26.34,19727.7,Buyer looking to purchase Cashew directly from farmers.,2026-06-16,2026-06-29,Konkan,Sindhudurg,Kudal,Kasal
D0770,B0742,Tur,BSMR-736,65.36,8630.35,Looking to procure Tur for institutional buyers.,2026-08-13,2026-09-25,Vidarbha,Bhandara,Mohadi,Kardi
D0771,B1223,Sugarcane,Co 94012,261.11,490.05,"Procurement need for good quality Sugarcane, open to multiple sellers.",2026-05-30,2026-08-03,Western Maharashtra (Desh),Ahilyanagar (Ahmednagar),Pathardi,Miri
D0772,B2456,Coconut,Not Specified,33.92,3892.35,Buyer looking to purchase Coconut directly from farmers.,2026-08-03,2026-09-04,Konkan,Sindhudurg,Kankavli,Bandargaon
D0773,B0732,Chickoo,Not Specified,22.7,3106.97,Seeking regular Chickoo supply from nearby farmers.,2026-08-17,2026-08-30,Konkan,Palghar,Dahanu,Charoti
D0774,B3025,Soybean,Not Specified,69.32,4422.4,Inviting offers for Soybean from farmers in the region.,2026-08-14,2026-10-23,Marathwada,Parbhani,Purna,Yerndeshwar
D0775,B0899,Areca Nut,Not Specified,32.91,38582.0,Sourcing Areca Nut for export-quality grading and packaging.,2026-07-20,2026-08-19,Konkan,Sindhudurg,Devgad,Padel
D0776,B3136,Bajra,Shraddha,43.48,3755.78,Need consistent Bajra supply for ongoing operations.,2026-05-20,2026-08-24,Khandesh,Dhule,Shirpur,Sangavi
D0777,B3151,Vari,Not Specified,33.98,4082.01,Sourcing Vari in bulk for our processing unit.,2026-08-26,2026-12-14,Konkan,Raigad,Panvel,Barwai
D0778,B1029,Coconut,Banawali,25.3,3296.81,Need consistent Coconut supply for ongoing operations.,2026-07-28,2026-08-15,Konkan,Sindhudurg,Kudal,Gaorai
D0779,B0694,Turmeric,Rajapuri,27.26,18169.18,Sourcing Turmeric for export-quality grading and packaging.,2026-07-22,2026-08-28,Western Maharashtra (Desh),Sangli,Miraj,Arag
D0780,B1473,Udid,TAU-2,45.57,7882.94,Requirement raised for Udid to meet upcoming production schedule.,2026-06-01,2026-08-19,Konkan,Thane,Kalyan,Antarde
D0781,B0061,Bajra,Not Specified,62.94,2643.46,Inviting offers for Bajra from farmers in the region.,2026-06-08,2026-09-10,Khandesh,Dhule,Shirpur,Thalner
D0782,B4722,Sugarcane,Co 740,350.74,536.87,Bulk Sugarcane requirement for processing.,2026-07-19,2026-11-09,Western Maharashtra (Desh),Pune,Shirur,Amdabad
D0783,B0656,Banana,Shrimanti,34.07,5246.66,Sourcing Banana in bulk for our processing unit.,2026-07-04,2026-07-19,Khandesh,Jalgaon,Raver,Ajanad
D0784,B4288,Groundnut,Not Specified,14.17,7250.45,Sourcing Groundnut for export-quality grading and packaging.,2026-07-28,2026-11-15,Western Maharashtra (Desh),Pune,Velhe,Ambed
D0785,B0640,Mango (Alphonso),Not Specified,21.8,20225.78,"Standing requirement for Mango (Alphonso), quantity flexible based on quality.",2026-05-07,2026-06-07,Konkan,Raigad,Shrivardhan,Asuf
D0786,B4383,Groundnut,Not Specified,38.95,7394.68,Need consistent Groundnut supply for ongoing operations.,2026-07-18,2026-09-23,Western Maharashtra (Desh),Pune,Shirur,Alegaon Paga
D0787,B3449,Cotton,DCH-32,26.61,7728.64,"Standing requirement for Cotton, quantity flexible based on quality.",2026-08-07,2026-12-03,Vidarbha,Nagpur,Nagpur Rural,Bahadura
D0788,B4618,Coconut,T x D hybrid,23.02,4887.6,Looking to procure Coconut for institutional buyers.,2026-08-26,2026-09-06,Konkan,Sindhudurg,Kudal,Gaorai
D0789,B2350,Areca Nut,Mangala,21.0,55048.54,Sourcing Areca Nut in bulk for our processing unit.,2026-06-05,2026-07-02,Konkan,Sindhudurg,Kudal,Kasal
D0790,B2255,Cotton,Not Specified,9.11,7928.4,Seeking regular Cotton supply from nearby farmers.,2026-08-21,2026-12-18,Marathwada,Dharashiv (Osmanabad),Paranda,Kangalgaon
D0791,B1239,Gram,Not Specified,32.85,5099.09,Sourcing Gram for export-quality grading and packaging.,2026-06-03,2026-07-21,Marathwada,Latur,Latur,Bhosa
D0792,B4321,Gram,Not Specified,31.08,4893.45,Seeking regular Gram supply from nearby farmers.,2026-07-21,2026-09-03,Marathwada,Latur,Udgir,Kumtha Kh.
D0793,B4063,Areca Nut,Not Specified,17.93,42534.95,Looking to procure Areca Nut for institutional buyers.,2026-07-01,2026-07-21,Konkan,Ratnagiri,Chiplun,Karambavane
D0794,B1728,Sunflower,Not Specified,67.83,5241.8,Sourcing Sunflower in bulk for our processing unit.,2026-08-07,2026-09-15,Vidarbha,Buldhana,Motala,Dhamangaon Badhe
D0795,B0431,Jowar,Phule Vasudha,40.37,4444.53,Inviting offers for Jowar from farmers in the region.,2026-06-03,2026-09-23,Western Maharashtra (Desh),Pune,Khed,Amboli
D0796,B3196,Udid,Phule Uttara,44.12,7834.6,Sourcing Udid in bulk for our processing unit.,2026-08-23,2026-11-13,Konkan,Palghar,Palghar,Betegaon
D0797,B3130,Rice,Not Specified,92.28,4856.3,Looking for fresh Rice for wholesale procurement.,2026-05-13,2026-08-14,Vidarbha,Nagpur,Savner,Badegaon
D0798,B2899,Mango (Alphonso),Not Specified,18.3,28248.99,Sourcing Mango (Alphonso) in bulk for our processing unit.,2026-06-17,2026-07-14,Konkan,Ratnagiri,Rajapur,Avali Chiwadi
D0799,B0806,Turmeric,Selam,14.33,16953.37,Sourcing Turmeric for export-quality grading and packaging.,2026-06-04,2026-06-26,Western Maharashtra (Desh),Sangli,Khanapur,Balvadi
D0800,B4260,Mango (Alphonso),Kesar,14.43,6734.58,Looking for fresh Mango (Alphonso) for wholesale procurement.,2026-08-15,2026-08-25,Konkan,Ratnagiri,Chiplun,Karambavane
D0801,B3369,Cotton,Ajeet-155 Bt,51.83,8557.31,Sourcing Cotton for export-quality grading and packaging.,2026-06-10,2026-07-29,Vidarbha,Nagpur,Savner,Ajani
D0802,B0279,Maize,African Tall,12.1,2380.24,"Procurement need for good quality Maize, open to multiple sellers.",2026-08-24,2026-12-08,Khandesh,Dhule,Sindkheda,Chilane
D0803,B0998,Field Beans,Not Specified,8.55,5014.01,Seeking regular Field Beans supply from nearby farmers.,2026-06-22,2026-07-13,Konkan,Raigad,Panvel,Barwai
D0804,B0909,Udid,Not Specified,25.58,7936.33,Bulk Udid requirement for processing.,2026-07-26,2026-09-24,Konkan,Thane,Murbad,Deogaon
D0805,B3498,Rice,Not Specified,67.39,5065.29,Sourcing Rice in bulk for our processing unit.,2026-05-23,2026-06-26,Vidarbha,Nagpur,Parseoni,Amadi
D0806,B2272,Vari,Not Specified,35.54,3908.28,Looking for fresh Vari for wholesale procurement.,2026-06-06,2026-08-03,Western Maharashtra (Desh),Satara,Koregaon,Ambawade S. Wagholi
D0807,B1458,Vari,Local Bhagar landrace,76.97,3637.18,Buyer looking to purchase Vari directly from farmers.,2026-05-26,2026-08-21,Western Maharashtra (Desh),Kolhapur,Kagal,Sangaon Kasaba
D0808,B0889,Gram,Vijay,22.88,6156.54,Need consistent Gram supply for ongoing operations.,2026-08-03,2026-09-10,Marathwada,Latur,Renapur,Kharola
D0809,B0286,Soybean,MAUS 71,54.13,6943.27,Looking for fresh Soybean for wholesale procurement.,2026-08-20,2026-10-03,Marathwada,Nanded,Umri,Sindhi
D0810,B0008,Vari,Not Specified,55.11,3772.27,Sourcing Vari for export-quality grading and packaging.,2026-06-16,2026-08-30,Western Maharashtra (Desh),Satara,Satara,Angapur Vandan
D0811,B4708,Jowar,Phule Vasudha,40.5,4134.81,Sourcing Jowar for export-quality grading and packaging.,2026-08-10,2026-09-12,Western Maharashtra (Desh),Solapur,Madha,Aran
D0812,B4425,Sunflower,Phule Raviraj,75.68,7646.96,Need consistent Sunflower supply for ongoing operations.,2026-05-17,2026-08-18,Vidarbha,Buldhana,Buldhana,Dhad
D0813,B2941,Banana,Rajapuri,16.22,3881.09,Looking to procure Banana for institutional buyers.,2026-05-12,2026-06-25,Khandesh,Jalgaon,Chalisgaon,Abhone
D0814,B2786,Bajra,Shraddha,57.37,2782.47,"Procurement need for good quality Bajra, open to multiple sellers.",2026-05-25,2026-06-24,Marathwada,Chhatrapati Sambhajinagar (Aurangabad),Gangapur,Turkabad Kharadi
D0815,B3148,Soybean,Not Specified,27.04,5686.29,Bulk Soybean requirement for processing.,2026-07-25,2026-10-03,Marathwada,Nanded,Kinwat,Mandvi
D0816,B3986,Linseed,Sharda,32.03,5994.93,Looking for fresh Linseed for wholesale procurement.,2026-05-28,2026-09-22,Vidarbha,Gadchiroli,Dhanora,Murumgaon
D0817,B1954,Sugarcane,Co 740,463.73,514.2,Need consistent Sugarcane supply for ongoing operations.,2026-07-13,2026-10-03,Western Maharashtra (Desh),Ahilyanagar (Ahmednagar),Nevasa,Chanda
D0818,B0135,Sunflower,KBSH-1,32.61,7341.56,Buyer looking to purchase Sunflower directly from farmers.,2026-05-17,2026-09-02,Vidarbha,Buldhana,Lonar,Bibi
D0819,B4286,Linseed,Sharda,56.45,6861.99,Sourcing Linseed for export-quality grading and packaging.,2026-07-19,2026-08-22,Vidarbha,Gadchiroli,Chamorshi,Kunghada Raiyyatwari
D0820,B0303,Groundnut,Not Specified,40.26,5624.24,"Standing requirement for Groundnut, quantity flexible based on quality.",2026-05-06,2026-08-28,Vidarbha,Akola,Balapur,Paras
D0821,B1070,Soybean,JS 20-29,65.33,7084.52,Bulk Soybean requirement for processing.,2026-07-03,2026-08-18,Marathwada,Dharashiv (Osmanabad),Bhum,Mankeshwar
D0822,B0524,Gram,Not Specified,15.5,5826.17,"Standing requirement for Gram, quantity flexible based on quality.",2026-06-01,2026-07-21,Marathwada,Latur,Ausa,Ujani
D0823,B3492,Mango (Alphonso),Ratna,14.79,29619.59,"Standing requirement for Mango (Alphonso), quantity flexible based on quality.",2026-07-14,2026-08-13,Konkan,Sindhudurg,Dodamarg,Kumbral
D0824,B1747,Udid,Not Specified,48.31,7521.33,Bulk Udid requirement for processing.,2026-06-08,2026-08-25,Konkan,Thane,Ambarnath,Ashele
D0825,B1377,Banana,Not Specified,20.9,3128.69,"Standing requirement for Banana, quantity flexible based on quality.",2026-05-05,2026-05-21,Khandesh,Jalgaon,Bodwad,Bhankhede Pr. Varangaon
D0826,B3082,Jowar,Not Specified,9.65,4490.34,Looking for fresh Jowar for wholesale procurement.,2026-04-30,2026-06-05,Western Maharashtra (Desh),Pune,Mulshi,Adgaon
D0827,B2325,Soybean,MACS 1281,51.91,5089.04,Looking to procure Soybean for institutional buyers.,2026-06-08,2026-08-29,Marathwada,Nanded,Mukhed,Jamb Bk.
D0828,B3376,Linseed,NL-97,41.78,5615.63,Seeking regular Linseed supply from nearby farmers.,2026-08-03,2026-11-14,Vidarbha,Gondia,Gondia,Adashi
D0829,B0722,Sunflower,Not Specified,63.69,6166.28,Looking for fresh Sunflower for wholesale procurement.,2026-07-16,2026-09-03,Vidarbha,Buldhana,Jalgaon Jamod,Sungaon
D0830,B0963,Ragi,Not Specified,34.76,3852.46,Inviting offers for Ragi from farmers in the region.,2026-07-10,2026-10-02,Konkan,Palghar,Vikramgad,Alonde
D0831,B1705,Wheat,NIAW-34,15.08,2246.08,Need consistent Wheat supply for ongoing operations.,2026-07-08,2026-08-22,Western Maharashtra (Desh),Solapur,Barshi,Bavi
D0832,B0354,Mango (Alphonso),Pairi,13.51,16789.11,Requirement raised for Mango (Alphonso) to meet upcoming production schedule.,2026-07-23,2026-08-31,Konkan,Sindhudurg,Kudal,Gaorai
D0833,B0355,Udid,BDU-1,70.51,7017.42,Looking for fresh Udid for wholesale procurement.,2026-07-07,2026-08-15,Konkan,Thane,Bhiwandi,Anjur
D0834,B0581,Udid,Not Specified,56.89,8333.33,Requirement raised for Udid to meet upcoming production schedule.,2026-06-28,2026-10-26,Konkan,Thane,Thane,Adavli
D0835,B2669,Maize,African Tall,29.62,1859.77,Sourcing Maize for export-quality grading and packaging.,2026-06-27,2026-08-16,Khandesh,Dhule,Shirpur,Boradi
D0836,B3077,Chickoo,Not Specified,6.21,3291.92,Looking for fresh Chickoo for wholesale procurement.,2026-08-20,2026-09-08,Konkan,Thane,Bhiwandi,Anjur
D0837,B1771,Banana,Not Specified,17.89,2929.21,Seeking regular Banana supply from nearby farmers.,2026-07-03,2026-07-25,Khandesh,Jalgaon,Muktainagar,Anjangaon
D0838,B2938,Coconut,Not Specified,10.78,3234.55,Sourcing Coconut for export-quality grading and packaging.,2026-07-17,2026-08-13,Konkan,Sindhudurg,Kudal,Kasal
D0839,B1119,Vari,Local Bhagar landrace,40.8,3576.65,Requirement raised for Vari to meet upcoming production schedule.,2026-06-01,2026-08-02,Western Maharashtra (Desh),Kolhapur,Shirol,Nandani
D0840,B1285,Linseed,Not Specified,43.33,7049.26,Seeking regular Linseed supply from nearby farmers.,2026-07-18,2026-10-21,Vidarbha,Gadchiroli,Mulchera,Gomani
D0841,B1882,Soybean,MAUS 71,39.07,7652.49,"Standing requirement for Soybean, quantity flexible based on quality.",2026-07-05,2026-09-27,Khandesh,Nashik,Sinnar,Wavi
D0842,B2287,Rice,Karjat-3,73.2,3811.37,Requirement raised for Rice to meet upcoming production schedule.,2026-06-30,2026-08-22,Khandesh,Nashik,Deola,Vijayanagara
D0843,B1221,Areca Nut,Not Specified,33.99,43459.68,Looking for fresh Areca Nut for wholesale procurement.,2026-05-05,2026-06-14,Konkan,Sindhudurg,Dodamarg,Kumbral
D0844,B4131,Mango (Alphonso),Ratna,19.85,25403.41,Bulk Mango (Alphonso) requirement for processing.,2026-07-03,2026-07-28,Konkan,Raigad,Tala,Bamanghar
D0845,B0681,Cotton,Not Specified,9.0,9553.91,"Procurement need for good quality Cotton, open to multiple sellers.",2026-05-19,2026-07-20,Marathwada,Chhatrapati Sambhajinagar (Aurangabad),Phulambri,Fulambri
D0846,B1959,Sunflower,Not Specified,15.35,6581.8,Sourcing Sunflower in bulk for our processing unit.,2026-05-23,2026-08-14,Vidarbha,Buldhana,Lonar,Bibi
D0847,B4673,Groundnut,Not Specified,10.0,7187.29,Seeking regular Groundnut supply from nearby farmers.,2026-08-18,2026-11-02,Vidarbha,Akola,Murtajapur,Kurum
D0848,B1516,Soybean,Not Specified,31.56,5927.18,Looking to procure Soybean for institutional buyers.,2026-04-29,2026-08-12,Khandesh,Nandurbar,Nandurbar,Ambapur
D0849,B0580,Areca Nut,Sumangala,21.84,40221.39,Sourcing Areca Nut in bulk for our processing unit.,2026-08-01,2026-09-14,Konkan,Ratnagiri,Lanja,Nivasar
D0850,B4713,Maize,Not Specified,59.65,1841.83,Requirement raised for Maize to meet upcoming production schedule.,2026-08-05,2026-09-06,Marathwada,Chhatrapati Sambhajinagar (Aurangabad),Soegaon,Gondegaon
D0851,B4217,Ragi,Not Specified,25.26,4324.15,Bulk Ragi requirement for processing.,2026-06-23,2026-09-15,Konkan,Thane,Shahapur,Shirol
D0852,B0335,Groundnut,Phule Unnati,50.64,8084.1,Inviting offers for Groundnut from farmers in the region.,2026-08-02,2026-09-22,Vidarbha,Washim,Mangrulpir,Malshelu
D0853,B1134,Wheat,Not Specified,22.93,2195.42,Need consistent Wheat supply for ongoing operations.,2026-08-05,2026-11-12,Vidarbha,Amravati,Chandur,Palaskhed
D0854,B1719,Banana,Not Specified,27.25,2669.36,Sourcing Banana in bulk for our processing unit.,2026-07-09,2026-08-15,Khandesh,Jalgaon,Raver,Ahirwadi
D0855,B2271,Cashew,Vengurla-7,15.34,18636.47,Inviting offers for Cashew from farmers in the region.,2026-08-14,2026-09-23,Konkan,Sindhudurg,Kudal,Gaorai
D0856,B4358,Rice,Not Specified,56.0,3920.63,"Standing requirement for Rice, quantity flexible based on quality.",2026-06-21,2026-10-10,Khandesh,Nashik,Malegaon,Pimpalgaon
D0857,B0538,Sunflower,Phule Raviraj,15.12,6301.17,Seeking regular Sunflower supply from nearby farmers.,2026-06-10,2026-07-14,Vidarbha,Buldhana,Sindkhed Raja,Deulgaon Kol
D0858,B0896,Mango (Alphonso),Alphonso (Hapus),26.95,18250.89,"Procurement need for good quality Mango (Alphonso), open to multiple sellers.",2026-07-11,2026-07-22,Konkan,Raigad,Murud,Adad
D0859,B2402,Wheat,NIAW-34,37.61,2630.93,Sourcing Wheat for export-quality grading and packaging.,2026-07-26,2026-09-26,Vidarbha,Gondia,Amgaon,Asordi
D0860,B1549,Vari,Konkan local Vari landrace,66.94,4292.31,Requirement raised for Vari to meet upcoming production schedule.,2026-06-27,2026-09-03,Western Maharashtra (Desh),Kolhapur,Shirol,Shirol
D0861,B2674,Areca Nut,Sumangala,19.43,47454.16,Sourcing Areca Nut in bulk for our processing unit.,2026-05-25,2026-06-20,Konkan,Sindhudurg,Dodamarg,Talkat
D0862,B1858,Udid,TAU-1,60.13,6611.52,Requirement raised for Udid to meet upcoming production schedule.,2026-06-10,2026-07-26,Konkan,Palghar,Dahanu,Bordi
D0863,B1318,Jowar,Not Specified,27.63,6571.8,Sourcing Jowar for export-quality grading and packaging.,2026-08-01,2026-11-19,Vidarbha,Yavatmal,Ghatanji,Amdi
D0864,B1258,Bajra,ICTP-8203,10.98,2852.15,Seeking regular Bajra supply from nearby farmers.,2026-07-01,2026-09-11,Western Maharashtra (Desh),Ahilyanagar (Ahmednagar),Nagar,Agadgaon
D0865,B1512,Coconut,Banawali,25.86,6390.49,Seeking regular Coconut supply from nearby farmers.,2026-06-22,2026-08-05,Konkan,Sindhudurg,Malwan,Kalethar
D0866,B1332,Vari,Konkan local Vari landrace,72.87,4055.98,Need consistent Vari supply for ongoing operations.,2026-08-09,2026-10-31,Western Maharashtra (Desh),Kolhapur,Kagal,Siddhanerli
D0867,B2624,Tur,Vipula,71.04,6665.03,Sourcing Tur for export-quality grading and packaging.,2026-06-11,2026-08-12,Khandesh,Nandurbar,Nandurbar,Ambapur
D0868,B4700,Bajra,Not Specified,59.89,3928.36,Need consistent Bajra supply for ongoing operations.,2026-06-17,2026-07-26,Marathwada,Beed,Georai,Dhondrai
D0869,B3924,Banana,Not Specified,8.22,3565.1,Sourcing Banana in bulk for our processing unit.,2026-05-02,2026-05-26,Khandesh,Jalgaon,Chopda,Adwad
D0870,B3654,Cotton,DCH-32,11.71,9316.8,"Standing requirement for Cotton, quantity flexible based on quality.",2026-07-12,2026-09-10,Vidarbha,Chandrapur,Saoli,Akapur
D0871,B1604,Jowar,Phule Yashoda,65.27,5304.09,Bulk Jowar requirement for processing.,2026-08-26,2026-11-09,Khandesh,Jalgaon,Yawal,Adgaon
D0872,B1593,Linseed,Sharda,41.47,7878.29,Looking to procure Linseed for institutional buyers.,2026-06-20,2026-08-02,Vidarbha,Gadchiroli,Etapalli,Burgi
D0873,B3504,Turmeric,Rajapuri,3.89,12630.18,Sourcing Turmeric in bulk for our processing unit.,2026-08-26,2026-10-10,Western Maharashtra (Desh),Sangli,Jat,Ankale
D0874,B0718,Rice,Karjat-3,73.65,4216.09,Need consistent Rice supply for ongoing operations.,2026-06-10,2026-10-06,Vidarbha,Chandrapur,Mul,Agdi
D0875,B3473,Coconut,Not Specified,17.68,5861.87,"Standing requirement for Coconut, quantity flexible based on quality.",2026-05-12,2026-06-04,Konkan,Sindhudurg,Devgad,Jamsande
D0876,B2485,Field Beans,Local Konkan landrace,6.7,5285.71,Buyer looking to purchase Field Beans directly from farmers.,2026-05-12,2026-06-17,Konkan,Raigad,Shrivardhan,Asuf
D0877,B2240,Coconut,T x D hybrid,27.32,5564.13,Seeking regular Coconut supply from nearby farmers.,2026-05-29,2026-07-02,Konkan,Sindhudurg,Sawantwadi,Kariwade
D0878,B2372,Ragi,Not Specified,5.38,4215.93,"Standing requirement for Ragi, quantity flexible based on quality.",2026-06-13,2026-09-17,Konkan,Palghar,Mokhada,Gonde Bk.
D0879,B3797,Vari,Konkan local Vari landrace,19.65,3841.55,Looking to procure Vari for institutional buyers.,2026-08-15,2026-11-08,Western Maharashtra (Desh),Satara,Jaoli,Alewadi
D0880,B1018,Wheat,Not Specified,63.73,2626.71,Need consistent Wheat supply for ongoing operations.,2026-08-21,2026-12-06,Vidarbha,Bhandara,Bhandara,Bhilewada
D0881,B2005,Mango (Alphonso),Pairi,20.3,29495.65,"Standing requirement for Mango (Alphonso), quantity flexible based on quality.",2026-08-06,2026-09-15,Konkan,Raigad,Panvel,Barwai
D0882,B4634,Udid,TAU-1,50.65,7965.01,Sourcing Udid for export-quality grading and packaging.,2026-08-13,2026-10-24,Konkan,Palghar,Mokhada,Khodala
D0883,B4199,Sunflower,Not Specified,10.24,5888.12,"Standing requirement for Sunflower, quantity flexible based on quality.",2026-05-08,2026-07-12,Vidarbha,Buldhana,Nandura,Alampur
D0884,B3777,Groundnut,Not Specified,17.23,6141.62,Sourcing Groundnut in bulk for our processing unit.,2026-06-20,2026-10-04,Western Maharashtra (Desh),Solapur,Barshi,Agalgaon
D0885,B2917,Areca Nut,Sumangala,21.79,57316.52,Inviting offers for Areca Nut from farmers in the region.,2026-05-28,2026-06-18,Konkan,Ratnagiri,Ratnagiri,Bhandarwadi
D0886,B0775,Wheat,Not Specified,18.47,2492.39,Requirement raised for Wheat to meet upcoming production schedule.,2026-08-14,2026-12-04,Marathwada,Nanded,Mudkhed,Barad
D0887,B2467,Coconut,Pratap,7.32,4914.26,Seeking regular Coconut supply from nearby farmers.,2026-05-01,2026-06-13,Konkan,Sindhudurg,Vengurla,Parule
D0888,B2306,Linseed,Parbhani Alsi,30.57,7822.09,Seeking regular Linseed supply from nearby farmers.,2026-05-14,2026-06-27,Vidarbha,Gadchiroli,Mulchera,Lagam
D0889,B4124,Maize,DHM-117,60.13,2343.01,Sourcing Maize for export-quality grading and packaging.,2026-08-15,2026-11-15,Khandesh,Dhule,Dhule,Songir
D0890,B4359,Jowar,Not Specified,55.45,5841.39,Buyer looking to purchase Jowar directly from farmers.,2026-07-04,2026-08-07,Western Maharashtra (Desh),Ahilyanagar (Ahmednagar),Pathardi,Tisgaon
D0891,B0955,Field Beans,Not Specified,36.13,4025.99,Sourcing Field Beans in bulk for our processing unit.,2026-07-31,2026-08-18,Konkan,Raigad,Sudhagad-Pali,Koshimbale
D0892,B3621,Sunflower,Not Specified,50.77,7475.66,Requirement raised for Sunflower to meet upcoming production schedule.,2026-05-25,2026-07-27,Vidarbha,Buldhana,Jalgaon Jamod,Pimpalgaon Kale
D0893,B0236,Udid,Not Specified,16.57,6868.49,Sourcing Udid for export-quality grading and packaging.,2026-05-20,2026-07-13,Konkan,Thane,Thane,Agasan
D0894,B2519,Soybean,JS 335,70.16,5798.96,Bulk Soybean requirement for processing.,2026-05-10,2026-08-04,Vidarbha,Chandrapur,Bhadravati,Agara
D0895,B3533,Wheat,Lokwan,10.09,2971.39,"Standing requirement for Wheat, quantity flexible based on quality.",2026-05-08,2026-06-17,Marathwada,Nanded,Kinwat,Mandvi
D0896,B2073,Maize,Ganga Safed-2,51.83,2548.54,Bulk Maize requirement for processing.,2026-08-22,2026-10-12,Khandesh,Jalgaon,Erandol,Adgaon
D0897,B1639,Udid,TAU-1,10.59,6921.66,Sourcing Udid for export-quality grading and packaging.,2026-08-24,2026-12-01,Konkan,Thane,Thane,Agasan
D0898,B2850,Gram,JAKI-9218,41.75,4857.15,"Standing requirement for Gram, quantity flexible based on quality.",2026-08-08,2026-11-08,Marathwada,Latur,Ausa,Lamjana
D0899,B1778,Bajra,Not Specified,70.51,2473.69,Inviting offers for Bajra from farmers in the region.,2026-04-29,2026-08-24,Western Maharashtra (Desh),Pune,Ambegaon,Adivare
D0900,B0809,Maize,Not Specified,68.29,2650.04,Need consistent Maize supply for ongoing operations.,2026-06-21,2026-09-29,Marathwada,Chhatrapati Sambhajinagar (Aurangabad),Kannad,Chincholi (L)
D0901,B1517,Mango (Alphonso),Alphonso (Hapus),10.11,14896.02,Buyer looking to purchase Mango (Alphonso) directly from farmers.,2026-06-29,2026-08-10,Konkan,Raigad,Khalapur,Ajivali
D0902,B1865,Tur,ICPL-87,16.25,5905.78,Seeking regular Tur supply from nearby farmers.,2026-07-08,2026-09-17,Khandesh,Nandurbar,Shahada,Asalod
D0903,B2362,Soybean,Not Specified,10.72,5485.02,Bulk Soybean requirement for processing.,2026-06-24,2026-09-15,Vidarbha,Washim,Mangrulpir,Borwha Kh.
D0904,B2556,Mango (Alphonso),Not Specified,31.65,11838.86,Buyer looking to purchase Mango (Alphonso) directly from farmers.,2026-06-11,2026-07-18,Konkan,Raigad,Mangaon,Adghar
D0905,B1547,Groundnut,Not Specified,66.7,8434.04,Looking to procure Groundnut for institutional buyers.,2026-06-21,2026-07-17,Khandesh,Dhule,Shirpur,Boradi
D0906,B4028,Field Beans,Not Specified,18.03,4139.08,Looking to procure Field Beans for institutional buyers.,2026-05-12,2026-05-31,Konkan,Raigad,Sudhagad-Pali,Koshimbale
D0907,B3235,Areca Nut,Mangala,28.8,56143.69,Seeking regular Areca Nut supply from nearby farmers.,2026-05-08,2026-05-30,Konkan,Ratnagiri,Mandangad,Ambavane Bk.
D0908,B2775,Sunflower,Phule Raviraj,17.59,7710.36,Sourcing Sunflower for export-quality grading and packaging.,2026-07-09,2026-11-02,Vidarbha,Buldhana,Mehkar,Anjani Bk.
D0909,B4768,Cashew,Not Specified,28.63,21753.9,Buyer looking to purchase Cashew directly from farmers.,2026-06-20,2026-07-25,Konkan,Raigad,Mahad,Gherakilla Raigad (Raigadwadi)
D0910,B3970,Rice,IR-64,75.89,3479.33,Sourcing Rice in bulk for our processing unit.,2026-07-07,2026-08-30,Konkan,Thane,Thane,Adavli
D0911,B1103,Vari,Konkan local Vari landrace,66.61,4248.18,Looking for fresh Vari for wholesale procurement.,2026-08-25,2026-11-06,Konkan,Raigad,Murud,Abitghar
D0912,B2679,Cashew,Konkan Kalpa,28.75,20368.26,Inviting offers for Cashew from farmers in the region.,2026-08-08,2026-09-16,Konkan,Sindhudurg,Malwan,Devli
D0913,B1655,Jowar,Phule Vasudha,41.31,3525.88,Requirement raised for Jowar to meet upcoming production schedule.,2026-08-13,2026-11-15,Marathwada,Dharashiv (Osmanabad),Lohara,Lohara Bk.
D0914,B4478,Banana,Ardhapuri,34.29,4844.28,Bulk Banana requirement for processing.,2026-06-24,2026-07-24,Khandesh,Jalgaon,Muktainagar,Anturli
D0915,B3083,Rice,Ambemohar,13.7,4553.98,Sourcing Rice in bulk for our processing unit.,2026-08-19,2026-10-04,Vidarbha,Bhandara,Tumsar,Dewhadi
D0916,B4027,Turmeric,Rajapuri,23.28,14069.14,Bulk Turmeric requirement for processing.,2026-07-17,2026-08-27,Western Maharashtra (Desh),Sangli,Walwa,Ahirwadi
D0917,B4537,Banana,Not Specified,21.48,3273.45,Seeking regular Banana supply from nearby farmers.,2026-07-10,2026-08-14,Khandesh,Jalgaon,Chopda,Ajanti Kh.
D0918,B2158,Wheat,Tapovan (NIAW-917),46.53,2535.23,Sourcing Wheat in bulk for our processing unit.,2026-06-15,2026-07-13,Vidarbha,Wardha,Karanja,Botona
D0919,B0370,Soybean,JS 9560,30.2,6829.05,Looking for fresh Soybean for wholesale procurement.,2026-08-08,2026-11-21,Vidarbha,Washim,Manora,Manora
D0920,B2796,Turmeric,Rajapuri,13.07,12755.83,Requirement raised for Turmeric to meet upcoming production schedule.,2026-05-07,2026-06-01,Western Maharashtra (Desh),Sangli,Kavathemahankal,Agalgaon
D0921,B2029,Coconut,Pratap,23.48,6139.61,Bulk Coconut requirement for processing.,2026-08-18,2026-09-04,Konkan,Sindhudurg,Kudal,Padave
D0922,B2766,Cashew,Vengurla-7,5.38,20335.45,Buyer looking to purchase Cashew directly from farmers.,2026-07-17,2026-08-22,Konkan,Sindhudurg,Malwan,Waghavane
D0923,B2185,Groundnut,TAG-24,46.71,9091.61,Buyer looking to purchase Groundnut directly from farmers.,2026-07-17,2026-09-21,Western Maharashtra (Desh),Pune,Mulshi,Akole
D0924,B4691,Cotton,RCH-2 Bt,14.58,9405.38,Requirement raised for Cotton to meet upcoming production schedule.,2026-07-08,2026-10-26,Vidarbha,Chandrapur,Warora,Abamakta
D0925,B2782,Cotton,DCH-32,31.33,8778.7,Need consistent Cotton supply for ongoing operations.,2026-07-25,2026-08-28,Marathwada,Latur,Latur,Bhosa
D0926,B4390,Vari,Local Bhagar landrace,12.26,5271.26,Buyer looking to purchase Vari directly from farmers.,2026-08-12,2026-11-24,Konkan,Palghar,Vasai,Arnala
D0927,B0754,Maize,Not Specified,46.02,2377.85,Sourcing Maize in bulk for our processing unit.,2026-05-09,2026-08-09,Khandesh,Dhule,Dhule,Songir
D0928,B3894,Cotton,DCH-32,58.84,9343.6,Sourcing Cotton in bulk for our processing unit.,2026-07-09,2026-09-10,Vidarbha,Nagpur,Parseoni,Gondegaon
D0929,B3547,Mango (Alphonso),Not Specified,14.43,16306.47,Sourcing Mango (Alphonso) in bulk for our processing unit.,2026-07-24,2026-09-01,Konkan,Ratnagiri,Mandangad,Ambavane Bk.
D0930,B4486,Sunflower,KBSH-1,52.88,6696.57,Seeking regular Sunflower supply from nearby farmers.,2026-07-18,2026-09-08,Vidarbha,Buldhana,Lonar,Kingaon Jatu
D0931,B3829,Maize,Pratap Hybrid-1,61.03,2651.59,Buyer looking to purchase Maize directly from farmers.,2026-08-23,2026-12-19,Khandesh,Nandurbar,Akkalkuwa,Dab
D0932,B0491,Ragi,Dapoli-2,18.59,3188.82,Sourcing Ragi for export-quality grading and packaging.,2026-07-31,2026-10-02,Konkan,Raigad,Mangaon,Adghar
D0933,B3567,Jowar,CSH-16,50.89,6027.12,Sourcing Jowar in bulk for our processing unit.,2026-08-14,2026-11-29,Vidarbha,Buldhana,Jalgaon Jamod,Pimpalgaon Kale
D0934,B1316,Soybean,MAUS 71,23.08,5193.99,Seeking regular Soybean supply from nearby farmers.,2026-05-28,2026-07-23,Marathwada,Nanded,Bhokar,Divshi Kh.
D0935,B2544,Tur,Vipula,72.05,6976.81,Looking for fresh Tur for wholesale procurement.,2026-05-29,2026-07-27,Marathwada,Parbhani,Pathri,Babhulgaon
D0936,B1118,Chickoo,Kalipatti,24.15,2278.6,Looking for fresh Chickoo for wholesale procurement.,2026-08-25,2026-10-05,Konkan,Palghar,Jawhar,Kharonda
D0937,B0164,Turmeric,Phule Swarupa,12.2,12156.29,Bulk Turmeric requirement for processing.,2026-08-21,2026-09-26,Western Maharashtra (Desh),Sangli,Walwa,Bahe
D0938,B2978,Jowar,Not Specified,67.69,4104.76,Sourcing Jowar for export-quality grading and packaging.,2026-08-16,2026-10-10,Marathwada,Dharashiv (Osmanabad),Osmanabad,Ter
D0939,B0917,Ragi,Not Specified,19.78,2978.92,Looking to procure Ragi for institutional buyers.,2026-08-14,2026-11-14,Konkan,Palghar,Vasai,Bhatane
D0940,B2063,Coconut,Banawali,11.95,3216.24,Requirement raised for Coconut to meet upcoming production schedule.,2026-06-16,2026-07-20,Konkan,Sindhudurg,Kudal,Kasal
D0941,B1933,Areca Nut,Not Specified,11.48,35150.1,"Procurement need for good quality Areca Nut, open to multiple sellers.",2026-08-25,2026-10-02,Konkan,Sindhudurg,Kankavli,Shivajipeth
D0942,B3346,Bajra,ICTP-8203,39.95,3003.89,Bulk Bajra requirement for processing.,2026-06-14,2026-09-01,Western Maharashtra (Desh),Ahilyanagar (Ahmednagar),Sangamner,Sakur
D0943,B3891,Soybean,Not Specified,69.03,7275.1,Seeking regular Soybean supply from nearby farmers.,2026-06-21,2026-10-15,Marathwada,Nanded,Hadgaon,Niwdha
D0944,B3013,Field Beans,Not Specified,5.15,5303.3,"Standing requirement for Field Beans, quantity flexible based on quality.",2026-05-04,2026-05-17,Konkan,Raigad,Uran,Aware
D0945,B1964,Banana,Red Banana,13.42,5148.78,Requirement raised for Banana to meet upcoming production schedule.,2026-08-21,2026-09-07,Khandesh,Jalgaon,Chopda,Adgaon
D0946,B4382,Sunflower,Not Specified,68.94,6294.21,Buyer looking to purchase Sunflower directly from farmers.,2026-08-23,2026-10-19,Vidarbha,Buldhana,Mehkar,Janefal
D0947,B2465,Sunflower,LSF-8,29.8,7777.47,Seeking regular Sunflower supply from nearby farmers.,2026-08-22,2026-12-05,Vidarbha,Buldhana,Motala,Rohinkhed
D0948,B2599,Areca Nut,Not Specified,29.64,43152.82,Looking for fresh Areca Nut for wholesale procurement.,2026-06-08,2026-06-23,Konkan,Sindhudurg,Sawantwadi,Kariwade
D0949,B4028,Field Beans,Local Konkan landrace,36.23,3641.2,Buyer looking to purchase Field Beans directly from farmers.,2026-08-19,2026-09-04,Konkan,Raigad,Sudhagad-Pali,Koshimbale
D0950,B1314,Banana,Not Specified,19.46,2791.35,"Standing requirement for Banana, quantity flexible based on quality.",2026-08-05,2026-09-19,Khandesh,Jalgaon,Bhusawal,Belkhede Digar
D0951,B2677,Mango (Alphonso),Alphonso (Hapus),29.07,21689.64,Seeking regular Mango (Alphonso) supply from nearby farmers.,2026-07-25,2026-08-12,Konkan,Raigad,Murud,Adad
D0952,B0026,Ragi,Phule Nachani,13.66,3776.88,Bulk Ragi requirement for processing.,2026-05-23,2026-08-22,Konkan,Raigad,Uran,Antrabamdakhar
D0953,B1066,Tur,Not Specified,52.4,8250.28,Requirement raised for Tur to meet upcoming production schedule.,2026-07-03,2026-10-30,Vidarbha,Akola,Akola,Borgaon
D0954,B1094,Bajra,Saburi,59.89,2543.95,Buyer looking to purchase Bajra directly from farmers.,2026-06-21,2026-09-04,Marathwada,Beed,Kaij,Adas
D0955,B3092,Sunflower,Not Specified,70.8,5777.73,Looking for fresh Sunflower for wholesale procurement.,2026-08-22,2026-12-07,Vidarbha,Buldhana,Shegaon,Matargaon Bk.
D0956,B1874,Linseed,Not Specified,62.32,6016.92,Sourcing Linseed for export-quality grading and packaging.,2026-08-16,2026-09-16,Vidarbha,Gadchiroli,Armori,Churmura
D0957,B3286,Sunflower,Not Specified,50.97,5540.77,Requirement raised for Sunflower to meet upcoming production schedule.,2026-05-24,2026-08-29,Vidarbha,Buldhana,Malkapur,Datala
D0958,B0962,Soybean,MAUS 71,35.65,7406.78,Need consistent Soybean supply for ongoing operations.,2026-08-14,2026-11-10,Vidarbha,Washim,Malegaon,Bramhanwada Najik Marsul
D0959,B0971,Mango (Alphonso),Kesar,10.43,26918.83,Sourcing Mango (Alphonso) in bulk for our processing unit.,2026-06-10,2026-07-21,Konkan,Raigad,Mangaon,Alsunde
D0960,B3130,Rice,IR-64,61.68,5604.47,Sourcing Rice in bulk for our processing unit.,2026-08-04,2026-09-22,Vidarbha,Nagpur,Savner,Badegaon
D0961,B3427,Wheat,NIAW-34,9.84,3420.78,"Procurement need for good quality Wheat, open to multiple sellers.",2026-07-23,2026-09-17,Vidarbha,Yavatmal,Umarkhed,Mulawa
D0962,B3029,Linseed,Not Specified,43.86,5735.82,Need consistent Linseed supply for ongoing operations.,2026-05-19,2026-07-24,Vidarbha,Gondia,Deori,Chichgad
D0963,B3257,Gram,Not Specified,55.47,6303.68,Sourcing Gram for export-quality grading and packaging.,2026-07-21,2026-08-24,Marathwada,Latur,Nilanga,Aurad
D0964,B0781,Cashew,Not Specified,5.86,23042.25,Need consistent Cashew supply for ongoing operations.,2026-08-21,2026-09-02,Konkan,Sindhudurg,Sawantwadi,Madkhol
D0965,B0044,Chickoo,Kalipatti,13.23,2820.33,Requirement raised for Chickoo to meet upcoming production schedule.,2026-05-19,2026-07-03,Konkan,Palghar,Palghar,Barhanpur
D0966,B0337,Linseed,Not Specified,22.0,6780.02,Requirement raised for Linseed to meet upcoming production schedule.,2026-08-19,2026-09-29,Vidarbha,Gondia,Goregaon,Bhadanga
D0967,B0735,Sugarcane,CoVSI 09292,282.71,372.93,Requirement raised for Sugarcane to meet upcoming production schedule.,2026-05-05,2026-06-15,Western Maharashtra (Desh),Ahilyanagar (Ahmednagar),Shevgaon,Akhegaon Titarfa
D0968,B4090,Groundnut,Not Specified,62.79,8238.16,Buyer looking to purchase Groundnut directly from farmers.,2026-06-10,2026-08-07,Khandesh,Nashik,Baglan,Devthan Di
D0969,B2161,Gram,Vijay,67.28,5415.78,Need consistent Gram supply for ongoing operations.,2026-08-08,2026-09-21,Marathwada,Latur,Deoni,Achwala
D0970,B4553,Cashew,Not Specified,25.43,21726.52,Looking for fresh Cashew for wholesale procurement.,2026-05-27,2026-06-09,Konkan,Sindhudurg,Dodamarg,Talkat
D0971,B1884,Ragi,Dapoli-2,12.24,4005.05,Buyer looking to purchase Ragi directly from farmers.,2026-05-16,2026-08-12,Konkan,Ratnagiri,Sangameshwar,Wadi Adhishti
D0972,B0335,Groundnut,TAG-24,38.23,5959.34,Sourcing Groundnut for export-quality grading and packaging.,2026-08-18,2026-09-27,Vidarbha,Washim,Mangrulpir,Malshelu
D0973,B2864,Ragi,Dapoli-2,9.73,3062.46,Inviting offers for Ragi from farmers in the region.,2026-08-14,2026-11-19,Konkan,Thane,Thane,Adavli
D0974,B4798,Turmeric,Phule Swarupa,18.05,14910.42,Buyer looking to purchase Turmeric directly from farmers.,2026-08-22,2026-09-16,Western Maharashtra (Desh),Sangli,Shirala,Biur
D0975,B4081,Jowar,Not Specified,67.8,2516.9,Looking to procure Jowar for institutional buyers.,2026-08-26,2026-10-05,Vidarbha,Akola,Barshitakli,Mahan
D0976,B3230,Coconut,Banawali,31.44,3333.08,Bulk Coconut requirement for processing.,2026-07-04,2026-08-13,Konkan,Sindhudurg,Kankavli,Shivajipeth
D0977,B3720,Sugarcane,Not Specified,200.4,519.58,Requirement raised for Sugarcane to meet upcoming production schedule.,2026-08-25,2026-12-11,Western Maharashtra (Desh),Kolhapur,Bhudargad,Waghapur
D0978,B3712,Coconut,Dwarf Green,11.08,2943.26,Looking to procure Coconut for institutional buyers.,2026-06-10,2026-06-23,Konkan,Sindhudurg,Vengurla,Parule
D0979,B0580,Areca Nut,Sumangala,7.33,39114.38,"Procurement need for good quality Areca Nut, open to multiple sellers.",2026-08-25,2026-09-29,Konkan,Ratnagiri,Lanja,Nivasar
D0980,B0731,Rice,IR-64,24.7,5087.74,Sourcing Rice in bulk for our processing unit.,2026-07-27,2026-11-12,Khandesh,Nashik,Surgana,Mhaiskhadak
D0981,B1263,Turmeric,Rajapuri,25.63,16577.2,Sourcing Turmeric in bulk for our processing unit.,2026-08-21,2026-09-08,Western Maharashtra (Desh),Sangli,Atpadi,Ambewadi
D0982,B2942,Turmeric,Not Specified,26.48,14323.53,Need consistent Turmeric supply for ongoing operations.,2026-07-02,2026-08-05,Western Maharashtra (Desh),Sangli,Khanapur,Alsund
D0983,B3903,Vari,Local Bhagar landrace,15.22,4092.9,Requirement raised for Vari to meet upcoming production schedule.,2026-07-23,2026-10-11,Konkan,Thane,Shahapur,Shirol
D0984,B3490,Banana,Shrimanti,14.42,3225.31,"Procurement need for good quality Banana, open to multiple sellers.",2026-07-27,2026-08-15,Khandesh,Jalgaon,Chopda,Adwad
D0985,B4058,Field Beans,Konkan Val landrace,14.41,3915.47,Need consistent Field Beans supply for ongoing operations.,2026-06-12,2026-06-30,Konkan,Raigad,Khalapur,Ajivali
D0986,B2461,Rice,Not Specified,55.17,3928.33,Looking for fresh Rice for wholesale procurement.,2026-07-15,2026-08-14,Konkan,Thane,Bhiwandi,Ambardi
D0987,B4206,Rice,Karjat-3,45.86,4333.58,Sourcing Rice for export-quality grading and packaging.,2026-07-17,2026-09-12,Konkan,Thane,Murbad,Deogaon
D0988,B2912,Cashew,Konkan Kalpa,29.03,13981.89,Sourcing Cashew for export-quality grading and packaging.,2026-07-28,2026-08-18,Konkan,Sindhudurg,Dodamarg,Panturli
D0989,B1493,Bajra,Not Specified,11.24,3112.44,Sourcing Bajra for export-quality grading and packaging.,2026-06-12,2026-09-20,Marathwada,Chhatrapati Sambhajinagar (Aurangabad),Phulambri,Fulambri
D0990,B3728,Soybean,Not Specified,36.59,7042.62,Requirement raised for Soybean to meet upcoming production schedule.,2026-08-25,2026-10-12,Khandesh,Nashik,Nashik,Dasak
D0991,B1730,Rice,Kolam,32.85,4833.63,Buyer looking to purchase Rice directly from farmers.,2026-07-13,2026-08-07,Vidarbha,Nagpur,Parseoni,Dahegaon
D0992,B3236,Bajra,Phule Adishakti,50.62,3227.17,Buyer looking to purchase Bajra directly from farmers.,2026-08-18,2026-12-16,Western Maharashtra (Desh),Pune,Purandhar,Ambodi
D0993,B3988,Cashew,Vengurla-7,26.5,23359.94,Looking to procure Cashew for institutional buyers.,2026-06-25,2026-07-24,Konkan,Sindhudurg,Devgad,Padel
D0994,B0718,Rice,Ambemohar,27.06,5175.11,Sourcing Rice for export-quality grading and packaging.,2026-08-25,2026-09-22,Vidarbha,Chandrapur,Mul,Agdi
D0995,B1715,Vari,Konkan local Vari landrace,54.08,4120.12,Looking to procure Vari for institutional buyers.,2026-08-17,2026-11-18,Konkan,Thane,Kalyan,Antarde
D0996,B1564,Cashew,Vengurla-8,8.96,17999.15,Bulk Cashew requirement for processing.,2026-05-24,2026-06-12,Konkan,Sindhudurg,Vaibhavwadi,Nadhavade
D0997,B3648,Groundnut,Not Specified,39.12,8639.78,"Standing requirement for Groundnut, quantity flexible based on quality.",2026-06-04,2026-08-05,Vidarbha,Gondia,Salekasa,Tirkhedi
D0998,B4665,Groundnut,Not Specified,33.93,6753.32,Bulk Groundnut requirement for processing.,2026-07-25,2026-11-18,Khandesh,Nashik,Chandwad,Tisgaon
D0999,B3538,Mango (Alphonso),Not Specified,31.9,23958.65,"Standing requirement for Mango (Alphonso), quantity flexible based on quality.",2026-08-05,2026-09-02,Konkan,Sindhudurg,Vaibhavwadi,Vabhave
D1000,B0304,Chickoo,Kalipatti,19.69,3637.5,Looking to procure Chickoo for institutional buyers.,2026-08-21,2026-10-01,Konkan,Palghar,Dahanu,Dapchari
D1001,B1900,Gram,Not Specified,43.29,5656.37,Requirement raised for Gram to meet upcoming production schedule.,2026-07-15,2026-09-12,Marathwada,Latur,Ausa,Lamjana
D1002,B3418,Chickoo,Not Specified,7.54,3385.06,Looking to procure Chickoo for institutional buyers.,2026-06-19,2026-07-26,Konkan,Thane,Ambarnath,Ashele
D1003,B0171,Field Beans,Konkan Val landrace,20.54,3917.45,Inviting offers for Field Beans from farmers in the region.,2026-06-01,2026-07-02,Konkan,Raigad,Uran,Antrabamdakhar
D1004,B3838,Cotton,DCH-32,54.21,8659.14,Buyer looking to purchase Cotton directly from farmers.,2026-08-15,2026-12-04,Marathwada,Beed,Georai,Dhondrai
D1005,B2952,Wheat,Not Specified,57.94,3233.84,"Standing requirement for Wheat, quantity flexible based on quality.",2026-05-30,2026-09-20,Vidarbha,Gondia,Goregaon,Dawwa
D1006,B0707,Soybean,Not Specified,16.31,5067.37,"Standing requirement for Soybean, quantity flexible based on quality.",2026-07-08,2026-09-24,Marathwada,Nanded,Nanded,Vishnupuri
D1007,B4045,Tur,BSMR-736,44.11,8960.23,Requirement raised for Tur to meet upcoming production schedule.,2026-08-19,2026-10-28,Marathwada,Hingoli,Hingoli,Digras K.
D1008,B1300,Maize,Pratap Hybrid-1,10.48,1823.68,Buyer looking to purchase Maize directly from farmers.,2026-05-16,2026-07-09,Khandesh,Dhule,Sakri,Kasare
D1009,B0989,Field Beans,Not Specified,21.12,5373.7,Requirement raised for Field Beans to meet upcoming production schedule.,2026-08-09,2026-09-23,Konkan,Raigad,Tala,Adnale
D1010,B2192,Maize,Not Specified,63.92,2673.54,"Standing requirement for Maize, quantity flexible based on quality.",2026-07-29,2026-11-21,Khandesh,Dhule,Sindkheda,Chilane
D1011,B0414,Vari,Not Specified,39.36,4163.96,Bulk Vari requirement for processing.,2026-08-25,2026-12-06,Western Maharashtra (Desh),Satara,Satara,Ambavade Bk.
D1012,B0835,Sugarcane,Not Specified,86.03,315.76,Looking to procure Sugarcane for institutional buyers.,2026-05-17,2026-07-07,Western Maharashtra (Desh),Pune,Junnar,Agar
D1013,B2963,Banana,Rajapuri,25.64,4385.09,Need consistent Banana supply for ongoing operations.,2026-08-05,2026-08-21,Khandesh,Jalgaon,Jamner,Amkhede
D1014,B1264,Mango (Alphonso),Not Specified,15.13,9750.14,"Procurement need for good quality Mango (Alphonso), open to multiple sellers.",2026-07-01,2026-08-06,Konkan,Ratnagiri,Dapoli,Satamba
D1015,B0054,Coconut,T x D hybrid,15.31,4635.97,Bulk Coconut requirement for processing.,2026-06-07,2026-07-13,Konkan,Sindhudurg,Dodamarg,Kumbral
D1016,B2955,Udid,Not Specified,25.05,8840.03,Inviting offers for Udid from farmers in the region.,2026-06-29,2026-08-22,Konkan,Palghar,Vikramgad,Alonde
D1017,B1131,Turmeric,Not Specified,14.95,13280.22,Need consistent Turmeric supply for ongoing operations.,2026-08-24,2026-10-06,Western Maharashtra (Desh),Sangli,Palus,Ankalkhop
D1018,B2964,Linseed,Not Specified,32.29,7445.5,Sourcing Linseed for export-quality grading and packaging.,2026-08-12,2026-09-14,Vidarbha,Gondia,Amgaon,Asordi
D1019,B0695,Tur,Phule Rajeshwari,71.45,6091.36,Looking for fresh Tur for wholesale procurement.,2026-06-25,2026-07-24,Vidarbha,Chandrapur,Pombhurna,Ashta
D1020,B1237,Rice,Not Specified,15.81,4733.49,Sourcing Rice for export-quality grading and packaging.,2026-08-12,2026-11-11,Vidarbha,Gondia,Arjuni-Morgaon,Arjuni
D1021,B2423,Wheat,Sharbati,53.06,2479.73,Requirement raised for Wheat to meet upcoming production schedule.,2026-04-30,2026-06-29,Vidarbha,Bhandara,Pauni,Adyal
D1022,B4324,Gram,Not Specified,18.17,5615.54,Looking to procure Gram for institutional buyers.,2026-05-29,2026-08-31,Marathwada,Latur,Shirur Anantpal,Anandwadi
D1023,B3623,Soybean,Not Specified,64.25,6957.32,Buyer looking to purchase Soybean directly from farmers.,2026-08-09,2026-10-11,Vidarbha,Washim,Risod,Wakad
D1024,B0691,Gram,Phule Vikram,34.18,6327.25,Seeking regular Gram supply from nearby farmers.,2026-07-11,2026-10-13,Marathwada,Latur,Ahmedpur,Shirur Tajband
D1025,B2326,Chickoo,Kalipatti,19.94,3717.83,Seeking regular Chickoo supply from nearby farmers.,2026-05-02,2026-06-15,Konkan,Palghar,Jawhar,Winwal
D1026,B2120,Maize,Ganga Safed-2,55.67,2792.37,Bulk Maize requirement for processing.,2026-08-05,2026-10-16,Khandesh,Dhule,Sakri,Pimpalner
D1027,B2128,Udid,Not Specified,32.35,6612.83,Looking to procure Udid for institutional buyers.,2026-08-23,2026-11-13,Konkan,Thane,Murbad,Deogaon
D1028,B2441,Jowar,Not Specified,8.95,3856.85,"Procurement need for good quality Jowar, open to multiple sellers.",2026-08-12,2026-11-19,Khandesh,Dhule,Shirpur,Boradi
D1029,B4634,Udid,Not Specified,71.35,8563.2,"Standing requirement for Udid, quantity flexible based on quality.",2026-06-03,2026-08-05,Konkan,Palghar,Mokhada,Khodala
D1030,B2331,Soybean,Not Specified,59.66,6279.38,Seeking regular Soybean supply from nearby farmers.,2026-08-03,2026-11-02,Marathwada,Nanded,Mudkhed,Mugat
D1031,B2029,Coconut,Dwarf Green,30.98,4102.74,Bulk Coconut requirement for processing.,2026-05-21,2026-06-27,Konkan,Sindhudurg,Kudal,Padave
D1032,B3376,Linseed,NL-97,31.29,5846.55,"Procurement need for good quality Linseed, open to multiple sellers.",2026-07-02,2026-09-12,Vidarbha,Gondia,Gondia,Adashi
D1033,B4312,Tur,Vipula,41.67,6883.22,Sourcing Tur in bulk for our processing unit.,2026-07-19,2026-11-02,Marathwada,Latur,Chakur,Ajansonda Kh.
D1034,B3469,Udid,Not Specified,54.73,9454.43,Sourcing Udid for export-quality grading and packaging.,2026-08-25,2026-10-09,Konkan,Palghar,Palghar,Chahade
D1035,B1183,Udid,TAU-2,56.21,6870.61,Sourcing Udid for export-quality grading and packaging.,2026-07-10,2026-10-10,Konkan,Palghar,Vikramgad,Balapur
D1036,B0968,Udid,Not Specified,39.1,6565.08,Seeking regular Udid supply from nearby farmers.,2026-08-24,2026-11-04,Konkan,Palghar,Vasai,Arnala
D1037,B0973,Linseed,Not Specified,30.37,5823.57,"Standing requirement for Linseed, quantity flexible based on quality.",2026-06-11,2026-09-10,Vidarbha,Gadchiroli,Bhamragad,Brahmanpalli
D1038,B1256,Jowar,Maldandi,74.71,3703.94,Need consistent Jowar supply for ongoing operations.,2026-05-03,2026-06-15,Vidarbha,Buldhana,Malkapur,Malkapur (Rural)
D1039,B1165,Sugarcane,Not Specified,277.09,622.42,Sourcing Sugarcane in bulk for our processing unit.,2026-08-20,2026-10-11,Western Maharashtra (Desh),Ahilyanagar (Ahmednagar),Nevasa,Chanda
D1040,B1500,Groundnut,Not Specified,40.25,5994.63,Requirement raised for Groundnut to meet upcoming production schedule.,2026-05-09,2026-06-08,Vidarbha,Bhandara,Tumsar,Bajartola
D1041,B3421,Bajra,Saburi,44.81,4377.08,Buyer looking to purchase Bajra directly from farmers.,2026-07-06,2026-10-31,Khandesh,Nashik,Kalwan,Kalwan Baw
D1042,B1088,Turmeric,Not Specified,17.46,13801.42,Need consistent Turmeric supply for ongoing operations.,2026-07-29,2026-08-17,Western Maharashtra (Desh),Sangli,Kadegaon,Asad
D1043,B2665,Jowar,Phule Yashoda,52.93,4159.27,"Procurement need for good quality Jowar, open to multiple sellers.",2026-08-21,2026-10-28,Western Maharashtra (Desh),Ahilyanagar (Ahmednagar),Kopargaon,Samvatsar
D1044,B4432,Soybean,MACS 1281,54.66,6516.89,Seeking regular Soybean supply from nearby farmers.,2026-08-02,2026-11-08,Marathwada,Hingoli,Sengaon,Sengaon
D1045,B2531,Sunflower,Not Specified,17.66,6832.41,"Procurement need for good quality Sunflower, open to multiple sellers.",2026-08-24,2026-11-26,Vidarbha,Buldhana,Nandura,Alampur
D1046,B4726,Wheat,Not Specified,67.76,2775.3,Need consistent Wheat supply for ongoing operations.,2026-07-09,2026-08-05,Western Maharashtra (Desh),Satara,Satara,Angapur Vandan
D1047,B0986,Cotton,Not Specified,42.05,10158.24,Sourcing Cotton in bulk for our processing unit.,2026-08-10,2026-10-05,Vidarbha,Akola,Barshitakli,Pinjar
D1048,B4748,Areca Nut,Sumangala,17.57,33497.83,Looking for fresh Areca Nut for wholesale procurement.,2026-06-18,2026-07-09,Konkan,Sindhudurg,Kudal,Gaorai
D1049,B3400,Tur,Vipula,28.71,6410.41,Bulk Tur requirement for processing.,2026-08-26,2026-11-28,Vidarbha,Akola,Patur,Alegaon
D1050,B1378,Tur,BSMR-736,24.73,5834.7,Sourcing Tur in bulk for our processing unit.,2026-08-24,2026-12-13,Konkan,Palghar,Vasai,Arnala
D1051,B1387,Wheat,Sharbati,19.37,3047.41,Sourcing Wheat in bulk for our processing unit.,2026-06-24,2026-08-28,Vidarbha,Wardha,Wardha,Waigaon
D1052,B1168,Tur,ICPL-87,24.89,8762.03,Bulk Tur requirement for processing.,2026-05-07,2026-07-01,Vidarbha,Gadchiroli,Bhamragad,Chichoda
D1053,B1938,Banana,Shrimanti,15.74,1871.22,Looking for fresh Banana for wholesale procurement.,2026-06-15,2026-07-30,Khandesh,Jalgaon,Parola,Babhale Nag
D1054,B3335,Jowar,CSH-16,35.79,3406.34,Looking for fresh Jowar for wholesale procurement.,2026-06-08,2026-09-16,Marathwada,Dharashiv (Osmanabad),Paranda,Parewadi
D1055,B0832,Groundnut,Phule Unnati,28.25,7014.78,Bulk Groundnut requirement for processing.,2026-08-16,2026-11-13,Western Maharashtra (Desh),Kolhapur,Shahuwadi,Sarud
D1056,B1667,Groundnut,Not Specified,17.68,7494.31,Seeking regular Groundnut supply from nearby farmers.,2026-08-10,2026-11-11,Khandesh,Nashik,Dindori,Dhakambe
D1057,B3472,Cashew,Not Specified,22.12,14234.68,Need consistent Cashew supply for ongoing operations.,2026-08-25,2026-09-22,Konkan,Sindhudurg,Sawantwadi,Amboli
D1058,B1372,Cashew,Vengurla-8,13.01,16305.63,Looking to procure Cashew for institutional buyers.,2026-06-23,2026-07-25,Konkan,Sindhudurg,Kudal,Padave
D1059,B1743,Bajra,Not Specified,41.24,2143.74,Sourcing Bajra for export-quality grading and packaging.,2026-07-13,2026-08-15,Khandesh,Nashik,Deola,Matane
D1060,B2463,Ragi,Phule Nachani,7.92,3012.24,Inviting offers for Ragi from farmers in the region.,2026-08-26,2026-11-14,Konkan,Ratnagiri,Dapoli,Satamba
D1061,B1728,Sunflower,Not Specified,75.91,6073.21,Looking to procure Sunflower for institutional buyers.,2026-08-24,2026-12-08,Vidarbha,Buldhana,Motala,Dhamangaon Badhe
D1062,B2142,Field Beans,Not Specified,28.72,3484.68,Looking to procure Field Beans for institutional buyers.,2026-08-26,2026-09-26,Konkan,Raigad,Khalapur,Adoshi
D1063,B1726,Tur,Vipula,29.42,8667.33,Seeking regular Tur supply from nearby farmers.,2026-07-26,2026-08-20,Vidarbha,Akola,Murtajapur,Mana
D1064,B3904,Tur,BDN-711,51.56,6946.38,Sourcing Tur for export-quality grading and packaging.,2026-08-02,2026-10-16,Khandesh,Jalgaon,Parola,Ambapimpri
D1065,B4409,Banana,Ardhapuri,20.45,4892.64,Looking to procure Banana for institutional buyers.,2026-07-02,2026-07-19,Khandesh,Jalgaon,Jalgaon,Amode Bk.
D1066,B2892,Soybean,Not Specified,31.94,6372.06,Buyer looking to purchase Soybean directly from farmers.,2026-05-25,2026-09-16,Western Maharashtra (Desh),Satara,Satara,Ambavade Bk.
D1067,B0070,Sunflower,Morden,74.43,6470.92,"Procurement need for good quality Sunflower, open to multiple sellers.",2026-08-06,2026-10-05,Vidarbha,Buldhana,Jalgaon Jamod,Sungaon
D1068,B2932,Sunflower,Morden,65.5,5767.21,Need consistent Sunflower supply for ongoing operations.,2026-08-25,2026-09-23,Vidarbha,Buldhana,Deulgaon Raja,Singaon \[Jahnagir\]
D1069,B2300,Cotton,Suraj Bt,21.51,8149.96,Looking to procure Cotton for institutional buyers.,2026-06-25,2026-08-24,Marathwada,Jalna,Mantha,Mantha
D1070,B4663,Coconut,Dwarf Green,22.16,5210.24,"Standing requirement for Coconut, quantity flexible based on quality.",2026-07-29,2026-08-19,Konkan,Sindhudurg,Vaibhavwadi,Lore
D1071,B0536,Banana,Not Specified,26.8,1919.21,"Standing requirement for Banana, quantity flexible based on quality.",2026-08-17,2026-09-29,Khandesh,Jalgaon,Bhusawal,Belkhede Digar
D1072,B2248,Chickoo,Cricket Ball,34.37,3559.16,Inviting offers for Chickoo from farmers in the region.,2026-07-23,2026-09-06,Konkan,Thane,Murbad,Deogaon
D1073,B3719,Gram,Vijay,50.71,6833.88,Looking for fresh Gram for wholesale procurement.,2026-08-17,2026-10-22,Marathwada,Latur,Deoni,Ambegaon
D1074,B3544,Jowar,Not Specified,35.75,2926.8,Inviting offers for Jowar from farmers in the region.,2026-07-04,2026-09-13,Western Maharashtra (Desh),Sangli,Shirala,Arala
D1075,B4238,Tur,Not Specified,65.14,6298.29,Sourcing Tur in bulk for our processing unit.,2026-08-22,2026-11-23,Marathwada,Dharashiv (Osmanabad),Kalamb,Diksal
D1076,B3678,Groundnut,TAG-24,21.09,5849.29,"Standing requirement for Groundnut, quantity flexible based on quality.",2026-08-12,2026-12-09,Western Maharashtra (Desh),Pune,Ambegaon,Amondi
D1077,B1849,Cotton,Not Specified,35.18,7831.15,"Procurement need for good quality Cotton, open to multiple sellers.",2026-05-28,2026-08-03,Khandesh,Jalgaon,Jalgaon,Amode Kh.
D1078,B2547,Field Beans,Konkan Val landrace,5.39,3901.3,Looking for fresh Field Beans for wholesale procurement.,2026-07-20,2026-08-20,Konkan,Raigad,Tala,Ambeli
D1079,B2052,Tur,Phule Rajeshwari,23.63,6697.74,Looking for fresh Tur for wholesale procurement.,2026-08-14,2026-11-13,Marathwada,Latur,Deoni,Ambegaon
D1080,B1940,Udid,Not Specified,60.53,8418.12,Bulk Udid requirement for processing.,2026-07-24,2026-10-31,Konkan,Palghar,Talasari,Vasa
D1081,B1023,Mango (Alphonso),Alphonso (Hapus),34.12,15431.18,Sourcing Mango (Alphonso) for export-quality grading and packaging.,2026-05-09,2026-05-27,Konkan,Sindhudurg,Vengurla,Chipi
D1082,B0508,Vari,Not Specified,39.65,3844.23,Looking to procure Vari for institutional buyers.,2026-06-30,2026-08-07,Western Maharashtra (Desh),Kolhapur,Karvir,Bahireshwar
D1083,B0458,Chickoo,Not Specified,13.0,2787.53,Bulk Chickoo requirement for processing.,2026-07-23,2026-08-28,Konkan,Thane,Thane,Agasan
D1084,B1910,Ragi,Not Specified,28.81,3861.38,Need consistent Ragi supply for ongoing operations.,2026-06-24,2026-09-11,Konkan,Raigad,Karjat,Khadyachapada
D1085,B0830,Ragi,Phule Nachani,28.67,3563.47,Requirement raised for Ragi to meet upcoming production schedule.,2026-07-20,2026-08-27,Konkan,Ratnagiri,Khed,Tulashi Bk.
D1086,B0842,Coconut,Banawali,23.5,5881.41,"Standing requirement for Coconut, quantity flexible based on quality.",2026-05-18,2026-06-29,Konkan,Sindhudurg,Kankavli,Shivajipeth
D1087,B2100,Jowar,Phule Vasudha,56.94,4309.08,"Procurement need for good quality Jowar, open to multiple sellers.",2026-05-20,2026-06-19,Western Maharashtra (Desh),Pune,Baramati,Ambi Kh.
D1088,B0496,Soybean,MAUS 71,35.7,7535.85,Requirement raised for Soybean to meet upcoming production schedule.,2026-06-14,2026-09-16,Vidarbha,Washim,Washim,Adoli
D1089,B1193,Groundnut,SB-11,47.71,6599.85,Looking for fresh Groundnut for wholesale procurement.,2026-07-11,2026-10-28,Vidarbha,Bhandara,Lakhandur,Dighori (Mothi)
D1090,B1185,Cashew,Konkan Kalpa,17.82,15756.12,"Procurement need for good quality Cashew, open to multiple sellers.",2026-07-26,2026-08-17,Konkan,Sindhudurg,Sawantwadi,Amboli
D1091,B0561,Ragi,Phule Nachani,19.01,3980.29,Need consistent Ragi supply for ongoing operations.,2026-07-21,2026-09-26,Konkan,Raigad,Murud,Agardande
D1092,B4739,Tur,Not Specified,29.89,6556.28,Requirement raised for Tur to meet upcoming production schedule.,2026-05-23,2026-08-14,Marathwada,Latur,Chakur,Ambulga
D1093,B0346,Turmeric,Phule Swarupa,21.16,16146.44,Need consistent Turmeric supply for ongoing operations.,2026-07-24,2026-08-18,Western Maharashtra (Desh),Sangli,Kavathemahankal,Dhalgaon
D1094,B3939,Areca Nut,Not Specified,35.79,41154.68,Sourcing Areca Nut for export-quality grading and packaging.,2026-06-22,2026-07-27,Konkan,Ratnagiri,Khed,Tulashi Bk.
D1095,B1510,Bajra,Not Specified,8.76,2050.75,Requirement raised for Bajra to meet upcoming production schedule.,2026-05-03,2026-06-11,Marathwada,Jalna,Ghansawangi,Tirthpuri
D1096,B1167,Cashew,Vengurla-4,24.59,22860.44,Requirement raised for Cashew to meet upcoming production schedule.,2026-05-05,2026-05-16,Konkan,Sindhudurg,Vaibhavwadi,Nadhavade
D1097,B1632,Ragi,Dapoli-1,10.94,3226.73,Seeking regular Ragi supply from nearby farmers.,2026-06-18,2026-09-21,Konkan,Thane,Bhiwandi,Anjur
D1098,B2015,Sunflower,KBSH-1,21.32,5895.22,Bulk Sunflower requirement for processing.,2026-05-02,2026-08-21,Vidarbha,Buldhana,Jalgaon Jamod,Pimpalgaon Kale
D1099,B1125,Maize,African Tall,30.41,1977.46,Need consistent Maize supply for ongoing operations.,2026-06-04,2026-08-15,Khandesh,Nandurbar,Navapur,Chinchpada
D1100,B1404,Udid,Not Specified,74.0,9611.88,Buyer looking to purchase Udid directly from farmers.,2026-08-19,2026-09-21,Konkan,Palghar,Vada,Chinchghar
D1101,B0971,Mango (Alphonso),Kesar,30.15,11028.23,Buyer looking to purchase Mango (Alphonso) directly from farmers.,2026-08-01,2026-08-31,Konkan,Raigad,Mangaon,Alsunde
D1102,B3519,Wheat,Not Specified,23.3,2099.73,"Standing requirement for Wheat, quantity flexible based on quality.",2026-07-20,2026-10-21,Western Maharashtra (Desh),Ahilyanagar (Ahmednagar),Shevgaon,Akhatwade
D1103,B2410,Mango (Alphonso),Not Specified,14.9,7746.47,Sourcing Mango (Alphonso) in bulk for our processing unit.,2026-08-18,2026-09-29,Konkan,Sindhudurg,Vengurla,Chipi
D1104,B4785,Wheat,Not Specified,21.1,2149.75,Need consistent Wheat supply for ongoing operations.,2026-08-11,2026-11-22,Marathwada,Nanded,Deglur,Markhel
D1105,B0532,Tur,Phule Rajeshwari,56.62,7743.22,Inviting offers for Tur from farmers in the region.,2026-06-22,2026-09-21,Marathwada,Beed,Ashti,Dhamangaon
D1106,B3804,Banana,Rajapuri,20.04,3302.15,Need consistent Banana supply for ongoing operations.,2026-07-05,2026-08-09,Khandesh,Jalgaon,Bhadgaon,Amadade
D1107,B4784,Sunflower,Not Specified,23.49,7889.18,Need consistent Sunflower supply for ongoing operations.,2026-08-17,2026-10-31,Vidarbha,Buldhana,Khamgaon,Pimpalgaon Raja
D1108,B1791,Vari,Local Bhagar landrace,48.63,5146.52,Requirement raised for Vari to meet upcoming production schedule.,2026-06-06,2026-07-11,Western Maharashtra (Desh),Kolhapur,Panhala,Karanjphen
D1109,B1101,Coconut,Not Specified,13.8,4687.15,"Procurement need for good quality Coconut, open to multiple sellers.",2026-07-19,2026-08-27,Konkan,Sindhudurg,Devgad,Shirgaon
D1110,B4197,Banana,Not Specified,17.0,3240.96,Buyer looking to purchase Banana directly from farmers.,2026-06-21,2026-08-01,Khandesh,Jalgaon,Chalisgaon,Abhone
D1111,B2598,Groundnut,JL-24,20.11,6394.42,Looking to procure Groundnut for institutional buyers.,2026-05-10,2026-06-14,Vidarbha,Gondia,Deori,Fukkimeta
D1112,B2413,Cotton,Not Specified,40.84,9322.94,Sourcing Cotton in bulk for our processing unit.,2026-08-22,2026-09-28,Vidarbha,Akola,Patur,Alegaon
D1113,B0972,Cashew,Konkan Kalpa,21.83,17126.38,Looking to procure Cashew for institutional buyers.,2026-06-16,2026-07-15,Konkan,Sindhudurg,Malwan,Devli
D1114,B2249,Field Beans,Konkan Val landrace,38.7,4741.24,Sourcing Field Beans for export-quality grading and packaging.,2026-07-14,2026-08-09,Konkan,Raigad,Alibag,Agarkot
D1115,B0070,Sunflower,Not Specified,28.71,6162.43,Buyer looking to purchase Sunflower directly from farmers.,2026-08-24,2026-12-01,Vidarbha,Buldhana,Jalgaon Jamod,Sungaon
D1116,B0098,Sugarcane,CoVSI 09292,562.6,627.83,Buyer looking to purchase Sugarcane directly from farmers.,2026-06-02,2026-09-27,Western Maharashtra (Desh),Ahilyanagar (Ahmednagar),Pathardi,Karanji
D1117,B1720,Sunflower,Phule Raviraj,59.5,6523.9,Bulk Sunflower requirement for processing.,2026-06-14,2026-08-02,Vidarbha,Buldhana,Malkapur,Umali
D1118,B3513,Coconut,Not Specified,26.92,3540.1,Need consistent Coconut supply for ongoing operations.,2026-08-17,2026-08-28,Konkan,Sindhudurg,Kankavli,Waingani
D1119,B3070,Groundnut,Phule Unnati,28.31,8202.22,Need consistent Groundnut supply for ongoing operations.,2026-08-13,2026-10-22,Khandesh,Nashik,Malegaon,Dabhadi
D1120,B2784,Bajra,Shraddha,52.55,3078.78,Sourcing Bajra for export-quality grading and packaging.,2026-07-13,2026-09-17,Marathwada,Jalna,Jalna,Ner
D1121,B0191,Tur,Not Specified,10.37,6004.81,Requirement raised for Tur to meet upcoming production schedule.,2026-07-17,2026-10-27,Marathwada,Latur,Renapur,Kadepur
D1122,B4702,Sunflower,Not Specified,77.5,5713.85,Buyer looking to purchase Sunflower directly from farmers.,2026-05-08,2026-07-21,Vidarbha,Buldhana,Lonar,Bibi
D1123,B1543,Chickoo,Kalipatti,21.42,2961.11,Sourcing Chickoo in bulk for our processing unit.,2026-05-13,2026-05-29,Konkan,Palghar,Vikramgad,Dadade
D1124,B4530,Turmeric,Selam,20.18,9419.0,"Procurement need for good quality Turmeric, open to multiple sellers.",2026-05-09,2026-06-12,Western Maharashtra (Desh),Sangli,Shirala,Bilashi
D1125,B2326,Chickoo,Kalipatti,24.18,2016.04,Looking for fresh Chickoo for wholesale procurement.,2026-06-22,2026-07-02,Konkan,Palghar,Jawhar,Winwal
D1126,B1408,Maize,Karveer,33.84,2795.14,Seeking regular Maize supply from nearby farmers.,2026-07-13,2026-10-07,Khandesh,Jalgaon,Parola,Ambapimpri
D1127,B0564,Field Beans,Konkan Val landrace,8.89,3308.18,Buyer looking to purchase Field Beans directly from farmers.,2026-08-13,2026-09-22,Konkan,Raigad,Murud,Abitghar
D1128,B1301,Sugarcane,Not Specified,537.38,493.57,Inviting offers for Sugarcane from farmers in the region.,2026-08-03,2026-10-25,Marathwada,Beed,Shirur-Kasar,Shirur
D1129,B2257,Field Beans,Konkan Val landrace,19.73,4930.5,"Standing requirement for Field Beans, quantity flexible based on quality.",2026-08-12,2026-09-24,Konkan,Raigad,Panvel,Barwai
D1130,B2695,Cashew,Not Specified,32.6,18378.74,"Standing requirement for Cashew, quantity flexible based on quality.",2026-05-05,2026-05-20,Konkan,Sindhudurg,Kankavli,Shivajipeth
D1131,B2359,Wheat,Not Specified,65.37,2526.74,Sourcing Wheat for export-quality grading and packaging.,2026-08-11,2026-10-25,Vidarbha,Bhandara,Tumsar,Dewhadi
D1132,B1435,Banana,Grand Naine,31.51,4273.47,Need consistent Banana supply for ongoing operations.,2026-06-24,2026-07-15,Khandesh,Jalgaon,Yawal,Aklud
D1133,B4659,Jowar,CSH-16,24.6,6132.31,Sourcing Jowar in bulk for our processing unit.,2026-08-19,2026-11-20,Western Maharashtra (Desh),Pune,Pune City,Keshavnagar-Mundwa
D1134,B2392,Wheat,Not Specified,12.21,3066.22,"Procurement need for good quality Wheat, open to multiple sellers.",2026-08-21,2026-11-06,Vidarbha,Gondia,Amgaon,Asordi
D1135,B4529,Maize,Ganga Safed-2,13.38,1867.29,Requirement raised for Maize to meet upcoming production schedule.,2026-06-27,2026-08-12,Marathwada,Chhatrapati Sambhajinagar (Aurangabad),Phulambri,Fulambri
D1136,B2071,Maize,African Tall,38.47,1833.68,Sourcing Maize for export-quality grading and packaging.,2026-07-30,2026-10-22,Khandesh,Dhule,Sakri,Kasare
D1137,B3123,Groundnut,TAG-24,64.16,6978.65,Looking for fresh Groundnut for wholesale procurement.,2026-06-05,2026-09-28,Western Maharashtra (Desh),Sangli,Shirala,Biur
D1138,B1119,Vari,Local Bhagar landrace,42.62,3365.16,Inviting offers for Vari from farmers in the region.,2026-07-28,2026-11-21,Western Maharashtra (Desh),Kolhapur,Shirol,Nandani
D1139,B3586,Jowar,Maldandi,64.74,3136.01,Looking for fresh Jowar for wholesale procurement.,2026-07-22,2026-09-07,Vidarbha,Buldhana,Chikhli,Isoli
D1140,B2410,Mango (Alphonso),Ratna,9.71,22401.34,Looking for fresh Mango (Alphonso) for wholesale procurement.,2026-07-30,2026-08-18,Konkan,Sindhudurg,Vengurla,Chipi
D1141,B3610,Areca Nut,Mangala,27.91,56150.64,Inviting offers for Areca Nut from farmers in the region.,2026-05-31,2026-06-13,Konkan,Sindhudurg,Kudal,Kasal
D1142,B4284,Field Beans,Not Specified,29.02,5120.35,Buyer looking to purchase Field Beans directly from farmers.,2026-07-31,2026-09-07,Konkan,Raigad,Tala,Bamanghar
D1143,B0430,Cotton,Not Specified,11.31,8625.13,"Procurement need for good quality Cotton, open to multiple sellers.",2026-08-23,2026-11-03,Khandesh,Nandurbar,Akkalkuwa,Dab
D1144,B1955,Mango (Alphonso),Alphonso (Hapus),17.97,29938.17,Requirement raised for Mango (Alphonso) to meet upcoming production schedule.,2026-08-14,2026-08-28,Konkan,Sindhudurg,Kankavli,Bandargaon
D1145,B1807,Tur,Not Specified,14.51,8397.15,Looking to procure Tur for institutional buyers.,2026-05-24,2026-07-09,Vidarbha,Nagpur,Umred,Aptur
D1146,B0361,Areca Nut,Mangala,31.26,40918.57,Looking to procure Areca Nut for institutional buyers.,2026-05-27,2026-06-19,Konkan,Ratnagiri,Khed,Tulashi Bk.
D1147,B4438,Vari,Local Bhagar landrace,17.35,3664.11,Requirement raised for Vari to meet upcoming production schedule.,2026-06-15,2026-07-11,Konkan,Raigad,Poladpur,Agryachakond
D1148,B3295,Chickoo,Not Specified,4.32,2369.71,"Procurement need for good quality Chickoo, open to multiple sellers.",2026-05-09,2026-06-05,Konkan,Thane,Murbad,Deogaon
D1149,B3023,Linseed,NL-97,30.51,7438.99,Need consistent Linseed supply for ongoing operations.,2026-08-26,2026-10-03,Vidarbha,Gondia,Deori,Chichgad
D1150,B4393,Turmeric,Not Specified,28.97,14894.44,Sourcing Turmeric in bulk for our processing unit.,2026-08-25,2026-09-24,Western Maharashtra (Desh),Sangli,Tasgaon,Anjani
D1151,B3184,Sugarcane,Not Specified,554.09,532.75,Requirement raised for Sugarcane to meet upcoming production schedule.,2026-05-25,2026-09-15,Western Maharashtra (Desh),Pune,Purandhar,Ambodi
D1152,B2605,Coconut,Not Specified,25.89,3013.11,Looking for fresh Coconut for wholesale procurement.,2026-07-22,2026-08-29,Konkan,Sindhudurg,Malwan,Kalethar
D1153,B3133,Mango (Alphonso),Kesar,20.64,23189.34,Looking for fresh Mango (Alphonso) for wholesale procurement.,2026-06-02,2026-06-19,Konkan,Ratnagiri,Sangameshwar,Devrukh
D1154,B2531,Sunflower,Phule Raviraj,61.92,7022.68,Looking for fresh Sunflower for wholesale procurement.,2026-05-20,2026-08-16,Vidarbha,Buldhana,Nandura,Alampur
D1155,B2430,Chickoo,Kalipatti,10.22,1936.6,Sourcing Chickoo for export-quality grading and packaging.,2026-07-21,2026-08-28,Konkan,Palghar,Talasari,Upalat
D1156,B2693,Udid,TAU-1,51.69,8863.03,Inviting offers for Udid from farmers in the region.,2026-08-11,2026-10-28,Konkan,Thane,Shahapur,Shirol
D1157,B2364,Maize,Not Specified,23.3,2525.79,Requirement raised for Maize to meet upcoming production schedule.,2026-06-04,2026-09-06,Khandesh,Dhule,Dhule,Kusumbe
D1158,B0443,Groundnut,Not Specified,51.73,6446.6,Looking to procure Groundnut for institutional buyers.,2026-08-01,2026-09-23,Vidarbha,Gondia,Amgaon,Anjora
D1159,B3126,Cotton,Bt Cotton (Bollgard II hybrid),36.36,7651.89,Need consistent Cotton supply for ongoing operations.,2026-05-09,2026-06-27,Khandesh,Dhule,Shirpur,Boradi
D1160,B0427,Wheat,Not Specified,16.88,2324.21,Bulk Wheat requirement for processing.,2026-05-25,2026-08-28,Western Maharashtra (Desh),Satara,Jaoli,Akhade
D1161,B1675,Jowar,CSH-16,37.04,4405.18,Seeking regular Jowar supply from nearby farmers.,2026-08-04,2026-09-29,Western Maharashtra (Desh),Solapur,Mohol,Angar
D1162,B3474,Coconut,Dwarf Green,14.06,4900.82,Looking to procure Coconut for institutional buyers.,2026-05-29,2026-07-08,Konkan,Sindhudurg,Vengurla,Parule
D1163,B0656,Banana,Not Specified,14.96,2891.85,Need consistent Banana supply for ongoing operations.,2026-07-01,2026-08-12,Khandesh,Jalgaon,Raver,Ajanad
D1164,B3551,Groundnut,Not Specified,61.8,8402.2,Looking for fresh Groundnut for wholesale procurement.,2026-08-08,2026-10-26,Vidarbha,Bhandara,Sakoli,Sendurwafa
D1165,B0682,Gram,Not Specified,69.18,6047.72,Seeking regular Gram supply from nearby farmers.,2026-07-15,2026-08-31,Marathwada,Latur,Latur,Wadi Wagholi
D1166,B2108,Udid,TAU-1,38.98,7646.48,"Standing requirement for Udid, quantity flexible based on quality.",2026-07-06,2026-09-11,Konkan,Palghar,Palghar,Chahade
D1167,B1120,Gram,Not Specified,21.39,6773.0,Looking for fresh Gram for wholesale procurement.,2026-04-30,2026-07-28,Marathwada,Latur,Ausa,Ujani
D1168,B3066,Udid,TAU-2,71.54,9526.0,Requirement raised for Udid to meet upcoming production schedule.,2026-06-24,2026-08-27,Konkan,Palghar,Jawhar,Winwal
D1169,B0584,Wheat,Lokwan,69.96,2210.93,"Standing requirement for Wheat, quantity flexible based on quality.",2026-05-23,2026-08-11,Vidarbha,Wardha,Arvi,Pimpalkhuta
D1170,B2092,Coconut,Not Specified,28.66,4055.67,Sourcing Coconut for export-quality grading and packaging.,2026-07-07,2026-08-09,Konkan,Sindhudurg,Dodamarg,Panturli
D1171,B0473,Field Beans,Not Specified,36.23,4697.42,"Procurement need for good quality Field Beans, open to multiple sellers.",2026-07-06,2026-08-08,Konkan,Raigad,Tala,Bamanghar
D1172,B0232,Maize,Not Specified,50.39,2031.07,Need consistent Maize supply for ongoing operations.,2026-08-24,2026-10-06,Khandesh,Dhule,Sindkheda,Chilane
D1173,B2084,Udid,Phule Uttara,9.46,8896.11,Looking to procure Udid for institutional buyers.,2026-08-03,2026-10-16,Konkan,Thane,Bhiwandi,Anjur
D1174,B3258,Cashew,Not Specified,35.67,14616.55,"Procurement need for good quality Cashew, open to multiple sellers.",2026-08-19,2026-09-08,Konkan,Sindhudurg,Kankavli,Bandargaon
D1175,B3497,Groundnut,SB-11,41.02,7468.35,Buyer looking to purchase Groundnut directly from farmers.,2026-07-19,2026-11-14,Vidarbha,Gondia,Goregaon,Bhadanga
D1176,B3372,Jowar,Not Specified,70.26,6127.51,Bulk Jowar requirement for processing.,2026-07-25,2026-10-02,Marathwada,Parbhani,Sonpeth,Ukhali Bk.
D1177,B1170,Field Beans,Konkan Val landrace,36.35,3812.23,Sourcing Field Beans in bulk for our processing unit.,2026-04-30,2026-05-20,Konkan,Raigad,Alibag,Agarkot
D1178,B4029,Turmeric,Phule Swarupa,24.88,13366.34,Buyer looking to purchase Turmeric directly from farmers.,2026-07-27,2026-09-02,Western Maharashtra (Desh),Sangli,Kadegaon,Amrapur
D1179,B1398,Areca Nut,Mangala,27.57,37587.37,Seeking regular Areca Nut supply from nearby farmers.,2026-07-09,2026-07-26,Konkan,Ratnagiri,Sangameshwar,Devrukh
D1180,B3692,Areca Nut,Not Specified,11.3,37665.4,Sourcing Areca Nut for export-quality grading and packaging.,2026-05-26,2026-06-17,Konkan,Ratnagiri,Mandangad,Dandnagari
D1181,B2125,Sugarcane,Not Specified,503.41,439.44,"Standing requirement for Sugarcane, quantity flexible based on quality.",2026-05-15,2026-08-29,Western Maharashtra (Desh),Ahilyanagar (Ahmednagar),Nevasa,Sonai
D1182,B1361,Chickoo,Cricket Ball,15.54,2528.22,Requirement raised for Chickoo to meet upcoming production schedule.,2026-05-03,2026-05-28,Konkan,Palghar,Dahanu,Bordi
D1183,B3915,Maize,African Tall,9.01,2036.05,Looking for fresh Maize for wholesale procurement.,2026-07-29,2026-08-28,Khandesh,Nandurbar,Nandurbar,Adachhi
D1184,B0794,Rice,Ambemohar,42.7,4466.33,Sourcing Rice in bulk for our processing unit.,2026-08-23,2026-11-16,Konkan,Ratnagiri,Ratnagiri,Bhandarwada
D1185,B2761,Groundnut,Not Specified,30.33,8001.56,Requirement raised for Groundnut to meet upcoming production schedule.,2026-08-26,2026-10-20,Vidarbha,Gondia,Sadak-Arjuni,Sadakarjuni
D1186,B2960,Jowar,Not Specified,33.85,2650.8,Requirement raised for Jowar to meet upcoming production schedule.,2026-08-18,2026-09-24,Marathwada,Chhatrapati Sambhajinagar (Aurangabad),Phulambri,Babra
D1187,B0026,Ragi,Phule Nachani,16.69,4232.01,Seeking regular Ragi supply from nearby farmers.,2026-05-02,2026-06-11,Konkan,Raigad,Uran,Antrabamdakhar
D1188,B4347,Udid,Phule Uttara,33.28,8414.29,Looking to procure Udid for institutional buyers.,2026-08-18,2026-11-16,Konkan,Palghar,Talasari,Upalat
D1189,B3385,Areca Nut,Not Specified,4.37,49346.69,Requirement raised for Areca Nut to meet upcoming production schedule.,2026-05-01,2026-06-03,Konkan,Sindhudurg,Kankavli,Shivajipeth
D1190,B0375,Cashew,Not Specified,27.96,20535.14,"Procurement need for good quality Cashew, open to multiple sellers.",2026-07-22,2026-08-26,Konkan,Sindhudurg,Vengurla,Chipi
D1191,B0667,Groundnut,TAG-24,72.7,8630.11,Bulk Groundnut requirement for processing.,2026-08-05,2026-10-06,Vidarbha,Gondia,Arjuni-Morgaon,Arjuni
D1192,B1599,Bajra,Not Specified,64.42,4314.23,Sourcing Bajra for export-quality grading and packaging.,2026-07-09,2026-08-19,Khandesh,Dhule,Sindkheda,Chimthane
D1193,B4080,Ragi,Not Specified,13.53,3947.37,Inviting offers for Ragi from farmers in the region.,2026-08-26,2026-11-18,Konkan,Palghar,Vikramgad,Alonde
D1194,B1377,Banana,Not Specified,33.2,3297.76,Inviting offers for Banana from farmers in the region.,2026-06-04,2026-06-27,Khandesh,Jalgaon,Bodwad,Bhankhede Pr. Varangaon
D1195,B1397,Banana,Not Specified,24.16,1771.54,Buyer looking to purchase Banana directly from farmers.,2026-08-26,2026-09-06,Khandesh,Jalgaon,Bhusawal,Achegaon
D1196,B1313,Linseed,Not Specified,25.74,6479.61,Sourcing Linseed in bulk for our processing unit.,2026-06-01,2026-07-28,Vidarbha,Gondia,Goregaon,Dawwa
D1197,B3902,Chickoo,Not Specified,24.52,3491.02,Inviting offers for Chickoo from farmers in the region.,2026-07-25,2026-09-04,Konkan,Thane,Bhiwandi,Ambardi
D1198,B0741,Udid,Not Specified,30.9,7168.7,"Standing requirement for Udid, quantity flexible based on quality.",2026-08-08,2026-11-17,Konkan,Palghar,Talasari,Vasa
D1199,B0530,Udid,Not Specified,33.85,8727.12,Sourcing Udid for export-quality grading and packaging.,2026-08-04,2026-11-20,Konkan,Thane,Kalyan,Antarde
D1200,B4604,Groundnut,Not Specified,36.87,6392.9,Sourcing Groundnut in bulk for our processing unit.,2026-05-16,2026-06-21,Western Maharashtra (Desh),Solapur,Karmala,Chikhalthan
D1201,B0913,Ragi,Phule Nachani,22.67,3097.28,Bulk Ragi requirement for processing.,2026-07-18,2026-08-28,Konkan,Palghar,Mokhada,Gonde Bk.
D1202,B2568,Ragi,Not Specified,22.19,2770.36,Looking for fresh Ragi for wholesale procurement.,2026-07-20,2026-09-07,Konkan,Thane,Shahapur,Cherpoli
D1203,B3180,Sunflower,Not Specified,31.35,6220.36,Looking to procure Sunflower for institutional buyers.,2026-08-23,2026-10-03,Vidarbha,Buldhana,Buldhana,Chandol
D1204,B4258,Sunflower,Not Specified,50.29,5406.4,Looking for fresh Sunflower for wholesale procurement.,2026-07-14,2026-10-05,Vidarbha,Buldhana,Sindkhed Raja,Adgaon Raja
D1205,B2589,Banana,Rajapuri,29.59,3366.41,Need consistent Banana supply for ongoing operations.,2026-05-21,2026-06-18,Khandesh,Jalgaon,Muktainagar,Anjangaon
D1206,B1195,Groundnut,Not Specified,63.73,8524.84,Looking for fresh Groundnut for wholesale procurement.,2026-07-21,2026-09-23,Western Maharashtra (Desh),Solapur,Mohol,Ashti
D1207,B4116,Maize,Not Specified,16.43,2802.75,Sourcing Maize for export-quality grading and packaging.,2026-07-18,2026-10-31,Khandesh,Jalgaon,Pachora,Anturli Bk. Pr. Pachora
D1208,B1768,Linseed,Sharda,61.89,5668.56,Requirement raised for Linseed to meet upcoming production schedule.,2026-05-22,2026-09-15,Vidarbha,Gadchiroli,Armori,Churmura
D1209,B1726,Tur,Not Specified,68.4,6300.09,Sourcing Tur for export-quality grading and packaging.,2026-05-07,2026-06-23,Vidarbha,Akola,Murtajapur,Mana
D1210,B3994,Jowar,Not Specified,28.56,5894.61,Seeking regular Jowar supply from nearby farmers.,2026-08-26,2026-11-29,Western Maharashtra (Desh),Sangli,Tasgaon,Alate
D1211,B3214,Coconut,T x D hybrid,36.43,5573.29,Buyer looking to purchase Coconut directly from farmers.,2026-05-10,2026-06-07,Konkan,Sindhudurg,Dodamarg,Panturli
D1212,B2314,Chickoo,Not Specified,9.94,3963.55,Buyer looking to purchase Chickoo directly from farmers.,2026-05-13,2026-06-12,Konkan,Thane,Thane,Adavli
D1213,B4755,Mango (Alphonso),Not Specified,5.98,28640.97,Sourcing Mango (Alphonso) in bulk for our processing unit.,2026-07-03,2026-07-23,Konkan,Sindhudurg,Vaibhavwadi,Vabhave
D1214,B4729,Bajra,Shraddha,27.1,2403.28,"Procurement need for good quality Bajra, open to multiple sellers.",2026-08-12,2026-10-01,Khandesh,Nashik,Chandwad,Pattharsenbe
D1215,B0075,Groundnut,JL-24,52.6,9101.36,Seeking regular Groundnut supply from nearby farmers.,2026-06-23,2026-09-10,Khandesh,Dhule,Sakri,Pimpalner
D1216,B1379,Groundnut,Not Specified,14.66,9049.98,Seeking regular Groundnut supply from nearby farmers.,2026-08-24,2026-10-03,Western Maharashtra (Desh),Pune,Khed,Adgaon
D1217,B4223,Groundnut,Not Specified,47.07,9034.08,Looking to procure Groundnut for institutional buyers.,2026-08-04,2026-09-29,Western Maharashtra (Desh),Pune,Junnar,Ajanawale
D1218,B0279,Maize,Karveer,40.19,2478.7,Seeking regular Maize supply from nearby farmers.,2026-07-27,2026-10-08,Khandesh,Dhule,Sindkheda,Chilane
D1219,B0735,Sugarcane,Not Specified,500.03,516.74,Sourcing Sugarcane in bulk for our processing unit.,2026-07-25,2026-10-14,Western Maharashtra (Desh),Ahilyanagar (Ahmednagar),Shevgaon,Akhegaon Titarfa
D1220,B3010,Field Beans,Konkan Val landrace,7.27,4051.42,Looking to procure Field Beans for institutional buyers.,2026-08-21,2026-09-14,Konkan,Raigad,Alibag,Agarkot
D1221,B0189,Groundnut,Not Specified,72.73,7275.73,Sourcing Groundnut for export-quality grading and packaging.,2026-08-06,2026-11-14,Vidarbha,Bhandara,Bhandara,Bhilewada
D1222,B1484,Tur,Phule Rajeshwari,27.49,5957.05,Requirement raised for Tur to meet upcoming production schedule.,2026-05-08,2026-08-09,Khandesh,Nandurbar,Nandurbar,Akrale
D1223,B1515,Field Beans,Konkan Val landrace,17.95,4911.83,Inviting offers for Field Beans from farmers in the region.,2026-07-07,2026-08-19,Konkan,Raigad,Alibag,Agarsure
D1224,B4791,Linseed,Sharda,14.3,7402.63,Looking to procure Linseed for institutional buyers.,2026-08-20,2026-10-07,Vidarbha,Gondia,Arjuni-Morgaon,Nawegaon Bondh
D1225,B1475,Groundnut,TAG-24,60.56,5997.2,Seeking regular Groundnut supply from nearby farmers.,2026-07-18,2026-11-03,Vidarbha,Bhandara,Lakhani,Pohara
D1226,B1321,Linseed,Parbhani Alsi,55.39,5609.09,Bulk Linseed requirement for processing.,2026-07-10,2026-09-19,Vidarbha,Gondia,Salekasa,Tirkhedi
D1227,B4460,Banana,Ardhapuri,11.56,1603.4,Inviting offers for Banana from farmers in the region.,2026-08-21,2026-09-18,Khandesh,Jalgaon,Bhadgaon,Achalgaon
D1228,B4376,Soybean,MAUS 71,39.15,5435.73,Requirement raised for Soybean to meet upcoming production schedule.,2026-07-22,2026-10-20,Marathwada,Nanded,Deglur,Markhel
D1229,B1720,Sunflower,Not Specified,55.31,5211.6,Looking for fresh Sunflower for wholesale procurement.,2026-05-27,2026-07-29,Vidarbha,Buldhana,Malkapur,Umali
D1230,B1764,Vari,Not Specified,50.77,3668.75,Requirement raised for Vari to meet upcoming production schedule.,2026-06-09,2026-10-05,Konkan,Palghar,Vikramgad,Alonde
D1231,B3458,Soybean,JS 9560,24.63,6529.4,Seeking regular Soybean supply from nearby farmers.,2026-06-26,2026-07-31,Vidarbha,Buldhana,Deulgaon Raja,Deulgaon Mahi
D1232,B2083,Soybean,Not Specified,67.57,4884.76,"Procurement need for good quality Soybean, open to multiple sellers.",2026-05-09,2026-09-04,Vidarbha,Washim,Malegaon,Chiwara
D1233,B2207,Vari,Not Specified,57.34,3620.66,Requirement raised for Vari to meet upcoming production schedule.,2026-07-17,2026-11-01,Konkan,Raigad,Poladpur,Adavale Bk.
D1234,B4190,Soybean,Not Specified,34.68,4918.03,Buyer looking to purchase Soybean directly from farmers.,2026-06-23,2026-10-03,Khandesh,Nandurbar,Talode,Amoni
D1235,B2028,Sunflower,KBSH-1,46.15,7224.92,Buyer looking to purchase Sunflower directly from farmers.,2026-05-09,2026-08-23,Vidarbha,Buldhana,Buldhana,Chandol
D1236,B0729,Groundnut,SB-11,59.1,6080.72,"Procurement need for good quality Groundnut, open to multiple sellers.",2026-06-08,2026-07-15,Vidarbha,Akola,Murtajapur,Kurum
D1237,B3090,Gram,Not Specified,23.13,6853.56,Bulk Gram requirement for processing.,2026-05-25,2026-09-20,Marathwada,Latur,Deoni,Batanpur
D1238,B2512,Cotton,Not Specified,59.55,7886.45,Requirement raised for Cotton to meet upcoming production schedule.,2026-08-01,2026-10-01,Vidarbha,Yavatmal,Digras,Dehani
D1239,B4519,Rice,Ambemohar,86.76,3629.54,Buyer looking to purchase Rice directly from farmers.,2026-05-26,2026-09-22,Konkan,Ratnagiri,Lanja,Nivasar
D1240,B4356,Bajra,Not Specified,65.21,3076.91,"Standing requirement for Bajra, quantity flexible based on quality.",2026-05-18,2026-06-13,Khandesh,Nashik,Sinnar,Wavi
D1241,B4208,Areca Nut,Not Specified,26.03,36108.26,"Standing requirement for Areca Nut, quantity flexible based on quality.",2026-08-05,2026-08-18,Konkan,Ratnagiri,Dapoli,Anjarla
D1242,B3033,Ragi,Not Specified,11.89,3834.54,Sourcing Ragi for export-quality grading and packaging.,2026-07-03,2026-09-22,Konkan,Thane,Bhiwandi,Anjur
D1243,B2900,Tur,Not Specified,40.6,6474.47,Buyer looking to purchase Tur directly from farmers.,2026-07-11,2026-11-04,Marathwada,Beed,Wadwani,Upli
D1244,B1875,Bajra,ICTP-8203,69.43,3087.0,Requirement raised for Bajra to meet upcoming production schedule.,2026-08-16,2026-11-30,Western Maharashtra (Desh),Ahilyanagar (Ahmednagar),Parner,Nighoj
D1245,B0652,Linseed,NL-97,60.67,5934.1,Looking for fresh Linseed for wholesale procurement.,2026-05-12,2026-07-12,Vidarbha,Gadchiroli,Mulchera,Lagam
D1246,B4540,Cashew,Not Specified,30.31,13926.69,Buyer looking to purchase Cashew directly from farmers.,2026-07-30,2026-08-17,Konkan,Sindhudurg,Vengurla,Parule
D1247,B3930,Tur,Vipula,53.18,6919.95,"Standing requirement for Tur, quantity flexible based on quality.",2026-05-27,2026-09-24,Vidarbha,Chandrapur,Mul,Agdi
D1248,B0060,Turmeric,Not Specified,22.92,16716.3,"Procurement need for good quality Turmeric, open to multiple sellers.",2026-08-26,2026-10-08,Western Maharashtra (Desh),Sangli,Khanapur,Balvadi
D1249,B0347,Turmeric,Not Specified,30.14,15957.67,Inviting offers for Turmeric from farmers in the region.,2026-08-21,2026-09-11,Western Maharashtra (Desh),Sangli,Kadegaon,Asad
D1250,B0616,Rice,IR-64,54.37,5502.12,Buyer looking to purchase Rice directly from farmers.,2026-07-08,2026-08-23,Vidarbha,Gadchiroli,Mulchera,Vivekanandpur
D1251,B3058,Mango (Alphonso),Not Specified,15.24,22583.21,Inviting offers for Mango (Alphonso) from farmers in the region.,2026-08-16,2026-09-02,Konkan,Raigad,Uran,Bandhpada
D1252,B2377,Field Beans,Local Konkan landrace,13.52,2774.9,Looking to procure Field Beans for institutional buyers.,2026-07-17,2026-08-09,Konkan,Raigad,Murud,Agardande
D1253,B2498,Gram,Not Specified,71.66,5867.71,Looking for fresh Gram for wholesale procurement.,2026-08-23,2026-12-05,Marathwada,Latur,Ahmedpur,Shirur Tajband
D1254,B4000,Vari,Konkan local Vari landrace,51.7,3899.85,Requirement raised for Vari to meet upcoming production schedule.,2026-05-15,2026-07-23,Western Maharashtra (Desh),Satara,Jaoli,Alewadi
D1255,B1526,Vari,Konkan local Vari landrace,16.0,4235.67,Bulk Vari requirement for processing.,2026-07-12,2026-08-25,Western Maharashtra (Desh),Satara,Satara,Agudewadi
D1256,B3365,Bajra,Shraddha,8.77,4035.23,Sourcing Bajra in bulk for our processing unit.,2026-06-02,2026-08-16,Marathwada,Beed,Patoda,Chumbli
D1257,B3067,Maize,Karveer,66.45,2319.69,Sourcing Maize in bulk for our processing unit.,2026-05-15,2026-08-04,Khandesh,Dhule,Sakri,Kasare
D1258,B3600,Bajra,Saburi,56.51,2040.08,Sourcing Bajra for export-quality grading and packaging.,2026-05-28,2026-07-16,Marathwada,Chhatrapati Sambhajinagar (Aurangabad),Aurangabad,Ladsawangi
D1259,B2334,Tur,Phule Rajeshwari,35.38,6664.8,Looking for fresh Tur for wholesale procurement.,2026-05-23,2026-07-12,Marathwada,Latur,Shirur Anantpal,Aari
D1260,B3927,Field Beans,Not Specified,38.17,3080.43,Need consistent Field Beans supply for ongoing operations.,2026-07-15,2026-08-02,Konkan,Raigad,Tala,Bamanghar
D1261,B2662,Linseed,Not Specified,51.38,6520.55,Sourcing Linseed for export-quality grading and packaging.,2026-08-22,2026-11-04,Vidarbha,Gadchiroli,Etapalli,Bhapda
D1262,B1077,Sugarcane,Co 740,463.71,323.4,Requirement raised for Sugarcane to meet upcoming production schedule.,2026-07-09,2026-10-29,Vidarbha,Bhandara,Pauni,Akot
D1263,B1938,Banana,Rajapuri,17.11,3744.35,Looking for fresh Banana for wholesale procurement.,2026-06-30,2026-07-28,Khandesh,Jalgaon,Parola,Babhale Nag
D1264,B2312,Maize,Karveer,24.52,1916.88,Inviting offers for Maize from farmers in the region.,2026-05-27,2026-07-26,Khandesh,Jalgaon,Raver,Ainpur
D1265,B0943,Jowar,Not Specified,74.93,3464.62,Buyer looking to purchase Jowar directly from farmers.,2026-05-28,2026-09-20,Vidarbha,Gadchiroli,Korchi,Maseli
D1266,B0845,Tur,Not Specified,40.61,6149.3,"Standing requirement for Tur, quantity flexible based on quality.",2026-07-24,2026-09-06,Marathwada,Parbhani,Jintur,Kausadi
D1267,B1880,Gram,Vijay,11.02,6940.83,Seeking regular Gram supply from nearby farmers.,2026-06-29,2026-10-10,Marathwada,Latur,Nilanga,Aurad
D1268,B1636,Sugarcane,Co 740,256.26,470.51,Sourcing Sugarcane for export-quality grading and packaging.,2026-07-25,2026-09-17,Marathwada,Parbhani,Palam,Banwas
D1269,B1817,Tur,Phule Rajeshwari,12.24,6994.17,Looking for fresh Tur for wholesale procurement.,2026-06-13,2026-08-11,Marathwada,Latur,Renapur,Kadepur
D1270,B2979,Rice,Indrayani,71.12,3812.13,Looking for fresh Rice for wholesale procurement.,2026-05-26,2026-06-20,Vidarbha,Nagpur,Umred,Bela
D1271,B0428,Mango (Alphonso),Not Specified,14.7,13248.17,Sourcing Mango (Alphonso) in bulk for our processing unit.,2026-08-21,2026-09-06,Konkan,Ratnagiri,Chiplun,Ketki
D1272,B3530,Wheat,Tapovan (NIAW-917),30.73,2466.47,Bulk Wheat requirement for processing.,2026-07-29,2026-11-18,Vidarbha,Amravati,Nandgaon Khandeshwar,Dhamak
D1273,B4521,Chickoo,Not Specified,7.95,2735.8,Requirement raised for Chickoo to meet upcoming production schedule.,2026-08-06,2026-09-18,Konkan,Thane,Shahapur,Cherpoli
D1274,B3045,Linseed,Parbhani Alsi,19.16,6481.01,Bulk Linseed requirement for processing.,2026-05-18,2026-09-15,Vidarbha,Gadchiroli,Gadchiroli,Amirza
D1275,B0986,Cotton,Bt Cotton (Bollgard II hybrid),20.49,8804.32,Bulk Cotton requirement for processing.,2026-05-10,2026-08-12,Vidarbha,Akola,Barshitakli,Pinjar
D1276,B2810,Rice,Karjat-3,94.64,3704.4,Sourcing Rice for export-quality grading and packaging.,2026-05-22,2026-07-02,Konkan,Raigad,Sudhagad-Pali,Koshimbale
D1277,B1571,Rice,Indrayani,86.34,5039.5,Inviting offers for Rice from farmers in the region.,2026-08-26,2026-11-05,Konkan,Raigad,Mangaon,Adghar
D1278,B3674,Linseed,Not Specified,13.92,6611.1,Need consistent Linseed supply for ongoing operations.,2026-06-28,2026-09-25,Vidarbha,Gadchiroli,Korchi,Maseli
D1279,B0180,Chickoo,Kalipatti,25.32,2162.06,Looking for fresh Chickoo for wholesale procurement.,2026-08-24,2026-09-06,Konkan,Palghar,Mokhada,Poshera
D1280,B1559,Rice,Not Specified,44.54,4860.66,Inviting offers for Rice from farmers in the region.,2026-08-25,2026-10-10,Konkan,Sindhudurg,Vengurla,Parule
D1281,B3587,Soybean,Not Specified,32.43,6950.21,Buyer looking to purchase Soybean directly from farmers.,2026-07-22,2026-09-11,Vidarbha,Washim,Manora,Poharadevi
D1282,B1508,Tur,Vipula,22.31,7920.69,Inviting offers for Tur from farmers in the region.,2026-07-03,2026-10-26,Marathwada,Dharashiv (Osmanabad),Lohara,Jewali
D1283,B4302,Bajra,Phule Adishakti,27.44,2726.45,Bulk Bajra requirement for processing.,2026-05-24,2026-06-23,Khandesh,Nashik,Surgana,Mhaiskhadak
D1284,B4371,Vari,Konkan local Vari landrace,53.37,5159.97,Sourcing Vari in bulk for our processing unit.,2026-08-23,2026-10-21,Western Maharashtra (Desh),Kolhapur,Radhanagari,Turambe
D1285,B0423,Jowar,Not Specified,25.22,5930.56,Inviting offers for Jowar from farmers in the region.,2026-05-16,2026-09-01,Vidarbha,Chandrapur,Bhadravati,Belgaon
D1286,B2847,Bajra,Not Specified,71.03,2872.88,Sourcing Bajra for export-quality grading and packaging.,2026-08-19,2026-10-16,Marathwada,Chhatrapati Sambhajinagar (Aurangabad),Kannad,Deogaon (R)
D1287,B1095,Maize,Pratap Hybrid-1,27.58,2790.59,Looking to procure Maize for institutional buyers.,2026-08-13,2026-10-22,Khandesh,Nashik,Malegaon,Pimpalgaon
D1288,B1797,Sugarcane,Not Specified,205.62,371.3,Looking for fresh Sugarcane for wholesale procurement.,2026-07-13,2026-10-20,Western Maharashtra (Desh),Pune,Junnar,Ajanawale
D1289,B0872,Linseed,Not Specified,46.17,7883.92,Sourcing Linseed in bulk for our processing unit.,2026-08-18,2026-12-02,Vidarbha,Gadchiroli,Gadchiroli,Kotgal
D1290,B4513,Mango (Alphonso),Ratna,11.41,12856.42,"Standing requirement for Mango (Alphonso), quantity flexible based on quality.",2026-07-25,2026-08-29,Konkan,Sindhudurg,Sawantwadi,Amboli
D1291,B1276,Soybean,MACS 1281,31.45,7348.91,Bulk Soybean requirement for processing.,2026-07-08,2026-09-29,Vidarbha,Chandrapur,Nagbhid,Akapur
D1292,B1516,Soybean,Not Specified,19.28,6269.29,Sourcing Soybean for export-quality grading and packaging.,2026-05-26,2026-07-26,Khandesh,Nandurbar,Nandurbar,Ambapur
D1293,B0173,Field Beans,Konkan Val landrace,32.49,4570.82,"Procurement need for good quality Field Beans, open to multiple sellers.",2026-05-09,2026-05-23,Konkan,Raigad,Karjat,Khanand
D1294,B3494,Bajra,Shraddha,14.79,3401.21,Sourcing Bajra for export-quality grading and packaging.,2026-08-07,2026-09-02,Western Maharashtra (Desh),Pune,Khed,Ambethan
D1295,B0817,Cashew,Konkan Kalpa,7.73,13954.99,Looking to procure Cashew for institutional buyers.,2026-08-23,2026-09-10,Konkan,Sindhudurg,Kankavli,Bandargaon
D1296,B2035,Sugarcane,Not Specified,199.57,623.07,"Standing requirement for Sugarcane, quantity flexible based on quality.",2026-05-01,2026-05-27,Vidarbha,Bhandara,Tumsar,Bajartola
D1297,B0872,Linseed,Parbhani Alsi,55.46,5733.89,Seeking regular Linseed supply from nearby farmers.,2026-07-06,2026-10-11,Vidarbha,Gadchiroli,Gadchiroli,Kotgal
D1298,B3640,Jowar,Not Specified,29.11,4455.84,"Procurement need for good quality Jowar, open to multiple sellers.",2026-05-07,2026-08-28,Western Maharashtra (Desh),Pune,Junnar,Ajanawale
D1299,B2192,Maize,Not Specified,16.4,2622.37,Bulk Maize requirement for processing.,2026-07-14,2026-08-21,Khandesh,Dhule,Sindkheda,Chilane
D1300,B4191,Ragi,Not Specified,17.11,2769.54,"Procurement need for good quality Ragi, open to multiple sellers.",2026-05-02,2026-07-20,Konkan,Thane,Murbad,Dhasai
D1301,B3158,Udid,TAU-1,23.74,9237.13,Buyer looking to purchase Udid directly from farmers.,2026-07-31,2026-11-24,Konkan,Thane,Thane,Adavli
D1302,B0921,Mango (Alphonso),Alphonso (Hapus),11.54,29159.97,Sourcing Mango (Alphonso) in bulk for our processing unit.,2026-06-20,2026-07-21,Konkan,Ratnagiri,Khed,Khed (Bhadgaon)
D1303,B0970,Jowar,CSH-16,68.35,4993.49,Seeking regular Jowar supply from nearby farmers.,2026-06-30,2026-09-05,Vidarbha,Chandrapur,Pombhurna,Ashta
D1304,B1486,Turmeric,Not Specified,7.69,15884.49,Sourcing Turmeric in bulk for our processing unit.,2026-07-24,2026-08-21,Western Maharashtra (Desh),Sangli,Palus,Ankalkhop
D1305,B2854,Chickoo,Not Specified,12.27,3079.3,Requirement raised for Chickoo to meet upcoming production schedule.,2026-08-23,2026-09-06,Konkan,Thane,Kalyan,Antarde
D1306,B0018,Udid,Not Specified,74.06,8917.62,Seeking regular Udid supply from nearby farmers.,2026-06-15,2026-08-28,Konkan,Palghar,Palghar,Betegaon
D1307,B3660,Udid,Not Specified,61.19,7972.56,Bulk Udid requirement for processing.,2026-05-16,2026-08-03,Konkan,Thane,Shahapur,Cherpoli
D1308,B2282,Groundnut,SB-11,73.22,6208.2,Buyer looking to purchase Groundnut directly from farmers.,2026-06-19,2026-09-15,Vidarbha,Washim,Malegaon,Bramhanwada Najik Marsul
D1309,B3473,Coconut,T x D hybrid,23.78,5124.05,Seeking regular Coconut supply from nearby farmers.,2026-08-12,2026-09-06,Konkan,Sindhudurg,Devgad,Jamsande
D1310,B3140,Mango (Alphonso),Ratna,21.79,18162.52,Inviting offers for Mango (Alphonso) from farmers in the region.,2026-08-14,2026-09-17,Konkan,Ratnagiri,Chiplun,Karambavane
D1311,B0685,Cotton,Not Specified,35.05,9150.55,Sourcing Cotton for export-quality grading and packaging.,2026-08-13,2026-10-05,Vidarbha,Chandrapur,Bhadravati,Ashta
D1312,B0715,Field Beans,Konkan Val landrace,11.41,4998.68,Requirement raised for Field Beans to meet upcoming production schedule.,2026-07-16,2026-08-03,Konkan,Raigad,Panvel,Bhatan
D1313,B0903,Vari,Local Bhagar landrace,34.02,4969.53,Seeking regular Vari supply from nearby farmers.,2026-06-11,2026-07-24,Konkan,Raigad,Khalapur,Adoshi
D1314,B4518,Field Beans,Not Specified,35.77,3404.69,"Procurement need for good quality Field Beans, open to multiple sellers.",2026-05-07,2026-05-25,Konkan,Raigad,Sudhagad-Pali,Kumbharshet
D1315,B0961,Jowar,Not Specified,55.56,4021.57,Looking for fresh Jowar for wholesale procurement.,2026-08-01,2026-10-19,Marathwada,Nanded,Naigaon,Naigaon
D1316,B3045,Linseed,NL-97,44.73,5705.93,"Standing requirement for Linseed, quantity flexible based on quality.",2026-08-18,2026-09-15,Vidarbha,Gadchiroli,Gadchiroli,Amirza
D1317,B1204,Groundnut,JL-24,24.37,5600.62,Buyer looking to purchase Groundnut directly from farmers.,2026-05-21,2026-07-08,Vidarbha,Bhandara,Sakoli,Parsodi
D1318,B3849,Field Beans,Not Specified,30.11,4600.17,Sourcing Field Beans in bulk for our processing unit.,2026-07-05,2026-08-05,Konkan,Raigad,Khalapur,Adoshi
D1319,B3638,Gram,Not Specified,54.28,5350.76,Seeking regular Gram supply from nearby farmers.,2026-05-08,2026-08-23,Marathwada,Latur,Renapur,Kharola
D1320,B0264,Mango (Alphonso),Not Specified,9.87,10285.39,Buyer looking to purchase Mango (Alphonso) directly from farmers.,2026-08-15,2026-09-23,Konkan,Ratnagiri,Chiplun,Ketki
D1321,B4540,Cashew,Not Specified,12.52,19486.63,Sourcing Cashew in bulk for our processing unit.,2026-08-02,2026-09-08,Konkan,Sindhudurg,Vengurla,Parule
D1322,B1285,Linseed,NL-97,36.75,7964.53,Seeking regular Linseed supply from nearby farmers.,2026-08-06,2026-10-21,Vidarbha,Gadchiroli,Mulchera,Gomani
D1323,B0459,Groundnut,Phule Unnati,61.99,9056.54,"Standing requirement for Groundnut, quantity flexible based on quality.",2026-08-16,2026-12-07,Western Maharashtra (Desh),Solapur,Karmala,Jeur
D1324,B3838,Cotton,RCH-2 Bt,60.85,8068.03,Requirement raised for Cotton to meet upcoming production schedule.,2026-07-26,2026-09-13,Marathwada,Beed,Georai,Dhondrai
D1325,B2212,Cotton,Ajeet-155 Bt,31.29,9677.12,Requirement raised for Cotton to meet upcoming production schedule.,2026-05-03,2026-07-03,Vidarbha,Yavatmal,Arni,Jawala
D1326,B1334,Jowar,CSH-16,22.74,2452.75,Sourcing Jowar in bulk for our processing unit.,2026-05-27,2026-07-16,Western Maharashtra (Desh),Pune,Pune City,Keshavnagar-Mundwa
D1327,B0266,Chickoo,Cricket Ball,33.9,3241.65,"Standing requirement for Chickoo, quantity flexible based on quality.",2026-08-26,2026-10-05,Konkan,Thane,Bhiwandi,Ambardi
D1328,B0375,Cashew,Konkan Kalpa,34.68,13904.74,Requirement raised for Cashew to meet upcoming production schedule.,2026-08-07,2026-09-11,Konkan,Sindhudurg,Vengurla,Chipi
D1329,B4098,Gram,Vijay,56.29,6903.43,Sourcing Gram for export-quality grading and packaging.,2026-07-30,2026-10-05,Marathwada,Latur,Latur,Bhosa
D1330,B3337,Bajra,Not Specified,40.8,3336.94,Seeking regular Bajra supply from nearby farmers.,2026-05-02,2026-07-14,Marathwada,Beed,Patoda,Patoda
D1331,B3908,Vari,Not Specified,68.12,3820.91,Seeking regular Vari supply from nearby farmers.,2026-07-30,2026-09-03,Konkan,Raigad,Tala,Ambeli
D1332,B0765,Sunflower,Not Specified,25.2,5749.89,Looking to procure Sunflower for institutional buyers.,2026-07-27,2026-11-20,Vidarbha,Buldhana,Buldhana,Deulghat
D1333,B1320,Banana,Not Specified,19.31,5280.12,"Standing requirement for Banana, quantity flexible based on quality.",2026-07-27,2026-08-27,Khandesh,Jalgaon,Jalgaon,Asoda
D1334,B3666,Ragi,Not Specified,14.71,3399.09,Buyer looking to purchase Ragi directly from farmers.,2026-05-05,2026-08-29,Konkan,Palghar,Mokhada,Poshera
D1335,B3176,Jowar,Phule Yashoda,49.09,6506.77,"Standing requirement for Jowar, quantity flexible based on quality.",2026-07-24,2026-10-20,Western Maharashtra (Desh),Pune,Baramati,Ambi Bk.
D1336,B0798,Linseed,Not Specified,15.35,7696.07,Inviting offers for Linseed from farmers in the region.,2026-08-18,2026-09-23,Vidarbha,Gondia,Gondia,Adashi
D1337,B4088,Gram,Phule Vikram,19.67,5370.73,Bulk Gram requirement for processing.,2026-06-09,2026-08-19,Marathwada,Latur,Latur,Bhosa
D1338,B2895,Soybean,JS 335,53.07,5915.64,Need consistent Soybean supply for ongoing operations.,2026-08-26,2026-11-15,Marathwada,Nanded,Dharmabad,Karkheli
D1339,B1151,Tur,Not Specified,70.79,7204.41,Requirement raised for Tur to meet upcoming production schedule.,2026-08-17,2026-11-01,Vidarbha,Wardha,Ashti,Wadala
D1340,B3351,Groundnut,Not Specified,68.16,6018.5,Requirement raised for Groundnut to meet upcoming production schedule.,2026-07-10,2026-10-22,Vidarbha,Washim,Mangrulpir,Borwha Kh.
D1341,B2570,Soybean,MACS 1281,40.13,5273.04,Looking to procure Soybean for institutional buyers.,2026-05-05,2026-08-20,Vidarbha,Akola,Murtajapur,Mana
D1342,B0468,Wheat,Not Specified,23.32,3200.74,Looking for fresh Wheat for wholesale procurement.,2026-05-22,2026-06-29,Vidarbha,Gondia,Arjuni-Morgaon,Nawegaon Bondh
D1343,B2382,Gram,Vijay,64.73,5206.77,Need consistent Gram supply for ongoing operations.,2026-07-29,2026-10-06,Marathwada,Latur,Jalkot,Atnoor
D1344,B3817,Banana,Shrimanti,31.52,3230.47,Bulk Banana requirement for processing.,2026-05-26,2026-06-11,Khandesh,Jalgaon,Parola,Babhale Nag
D1345,B3252,Wheat,Not Specified,20.49,2501.08,Requirement raised for Wheat to meet upcoming production schedule.,2026-06-18,2026-09-28,Vidarbha,Yavatmal,Pusad,Shambal Pimpri
D1346,B3984,Sunflower,Phule Raviraj,17.0,6502.42,Inviting offers for Sunflower from farmers in the region.,2026-05-22,2026-08-15,Vidarbha,Buldhana,Deulgaon Raja,Deulgaon Mahi
D1347,B1193,Groundnut,Not Specified,29.27,5668.21,"Standing requirement for Groundnut, quantity flexible based on quality.",2026-08-09,2026-09-10,Vidarbha,Bhandara,Lakhandur,Dighori (Mothi)
D1348,B2962,Sugarcane,Not Specified,557.21,355.6,"Procurement need for good quality Sugarcane, open to multiple sellers.",2026-08-18,2026-12-08,Western Maharashtra (Desh),Sangli,Miraj,Bamnoli
D1349,B3465,Field Beans,Konkan Val landrace,7.3,2950.59,Buyer looking to purchase Field Beans directly from farmers.,2026-05-11,2026-06-18,Konkan,Raigad,Shrivardhan,Asuf
D1350,B3439,Turmeric,Selam,28.16,11006.41,Looking for fresh Turmeric for wholesale procurement.,2026-05-13,2026-06-19,Western Maharashtra (Desh),Sangli,Kavathemahankal,Agalgaon
D1351,B2802,Rice,Not Specified,36.03,3696.28,Buyer looking to purchase Rice directly from farmers.,2026-07-06,2026-10-07,Konkan,Palghar,Talasari,Upalat
D1352,B1317,Tur,Not Specified,36.39,8662.45,"Standing requirement for Tur, quantity flexible based on quality.",2026-06-24,2026-07-20,Khandesh,Nandurbar,Akkalkuwa,Dab
D1353,B4595,Groundnut,Not Specified,47.31,5834.95,Looking to procure Groundnut for institutional buyers.,2026-07-18,2026-08-30,Western Maharashtra (Desh),Solapur,Solapur North,Banegaon
D1354,B2653,Field Beans,Not Specified,32.7,4693.99,Sourcing Field Beans for export-quality grading and packaging.,2026-08-05,2026-08-15,Konkan,Raigad,Khalapur,Ambivali T. Wankhal
D1355,B1233,Mango (Alphonso),Not Specified,34.68,18324.79,Requirement raised for Mango (Alphonso) to meet upcoming production schedule.,2026-05-16,2026-06-21,Konkan,Ratnagiri,Ratnagiri,Bhandarwadi
D1356,B2153,Cotton,Ajeet-155 Bt,71.09,10108.31,Seeking regular Cotton supply from nearby farmers.,2026-07-25,2026-11-08,Vidarbha,Buldhana,Chikhli,Undri
D1357,B4739,Tur,BSMR-736,56.26,6171.53,Sourcing Tur for export-quality grading and packaging.,2026-07-15,2026-08-30,Marathwada,Latur,Chakur,Ambulga
D1358,B3093,Bajra,Phule Adishakti,69.75,4563.77,"Standing requirement for Bajra, quantity flexible based on quality.",2026-08-24,2026-11-04,Khandesh,Nashik,Nashik,Panchak
D1359,B2981,Rice,Indrayani,53.39,5299.17,Sourcing Rice for export-quality grading and packaging.,2026-07-09,2026-09-30,Vidarbha,Nagpur,Katol,Ambada
D1360,B3392,Groundnut,SB-11,62.36,7083.3,Requirement raised for Groundnut to meet upcoming production schedule.,2026-05-16,2026-07-02,Khandesh,Nashik,Yeola,Andarsul
D1361,B3759,Bajra,Phule Adishakti,43.97,2449.87,Buyer looking to purchase Bajra directly from farmers.,2026-06-23,2026-10-10,Khandesh,Nashik,Niphad,Kundewadi
D1362,B3584,Mango (Alphonso),Not Specified,27.12,28719.82,Bulk Mango (Alphonso) requirement for processing.,2026-08-26,2026-09-11,Konkan,Ratnagiri,Khed,Tulashi Kh.
D1363,B0735,Sugarcane,Not Specified,374.94,428.58,Need consistent Sugarcane supply for ongoing operations.,2026-08-07,2026-11-19,Western Maharashtra (Desh),Ahilyanagar (Ahmednagar),Shevgaon,Akhegaon Titarfa
D1364,B4463,Bajra,Shraddha,40.79,4130.39,Looking to procure Bajra for institutional buyers.,2026-06-11,2026-08-28,Khandesh,Nashik,Trimbakeshwar,Ajneri
D1365,B1736,Cotton,RCH-2 Bt,43.31,7936.14,Need consistent Cotton supply for ongoing operations.,2026-08-24,2026-11-01,Vidarbha,Washim,Washim,Ansing
D1366,B3801,Field Beans,Local Konkan landrace,4.69,3751.09,"Procurement need for good quality Field Beans, open to multiple sellers.",2026-07-10,2026-08-06,Konkan,Raigad,Sudhagad-Pali,Koshimbale
D1367,B2167,Soybean,MACS 1281,50.7,4433.16,Buyer looking to purchase Soybean directly from farmers.,2026-05-04,2026-06-01,Marathwada,Nanded,Ardhapur,Kamtha Bk.
D1368,B1257,Groundnut,Not Specified,63.18,7417.28,Sourcing Groundnut for export-quality grading and packaging.,2026-07-21,2026-09-26,Western Maharashtra (Desh),Kolhapur,Bhudargad,Madilge Bk.
D1369,B1397,Banana,Not Specified,34.36,2363.78,Buyer looking to purchase Banana directly from farmers.,2026-05-28,2026-07-02,Khandesh,Jalgaon,Bhusawal,Achegaon
D1370,B0423,Jowar,Not Specified,47.15,2957.42,Looking to procure Jowar for institutional buyers.,2026-06-24,2026-10-20,Vidarbha,Chandrapur,Bhadravati,Belgaon
D1371,B1424,Cotton,DCH-32,41.12,8782.39,Bulk Cotton requirement for processing.,2026-08-02,2026-09-12,Marathwada,Latur,Jalkot,Chera
D1372,B4131,Mango (Alphonso),Ratna,31.72,21356.43,Sourcing Mango (Alphonso) in bulk for our processing unit.,2026-08-15,2026-09-04,Konkan,Raigad,Tala,Bamanghar
D1373,B2642,Chickoo,Cricket Ball,4.74,1871.28,"Standing requirement for Chickoo, quantity flexible based on quality.",2026-05-22,2026-07-05,Konkan,Thane,Ambarnath,Ashele
D1374,B0646,Ragi,Not Specified,4.85,4054.5,Need consistent Ragi supply for ongoing operations.,2026-07-25,2026-10-03,Konkan,Thane,Shahapur,Shirol
D1375,B1529,Mango (Alphonso),Kesar,13.9,19177.61,"Procurement need for good quality Mango (Alphonso), open to multiple sellers.",2026-08-04,2026-09-07,Konkan,Sindhudurg,Devgad,Jamsande
D1376,B2134,Areca Nut,Not Specified,13.37,57280.69,Looking to procure Areca Nut for institutional buyers.,2026-05-02,2026-05-18,Konkan,Ratnagiri,Sangameshwar,Devade
D1377,B0909,Udid,BDU-1,15.8,7353.88,Seeking regular Udid supply from nearby farmers.,2026-05-13,2026-08-09,Konkan,Thane,Murbad,Deogaon
D1378,B2961,Cotton,Not Specified,21.44,7899.89,Looking for fresh Cotton for wholesale procurement.,2026-06-28,2026-09-23,Vidarbha,Gadchiroli,Gadchiroli,Amirza
D1379,B0626,Field Beans,Local Konkan landrace,17.31,3591.03,Need consistent Field Beans supply for ongoing operations.,2026-08-13,2026-09-03,Konkan,Raigad,Panvel,Barwai
D1380,B2448,Wheat,NIAW-34,49.2,2930.8,Looking for fresh Wheat for wholesale procurement.,2026-05-16,2026-07-23,Western Maharashtra (Desh),Satara,Jaoli,Alewadi
D1381,B2841,Bajra,ICTP-8203,18.54,3962.73,Bulk Bajra requirement for processing.,2026-05-28,2026-06-25,Marathwada,Beed,Ashti,Dhamangaon
D1382,B4391,Bajra,Phule Adishakti,22.27,2978.25,"Procurement need for good quality Bajra, open to multiple sellers.",2026-05-03,2026-06-14,Marathwada,Beed,Beed,Neknoor
D1383,B1801,Sugarcane,Phule 265,537.73,375.58,Need consistent Sugarcane supply for ongoing operations.,2026-05-29,2026-07-04,Western Maharashtra (Desh),Pune,Haveli,Agalambe
D1384,B2856,Chickoo,Not Specified,23.94,2999.52,Need consistent Chickoo supply for ongoing operations.,2026-07-01,2026-08-05,Konkan,Palghar,Talasari,Upalat
D1385,B1582,Udid,Phule Uttara,54.6,9263.41,Sourcing Udid in bulk for our processing unit.,2026-08-25,2026-10-02,Konkan,Thane,Thane,Agasan
D1386,B4782,Jowar,Not Specified,47.8,3114.88,"Procurement need for good quality Jowar, open to multiple sellers.",2026-08-24,2026-11-19,Marathwada,Parbhani,Palam,Palam
D1387,B3551,Groundnut,Not Specified,36.01,8235.49,Requirement raised for Groundnut to meet upcoming production schedule.,2026-07-24,2026-11-03,Vidarbha,Bhandara,Sakoli,Sendurwafa
D1388,B3138,Turmeric,Selam,13.28,18212.72,Bulk Turmeric requirement for processing.,2026-07-02,2026-07-14,Western Maharashtra (Desh),Sangli,Jat,Ankalagi
D1389,B4190,Soybean,MACS 1281,26.7,7103.83,Looking to procure Soybean for institutional buyers.,2026-08-24,2026-11-24,Khandesh,Nandurbar,Talode,Amoni
D1390,B2886,Sugarcane,Co 740,155.42,395.9,Seeking regular Sugarcane supply from nearby farmers.,2026-06-20,2026-07-24,Western Maharashtra (Desh),Ahilyanagar (Ahmednagar),Nevasa,Nevasa Kh. (Rural)
D1391,B1763,Cashew,Not Specified,16.2,21541.26,Bulk Cashew requirement for processing.,2026-04-30,2026-05-10,Konkan,Sindhudurg,Vaibhavwadi,Lore
D1392,B2695,Cashew,Vengurla-7,33.23,19383.38,Buyer looking to purchase Cashew directly from farmers.,2026-06-10,2026-07-03,Konkan,Sindhudurg,Kankavli,Shivajipeth
D1393,B4320,Ragi,Phule Nachani,12.8,3833.14,Looking to procure Ragi for institutional buyers.,2026-05-10,2026-08-25,Konkan,Thane,Murbad,Deogaon
D1394,B3455,Coconut,Not Specified,18.36,5779.83,"Procurement need for good quality Coconut, open to multiple sellers.",2026-05-28,2026-07-08,Konkan,Sindhudurg,Malwan,Waghavane
D1395,B4085,Turmeric,Rajapuri,15.16,10400.83,Seeking regular Turmeric supply from nearby farmers.,2026-07-21,2026-08-24,Western Maharashtra (Desh),Sangli,Shirala,Biur
D1396,B1937,Cotton,Not Specified,26.35,9322.97,"Standing requirement for Cotton, quantity flexible based on quality.",2026-08-26,2026-11-18,Vidarbha,Gadchiroli,Korchi,Betakathi
D1397,B2330,Ragi,Dapoli-2,5.22,3702.65,Inviting offers for Ragi from farmers in the region.,2026-05-05,2026-08-20,Konkan,Ratnagiri,Mandangad,Kondgaon
D1398,B0134,Cotton,Ajeet-155 Bt,61.01,8723.89,Sourcing Cotton in bulk for our processing unit.,2026-06-08,2026-08-16,Vidarbha,Gadchiroli,Aheri,Allapalli
D1399,B3280,Sugarcane,Co 94012,313.34,294.25,Sourcing Sugarcane in bulk for our processing unit.,2026-08-01,2026-10-23,Marathwada,Chhatrapati Sambhajinagar (Aurangabad),Sillod,Ajantha
D1400,B4042,Rice,Not Specified,92.74,3511.37,Requirement raised for Rice to meet upcoming production schedule.,2026-08-23,2026-09-30,Konkan,Thane,Kalyan,Antarli
D1401,B0240,Sunflower,KBSH-1,18.71,8199.9,Sourcing Sunflower for export-quality grading and packaging.,2026-08-04,2026-09-26,Vidarbha,Buldhana,Shegaon,Shegaon (R)
D1402,B1395,Groundnut,SB-11,61.58,7483.98,Looking for fresh Groundnut for wholesale procurement.,2026-08-23,2026-09-23,Khandesh,Nashik,Kalwan,Kalwan Khu
D1403,B2128,Udid,Not Specified,11.51,6613.68,Sourcing Udid in bulk for our processing unit.,2026-05-10,2026-07-16,Konkan,Thane,Murbad,Deogaon
D1404,B3110,Areca Nut,Mangala,34.87,47887.11,Bulk Areca Nut requirement for processing.,2026-05-18,2026-06-06,Konkan,Sindhudurg,Vengurla,Chipi
D1405,B4786,Sugarcane,Not Specified,550.81,429.32,Need consistent Sugarcane supply for ongoing operations.,2026-07-29,2026-10-28,Western Maharashtra (Desh),Kolhapur,Shahuwadi,Bambavade
D1406,B4323,Coconut,T x D hybrid,25.72,6384.28,Requirement raised for Coconut to meet upcoming production schedule.,2026-08-09,2026-09-18,Konkan,Sindhudurg,Kudal,Gaorai
D1407,B1851,Tur,ICPL-87,54.05,6739.69,"Procurement need for good quality Tur, open to multiple sellers.",2026-07-28,2026-11-24,Marathwada,Beed,Parli,Parli (Rural)
D1408,B1687,Areca Nut,Not Specified,6.76,45512.88,"Procurement need for good quality Areca Nut, open to multiple sellers.",2026-05-01,2026-05-24,Konkan,Ratnagiri,Rajapur,Varachiwadi (Kasheli)
D1409,B3836,Vari,Not Specified,22.01,3439.72,"Procurement need for good quality Vari, open to multiple sellers.",2026-08-13,2026-11-13,Konkan,Palghar,Talasari,Upalat
D1410,B4211,Groundnut,Not Specified,57.95,6674.32,Need consistent Groundnut supply for ongoing operations.,2026-07-27,2026-10-24,Khandesh,Nashik,Kalwan,Kalwan Baw
D1411,B0866,Cotton,Not Specified,22.13,8589.09,Need consistent Cotton supply for ongoing operations.,2026-08-18,2026-11-16,Western Maharashtra (Desh),Ahilyanagar (Ahmednagar),Parner,Dhavalpuri
D1412,B1664,Vari,Not Specified,22.01,3795.69,Seeking regular Vari supply from nearby farmers.,2026-07-31,2026-11-06,Western Maharashtra (Desh),Kolhapur,Shahuwadi,Bambavade
D1413,B0837,Tur,BDN-711,56.21,6353.32,Need consistent Tur supply for ongoing operations.,2026-05-27,2026-06-24,Marathwada,Latur,Ausa,Lamjana
D1414,B3902,Chickoo,Not Specified,17.83,2500.52,Inviting offers for Chickoo from farmers in the region.,2026-05-11,2026-06-17,Konkan,Thane,Bhiwandi,Ambardi
D1415,B1738,Coconut,T x D hybrid,20.73,2959.85,Sourcing Coconut in bulk for our processing unit.,2026-06-22,2026-07-05,Konkan,Sindhudurg,Kankavli,Shivajipeth
D1416,B3134,Jowar,Not Specified,36.8,3664.32,Buyer looking to purchase Jowar directly from farmers.,2026-05-25,2026-07-24,Khandesh,Jalgaon,Bodwad,Amadgaon
D1417,B4339,Gram,Not Specified,42.65,4949.45,Looking for fresh Gram for wholesale procurement.,2026-07-26,2026-09-03,Marathwada,Latur,Shirur Anantpal,Anandwadi
D1418,B1799,Chickoo,Cricket Ball,21.59,2434.11,Inviting offers for Chickoo from farmers in the region.,2026-05-14,2026-06-07,Konkan,Palghar,Vada,Abitghar
D1419,B3315,Areca Nut,Mangala,11.55,54316.96,Sourcing Areca Nut for export-quality grading and packaging.,2026-06-08,2026-07-01,Konkan,Ratnagiri,Ratnagiri,Bhandarwadi
D1420,B1402,Cashew,Not Specified,15.41,16673.11,"Standing requirement for Cashew, quantity flexible based on quality.",2026-06-10,2026-06-20,Konkan,Sindhudurg,Dodamarg,Kumbral
D1421,B0773,Sunflower,Phule Raviraj,60.66,7755.89,Sourcing Sunflower for export-quality grading and packaging.,2026-06-03,2026-08-07,Vidarbha,Buldhana,Khamgaon,Sutala Bk.
D1422,B0569,Tur,ICPL-87,66.17,6014.08,Looking for fresh Tur for wholesale procurement.,2026-07-29,2026-10-16,Marathwada,Latur,Nilanga,Kasarshirshi
D1423,B2737,Bajra,Saburi,65.16,2470.95,Looking for fresh Bajra for wholesale procurement.,2026-07-20,2026-10-13,Marathwada,Chhatrapati Sambhajinagar (Aurangabad),Vaijapur,Dhondalgaon
D1424,B4778,Turmeric,Phule Swarupa,16.58,9604.13,Looking for fresh Turmeric for wholesale procurement.,2026-07-17,2026-08-14,Western Maharashtra (Desh),Sangli,Tasgaon,Anjani
D1425,B1871,Groundnut,Phule Unnati,57.59,8336.55,Bulk Groundnut requirement for processing.,2026-06-13,2026-10-10,Khandesh,Dhule,Sakri,Kasare
D1426,B2750,Sunflower,Morden,78.17,5881.2,Need consistent Sunflower supply for ongoing operations.,2026-06-05,2026-08-27,Vidarbha,Buldhana,Shegaon,Jalamb
D1427,B0112,Linseed,Not Specified,24.3,6355.33,Inviting offers for Linseed from farmers in the region.,2026-08-09,2026-11-18,Vidarbha,Gondia,Amgaon,Asordi
D1428,B3968,Tur,Vipula,55.13,5597.95,Buyer looking to purchase Tur directly from farmers.,2026-08-17,2026-12-04,Marathwada,Beed,Wadwani,Upli
D1429,B1161,Field Beans,Konkan Val landrace,12.82,4711.44,Buyer looking to purchase Field Beans directly from farmers.,2026-06-20,2026-07-05,Konkan,Raigad,Mangaon,Alsunde
D1430,B1588,Sugarcane,Not Specified,254.97,316.69,Sourcing Sugarcane in bulk for our processing unit.,2026-08-19,2026-12-08,Western Maharashtra (Desh),Ahilyanagar (Ahmednagar),Nagar,Akolner
D1431,B4464,Wheat,Not Specified,36.07,3395.46,Inviting offers for Wheat from farmers in the region.,2026-05-25,2026-09-13,Vidarbha,Amravati,Anjangaon-Surji,Khanampur
D1432,B2858,Bajra,Not Specified,33.54,3115.16,Sourcing Bajra in bulk for our processing unit.,2026-06-13,2026-07-13,Marathwada,Beed,Beed,Chausala
D1433,B4748,Areca Nut,Sumangala,31.87,35581.59,Need consistent Areca Nut supply for ongoing operations.,2026-07-17,2026-08-18,Konkan,Sindhudurg,Kudal,Gaorai
D1434,B2363,Areca Nut,Mangala,20.78,50614.77,Need consistent Areca Nut supply for ongoing operations.,2026-07-30,2026-09-11,Konkan,Sindhudurg,Vengurla,Chipi
D1435,B2374,Soybean,Not Specified,50.14,5405.57,Sourcing Soybean in bulk for our processing unit.,2026-05-08,2026-07-09,Khandesh,Nashik,Surgana,Dodopada
D1436,B0128,Field Beans,Konkan Val landrace,14.14,4323.64,Looking for fresh Field Beans for wholesale procurement.,2026-07-07,2026-07-17,Konkan,Raigad,Panvel,Belavali
D1437,B3526,Mango (Alphonso),Alphonso (Hapus),5.84,9748.87,Sourcing Mango (Alphonso) in bulk for our processing unit.,2026-08-10,2026-09-21,Konkan,Raigad,Mahad,Rupavali
D1438,B4594,Udid,BDU-1,56.35,6912.47,Sourcing Udid for export-quality grading and packaging.,2026-05-28,2026-09-04,Konkan,Palghar,Dahanu,Bordi
D1439,B0662,Maize,African Tall,39.18,2128.96,Looking to procure Maize for institutional buyers.,2026-07-25,2026-10-12,Khandesh,Nashik,Nandgaon,Girananagar
D1440,B3270,Chickoo,Not Specified,6.96,2489.82,Sourcing Chickoo in bulk for our processing unit.,2026-07-21,2026-08-11,Konkan,Thane,Bhiwandi,Anjur
D1441,B4620,Groundnut,SB-11,60.81,6055.06,"Procurement need for good quality Groundnut, open to multiple sellers.",2026-06-05,2026-08-22,Western Maharashtra (Desh),Pune,Velhe,Ambavane
D1442,B4541,Sunflower,Morden,15.0,6855.44,Looking to procure Sunflower for institutional buyers.,2026-07-04,2026-08-21,Vidarbha,Buldhana,Khamgaon,Sutala Bk.
D1443,B3080,Field Beans,Not Specified,33.05,3020.8,Inviting offers for Field Beans from farmers in the region.,2026-07-01,2026-07-31,Konkan,Raigad,Poladpur,Agryachakond
D1444,B4128,Groundnut,Not Specified,54.83,7235.84,Buyer looking to purchase Groundnut directly from farmers.,2026-07-04,2026-09-19,Western Maharashtra (Desh),Pune,Junnar,Ajanawale
D1445,B3779,Sunflower,KBSH-1,75.92,6396.4,Seeking regular Sunflower supply from nearby farmers.,2026-07-23,2026-09-24,Vidarbha,Buldhana,Chikhli,Undri
D1446,B1988,Ragi,Not Specified,15.78,3855.91,"Standing requirement for Ragi, quantity flexible based on quality.",2026-08-19,2026-09-19,Konkan,Thane,Ambarnath,Ashele
D1447,B3217,Udid,BDU-1,39.59,8870.93,Inviting offers for Udid from farmers in the region.,2026-07-04,2026-08-04,Konkan,Thane,Kalyan,Antarde
D1448,B0694,Turmeric,Selam,6.51,15148.19,Sourcing Turmeric in bulk for our processing unit.,2026-07-17,2026-08-17,Western Maharashtra (Desh),Sangli,Miraj,Arag
D1449,B0499,Cotton,Suraj Bt,51.12,9573.77,Looking for fresh Cotton for wholesale procurement.,2026-08-02,2026-11-01,Western Maharashtra (Desh),Solapur,Solapur North,Banegaon
D1450,B1181,Turmeric,Not Specified,30.21,10525.11,Looking to procure Turmeric for institutional buyers.,2026-07-26,2026-08-14,Western Maharashtra (Desh),Sangli,Tasgaon,Anjani
D1451,B2465,Sunflower,Not Specified,59.26,8020.35,Need consistent Sunflower supply for ongoing operations.,2026-07-24,2026-09-12,Vidarbha,Buldhana,Motala,Rohinkhed
D1452,B0940,Mango (Alphonso),Kesar,23.91,9353.31,Bulk Mango (Alphonso) requirement for processing.,2026-06-05,2026-06-21,Konkan,Raigad,Alibag,Agarkot
D1453,B3881,Mango (Alphonso),Ratna,16.96,28438.71,Sourcing Mango (Alphonso) in bulk for our processing unit.,2026-06-26,2026-07-17,Konkan,Sindhudurg,Kankavli,Bandargaon
D1454,B1925,Field Beans,Not Specified,23.2,4922.9,Looking to procure Field Beans for institutional buyers.,2026-07-01,2026-07-18,Konkan,Raigad,Tala,Ambeli
D1455,B3542,Mango (Alphonso),Alphonso (Hapus),10.24,25890.21,Looking to procure Mango (Alphonso) for institutional buyers.,2026-06-04,2026-07-16,Konkan,Sindhudurg,Malwan,Devli
D1456,B4479,Tur,Phule Rajeshwari,26.95,7820.41,"Standing requirement for Tur, quantity flexible based on quality.",2026-07-08,2026-10-26,Marathwada,Beed,Kaij,Hol
D1457,B2255,Cotton,Ajeet-155 Bt,37.73,9768.05,Seeking regular Cotton supply from nearby farmers.,2026-05-03,2026-07-25,Marathwada,Dharashiv (Osmanabad),Paranda,Kangalgaon
D1458,B0985,Rice,Not Specified,11.85,3945.77,Looking to procure Rice for institutional buyers.,2026-07-27,2026-11-13,Konkan,Ratnagiri,Chiplun,Karambavane
D1459,B3642,Turmeric,Rajapuri,30.08,13871.79,Sourcing Turmeric for export-quality grading and packaging.,2026-07-03,2026-07-13,Western Maharashtra (Desh),Sangli,Khanapur,Balvadi
D1460,B1297,Tur,Vipula,21.85,8627.93,Inviting offers for Tur from farmers in the region.,2026-06-24,2026-07-27,Vidarbha,Yavatmal,Darwha,Bori Kh.
D1461,B1430,Soybean,Not Specified,30.39,6754.86,Requirement raised for Soybean to meet upcoming production schedule.,2026-07-04,2026-08-15,Vidarbha,Washim,Karanja,Bhambdevi
D1462,B2281,Sunflower,Not Specified,55.02,7979.23,Bulk Sunflower requirement for processing.,2026-08-22,2026-12-07,Vidarbha,Buldhana,Sangrampur,Bawanbir
D1463,B3963,Sunflower,Phule Raviraj,51.35,5638.8,Sourcing Sunflower for export-quality grading and packaging.,2026-08-23,2026-12-10,Vidarbha,Buldhana,Mehkar,Dongaon
D1464,B4305,Groundnut,SB-11,46.77,7638.81,"Standing requirement for Groundnut, quantity flexible based on quality.",2026-07-23,2026-10-07,Khandesh,Nashik,Trimbakeshwar,Talwade Tri
D1465,B0554,Jowar,CSH-25,24.06,5253.57,Need consistent Jowar supply for ongoing operations.,2026-08-23,2026-11-16,Vidarbha,Akola,Balapur,Wadegaon
D1466,B2652,Soybean,Not Specified,70.17,7044.96,Sourcing Soybean for export-quality grading and packaging.,2026-08-11,2026-09-18,Vidarbha,Washim,Malegaon,Chiwara
D1467,B1426,Bajra,Not Specified,33.09,4567.89,Bulk Bajra requirement for processing.,2026-05-08,2026-07-04,Marathwada,Beed,Parli,Dharmapuri
D1468,B0938,Tur,BDN-711,36.7,6812.92,Looking to procure Tur for institutional buyers.,2026-08-15,2026-10-01,Vidarbha,Chandrapur,Bhadravati,Ashta
D1469,B2631,Cashew,Vengurla-8,16.38,23614.77,"Standing requirement for Cashew, quantity flexible based on quality.",2026-07-16,2026-08-07,Konkan,Ratnagiri,Mandangad,Ambavane Bk.
D1470,B2069,Groundnut,SB-11,23.1,8217.82,Buyer looking to purchase Groundnut directly from farmers.,2026-08-13,2026-10-01,Khandesh,Nashik,Sinnar,Wavi
D1471,B0705,Wheat,Not Specified,47.29,2983.99,"Procurement need for good quality Wheat, open to multiple sellers.",2026-05-04,2026-06-15,Marathwada,Nanded,Mukhed,Jamb Bk.
D1472,B0043,Linseed,Parbhani Alsi,39.4,7681.17,Requirement raised for Linseed to meet upcoming production schedule.,2026-05-27,2026-09-22,Vidarbha,Gadchiroli,Korchi,Betakathi
D1473,B4327,Bajra,Phule Adishakti,45.11,3262.62,Requirement raised for Bajra to meet upcoming production schedule.,2026-06-20,2026-09-24,Marathwada,Jalna,Mantha,Mantha
D1474,B1130,Ragi,Not Specified,17.85,3863.94,Bulk Ragi requirement for processing.,2026-07-17,2026-08-27,Konkan,Thane,Kalyan,Antarde
D1475,B4238,Tur,BDN-711,40.37,5703.62,Inviting offers for Tur from farmers in the region.,2026-06-16,2026-08-08,Marathwada,Dharashiv (Osmanabad),Kalamb,Diksal
D1476,B2375,Gram,Not Specified,25.05,6291.98,Bulk Gram requirement for processing.,2026-08-18,2026-10-02,Marathwada,Latur,Nilanga,Kasarshirshi
D1477,B2360,Coconut,Dwarf Green,31.97,6219.07,Inviting offers for Coconut from farmers in the region.,2026-06-14,2026-06-27,Konkan,Sindhudurg,Dodamarg,Talkat
D1478,B4473,Jowar,Not Specified,16.0,4421.9,Sourcing Jowar in bulk for our processing unit.,2026-07-27,2026-08-25,Marathwada,Hingoli,Sengaon,Pankanhergaon
D1479,B2770,Udid,Phule Uttara,31.01,8876.43,Seeking regular Udid supply from nearby farmers.,2026-05-29,2026-09-24,Konkan,Thane,Bhiwandi,Ambardi
D1480,B2701,Udid,Not Specified,53.01,9234.86,"Procurement need for good quality Udid, open to multiple sellers.",2026-07-08,2026-10-13,Konkan,Thane,Kalyan,Antarde
D1481,B0290,Mango (Alphonso),Alphonso (Hapus),35.2,20664.84,"Standing requirement for Mango (Alphonso), quantity flexible based on quality.",2026-08-23,2026-10-07,Konkan,Raigad,Panvel,Bhatan
D1482,B3923,Field Beans,Not Specified,13.71,2878.46,Looking for fresh Field Beans for wholesale procurement.,2026-07-08,2026-08-01,Konkan,Raigad,Sudhagad-Pali,Kumbharshet
D1483,B2870,Soybean,JS 9560,57.55,7265.41,"Procurement need for good quality Soybean, open to multiple sellers.",2026-05-02,2026-06-03,Vidarbha,Washim,Malegaon,Bramhanwada Najik Marsul
D1484,B0216,Rice,Not Specified,79.56,4500.13,Buyer looking to purchase Rice directly from farmers.,2026-07-30,2026-11-26,Western Maharashtra (Desh),Kolhapur,Panhala,Karanjphen
D1485,B0149,Coconut,Not Specified,5.9,5602.84,Sourcing Coconut for export-quality grading and packaging.,2026-05-18,2026-06-24,Konkan,Sindhudurg,Vaibhavwadi,Nadhavade
D1486,B4502,Tur,Phule Rajeshwari,15.89,7642.14,Requirement raised for Tur to meet upcoming production schedule.,2026-06-19,2026-08-26,Marathwada,Latur,Ahmedpur,Kingaon
D1487,B3577,Jowar,Not Specified,24.49,2799.55,Looking for fresh Jowar for wholesale procurement.,2026-06-02,2026-09-30,Western Maharashtra (Desh),Pune,Haveli,Ambee
D1488,B4393,Turmeric,Not Specified,30.86,9298.46,Sourcing Turmeric for export-quality grading and packaging.,2026-06-05,2026-06-18,Western Maharashtra (Desh),Sangli,Tasgaon,Anjani
D1489,B0628,Maize,Karveer,20.15,1802.76,Requirement raised for Maize to meet upcoming production schedule.,2026-07-21,2026-09-15,Khandesh,Nandurbar,Navapur,Visarwadi
D1490,B2396,Rice,Karjat-3,51.41,3513.68,Bulk Rice requirement for processing.,2026-05-10,2026-08-12,Konkan,Thane,Thane,Agasan
D1491,B1687,Areca Nut,Sumangala,33.97,55244.01,Need consistent Areca Nut supply for ongoing operations.,2026-08-03,2026-09-05,Konkan,Ratnagiri,Rajapur,Varachiwadi (Kasheli)
D1492,B4518,Field Beans,Konkan Val landrace,22.51,3470.33,Sourcing Field Beans for export-quality grading and packaging.,2026-07-14,2026-07-30,Konkan,Raigad,Sudhagad-Pali,Kumbharshet
D1493,B0443,Groundnut,TAG-24,54.37,7786.39,Sourcing Groundnut in bulk for our processing unit.,2026-05-11,2026-06-22,Vidarbha,Gondia,Amgaon,Anjora
D1494,B4268,Jowar,Phule Yashoda,22.67,3999.87,Seeking regular Jowar supply from nearby farmers.,2026-05-04,2026-06-28,Marathwada,Nanded,Dharmabad,Yetala
D1495,B3607,Soybean,Not Specified,36.83,4790.58,Need consistent Soybean supply for ongoing operations.,2026-08-15,2026-10-13,Khandesh,Nandurbar,Shahada,Asalod
D1496,B2278,Soybean,Not Specified,27.14,7553.24,Looking for fresh Soybean for wholesale procurement.,2026-06-09,2026-09-20,Marathwada,Nanded,Himayatnagar,Pota
D1497,B3146,Sugarcane,CoM 0265,258.43,293.27,"Procurement need for good quality Sugarcane, open to multiple sellers.",2026-06-23,2026-10-10,Western Maharashtra (Desh),Pune,Pune City,Keshavnagar-Mundwa
D1498,B3532,Field Beans,Local Konkan landrace,5.5,4769.06,Looking for fresh Field Beans for wholesale procurement.,2026-08-21,2026-09-21,Konkan,Raigad,Poladpur,Adavale Kh.
D1499,B2151,Chickoo,Not Specified,22.07,3718.34,Requirement raised for Chickoo to meet upcoming production schedule.,2026-08-04,2026-09-10,Konkan,Palghar,Palghar,Betegaon
D1500,B3503,Groundnut,Not Specified,68.9,8254.57,Bulk Groundnut requirement for processing.,2026-07-15,2026-11-09,Vidarbha,Gondia,Sadak-Arjuni,Saundal
D1501,B2355,Ragi,Not Specified,33.54,3579.99,"Standing requirement for Ragi, quantity flexible based on quality.",2026-08-03,2026-11-02,Konkan,Thane,Ambarnath,Ashele
D1502,B2131,Tur,Phule Rajeshwari,38.35,8937.39,"Procurement need for good quality Tur, open to multiple sellers.",2026-05-19,2026-06-14,Konkan,Thane,Shahapur,Shirol
D1503,B2300,Cotton,Not Specified,68.72,7860.23,"Procurement need for good quality Cotton, open to multiple sellers.",2026-08-09,2026-10-10,Marathwada,Jalna,Mantha,Mantha
D1504,B2766,Cashew,Not Specified,5.42,16537.2,Sourcing Cashew in bulk for our processing unit.,2026-07-28,2026-08-07,Konkan,Sindhudurg,Malwan,Waghavane
D1505,B1019,Bajra,Saburi,62.24,4239.4,Need consistent Bajra supply for ongoing operations.,2026-07-04,2026-09-23,Marathwada,Beed,Patoda,Amalner
D1506,B0073,Coconut,Pratap,19.83,5894.56,"Procurement need for good quality Coconut, open to multiple sellers.",2026-06-27,2026-07-12,Konkan,Sindhudurg,Sawantwadi,Kariwade
D1507,B2265,Maize,Not Specified,44.28,2757.05,Need consistent Maize supply for ongoing operations.,2026-05-26,2026-07-25,Khandesh,Nashik,Dindori,Vanarvadi
D1508,B2127,Soybean,Not Specified,16.19,6466.31,Seeking regular Soybean supply from nearby farmers.,2026-08-18,2026-12-04,Vidarbha,Akola,Balapur,Wadegaon
D1509,B0407,Jowar,CSH-16,20.9,4574.89,Need consistent Jowar supply for ongoing operations.,2026-07-19,2026-08-18,Western Maharashtra (Desh),Pune,Junnar,Ahinavewadi
D1510,B4534,Udid,Not Specified,12.7,8717.99,Sourcing Udid in bulk for our processing unit.,2026-08-26,2026-09-22,Konkan,Palghar,Dahanu,Charoti
D1511,B2895,Soybean,JS 20-29,46.11,5555.2,Bulk Soybean requirement for processing.,2026-07-10,2026-08-18,Marathwada,Nanded,Dharmabad,Karkheli
D1512,B4187,Cotton,Bt Cotton (Bollgard II hybrid),28.94,8609.31,Looking to procure Cotton for institutional buyers.,2026-06-28,2026-10-13,Khandesh,Dhule,Sakri,Pimpalner
D1513,B3494,Bajra,Not Specified,17.55,2878.05,Requirement raised for Bajra to meet upcoming production schedule.,2026-06-17,2026-09-02,Western Maharashtra (Desh),Pune,Khed,Ambethan
D1514,B3070,Groundnut,SB-11,48.92,6130.87,Looking for fresh Groundnut for wholesale procurement.,2026-06-11,2026-07-25,Khandesh,Nashik,Malegaon,Dabhadi
D1515,B0210,Field Beans,Konkan Val landrace,32.16,4107.98,Sourcing Field Beans for export-quality grading and packaging.,2026-07-10,2026-08-11,Konkan,Raigad,Poladpur,Agryachakond
D1516,B1761,Ragi,Phule Nachani,5.08,4040.64,Buyer looking to purchase Ragi directly from farmers.,2026-08-08,2026-11-24,Konkan,Ratnagiri,Lanja,Shirambavali
D1517,B0643,Vari,Not Specified,75.52,5263.23,"Standing requirement for Vari, quantity flexible based on quality.",2026-07-09,2026-10-15,Konkan,Thane,Murbad,Deogaon
D1518,B4492,Chickoo,Not Specified,20.48,2143.01,Inviting offers for Chickoo from farmers in the region.,2026-08-12,2026-09-21,Konkan,Palghar,Vasai,Bhatane
D1519,B4297,Groundnut,SB-11,25.94,8554.46,Sourcing Groundnut in bulk for our processing unit.,2026-08-21,2026-10-27,Western Maharashtra (Desh),Satara,Satara,Agudewadi
D1520,B1992,Field Beans,Not Specified,37.98,3374.27,Requirement raised for Field Beans to meet upcoming production schedule.,2026-08-07,2026-08-24,Konkan,Raigad,Karjat,Khandape
D1521,B1975,Cashew,Vengurla-8,15.87,17306.9,Inviting offers for Cashew from farmers in the region.,2026-05-10,2026-06-12,Konkan,Sindhudurg,Sawantwadi,Madkhol
D1522,B3967,Wheat,Not Specified,36.05,2629.12,"Standing requirement for Wheat, quantity flexible based on quality.",2026-08-14,2026-09-24,Marathwada,Jalna,Jalna,Sevali
D1523,B4405,Bajra,Shraddha,51.8,3764.7,"Standing requirement for Bajra, quantity flexible based on quality.",2026-06-06,2026-08-06,Marathwada,Jalna,Badnapur,Bawane Pangri
D1524,B2799,Gram,Digvijay,35.4,5843.98,Seeking regular Gram supply from nearby farmers.,2026-07-18,2026-10-31,Marathwada,Latur,Shirur Anantpal,Anandwadi
D1525,B1623,Ragi,Not Specified,31.61,2794.61,Bulk Ragi requirement for processing.,2026-06-28,2026-10-01,Konkan,Thane,Kalyan,Antarli
D1526,B3850,Tur,Not Specified,16.43,5643.82,Buyer looking to purchase Tur directly from farmers.,2026-05-02,2026-06-17,Vidarbha,Yavatmal,Ghatanji,Anji
D1527,B0599,Linseed,Sharda,59.19,7780.51,Requirement raised for Linseed to meet upcoming production schedule.,2026-05-18,2026-09-09,Vidarbha,Gadchiroli,Korchi,Kotgul
D1528,B4563,Vari,Local Bhagar landrace,17.22,5068.32,Requirement raised for Vari to meet upcoming production schedule.,2026-07-20,2026-10-31,Western Maharashtra (Desh),Kolhapur,Karvir,Amashi
D1529,B0883,Maize,Not Specified,11.34,2531.96,Requirement raised for Maize to meet upcoming production schedule.,2026-08-24,2026-11-09,Khandesh,Jalgaon,Bodwad,Bodwad
D1530,B3685,Rice,Not Specified,47.77,5035.44,Sourcing Rice for export-quality grading and packaging.,2026-05-19,2026-07-06,Vidarbha,Chandrapur,Warora,Amadi
D1531,B4173,Gram,Digvijay,47.59,5538.56,Looking to procure Gram for institutional buyers.,2026-07-03,2026-09-07,Marathwada,Latur,Udgir,Arasnal
D1532,B3593,Cotton,Suraj Bt,25.98,9661.94,"Procurement need for good quality Cotton, open to multiple sellers.",2026-06-12,2026-08-19,Marathwada,Chhatrapati Sambhajinagar (Aurangabad),Khuldabad,Verul
D1533,B0396,Soybean,Not Specified,64.86,6302.31,Buyer looking to purchase Soybean directly from farmers.,2026-06-10,2026-08-23,Western Maharashtra (Desh),Satara,Satara,Agudewadi
D1534,B2610,Rice,Not Specified,91.58,3320.98,Sourcing Rice for export-quality grading and packaging.,2026-08-19,2026-12-15,Konkan,Raigad,Panvel,Belavali
D1535,B1726,Tur,ICPL-87,45.29,7641.54,Bulk Tur requirement for processing.,2026-06-19,2026-08-04,Vidarbha,Akola,Murtajapur,Mana
D1536,B0972,Cashew,Vengurla-8,18.36,22589.47,Sourcing Cashew in bulk for our processing unit.,2026-08-23,2026-09-18,Konkan,Sindhudurg,Malwan,Devli
D1537,B0870,Udid,Not Specified,53.22,6907.29,"Procurement need for good quality Udid, open to multiple sellers.",2026-07-15,2026-10-13,Konkan,Palghar,Palghar,Barhanpur
D1538,B1384,Sunflower,KBSH-1,76.08,6770.92,"Procurement need for good quality Sunflower, open to multiple sellers.",2026-04-30,2026-05-28,Vidarbha,Buldhana,Nandura,Alampur
D1539,B3028,Banana,Shrimanti,17.01,3152.64,Seeking regular Banana supply from nearby farmers.,2026-08-15,2026-09-12,Khandesh,Jalgaon,Jalgaon,Asoda
D1540,B0898,Turmeric,Not Specified,28.88,10358.91,Buyer looking to purchase Turmeric directly from farmers.,2026-07-08,2026-07-23,Western Maharashtra (Desh),Sangli,Shirala,Bilashi
D1541,B1121,Sunflower,Not Specified,60.14,5437.5,Requirement raised for Sunflower to meet upcoming production schedule.,2026-08-12,2026-12-10,Vidarbha,Buldhana,Shegaon,Matargaon Bk.
D1542,B1823,Maize,Not Specified,29.68,2288.88,Sourcing Maize in bulk for our processing unit.,2026-07-03,2026-10-30,Marathwada,Chhatrapati Sambhajinagar (Aurangabad),Vaijapur,Dhondalgaon
D1543,B4202,Turmeric,Not Specified,5.6,16093.1,Looking for fresh Turmeric for wholesale procurement.,2026-06-30,2026-08-12,Western Maharashtra (Desh),Sangli,Palus,Andhali
D1544,B2602,Turmeric,Selam,21.77,18007.56,Looking for fresh Turmeric for wholesale procurement.,2026-08-24,2026-09-03,Western Maharashtra (Desh),Sangli,Miraj,Ankali
D1545,B2015,Sunflower,Phule Raviraj,69.95,5764.26,"Procurement need for good quality Sunflower, open to multiple sellers.",2026-06-07,2026-07-21,Vidarbha,Buldhana,Jalgaon Jamod,Pimpalgaon Kale
D1546,B3970,Rice,Not Specified,72.97,3897.48,"Procurement need for good quality Rice, open to multiple sellers.",2026-07-25,2026-08-30,Konkan,Thane,Thane,Adavli
D1547,B4230,Coconut,Not Specified,28.59,2774.54,Bulk Coconut requirement for processing.,2026-07-08,2026-07-31,Konkan,Sindhudurg,Sawantwadi,Madkhol
D1548,B1460,Vari,Local Bhagar landrace,51.55,4521.13,"Procurement need for good quality Vari, open to multiple sellers.",2026-07-25,2026-10-19,Konkan,Palghar,Jawhar,Winwal
D1549,B4346,Sunflower,Not Specified,21.6,6015.88,"Procurement need for good quality Sunflower, open to multiple sellers.",2026-08-18,2026-12-06,Vidarbha,Buldhana,Shegaon,Jalamb
D1550,B3974,Wheat,Tapovan (NIAW-917),45.34,2806.07,Sourcing Wheat in bulk for our processing unit.,2026-05-13,2026-06-21,Vidarbha,Wardha,Samudrapur,Bothuda
D1551,B2354,Linseed,Parbhani Alsi,25.67,7176.38,Bulk Linseed requirement for processing.,2026-05-25,2026-07-29,Vidarbha,Gadchiroli,Bhamragad,Brahmanpalli
D1552,B0931,Wheat,Tapovan (NIAW-917),52.01,3133.19,Need consistent Wheat supply for ongoing operations.,2026-08-15,2026-11-10,Vidarbha,Yavatmal,Yavatmal,Moha
D1553,B3376,Linseed,Not Specified,8.93,6190.93,"Procurement need for good quality Linseed, open to multiple sellers.",2026-08-20,2026-11-05,Vidarbha,Gondia,Gondia,Adashi
D1554,B0499,Cotton,Not Specified,28.77,9405.06,Buyer looking to purchase Cotton directly from farmers.,2026-06-25,2026-09-14,Western Maharashtra (Desh),Solapur,Solapur North,Banegaon
D1555,B3484,Field Beans,Konkan Val landrace,13.64,4677.82,Requirement raised for Field Beans to meet upcoming production schedule.,2026-07-25,2026-08-06,Konkan,Raigad,Murud,Adad
D1556,B2528,Groundnut,Phule Unnati,45.71,6153.19,"Procurement need for good quality Groundnut, open to multiple sellers.",2026-08-10,2026-09-18,Khandesh,Dhule,Shirpur,Thalner
D1557,B2701,Udid,BDU-1,72.21,6528.8,Buyer looking to purchase Udid directly from farmers.,2026-05-12,2026-09-04,Konkan,Thane,Kalyan,Antarde
D1558,B2731,Sugarcane,Not Specified,450.7,480.81,Looking to procure Sugarcane for institutional buyers.,2026-05-06,2026-06-26,Western Maharashtra (Desh),Kolhapur,Radhanagari,Phejiwade
D1559,B2967,Udid,Phule Uttara,64.71,7710.82,Sourcing Udid for export-quality grading and packaging.,2026-06-02,2026-07-17,Konkan,Thane,Bhiwandi,Ambardi
D1560,B3063,Turmeric,Phule Swarupa,18.79,11658.84,Looking for fresh Turmeric for wholesale procurement.,2026-05-04,2026-05-15,Western Maharashtra (Desh),Sangli,Jat,Asangi Jat
D1561,B4314,Vari,Local Bhagar landrace,63.91,3311.86,Sourcing Vari in bulk for our processing unit.,2026-06-12,2026-08-05,Konkan,Raigad,Alibag,Akshi
D1562,B2026,Wheat,Lokwan,58.76,2570.88,Buyer looking to purchase Wheat directly from farmers.,2026-05-19,2026-09-15,Vidarbha,Bhandara,Sakoli,Sendurwafa
D1563,B2212,Cotton,Not Specified,13.08,8958.27,Sourcing Cotton for export-quality grading and packaging.,2026-08-08,2026-10-25,Vidarbha,Yavatmal,Arni,Jawala
D1564,B0166,Gram,JAKI-9218,14.79,6031.93,Buyer looking to purchase Gram directly from farmers.,2026-05-28,2026-09-07,Marathwada,Latur,Ausa,Ujani
D1565,B2558,Gram,Not Specified,36.5,6382.84,Sourcing Gram in bulk for our processing unit.,2026-06-08,2026-07-28,Marathwada,Latur,Jalkot,Belsangvi
D1566,B0817,Cashew,Vengurla-8,16.35,18074.97,"Procurement need for good quality Cashew, open to multiple sellers.",2026-08-25,2026-10-09,Konkan,Sindhudurg,Kankavli,Bandargaon
D1567,B2282,Groundnut,Phule Unnati,33.32,9118.11,Sourcing Groundnut for export-quality grading and packaging.,2026-06-25,2026-09-05,Vidarbha,Washim,Malegaon,Bramhanwada Najik Marsul
D1568,B4478,Banana,Not Specified,17.8,3669.71,Looking for fresh Banana for wholesale procurement.,2026-06-25,2026-07-19,Khandesh,Jalgaon,Muktainagar,Anturli
D1569,B3663,Bajra,ICTP-8203,49.78,2893.45,Looking to procure Bajra for institutional buyers.,2026-08-26,2026-10-02,Marathwada,Beed,Beed,Bahirwadi
D1570,B4595,Groundnut,TAG-24,47.07,5856.75,Buyer looking to purchase Groundnut directly from farmers.,2026-07-23,2026-10-16,Western Maharashtra (Desh),Solapur,Solapur North,Banegaon
D1571,B4288,Groundnut,Not Specified,45.32,6389.54,Need consistent Groundnut supply for ongoing operations.,2026-06-05,2026-08-08,Western Maharashtra (Desh),Pune,Velhe,Ambed
D1572,B2768,Bajra,Not Specified,10.68,3825.04,"Standing requirement for Bajra, quantity flexible based on quality.",2026-06-27,2026-07-22,Marathwada,Beed,Georai,Pimpla
D1573,B2197,Cashew,Not Specified,28.59,21691.62,Inviting offers for Cashew from farmers in the region.,2026-07-09,2026-08-03,Konkan,Ratnagiri,Ratnagiri,Bhandarwadi
D1574,B2637,Sunflower,Phule Raviraj,44.96,7775.07,Sourcing Sunflower for export-quality grading and packaging.,2026-05-11,2026-06-18,Vidarbha,Buldhana,Lonar,Sultanpur
D1575,B3488,Turmeric,Not Specified,13.91,16789.18,Seeking regular Turmeric supply from nearby farmers.,2026-07-11,2026-07-28,Western Maharashtra (Desh),Sangli,Tasgaon,Alate
D1576,B1362,Field Beans,Konkan Val landrace,5.77,3880.94,Seeking regular Field Beans supply from nearby farmers.,2026-07-24,2026-09-05,Konkan,Raigad,Tala,Bamanghar
D1577,B3992,Chickoo,Kalipatti,16.2,2577.73,Buyer looking to purchase Chickoo directly from farmers.,2026-08-26,2026-09-22,Konkan,Palghar,Palghar,Betegaon
D1578,B4281,Ragi,Dapoli-2,21.78,3058.34,Sourcing Ragi in bulk for our processing unit.,2026-07-12,2026-09-01,Konkan,Ratnagiri,Rajapur,Avali Chiwadi
D1579,B3042,Jowar,Maldandi,40.1,3307.36,Requirement raised for Jowar to meet upcoming production schedule.,2026-08-23,2026-12-18,Western Maharashtra (Desh),Satara,Koregaon,Ambawade S. Koregaon
D1580,B1109,Soybean,MACS 1281,8.78,5771.36,Seeking regular Soybean supply from nearby farmers.,2026-07-05,2026-07-30,Marathwada,Nanded,Himayatnagar,Sarsam
D1581,B2555,Gram,Not Specified,21.62,4914.8,Need consistent Gram supply for ongoing operations.,2026-06-16,2026-07-18,Marathwada,Latur,Renapur,Kharola
D1582,B3840,Jowar,Not Specified,13.06,5129.78,"Procurement need for good quality Jowar, open to multiple sellers.",2026-06-18,2026-07-14,Vidarbha,Buldhana,Nandura,Yerali
D1583,B1579,Linseed,Parbhani Alsi,40.31,6285.42,"Standing requirement for Linseed, quantity flexible based on quality.",2026-08-08,2026-10-04,Vidarbha,Gadchiroli,Etapalli,Chandanweli
D1584,B4597,Soybean,JS 335,13.05,4914.56,Sourcing Soybean for export-quality grading and packaging.,2026-05-31,2026-07-17,Marathwada,Nanded,Mahur,Gondwadsa
D1585,B2154,Sunflower,Not Specified,17.87,6715.76,Looking to procure Sunflower for institutional buyers.,2026-08-08,2026-10-14,Vidarbha,Buldhana,Deulgaon Raja,Singaon \[Jahnagir\]
D1586,B4716,Chickoo,Not Specified,22.11,2529.39,Sourcing Chickoo for export-quality grading and packaging.,2026-08-18,2026-09-27,Konkan,Thane,Shahapur,Cherpoli
D1587,B1715,Vari,Konkan local Vari landrace,77.64,3412.61,"Standing requirement for Vari, quantity flexible based on quality.",2026-05-21,2026-07-06,Konkan,Thane,Kalyan,Antarde
D1588,B3896,Udid,Not Specified,30.26,9290.68,Looking for fresh Udid for wholesale procurement.,2026-05-19,2026-08-08,Konkan,Palghar,Talasari,Vasa
D1589,B3485,Areca Nut,Not Specified,15.09,45667.05,Bulk Areca Nut requirement for processing.,2026-06-04,2026-07-09,Konkan,Ratnagiri,Ratnagiri,Bhandarwadi
D1590,B3091,Groundnut,Not Specified,54.42,6829.15,Inviting offers for Groundnut from farmers in the region.,2026-06-14,2026-07-19,Western Maharashtra (Desh),Pune,Purandhar,Ambodi
D1591,B1753,Udid,Not Specified,71.89,9093.85,Sourcing Udid for export-quality grading and packaging.,2026-05-20,2026-08-08,Konkan,Palghar,Dahanu,Bordi
D1592,B4592,Cotton,DCH-32,51.82,9098.21,Buyer looking to purchase Cotton directly from farmers.,2026-07-27,2026-09-12,Marathwada,Dharashiv (Osmanabad),Umarga,Turori
D1593,B0208,Ragi,Not Specified,30.94,4118.62,Requirement raised for Ragi to meet upcoming production schedule.,2026-08-04,2026-09-25,Konkan,Thane,Thane,Agasan
D1594,B4586,Tur,Not Specified,67.51,6182.96,Requirement raised for Tur to meet upcoming production schedule.,2026-05-26,2026-09-23,Marathwada,Beed,Ambajogai,Ghatnandur
D1595,B0088,Soybean,JS 9560,41.4,4437.89,Sourcing Soybean in bulk for our processing unit.,2026-06-16,2026-08-27,Marathwada,Nanded,Loha,Sonkhed
D1596,B2079,Wheat,Lokwan,45.9,2081.73,Sourcing Wheat in bulk for our processing unit.,2026-07-26,2026-10-09,Marathwada,Nanded,Hadgaon,Manatha
D1597,B0360,Ragi,Not Specified,26.19,3248.07,Looking for fresh Ragi for wholesale procurement.,2026-08-25,2026-09-22,Konkan,Thane,Murbad,Deogaon
D1598,B3857,Sugarcane,Not Specified,382.98,457.72,Need consistent Sugarcane supply for ongoing operations.,2026-08-07,2026-11-22,Western Maharashtra (Desh),Ahilyanagar (Ahmednagar),Nevasa,Nevasa Kh. (Rural)
D1599,B4470,Bajra,Not Specified,10.79,2100.24,Sourcing Bajra for export-quality grading and packaging.,2026-05-22,2026-09-18,Marathwada,Beed,Ashti,Murshadpur
D1600,B1450,Soybean,Not Specified,16.47,5781.97,Bulk Soybean requirement for processing.,2026-05-07,2026-08-21,Marathwada,Hingoli,Basmath,Girgaon
D1601,B0511,Linseed,Sharda,22.97,7651.4,Looking to procure Linseed for institutional buyers.,2026-07-23,2026-08-19,Vidarbha,Gondia,Sadak-Arjuni,Saundal
D1602,B2726,Udid,Not Specified,65.38,7461.27,Sourcing Udid for export-quality grading and packaging.,2026-05-24,2026-09-01,Konkan,Palghar,Jawhar,Kharonda
D1603,B3001,Chickoo,Kalipatti,16.72,3496.58,Looking for fresh Chickoo for wholesale procurement.,2026-05-09,2026-06-20,Konkan,Thane,Kalyan,Antarli
D1604,B1209,Vari,Not Specified,14.79,4135.75,Sourcing Vari in bulk for our processing unit.,2026-07-22,2026-11-12,Western Maharashtra (Desh),Kolhapur,Shahuwadi,Sarud
D1605,B4141,Groundnut,JL-24,28.68,7566.48,Bulk Groundnut requirement for processing.,2026-06-18,2026-09-23,Western Maharashtra (Desh),Kolhapur,Hatkanangale,Rukadi
D1606,B0706,Bajra,Not Specified,38.18,2328.66,Bulk Bajra requirement for processing.,2026-05-26,2026-07-01,Western Maharashtra (Desh),Pune,Junnar,Agar
D1607,B1521,Vari,Konkan local Vari landrace,62.2,4845.07,"Procurement need for good quality Vari, open to multiple sellers.",2026-07-25,2026-10-16,Western Maharashtra (Desh),Kolhapur,Shahuwadi,Bhedasgaon
D1608,B0666,Sugarcane,Not Specified,539.44,390.41,Looking to procure Sugarcane for institutional buyers.,2026-07-26,2026-09-13,Western Maharashtra (Desh),Kolhapur,Kagal,Siddhanerli
D1609,B1088,Turmeric,Rajapuri,23.01,10945.09,Seeking regular Turmeric supply from nearby farmers.,2026-07-17,2026-08-22,Western Maharashtra (Desh),Sangli,Kadegaon,Asad
D1610,B1852,Udid,Not Specified,26.88,7091.09,Sourcing Udid in bulk for our processing unit.,2026-06-06,2026-08-26,Konkan,Thane,Kalyan,Antarli
D1611,B2168,Linseed,Parbhani Alsi,39.98,6393.11,Looking to procure Linseed for institutional buyers.,2026-07-12,2026-10-25,Vidarbha,Gadchiroli,Sironcha,Ankisa Mal
D1612,B1397,Banana,Shrimanti,15.76,3514.53,"Procurement need for good quality Banana, open to multiple sellers.",2026-08-26,2026-10-02,Khandesh,Jalgaon,Bhusawal,Achegaon
D1613,B2842,Soybean,Not Specified,51.26,5357.01,Requirement raised for Soybean to meet upcoming production schedule.,2026-08-01,2026-10-29,Khandesh,Nashik,Nandgaon,Hiranwadi
D1614,B4519,Rice,Not Specified,78.11,3437.94,"Procurement need for good quality Rice, open to multiple sellers.",2026-06-06,2026-08-29,Konkan,Ratnagiri,Lanja,Nivasar
D1615,B2137,Mango (Alphonso),Alphonso (Hapus),21.08,21446.41,Need consistent Mango (Alphonso) supply for ongoing operations.,2026-05-20,2026-06-19,Konkan,Raigad,Mangaon,Alsunde
D1616,B3050,Areca Nut,Not Specified,26.05,56380.11,Requirement raised for Areca Nut to meet upcoming production schedule.,2026-08-02,2026-09-03,Konkan,Ratnagiri,Ratnagiri,Bhandarwada
D1617,B0065,Tur,Phule Rajeshwari,29.83,7752.88,Bulk Tur requirement for processing.,2026-05-27,2026-08-05,Vidarbha,Akola,Patur,Sasti
D1618,B2510,Areca Nut,Mangala,29.15,44027.18,"Standing requirement for Areca Nut, quantity flexible based on quality.",2026-07-03,2026-08-09,Konkan,Ratnagiri,Ratnagiri,Bhandarwada
D1619,B3272,Gram,JAKI-9218,25.13,5546.11,Requirement raised for Gram to meet upcoming production schedule.,2026-07-07,2026-09-21,Marathwada,Latur,Ahmedpur,Kingaon
D1620,B2460,Coconut,Dwarf Green,29.04,6104.29,Inviting offers for Coconut from farmers in the region.,2026-05-15,2026-06-21,Konkan,Sindhudurg,Kudal,Kasal
D1621,B2207,Vari,Not Specified,36.79,3283.66,Inviting offers for Vari from farmers in the region.,2026-05-24,2026-07-26,Konkan,Raigad,Poladpur,Adavale Bk.
D1622,B4294,Field Beans,Konkan Val landrace,8.89,3642.31,Looking for fresh Field Beans for wholesale procurement.,2026-08-25,2026-09-23,Konkan,Raigad,Poladpur,Adavale Bk.
D1623,B1159,Turmeric,Not Specified,16.2,10817.26,Looking for fresh Turmeric for wholesale procurement.,2026-07-28,2026-08-19,Western Maharashtra (Desh),Sangli,Miraj,Bamnoli
D1624,B1410,Vari,Konkan local Vari landrace,21.78,4986.85,Buyer looking to purchase Vari directly from farmers.,2026-05-12,2026-07-07,Konkan,Palghar,Dahanu,Bordi
D1625,B1263,Turmeric,Not Specified,26.86,12926.36,Need consistent Turmeric supply for ongoing operations.,2026-05-23,2026-06-08,Western Maharashtra (Desh),Sangli,Atpadi,Ambewadi
D1626,B3857,Sugarcane,CoM 0265,416.46,613.57,Looking to procure Sugarcane for institutional buyers.,2026-06-23,2026-09-15,Western Maharashtra (Desh),Ahilyanagar (Ahmednagar),Nevasa,Nevasa Kh. (Rural)
D1627,B1989,Maize,Not Specified,14.63,1891.71,Seeking regular Maize supply from nearby farmers.,2026-06-26,2026-08-31,Khandesh,Jalgaon,Muktainagar,Anjangaon
D1628,B2320,Bajra,Not Specified,55.43,3134.23,Buyer looking to purchase Bajra directly from farmers.,2026-07-13,2026-09-20,Marathwada,Chhatrapati Sambhajinagar (Aurangabad),Khuldabad,Kasabkheda
D1629,B4001,Sunflower,Not Specified,76.81,5155.41,"Standing requirement for Sunflower, quantity flexible based on quality.",2026-05-26,2026-07-20,Vidarbha,Buldhana,Motala,Rohinkhed
D1630,B3024,Mango (Alphonso),Alphonso (Hapus),24.13,24304.94,Bulk Mango (Alphonso) requirement for processing.,2026-07-26,2026-08-13,Konkan,Ratnagiri,Khed,Tulashi Bk.
D1631,B4096,Tur,BSMR-736,27.72,5845.77,Buyer looking to purchase Tur directly from farmers.,2026-07-27,2026-10-14,Vidarbha,Wardha,Seloo,Ghorad
D1632,B1235,Coconut,T x D hybrid,26.18,4545.57,Sourcing Coconut in bulk for our processing unit.,2026-08-25,2026-09-30,Konkan,Sindhudurg,Kudal,Kasal
D1633,B1471,Jowar,Phule Yashoda,64.25,4395.97,Bulk Jowar requirement for processing.,2026-06-18,2026-10-14,Vidarbha,Gadchiroli,Mulchera,Lagam
D1634,B0831,Chickoo,Not Specified,16.36,3841.35,Seeking regular Chickoo supply from nearby farmers.,2026-06-15,2026-07-27,Konkan,Palghar,Vada,Ambiste Kh.
D1635,B3146,Sugarcane,Not Specified,70.74,518.04,Looking to procure Sugarcane for institutional buyers.,2026-06-26,2026-07-27,Western Maharashtra (Desh),Pune,Pune City,Keshavnagar-Mundwa
D1636,B2482,Mango (Alphonso),Alphonso (Hapus),23.91,25507.75,Need consistent Mango (Alphonso) supply for ongoing operations.,2026-07-09,2026-08-18,Konkan,Sindhudurg,Kankavli,Bandargaon
D1637,B2745,Areca Nut,Not Specified,36.43,35279.92,Seeking regular Areca Nut supply from nearby farmers.,2026-08-26,2026-10-09,Konkan,Sindhudurg,Sawantwadi,Madkhol
D1638,B3142,Coconut,Not Specified,6.8,2788.48,Sourcing Coconut for export-quality grading and packaging.,2026-07-20,2026-08-11,Konkan,Sindhudurg,Vaibhavwadi,Lore
D1639,B4219,Rice,Not Specified,72.47,4310.42,Looking for fresh Rice for wholesale procurement.,2026-07-04,2026-08-03,Konkan,Palghar,Talasari,Vasa
D1640,B0996,Mango (Alphonso),Not Specified,19.23,7670.95,"Standing requirement for Mango (Alphonso), quantity flexible based on quality.",2026-07-31,2026-08-26,Konkan,Raigad,Poladpur,Agryachakond
D1641,B3488,Turmeric,Rajapuri,24.69,9385.61,Sourcing Turmeric in bulk for our processing unit.,2026-05-26,2026-06-27,Western Maharashtra (Desh),Sangli,Tasgaon,Alate
D1642,B3417,Sugarcane,Co 94012,214.67,290.02,Bulk Sugarcane requirement for processing.,2026-06-20,2026-07-19,Western Maharashtra (Desh),Kolhapur,Kagal,Boravade
D1643,B4353,Groundnut,Not Specified,24.6,5857.32,Bulk Groundnut requirement for processing.,2026-05-18,2026-06-30,Khandesh,Dhule,Dhule,Kusumbe
D1644,B4043,Chickoo,Kalipatti,14.54,2977.2,"Standing requirement for Chickoo, quantity flexible based on quality.",2026-06-04,2026-07-17,Konkan,Thane,Murbad,Dhasai
D1645,B4662,Tur,BDN-711,29.3,5658.29,"Standing requirement for Tur, quantity flexible based on quality.",2026-08-26,2026-12-10,Khandesh,Nandurbar,Akkalkuwa,Molgi
D1646,B0829,Coconut,Banawali,15.19,5124.56,Sourcing Coconut in bulk for our processing unit.,2026-06-29,2026-07-10,Konkan,Sindhudurg,Kankavli,Bandargaon
D1647,B1507,Gram,Not Specified,25.41,6178.13,Bulk Gram requirement for processing.,2026-08-15,2026-11-03,Marathwada,Latur,Ausa,Ujani
D1648,B0954,Udid,Not Specified,46.83,9603.12,"Standing requirement for Udid, quantity flexible based on quality.",2026-07-11,2026-09-05,Konkan,Thane,Shahapur,Shirol
D1649,B0401,Chickoo,Kalipatti,10.55,4159.79,Sourcing Chickoo in bulk for our processing unit.,2026-08-06,2026-08-27,Konkan,Thane,Bhiwandi,Anjur
D1650,B2268,Sunflower,KBSH-1,51.26,7935.99,Looking to procure Sunflower for institutional buyers.,2026-06-10,2026-07-05,Vidarbha,Buldhana,Malkapur,Umali
D1651,B3336,Coconut,T x D hybrid,25.59,3781.89,Need consistent Coconut supply for ongoing operations.,2026-07-21,2026-08-20,Konkan,Sindhudurg,Malwan,Devli
D1652,B0796,Wheat,Lokwan,52.28,2348.13,"Standing requirement for Wheat, quantity flexible based on quality.",2026-06-10,2026-10-04,Western Maharashtra (Desh),Pune,Shirur,Ambale
D1653,B3774,Cotton,Not Specified,48.6,8497.65,Buyer looking to purchase Cotton directly from farmers.,2026-07-06,2026-10-10,Western Maharashtra (Desh),Ahilyanagar (Ahmednagar),Nagar,Agadgaon
D1654,B0103,Cashew,Vengurla-7,15.37,18222.04,Need consistent Cashew supply for ongoing operations.,2026-08-17,2026-09-27,Konkan,Sindhudurg,Vengurla,Karli
D1655,B1726,Tur,BSMR-736,51.58,6405.3,Looking for fresh Tur for wholesale procurement.,2026-07-28,2026-11-03,Vidarbha,Akola,Murtajapur,Mana
D1656,B0644,Chickoo,Not Specified,21.17,2697.97,"Procurement need for good quality Chickoo, open to multiple sellers.",2026-08-07,2026-09-19,Konkan,Palghar,Talasari,Upalat
D1657,B3025,Soybean,JS 9560,36.69,5937.2,Seeking regular Soybean supply from nearby farmers.,2026-07-24,2026-09-08,Marathwada,Parbhani,Purna,Yerndeshwar
D1658,B2881,Mango (Alphonso),Not Specified,17.76,24619.21,Sourcing Mango (Alphonso) in bulk for our processing unit.,2026-07-16,2026-08-26,Konkan,Raigad,Karjat,Khandape
D1659,B1923,Maize,Pratap Hybrid-1,16.96,2393.86,Bulk Maize requirement for processing.,2026-05-13,2026-07-04,Khandesh,Nandurbar,Nandurbar,Akrale
D1660,B1732,Groundnut,Not Specified,45.59,6196.55,Seeking regular Groundnut supply from nearby farmers.,2026-08-08,2026-12-05,Western Maharashtra (Desh),Solapur,Solapur South,Aherwadi
D1661,B3286,Sunflower,Not Specified,33.61,5756.52,"Standing requirement for Sunflower, quantity flexible based on quality.",2026-06-09,2026-08-19,Vidarbha,Buldhana,Malkapur,Datala
D1662,B0866,Cotton,Not Specified,51.91,9295.34,Looking to procure Cotton for institutional buyers.,2026-06-15,2026-09-16,Western Maharashtra (Desh),Ahilyanagar (Ahmednagar),Parner,Dhavalpuri
D1663,B4363,Groundnut,TAG-24,40.65,7219.83,Need consistent Groundnut supply for ongoing operations.,2026-05-22,2026-07-08,Western Maharashtra (Desh),Sangli,Jat,Asangi Jat
D1664,B3278,Areca Nut,Sumangala,29.52,49830.83,Looking to procure Areca Nut for institutional buyers.,2026-08-21,2026-09-24,Konkan,Sindhudurg,Devgad,Jamsande
D1665,B4753,Soybean,Not Specified,69.72,5751.85,Looking to procure Soybean for institutional buyers.,2026-05-03,2026-06-25,Marathwada,Dharashiv (Osmanabad),Lohara,Sastur
D1666,B1136,Coconut,Not Specified,20.58,3061.3,"Standing requirement for Coconut, quantity flexible based on quality.",2026-08-05,2026-08-16,Konkan,Sindhudurg,Malwan,Devli
D1667,B2663,Linseed,Not Specified,16.69,7084.15,Looking to procure Linseed for institutional buyers.,2026-05-12,2026-07-23,Vidarbha,Gadchiroli,Kurkheda,Malewada
D1668,B0187,Rice,Not Specified,85.66,4787.41,Inviting offers for Rice from farmers in the region.,2026-07-10,2026-08-28,Vidarbha,Nagpur,Savner,Bhanegaon
D1669,B1323,Ragi,Phule Nachani,31.55,3074.58,Sourcing Ragi for export-quality grading and packaging.,2026-08-22,2026-10-27,Konkan,Raigad,Sudhagad-Pali,Kumbharghar
D1670,B1087,Chickoo,Cricket Ball,10.3,2985.0,"Procurement need for good quality Chickoo, open to multiple sellers.",2026-07-31,2026-09-07,Konkan,Palghar,Palghar,Chahade
D1671,B1982,Vari,Not Specified,76.51,4252.45,Bulk Vari requirement for processing.,2026-08-12,2026-10-18,Konkan,Thane,Murbad,Dhasai
D1672,B1305,Udid,BDU-1,9.09,6564.18,Looking to procure Udid for institutional buyers.,2026-06-27,2026-09-26,Konkan,Palghar,Vikramgad,Dadade
D1673,B3852,Field Beans,Not Specified,6.84,3862.35,Sourcing Field Beans in bulk for our processing unit.,2026-08-19,2026-10-02,Konkan,Raigad,Panvel,Barwai
D1674,B0992,Rice,Not Specified,62.27,5590.1,Sourcing Rice for export-quality grading and packaging.,2026-05-02,2026-07-27,Khandesh,Nashik,Niphad,Pimpri
D1675,B0490,Sugarcane,CoM 0265,481.62,544.35,Looking for fresh Sugarcane for wholesale procurement.,2026-06-21,2026-10-15,Western Maharashtra (Desh),Kolhapur,Bhudargad,Gargoti
D1676,B4191,Ragi,Not Specified,17.89,4147.86,Bulk Ragi requirement for processing.,2026-05-21,2026-07-18,Konkan,Thane,Murbad,Dhasai
D1677,B4750,Banana,Not Specified,7.38,2080.57,Buyer looking to purchase Banana directly from farmers.,2026-07-28,2026-08-16,Khandesh,Jalgaon,Raver,Ainpur
D1678,B1992,Field Beans,Not Specified,11.64,3023.64,Looking to procure Field Beans for institutional buyers.,2026-08-01,2026-09-09,Konkan,Raigad,Karjat,Khandape
D1679,B4027,Turmeric,Not Specified,24.41,12605.18,Sourcing Turmeric for export-quality grading and packaging.,2026-07-02,2026-08-09,Western Maharashtra (Desh),Sangli,Walwa,Ahirwadi
D1680,B2113,Rice,Not Specified,61.2,5044.22,Seeking regular Rice supply from nearby farmers.,2026-07-12,2026-08-09,Western Maharashtra (Desh),Kolhapur,Bhudargad,Gargoti
D1681,B1811,Cotton,Not Specified,44.07,9506.78,Sourcing Cotton in bulk for our processing unit.,2026-08-24,2026-10-08,Marathwada,Nanded,Ardhapur,Lahan
D1682,B4651,Vari,Not Specified,41.96,4128.48,Sourcing Vari in bulk for our processing unit.,2026-05-22,2026-09-12,Konkan,Raigad,Mangaon,Alsunde
D1683,B1054,Linseed,Parbhani Alsi,55.83,6164.4,"Procurement need for good quality Linseed, open to multiple sellers.",2026-05-03,2026-06-24,Vidarbha,Gondia,Arjuni-Morgaon,Arjuni
D1684,B4778,Turmeric,Selam,3.89,12824.44,Inviting offers for Turmeric from farmers in the region.,2026-08-06,2026-09-18,Western Maharashtra (Desh),Sangli,Tasgaon,Anjani
D1685,B3325,Vari,Konkan local Vari landrace,76.48,4547.48,"Standing requirement for Vari, quantity flexible based on quality.",2026-08-17,2026-10-21,Konkan,Raigad,Mahad,Gherakilla Raigad (Raigadwadi)
D1686,B4288,Groundnut,TAG-24,50.65,8679.19,Need consistent Groundnut supply for ongoing operations.,2026-05-25,2026-08-06,Western Maharashtra (Desh),Pune,Velhe,Ambed
D1687,B0117,Field Beans,Not Specified,6.65,3358.37,"Procurement need for good quality Field Beans, open to multiple sellers.",2026-06-01,2026-06-28,Konkan,Raigad,Uran,Antrabamdakhar
D1688,B0980,Udid,Not Specified,32.48,7912.23,Looking to procure Udid for institutional buyers.,2026-08-21,2026-12-19,Konkan,Thane,Bhiwandi,Anjur
D1689,B4294,Field Beans,Not Specified,29.88,3722.03,Looking for fresh Field Beans for wholesale procurement.,2026-06-26,2026-07-12,Konkan,Raigad,Poladpur,Adavale Bk.
D1690,B2700,Cashew,Vengurla-7,22.06,19117.09,Sourcing Cashew for export-quality grading and packaging.,2026-07-13,2026-07-28,Konkan,Sindhudurg,Vengurla,Karli
D1691,B0459,Groundnut,Phule Unnati,24.35,8415.51,Seeking regular Groundnut supply from nearby farmers.,2026-07-31,2026-11-16,Western Maharashtra (Desh),Solapur,Karmala,Jeur
D1692,B2008,Rice,Karjat-3,25.93,5566.55,Sourcing Rice in bulk for our processing unit.,2026-07-15,2026-08-20,Konkan,Palghar,Vasai,Arnala
D1693,B1557,Areca Nut,Not Specified,34.63,56510.14,Seeking regular Areca Nut supply from nearby farmers.,2026-07-12,2026-07-25,Konkan,Sindhudurg,Kankavli,Bandargaon
D1694,B1702,Wheat,Tapovan (NIAW-917),37.01,2796.87,Looking for fresh Wheat for wholesale procurement.,2026-06-15,2026-09-29,Marathwada,Nanded,Ardhapur,Malegaon
D1695,B0599,Linseed,NL-97,32.25,6710.8,Bulk Linseed requirement for processing.,2026-07-14,2026-09-04,Vidarbha,Gadchiroli,Korchi,Kotgul
D1696,B3992,Chickoo,Cricket Ball,21.79,3975.66,Bulk Chickoo requirement for processing.,2026-08-04,2026-09-11,Konkan,Palghar,Palghar,Betegaon
D1697,B1596,Groundnut,Not Specified,49.77,8265.85,Looking for fresh Groundnut for wholesale procurement.,2026-06-05,2026-08-21,Vidarbha,Bhandara,Tumsar,Ashti
D1698,B2218,Cotton,Bt Cotton (Bollgard II hybrid),29.12,8902.63,Sourcing Cotton in bulk for our processing unit.,2026-08-24,2026-10-26,Marathwada,Dharashiv (Osmanabad),Osmanabad,Dhoki
D1699,B2165,Mango (Alphonso),Not Specified,12.34,13010.4,Inviting offers for Mango (Alphonso) from farmers in the region.,2026-07-09,2026-08-16,Konkan,Sindhudurg,Devgad,Jamsande
D1700,B0914,Chickoo,Not Specified,32.95,3050.39,Requirement raised for Chickoo to meet upcoming production schedule.,2026-08-20,2026-10-01,Konkan,Palghar,Jawhar,Kharonda
D1701,B3855,Groundnut,Phule Unnati,12.68,7105.41,Sourcing Groundnut in bulk for our processing unit.,2026-05-13,2026-08-02,Western Maharashtra (Desh),Pune,Baramati,Anjangaon
D1702,B2806,Soybean,Not Specified,42.19,5012.73,Bulk Soybean requirement for processing.,2026-08-08,2026-09-29,Vidarbha,Washim,Washim,Adoli
D1703,B2517,Groundnut,SB-11,58.34,7248.39,Looking to procure Groundnut for institutional buyers.,2026-06-12,2026-09-23,Vidarbha,Akola,Akot,Mundgaon
D1704,B1723,Coconut,Not Specified,9.23,3342.77,Buyer looking to purchase Coconut directly from farmers.,2026-08-10,2026-08-30,Konkan,Sindhudurg,Devgad,Shirgaon
D1705,B1288,Sugarcane,CoVSI 09292,558.51,517.92,Buyer looking to purchase Sugarcane directly from farmers.,2026-08-10,2026-10-08,Western Maharashtra (Desh),Ahilyanagar (Ahmednagar),Pathardi,Miri
D1706,B1874,Linseed,Not Specified,33.95,7660.55,Sourcing Linseed in bulk for our processing unit.,2026-06-22,2026-08-25,Vidarbha,Gadchiroli,Armori,Churmura
D1707,B2734,Cotton,Not Specified,60.97,8462.51,Sourcing Cotton in bulk for our processing unit.,2026-06-29,2026-09-12,Marathwada,Beed,Majalgaon,Hiwara Bk.
D1708,B3418,Chickoo,Kalipatti,5.65,2855.23,Looking to procure Chickoo for institutional buyers.,2026-08-12,2026-09-20,Konkan,Thane,Ambarnath,Ashele
D1709,B2247,Turmeric,Selam,9.13,15831.8,Sourcing Turmeric in bulk for our processing unit.,2026-06-11,2026-07-14,Western Maharashtra (Desh),Sangli,Khanapur,Ainwadi
D1710,B0194,Areca Nut,Sumangala,15.05,47259.64,"Procurement need for good quality Areca Nut, open to multiple sellers.",2026-08-11,2026-09-22,Konkan,Sindhudurg,Malwan,Waghavane
D1711,B3606,Sunflower,Not Specified,16.48,5836.47,Requirement raised for Sunflower to meet upcoming production schedule.,2026-08-04,2026-11-29,Vidarbha,Buldhana,Motala,Dhamangaon Badhe
D1712,B3850,Tur,Not Specified,69.19,8211.06,Buyer looking to purchase Tur directly from farmers.,2026-07-31,2026-11-23,Vidarbha,Yavatmal,Ghatanji,Anji
D1713,B3990,Turmeric,Selam,19.71,9746.89,Looking for fresh Turmeric for wholesale procurement.,2026-07-26,2026-08-22,Western Maharashtra (Desh),Sangli,Walwa,Bagani
D1714,B4407,Linseed,Parbhani Alsi,13.56,5857.09,Sourcing Linseed for export-quality grading and packaging.,2026-05-10,2026-09-05,Vidarbha,Gadchiroli,Gadchiroli,Navegaon
D1715,B3390,Coconut,Not Specified,32.64,4950.47,"Standing requirement for Coconut, quantity flexible based on quality.",2026-05-29,2026-06-13,Konkan,Sindhudurg,Kudal,Padave
D1716,B3591,Coconut,Pratap,22.32,5794.35,Sourcing Coconut for export-quality grading and packaging.,2026-05-02,2026-05-16,Konkan,Sindhudurg,Kankavli,Waingani
D1717,B2572,Sunflower,Not Specified,34.25,7504.36,Sourcing Sunflower for export-quality grading and packaging.,2026-08-19,2026-10-06,Vidarbha,Buldhana,Jalgaon Jamod,Asalgaon
D1718,B2632,Turmeric,Rajapuri,13.54,11156.9,Sourcing Turmeric for export-quality grading and packaging.,2026-06-06,2026-06-17,Western Maharashtra (Desh),Sangli,Khanapur,Alsund
D1719,B1150,Sugarcane,CoM 0265,279.9,574.19,Looking for fresh Sugarcane for wholesale procurement.,2026-08-15,2026-09-16,Western Maharashtra (Desh),Kolhapur,Kagal,Sangaon Kasaba
D1720,B4197,Banana,Shrimanti,17.34,1548.68,Inviting offers for Banana from farmers in the region.,2026-08-18,2026-09-17,Khandesh,Jalgaon,Chalisgaon,Abhone
D1721,B4414,Sugarcane,CoVSI 09292,232.82,301.64,Bulk Sugarcane requirement for processing.,2026-07-17,2026-10-21,Western Maharashtra (Desh),Kolhapur,Radhanagari,Phejiwade
D1722,B0921,Mango (Alphonso),Alphonso (Hapus),22.94,17589.86,Looking to procure Mango (Alphonso) for institutional buyers.,2026-08-26,2026-09-09,Konkan,Ratnagiri,Khed,Khed (Bhadgaon)
D1723,B3531,Mango (Alphonso),Not Specified,19.41,27568.89,Sourcing Mango (Alphonso) for export-quality grading and packaging.,2026-05-22,2026-06-22,Konkan,Sindhudurg,Vengurla,Parule
D1724,B0599,Linseed,Sharda,26.49,6839.89,Sourcing Linseed for export-quality grading and packaging.,2026-08-06,2026-10-25,Vidarbha,Gadchiroli,Korchi,Kotgul
D1725,B0176,Chickoo,Kalipatti,4.15,3894.13,Looking for fresh Chickoo for wholesale procurement.,2026-04-30,2026-05-30,Konkan,Thane,Ambarnath,Ashele
D1726,B3500,Soybean,JS 335,45.09,6912.56,Inviting offers for Soybean from farmers in the region.,2026-07-03,2026-10-21,Marathwada,Nanded,Kinwat,Islapur
D1727,B1642,Coconut,Not Specified,22.9,4078.17,Sourcing Coconut for export-quality grading and packaging.,2026-08-18,2026-09-06,Konkan,Sindhudurg,Vengurla,Parule
D1728,B1548,Coconut,Not Specified,10.91,3436.24,Looking for fresh Coconut for wholesale procurement.,2026-07-13,2026-07-25,Konkan,Sindhudurg,Vengurla,Chipi
D1729,B1044,Udid,BDU-1,30.54,7457.66,"Procurement need for good quality Udid, open to multiple sellers.",2026-07-28,2026-09-16,Konkan,Palghar,Vikramgad,Dadade
D1730,B2482,Mango (Alphonso),Pairi,11.81,28292.52,Requirement raised for Mango (Alphonso) to meet upcoming production schedule.,2026-05-03,2026-06-10,Konkan,Sindhudurg,Kankavli,Bandargaon
D1731,B1009,Soybean,Not Specified,31.86,5861.13,Sourcing Soybean for export-quality grading and packaging.,2026-08-17,2026-10-07,Khandesh,Nashik,Kalwan,Kalwan Baw
D1732,B3117,Tur,Phule Rajeshwari,33.97,6233.29,Buyer looking to purchase Tur directly from farmers.,2026-07-20,2026-08-29,Marathwada,Beed,Patoda,Patoda
D1733,B0761,Coconut,Not Specified,20.69,4907.8,Inviting offers for Coconut from farmers in the region.,2026-05-17,2026-06-09,Konkan,Sindhudurg,Vaibhavwadi,Nadhavade
D1734,B0986,Cotton,Not Specified,55.34,8575.32,Requirement raised for Cotton to meet upcoming production schedule.,2026-06-28,2026-08-18,Vidarbha,Akola,Barshitakli,Pinjar
D1735,B0744,Vari,Not Specified,33.95,3749.36,Bulk Vari requirement for processing.,2026-08-24,2026-09-20,Western Maharashtra (Desh),Kolhapur,Hatkanangale,Rendal
D1736,B0060,Turmeric,Rajapuri,14.59,17804.84,Requirement raised for Turmeric to meet upcoming production schedule.,2026-06-20,2026-07-19,Western Maharashtra (Desh),Sangli,Khanapur,Balvadi
D1737,B0535,Jowar,Maldandi,23.91,5407.47,Looking to procure Jowar for institutional buyers.,2026-07-26,2026-10-08,Western Maharashtra (Desh),Pune,Maval,Adhale Kh.
D1738,B3862,Udid,TAU-1,57.45,9295.03,Looking for fresh Udid for wholesale procurement.,2026-05-20,2026-07-15,Konkan,Palghar,Palghar,Chahade
D1739,B1453,Turmeric,Not Specified,7.08,10720.51,Sourcing Turmeric for export-quality grading and packaging.,2026-07-05,2026-07-17,Western Maharashtra (Desh),Sangli,Kavathemahankal,Dhalgaon
D1740,B0502,Soybean,Not Specified,21.41,6821.88,Sourcing Soybean in bulk for our processing unit.,2026-06-22,2026-09-08,Vidarbha,Wardha,Samudrapur,Bothuda
D1741,B1291,Sugarcane,Co 86032,535.94,632.92,Sourcing Sugarcane for export-quality grading and packaging.,2026-08-13,2026-12-01,Western Maharashtra (Desh),Ahilyanagar (Ahmednagar),Nevasa,Sonai
D1742,B1488,Vari,Konkan local Vari landrace,63.58,3286.58,"Procurement need for good quality Vari, open to multiple sellers.",2026-06-13,2026-09-26,Western Maharashtra (Desh),Satara,Koregaon,Ambawade S. Wagholi
D1743,B3058,Mango (Alphonso),Not Specified,12.86,14095.87,Looking for fresh Mango (Alphonso) for wholesale procurement.,2026-06-16,2026-07-26,Konkan,Raigad,Uran,Bandhpada
D1744,B0281,Turmeric,Not Specified,7.53,13263.51,Inviting offers for Turmeric from farmers in the region.,2026-06-23,2026-08-05,Western Maharashtra (Desh),Sangli,Tasgaon,Arwade
D1745,B1391,Chickoo,Cricket Ball,14.65,2394.31,Buyer looking to purchase Chickoo directly from farmers.,2026-08-26,2026-09-12,Konkan,Thane,Bhiwandi,Anjur
D1746,B3897,Turmeric,Rajapuri,27.15,14566.56,Seeking regular Turmeric supply from nearby farmers.,2026-08-17,2026-08-27,Western Maharashtra (Desh),Sangli,Kavathemahankal,Deshing
D1747,B2552,Ragi,Dapoli-2,8.09,3918.12,Requirement raised for Ragi to meet upcoming production schedule.,2026-08-24,2026-12-12,Konkan,Thane,Bhiwandi,Anjur
D1748,B0790,Sugarcane,Phule 265,483.02,487.58,Seeking regular Sugarcane supply from nearby farmers.,2026-06-01,2026-07-12,Western Maharashtra (Desh),Ahilyanagar (Ahmednagar),Nagar,Ambilwadi
D1749,B1169,Sugarcane,Co 740,438.8,541.44,Sourcing Sugarcane in bulk for our processing unit.,2026-08-19,2026-09-26,Western Maharashtra (Desh),Pune,Baramati,Anjangaon
D1750,B2047,Maize,DHM-117,55.9,2072.8,Sourcing Maize for export-quality grading and packaging.,2026-08-25,2026-12-13,Khandesh,Dhule,Sindkheda,Betawad
D1751,B4260,Mango (Alphonso),Pairi,29.0,9606.34,Buyer looking to purchase Mango (Alphonso) directly from farmers.,2026-06-22,2026-07-11,Konkan,Ratnagiri,Chiplun,Karambavane
D1752,B4747,Areca Nut,Not Specified,32.42,52282.5,Buyer looking to purchase Areca Nut directly from farmers.,2026-07-25,2026-08-16,Konkan,Ratnagiri,Sangameshwar,Devade
D1753,B1493,Bajra,ICTP-8203,62.2,2646.28,Buyer looking to purchase Bajra directly from farmers.,2026-06-15,2026-09-21,Marathwada,Chhatrapati Sambhajinagar (Aurangabad),Phulambri,Fulambri
D1754,B3939,Areca Nut,Sumangala,10.48,55531.69,"Standing requirement for Areca Nut, quantity flexible based on quality.",2026-06-26,2026-07-19,Konkan,Ratnagiri,Khed,Tulashi Bk.
D1755,B3713,Cotton,Not Specified,42.94,7944.83,Sourcing Cotton in bulk for our processing unit.,2026-07-27,2026-10-25,Vidarbha,Washim,Risod,Rithad
D1756,B2764,Coconut,Dwarf Green,12.51,5756.06,Need consistent Coconut supply for ongoing operations.,2026-08-09,2026-09-17,Konkan,Sindhudurg,Devgad,Shirgaon
D1757,B0791,Coconut,Not Specified,15.34,4688.09,Bulk Coconut requirement for processing.,2026-08-10,2026-09-16,Konkan,Sindhudurg,Vaibhavwadi,Lore
D1758,B0209,Ragi,Not Specified,8.02,3165.59,Need consistent Ragi supply for ongoing operations.,2026-08-15,2026-09-24,Konkan,Palghar,Palghar,Chahade
D1759,B4510,Jowar,Not Specified,17.03,3893.85,Need consistent Jowar supply for ongoing operations.,2026-07-01,2026-08-05,Western Maharashtra (Desh),Pune,Shirur,Amdabad
D1760,B4135,Field Beans,Konkan Val landrace,9.29,4553.01,Looking for fresh Field Beans for wholesale procurement.,2026-05-29,2026-06-30,Konkan,Raigad,Shrivardhan,Adgaon
D1761,B4306,Maize,Not Specified,18.27,2659.09,Inviting offers for Maize from farmers in the region.,2026-05-06,2026-08-07,Marathwada,Chhatrapati Sambhajinagar (Aurangabad),Phulambri,Ganori
D1762,B2971,Vari,Konkan local Vari landrace,34.96,3430.69,Seeking regular Vari supply from nearby farmers.,2026-07-25,2026-11-06,Western Maharashtra (Desh),Satara,Jaoli,Akhade
D1763,B1854,Mango (Alphonso),Not Specified,28.72,10088.66,"Standing requirement for Mango (Alphonso), quantity flexible based on quality.",2026-06-29,2026-07-21,Konkan,Ratnagiri,Chiplun,Bivali
D1764,B2281,Sunflower,Phule Raviraj,29.73,7908.31,Buyer looking to purchase Sunflower directly from farmers.,2026-08-20,2026-11-12,Vidarbha,Buldhana,Sangrampur,Bawanbir
D1765,B2638,Maize,Ganga Safed-2,8.42,2020.57,Inviting offers for Maize from farmers in the region.,2026-07-29,2026-09-18,Khandesh,Nandurbar,Shahada,Adgaon
D1766,B0548,Ragi,Dapoli-2,8.47,3610.55,Seeking regular Ragi supply from nearby farmers.,2026-08-08,2026-10-03,Konkan,Palghar,Vada,Ambiste Kh.
D1767,B3206,Groundnut,Not Specified,50.5,6958.3,"Procurement need for good quality Groundnut, open to multiple sellers.",2026-06-05,2026-08-13,Vidarbha,Bhandara,Mohadi,Kardi
D1768,B0578,Rice,Indrayani,22.8,4182.15,Sourcing Rice for export-quality grading and packaging.,2026-08-06,2026-11-25,Konkan,Sindhudurg,Vaibhavwadi,Vabhave
D1769,B1244,Coconut,Dwarf Green,26.08,5583.94,Looking for fresh Coconut for wholesale procurement.,2026-07-25,2026-09-06,Konkan,Sindhudurg,Kudal,Kasal
D1770,B2550,Wheat,Tapovan (NIAW-917),22.53,2656.71,Bulk Wheat requirement for processing.,2026-07-14,2026-10-25,Marathwada,Nanded,Loha,Sonkhed
D1771,B3723,Banana,Rajapuri,30.76,5113.83,Looking for fresh Banana for wholesale procurement.,2026-06-23,2026-07-19,Khandesh,Jalgaon,Chalisgaon,Adgaon
D1772,B0925,Areca Nut,Not Specified,18.36,36797.33,Sourcing Areca Nut for export-quality grading and packaging.,2026-07-31,2026-09-10,Konkan,Sindhudurg,Vaibhavwadi,Vabhave
D1773,B2385,Wheat,Lokwan,13.57,3073.63,"Standing requirement for Wheat, quantity flexible based on quality.",2026-08-18,2026-10-12,Marathwada,Nanded,Umri,Sindhi
D1774,B4052,Gram,Not Specified,71.93,5655.62,Looking to procure Gram for institutional buyers.,2026-05-15,2026-07-14,Marathwada,Latur,Renapur,Pangaon
D1775,B2260,Sunflower,Not Specified,53.75,6106.36,Looking to procure Sunflower for institutional buyers.,2026-08-15,2026-10-24,Vidarbha,Buldhana,Khamgaon,Ghatpuri
D1776,B0681,Cotton,RCH-2 Bt,23.66,8933.28,"Standing requirement for Cotton, quantity flexible based on quality.",2026-06-30,2026-08-28,Marathwada,Chhatrapati Sambhajinagar (Aurangabad),Phulambri,Fulambri
D1777,B0852,Groundnut,Not Specified,62.24,7305.73,"Standing requirement for Groundnut, quantity flexible based on quality.",2026-08-15,2026-10-27,Western Maharashtra (Desh),Solapur,Mohol,Angar
D1778,B4252,Gram,Not Specified,52.46,4797.86,Bulk Gram requirement for processing.,2026-07-20,2026-11-04,Marathwada,Latur,Chakur,Algarwadi
D1779,B0808,Sunflower,Not Specified,17.22,7477.05,Requirement raised for Sunflower to meet upcoming production schedule.,2026-07-19,2026-11-11,Vidarbha,Buldhana,Malkapur,Datala
D1780,B3456,Areca Nut,Not Specified,28.04,33361.05,Looking to procure Areca Nut for institutional buyers.,2026-08-11,2026-09-19,Konkan,Ratnagiri,Khed,Tulashi Kh.
D1781,B4697,Field Beans,Not Specified,5.71,3814.12,Looking to procure Field Beans for institutional buyers.,2026-08-06,2026-09-12,Konkan,Raigad,Mahad,Gherakilla Raigad (Raigadwadi)
D1782,B0211,Cotton,Bt Cotton (Bollgard II hybrid),9.75,10115.19,Bulk Cotton requirement for processing.,2026-06-11,2026-08-27,Vidarbha,Nagpur,Katol,Ambada
D1783,B0233,Field Beans,Not Specified,33.59,3433.57,Looking to procure Field Beans for institutional buyers.,2026-06-18,2026-07-13,Konkan,Raigad,Uran,Antrabamdakhar
D1784,B2267,Ragi,Dapoli-1,14.26,3993.03,Looking to procure Ragi for institutional buyers.,2026-06-07,2026-07-22,Konkan,Palghar,Vasai,Arnala
D1785,B1716,Wheat,Not Specified,61.91,2955.05,Sourcing Wheat for export-quality grading and packaging.,2026-06-26,2026-09-03,Marathwada,Nanded,Dharmabad,Jarikot
D1786,B1410,Vari,Not Specified,68.44,3910.56,"Standing requirement for Vari, quantity flexible based on quality.",2026-07-14,2026-09-06,Konkan,Palghar,Dahanu,Bordi
D1787,B2594,Areca Nut,Not Specified,7.62,51587.84,Looking to procure Areca Nut for institutional buyers.,2026-06-27,2026-08-07,Konkan,Ratnagiri,Ratnagiri,Bhandarwadi
D1788,B1526,Vari,Not Specified,23.0,4983.18,Need consistent Vari supply for ongoing operations.,2026-06-19,2026-09-08,Western Maharashtra (Desh),Satara,Satara,Agudewadi
D1789,B2962,Sugarcane,Not Specified,547.52,395.93,Bulk Sugarcane requirement for processing.,2026-05-27,2026-07-30,Western Maharashtra (Desh),Sangli,Miraj,Bamnoli
D1790,B4147,Wheat,Not Specified,43.01,3109.16,Inviting offers for Wheat from farmers in the region.,2026-05-25,2026-09-06,Marathwada,Nanded,Himayatnagar,Sarsam
D1791,B0623,Vari,Konkan local Vari landrace,58.38,5103.8,Looking to procure Vari for institutional buyers.,2026-06-26,2026-08-23,Konkan,Palghar,Vikramgad,Balapur
D1792,B1195,Groundnut,Not Specified,43.12,6978.95,Buyer looking to purchase Groundnut directly from farmers.,2026-05-14,2026-09-10,Western Maharashtra (Desh),Solapur,Mohol,Ashti
D1793,B2408,Groundnut,Not Specified,71.65,6717.4,"Procurement need for good quality Groundnut, open to multiple sellers.",2026-07-01,2026-07-31,Western Maharashtra (Desh),Pune,Ambegaon,Amondi
D1794,B2015,Sunflower,Morden,10.86,5777.67,Sourcing Sunflower for export-quality grading and packaging.,2026-08-26,2026-10-21,Vidarbha,Buldhana,Jalgaon Jamod,Pimpalgaon Kale
D1795,B1851,Tur,BSMR-736,17.65,6546.53,Looking for fresh Tur for wholesale procurement.,2026-08-17,2026-11-11,Marathwada,Beed,Parli,Parli (Rural)
D1796,B3596,Field Beans,Konkan Val landrace,18.58,4991.63,"Standing requirement for Field Beans, quantity flexible based on quality.",2026-06-26,2026-07-30,Konkan,Raigad,Shrivardhan,Arathi
D1797,B2143,Mango (Alphonso),Not Specified,36.25,25531.64,Sourcing Mango (Alphonso) in bulk for our processing unit.,2026-06-30,2026-08-02,Konkan,Ratnagiri,Khed,Tulashi Bk.
D1798,B1923,Maize,Ganga Safed-2,13.41,2484.17,Requirement raised for Maize to meet upcoming production schedule.,2026-08-17,2026-12-09,Khandesh,Nandurbar,Nandurbar,Akrale
D1799,B2023,Bajra,Not Specified,45.66,2277.34,Inviting offers for Bajra from farmers in the region.,2026-08-02,2026-11-03,Western Maharashtra (Desh),Pune,Velhe,Ambavane
D1800,B2569,Sugarcane,CoVSI 09292,179.53,405.37,Sourcing Sugarcane for export-quality grading and packaging.,2026-07-26,2026-10-29,Western Maharashtra (Desh),Pune,Pune City,Keshavnagar-Mundwa
D1801,B1835,Vari,Konkan local Vari landrace,40.92,4124.39,"Standing requirement for Vari, quantity flexible based on quality.",2026-07-01,2026-08-16,Konkan,Palghar,Dahanu,Bordi
D1802,B0182,Jowar,Not Specified,45.89,2652.1,Requirement raised for Jowar to meet upcoming production schedule.,2026-07-06,2026-10-29,Marathwada,Chhatrapati Sambhajinagar (Aurangabad),Kannad,Shafepur
D1803,B1212,Tur,ICPL-87,12.51,7996.79,"Standing requirement for Tur, quantity flexible based on quality.",2026-06-05,2026-10-01,Vidarbha,Nagpur,Katol,Chandanpardi
D1804,B0226,Rice,Not Specified,52.44,4907.43,Seeking regular Rice supply from nearby farmers.,2026-08-26,2026-10-17,Khandesh,Nashik,Dindori,Dhakambe
D1805,B3704,Groundnut,SB-11,29.94,7599.83,Inviting offers for Groundnut from farmers in the region.,2026-08-24,2026-10-06,Western Maharashtra (Desh),Pune,Velhe,Adavali
D1806,B4421,Cotton,Not Specified,45.55,9897.1,"Standing requirement for Cotton, quantity flexible based on quality.",2026-05-07,2026-07-16,Marathwada,Latur,Udgir,Arasnal
D1807,B0981,Linseed,Not Specified,11.3,5680.59,Buyer looking to purchase Linseed directly from farmers.,2026-08-05,2026-12-01,Vidarbha,Gadchiroli,Chamorshi,Talodhi Mokasa
D1808,B1595,Ragi,Phule Nachani,28.38,4502.28,Seeking regular Ragi supply from nearby farmers.,2026-05-03,2026-07-30,Konkan,Raigad,Poladpur,Adavale Kh.
D1809,B0979,Linseed,NL-97,60.74,6955.52,Looking to procure Linseed for institutional buyers.,2026-06-24,2026-09-09,Vidarbha,Gadchiroli,Aheri,Chhallewada
D1810,B3124,Field Beans,Not Specified,9.18,3668.91,Bulk Field Beans requirement for processing.,2026-06-14,2026-07-05,Konkan,Raigad,Mahad,Pachad
D1811,B3526,Mango (Alphonso),Not Specified,20.51,10859.54,Buyer looking to purchase Mango (Alphonso) directly from farmers.,2026-05-29,2026-06-30,Konkan,Raigad,Mahad,Rupavali
D1812,B0669,Vari,Konkan local Vari landrace,45.34,3266.91,"Standing requirement for Vari, quantity flexible based on quality.",2026-05-08,2026-08-12,Konkan,Thane,Ambarnath,Chinchpada
D1813,B0485,Rice,Not Specified,18.99,3224.68,Inviting offers for Rice from farmers in the region.,2026-04-30,2026-07-05,Konkan,Palghar,Palghar,Betegaon
D1814,B3152,Bajra,Saburi,63.75,4521.88,"Procurement need for good quality Bajra, open to multiple sellers.",2026-07-25,2026-10-21,Marathwada,Beed,Wadwani,Upli
D1815,B1490,Sugarcane,Co 94012,113.7,528.87,Seeking regular Sugarcane supply from nearby farmers.,2026-07-21,2026-10-27,Marathwada,Dharashiv (Osmanabad),Paranda,Jawala (N.)
D1816,B1450,Soybean,Not Specified,52.79,7275.87,Seeking regular Soybean supply from nearby farmers.,2026-07-10,2026-09-29,Marathwada,Hingoli,Basmath,Girgaon
D1817,B0249,Udid,Not Specified,71.2,9266.31,Bulk Udid requirement for processing.,2026-08-12,2026-10-15,Konkan,Thane,Shahapur,Cherpoli
D1818,B2388,Groundnut,Phule Unnati,46.85,6156.24,Bulk Groundnut requirement for processing.,2026-07-08,2026-10-18,Western Maharashtra (Desh),Kolhapur,Radhanagari,Savarde
D1819,B1272,Groundnut,Not Specified,68.35,8919.63,Looking to procure Groundnut for institutional buyers.,2026-07-15,2026-09-27,Western Maharashtra (Desh),Kolhapur,Kagal,Siddhanerli
D1820,B3670,Sugarcane,Not Specified,401.33,301.03,"Procurement need for good quality Sugarcane, open to multiple sellers.",2026-06-21,2026-08-15,Western Maharashtra (Desh),Ahilyanagar (Ahmednagar),Kopargaon,Kokamthan
D1821,B4021,Vari,Local Bhagar landrace,11.85,3345.42,Need consistent Vari supply for ongoing operations.,2026-08-13,2026-11-30,Konkan,Palghar,Vada,Abitghar
D1822,B0810,Coconut,Not Specified,7.16,5191.56,Inviting offers for Coconut from farmers in the region.,2026-07-17,2026-08-30,Konkan,Sindhudurg,Vengurla,Karli
D1823,B4274,Tur,Vipula,49.67,6497.63,Seeking regular Tur supply from nearby farmers.,2026-07-02,2026-08-21,Vidarbha,Buldhana,Motala,Rohinkhed
D1824,B2400,Rice,Not Specified,46.98,4262.87,Bulk Rice requirement for processing.,2026-07-08,2026-10-03,Western Maharashtra (Desh),Kolhapur,Radhanagari,Savarde
D1825,B0855,Vari,Local Bhagar landrace,51.29,3853.32,Sourcing Vari in bulk for our processing unit.,2026-08-09,2026-12-01,Western Maharashtra (Desh),Satara,Koregaon,Ambawade S. Wagholi
D1826,B0452,Rice,Ambemohar,26.83,3434.17,"Standing requirement for Rice, quantity flexible based on quality.",2026-08-06,2026-11-12,Vidarbha,Nagpur,Kamptee,Ambadi
D1827,B4447,Coconut,Pratap,28.26,4744.54,Looking for fresh Coconut for wholesale procurement.,2026-08-25,2026-09-28,Konkan,Sindhudurg,Vaibhavwadi,Vabhave
D1828,B1543,Chickoo,Cricket Ball,29.21,3537.31,Buyer looking to purchase Chickoo directly from farmers.,2026-08-06,2026-09-18,Konkan,Palghar,Vikramgad,Dadade
D1829,B1461,Mango (Alphonso),Alphonso (Hapus),33.92,8822.63,Seeking regular Mango (Alphonso) supply from nearby farmers.,2026-08-20,2026-09-19,Konkan,Raigad,Murud,Abitghar
D1830,B0598,Vari,Not Specified,43.35,4398.14,"Standing requirement for Vari, quantity flexible based on quality.",2026-05-01,2026-07-13,Konkan,Raigad,Murud,Abitghar
D1831,B1688,Rice,Not Specified,20.76,3916.26,"Procurement need for good quality Rice, open to multiple sellers.",2026-07-28,2026-10-03,Konkan,Thane,Kalyan,Antarde
D1832,B1451,Maize,Not Specified,62.18,2146.95,Buyer looking to purchase Maize directly from farmers.,2026-05-05,2026-06-17,Khandesh,Dhule,Sindkheda,Betawad
D1833,B2017,Mango (Alphonso),Not Specified,12.63,28347.04,Looking to procure Mango (Alphonso) for institutional buyers.,2026-07-18,2026-08-16,Konkan,Raigad,Khalapur,Ajivali
D1834,B1679,Areca Nut,Not Specified,25.89,56713.11,Buyer looking to purchase Areca Nut directly from farmers.,2026-07-31,2026-09-05,Konkan,Ratnagiri,Rajapur,Kondsar Bk.
D1835,B3389,Mango (Alphonso),Kesar,30.86,18058.56,"Standing requirement for Mango (Alphonso), quantity flexible based on quality.",2026-04-30,2026-06-04,Konkan,Sindhudurg,Dodamarg,Kumbral
D1836,B0343,Field Beans,Not Specified,19.85,4506.85,"Procurement need for good quality Field Beans, open to multiple sellers.",2026-05-09,2026-05-26,Konkan,Raigad,Mahad,Pachad
D1837,B0945,Jowar,Phule Vasudha,13.04,4704.26,Seeking regular Jowar supply from nearby farmers.,2026-08-24,2026-10-20,Khandesh,Jalgaon,Bhusawal,Anjansonde
D1838,B3263,Ragi,Dapoli-2,13.01,3766.88,Bulk Ragi requirement for processing.,2026-08-08,2026-10-22,Konkan,Thane,Thane,Agasan
D1839,B1656,Field Beans,Not Specified,23.47,4074.35,Seeking regular Field Beans supply from nearby farmers.,2026-07-11,2026-07-23,Konkan,Raigad,Poladpur,Agryachakond
D1840,B3842,Sugarcane,Co 740,179.94,584.16,Seeking regular Sugarcane supply from nearby farmers.,2026-05-11,2026-09-01,Vidarbha,Bhandara,Mohadi,Kandri
D1841,B0553,Linseed,Sharda,28.24,7366.05,Need consistent Linseed supply for ongoing operations.,2026-07-21,2026-08-20,Vidarbha,Gondia,Amgaon,Asordi
D1842,B4126,Linseed,Not Specified,17.97,6047.31,Requirement raised for Linseed to meet upcoming production schedule.,2026-05-05,2026-05-31,Vidarbha,Gadchiroli,Chamorshi,Ghot
D1843,B1252,Areca Nut,Sumangala,34.77,41651.78,"Procurement need for good quality Areca Nut, open to multiple sellers.",2026-08-21,2026-09-03,Konkan,Ratnagiri,Chiplun,Bivali
D1844,B3206,Groundnut,SB-11,41.35,6363.74,Looking to procure Groundnut for institutional buyers.,2026-05-28,2026-09-14,Vidarbha,Bhandara,Mohadi,Kardi
D1845,B3596,Field Beans,Local Konkan landrace,6.81,3413.29,Inviting offers for Field Beans from farmers in the region.,2026-06-10,2026-06-30,Konkan,Raigad,Shrivardhan,Arathi
D1846,B1175,Ragi,Dapoli-2,5.84,3967.89,Buyer looking to purchase Ragi directly from farmers.,2026-07-11,2026-08-07,Konkan,Raigad,Shrivardhan,Arathi
D1847,B1392,Tur,Not Specified,28.99,5658.78,Bulk Tur requirement for processing.,2026-07-31,2026-08-25,Vidarbha,Gondia,Goregaon,Dawwa
D1848,B3123,Groundnut,JL-24,61.42,8313.02,Bulk Groundnut requirement for processing.,2026-08-17,2026-11-30,Western Maharashtra (Desh),Sangli,Shirala,Biur
D1849,B0289,Areca Nut,Not Specified,6.72,49635.01,Need consistent Areca Nut supply for ongoing operations.,2026-08-23,2026-09-26,Konkan,Sindhudurg,Sawantwadi,Amboli
D1850,B2314,Chickoo,Not Specified,15.81,4097.28,"Procurement need for good quality Chickoo, open to multiple sellers.",2026-07-31,2026-08-26,Konkan,Thane,Thane,Adavli
D1851,B2828,Mango (Alphonso),Not Specified,24.98,17843.12,Seeking regular Mango (Alphonso) supply from nearby farmers.,2026-07-03,2026-08-05,Konkan,Raigad,Karjat,Khanand
D1852,B1834,Turmeric,Selam,23.7,18870.38,Buyer looking to purchase Turmeric directly from farmers.,2026-08-26,2026-09-15,Western Maharashtra (Desh),Sangli,Kadegaon,Ambak
D1853,B3016,Sunflower,Not Specified,39.18,6015.12,Looking for fresh Sunflower for wholesale procurement.,2026-07-04,2026-10-27,Vidarbha,Buldhana,Buldhana,Deulghat
D1854,B4436,Turmeric,Not Specified,30.77,10410.23,Looking to procure Turmeric for institutional buyers.,2026-06-19,2026-07-24,Western Maharashtra (Desh),Sangli,Khanapur,Ainwadi
D1855,B3450,Soybean,Not Specified,37.26,5888.27,Buyer looking to purchase Soybean directly from farmers.,2026-07-04,2026-09-10,Marathwada,Nanded,Mukhed,Jamb Bk.
D1856,B2671,Groundnut,Not Specified,17.08,7456.64,"Procurement need for good quality Groundnut, open to multiple sellers.",2026-05-31,2026-07-19,Western Maharashtra (Desh),Satara,Jaoli,Anewadi
D1857,B4657,Sunflower,Morden,71.92,6797.3,Buyer looking to purchase Sunflower directly from farmers.,2026-06-22,2026-08-25,Vidarbha,Buldhana,Buldhana,Deulghat
D1858,B1750,Gram,Vijay,15.65,6176.65,Sourcing Gram in bulk for our processing unit.,2026-08-21,2026-12-03,Marathwada,Latur,Renapur,Kadepur
D1859,B3377,Banana,Grand Naine,14.29,4882.36,Looking to procure Banana for institutional buyers.,2026-06-24,2026-08-06,Khandesh,Jalgaon,Jamner,Ambadi
D1860,B3538,Mango (Alphonso),Ratna,4.99,11378.44,"Standing requirement for Mango (Alphonso), quantity flexible based on quality.",2026-07-29,2026-08-25,Konkan,Sindhudurg,Vaibhavwadi,Vabhave
D1861,B4616,Wheat,Not Specified,48.05,2851.04,"Procurement need for good quality Wheat, open to multiple sellers.",2026-05-21,2026-07-25,Western Maharashtra (Desh),Sangli,Miraj,Arag
D1862,B3839,Groundnut,Phule Unnati,58.09,7301.5,"Standing requirement for Groundnut, quantity flexible based on quality.",2026-08-23,2026-12-04,Western Maharashtra (Desh),Pune,Pune City,Keshavnagar-Mundwa
D1863,B4347,Udid,Not Specified,67.23,8596.88,Bulk Udid requirement for processing.,2026-05-12,2026-06-07,Konkan,Palghar,Talasari,Upalat
D1864,B0433,Linseed,NL-97,24.99,7774.37,"Procurement need for good quality Linseed, open to multiple sellers.",2026-08-06,2026-09-27,Vidarbha,Gadchiroli,Mulchera,Vivekanandpur
D1865,B2520,Sugarcane,Not Specified,247.5,612.25,"Standing requirement for Sugarcane, quantity flexible based on quality.",2026-08-21,2026-11-11,Marathwada,Parbhani,Jintur,Bori
D1866,B3892,Groundnut,Phule Unnati,27.28,5919.92,Inviting offers for Groundnut from farmers in the region.,2026-05-23,2026-07-06,Western Maharashtra (Desh),Pune,Khed,Amboli
D1867,B1338,Field Beans,Local Konkan landrace,9.86,4216.83,Need consistent Field Beans supply for ongoing operations.,2026-08-01,2026-08-28,Konkan,Raigad,Poladpur,Adavale Bk.
D1868,B2044,Tur,Not Specified,50.99,6030.62,Need consistent Tur supply for ongoing operations.,2026-05-13,2026-06-12,Marathwada,Beed,Ambajogai,Bardapur
D1869,B1111,Wheat,Not Specified,37.54,2711.55,Looking for fresh Wheat for wholesale procurement.,2026-07-19,2026-09-28,Marathwada,Nanded,Hadgaon,Niwdha
D1870,B3613,Tur,Not Specified,19.99,8598.51,Need consistent Tur supply for ongoing operations.,2026-08-24,2026-11-29,Khandesh,Jalgaon,Raver,Ainpur
D1871,B2817,Ragi,Not Specified,35.11,4321.54,Bulk Ragi requirement for processing.,2026-05-25,2026-09-06,Konkan,Palghar,Jawhar,Vavar
D1872,B2459,Mango (Alphonso),Not Specified,34.12,9114.74,Looking to procure Mango (Alphonso) for institutional buyers.,2026-05-28,2026-06-27,Konkan,Ratnagiri,Lanja,Shirambavali
D1873,B2395,Sunflower,Not Specified,75.31,5332.34,"Standing requirement for Sunflower, quantity flexible based on quality.",2026-08-26,2026-11-22,Vidarbha,Buldhana,Shegaon,Matargaon Bk.
D1874,B0131,Areca Nut,Not Specified,23.8,58796.55,Requirement raised for Areca Nut to meet upcoming production schedule.,2026-08-16,2026-09-07,Konkan,Ratnagiri,Mandangad,Kondgaon
D1875,B4206,Rice,Kolam,87.42,3276.69,Requirement raised for Rice to meet upcoming production schedule.,2026-08-21,2026-09-21,Konkan,Thane,Murbad,Deogaon
D1876,B1957,Gram,Not Specified,25.82,6953.83,Requirement raised for Gram to meet upcoming production schedule.,2026-05-05,2026-09-02,Marathwada,Latur,Shirur Anantpal,Ajani Bk.
D1877,B3753,Cotton,Not Specified,29.39,7718.28,"Standing requirement for Cotton, quantity flexible based on quality.",2026-04-30,2026-08-06,Western Maharashtra (Desh),Solapur,Mangalvedhe,Nandeshwar
D1878,B0158,Coconut,Dwarf Green,33.64,4172.29,Looking for fresh Coconut for wholesale procurement.,2026-08-01,2026-08-28,Konkan,Sindhudurg,Vengurla,Parule
D1879,B3074,Soybean,MAUS 71,62.1,6965.62,Buyer looking to purchase Soybean directly from farmers.,2026-08-02,2026-09-12,Vidarbha,Washim,Karanja,Bhambdevi
D1880,B2837,Bajra,Not Specified,43.95,3302.07,Sourcing Bajra in bulk for our processing unit.,2026-05-11,2026-08-01,Khandesh,Nashik,Surgana,Dodopada
D1881,B0695,Tur,Not Specified,67.04,8486.81,Bulk Tur requirement for processing.,2026-05-02,2026-06-12,Vidarbha,Chandrapur,Pombhurna,Ashta
D1882,B0877,Linseed,NL-97,28.38,5906.36,"Procurement need for good quality Linseed, open to multiple sellers.",2026-08-10,2026-09-13,Vidarbha,Gadchiroli,Aheri,Chhallewada
D1883,B0080,Areca Nut,Not Specified,28.64,41411.74,"Standing requirement for Areca Nut, quantity flexible based on quality.",2026-05-09,2026-06-17,Konkan,Sindhudurg,Malwan,Waghavane
D1884,B2711,Rice,Not Specified,19.87,3512.72,Sourcing Rice for export-quality grading and packaging.,2026-05-20,2026-09-17,Konkan,Raigad,Shrivardhan,Adgaon
D1885,B0665,Jowar,CSH-16,8.86,5794.36,"Procurement need for good quality Jowar, open to multiple sellers.",2026-05-30,2026-09-23,Western Maharashtra (Desh),Pune,Khed,Amboli
D1886,B0651,Sugarcane,Phule 265,331.21,452.47,"Procurement need for good quality Sugarcane, open to multiple sellers.",2026-08-02,2026-10-29,Marathwada,Chhatrapati Sambhajinagar (Aurangabad),Kannad,Chincholi (L)
D1887,B1525,Cashew,Konkan Kalpa,18.48,18848.0,Bulk Cashew requirement for processing.,2026-05-25,2026-06-16,Konkan,Sindhudurg,Malwan,Devli
D1888,B2157,Groundnut,Phule Unnati,54.01,8076.91,Bulk Groundnut requirement for processing.,2026-05-27,2026-08-01,Western Maharashtra (Desh),Pune,Maval,Adhale Bk.
D1889,B1866,Maize,Pratap Hybrid-1,27.7,2189.44,Looking to procure Maize for institutional buyers.,2026-06-10,2026-08-28,Khandesh,Jalgaon,Erandol,Anandnagar
D1890,B2056,Areca Nut,Not Specified,28.61,46473.42,Looking to procure Areca Nut for institutional buyers.,2026-08-20,2026-09-15,Konkan,Ratnagiri,Rajapur,Avali Chiwadi
D1891,B2306,Linseed,Not Specified,10.94,5678.48,Requirement raised for Linseed to meet upcoming production schedule.,2026-08-21,2026-09-22,Vidarbha,Gadchiroli,Mulchera,Lagam
D1892,B3524,Areca Nut,Sumangala,4.67,52184.51,Bulk Areca Nut requirement for processing.,2026-06-15,2026-07-18,Konkan,Sindhudurg,Devgad,Jamsande
D1893,B0540,Sunflower,Not Specified,59.82,6075.61,Requirement raised for Sunflower to meet upcoming production schedule.,2026-08-06,2026-10-31,Vidarbha,Buldhana,Motala,Motala
D1894,B3035,Sugarcane,CoM 0265,222.62,645.39,"Procurement need for good quality Sugarcane, open to multiple sellers.",2026-06-02,2026-07-18,Western Maharashtra (Desh),Ahilyanagar (Ahmednagar),Shrirampur,Takalibhan
D1895,B0350,Mango (Alphonso),Not Specified,17.58,27346.48,Requirement raised for Mango (Alphonso) to meet upcoming production schedule.,2026-08-22,2026-09-26,Konkan,Ratnagiri,Rajapur,Avali Chiwadi
D1896,B3799,Field Beans,Not Specified,20.37,3169.27,Sourcing Field Beans for export-quality grading and packaging.,2026-08-07,2026-09-12,Konkan,Raigad,Murud,Abitghar
D1897,B0201,Wheat,Not Specified,57.22,2576.0,Looking to procure Wheat for institutional buyers.,2026-05-21,2026-07-31,Marathwada,Nanded,Hadgaon,Palsa
D1898,B0115,Groundnut,Phule Unnati,18.25,8949.13,"Procurement need for good quality Groundnut, open to multiple sellers.",2026-05-13,2026-07-27,Western Maharashtra (Desh),Pune,Baramati,Anjangaon
D1899,B3869,Groundnut,SB-11,21.29,7339.66,Seeking regular Groundnut supply from nearby farmers.,2026-06-13,2026-09-16,Khandesh,Nashik,Igatpuri,Bortembhe
D1900,B2275,Mango (Alphonso),Ratna,24.01,18317.47,Buyer looking to purchase Mango (Alphonso) directly from farmers.,2026-08-24,2026-09-13,Konkan,Sindhudurg,Malwan,Kalethar
D1901,B3993,Mango (Alphonso),Not Specified,6.16,29277.86,Bulk Mango (Alphonso) requirement for processing.,2026-08-24,2026-10-03,Konkan,Sindhudurg,Devgad,Padel
D1902,B2371,Linseed,Sharda,60.58,7529.11,Buyer looking to purchase Linseed directly from farmers.,2026-07-08,2026-09-10,Vidarbha,Gondia,Salekasa,Tirkhedi
D1903,B1300,Maize,Ganga Safed-2,52.91,2206.98,Bulk Maize requirement for processing.,2026-07-21,2026-10-21,Khandesh,Dhule,Sakri,Kasare
D1904,B2310,Turmeric,Rajapuri,25.8,17871.52,Requirement raised for Turmeric to meet upcoming production schedule.,2026-07-17,2026-08-26,Western Maharashtra (Desh),Sangli,Tasgaon,Alate
D1905,B0518,Sugarcane,Co 94012,274.7,354.14,Requirement raised for Sugarcane to meet upcoming production schedule.,2026-07-31,2026-10-04,Western Maharashtra (Desh),Ahilyanagar (Ahmednagar),Kopargaon,Suregaon
D1906,B3901,Groundnut,Not Specified,44.56,7626.24,Requirement raised for Groundnut to meet upcoming production schedule.,2026-08-01,2026-09-11,Vidarbha,Washim,Karanja,Belkhed
D1907,B2637,Sunflower,Not Specified,49.0,7941.14,Sourcing Sunflower for export-quality grading and packaging.,2026-07-20,2026-09-13,Vidarbha,Buldhana,Lonar,Sultanpur
D1908,B2041,Coconut,T x D hybrid,33.18,3925.4,Bulk Coconut requirement for processing.,2026-06-24,2026-07-13,Konkan,Sindhudurg,Malwan,Kalethar
D1909,B2635,Jowar,Phule Vasudha,39.47,6260.27,Sourcing Jowar for export-quality grading and packaging.,2026-06-07,2026-08-28,Western Maharashtra (Desh),Pune,Junnar,Agar
D1910,B3192,Coconut,Not Specified,29.95,3787.23,Seeking regular Coconut supply from nearby farmers.,2026-06-21,2026-07-04,Konkan,Sindhudurg,Devgad,Padel
D1911,B3881,Mango (Alphonso),Alphonso (Hapus),14.89,26039.25,Need consistent Mango (Alphonso) supply for ongoing operations.,2026-07-16,2026-08-12,Konkan,Sindhudurg,Kankavli,Bandargaon
D1912,B2622,Turmeric,Rajapuri,20.22,14562.35,Looking to procure Turmeric for institutional buyers.,2026-05-27,2026-06-13,Western Maharashtra (Desh),Sangli,Walwa,Ahirwadi
D1913,B2422,Bajra,Not Specified,55.76,2534.23,Inviting offers for Bajra from farmers in the region.,2026-06-10,2026-08-22,Marathwada,Beed,Shirur-Kasar,Shirur
D1914,B3466,Vari,Not Specified,68.17,3837.46,"Procurement need for good quality Vari, open to multiple sellers.",2026-05-20,2026-06-17,Konkan,Thane,Thane,Adavli
D1915,B0237,Linseed,Not Specified,50.36,5718.27,Need consistent Linseed supply for ongoing operations.,2026-08-09,2026-09-21,Vidarbha,Gadchiroli,Dhanora,Dhanora
D1916,B3660,Udid,Not Specified,45.78,8336.92,Requirement raised for Udid to meet upcoming production schedule.,2026-05-15,2026-07-14,Konkan,Thane,Shahapur,Cherpoli
D1917,B3736,Maize,Pratap Hybrid-1,37.89,1927.8,Seeking regular Maize supply from nearby farmers.,2026-06-15,2026-07-12,Khandesh,Nashik,Kalwan,Manur
D1918,B1016,Mango (Alphonso),Pairi,22.24,15227.93,Requirement raised for Mango (Alphonso) to meet upcoming production schedule.,2026-08-15,2026-09-18,Konkan,Raigad,Alibag,Agarsure
D1919,B4507,Chickoo,Kalipatti,23.77,2822.41,Requirement raised for Chickoo to meet upcoming production schedule.,2026-07-23,2026-08-04,Konkan,Palghar,Talasari,Vasa
D1920,B2318,Banana,Shrimanti,5.16,3412.56,Sourcing Banana for export-quality grading and packaging.,2026-08-03,2026-08-21,Khandesh,Jalgaon,Yawal,Aklud
D1921,B4069,Field Beans,Konkan Val landrace,9.23,3037.08,Seeking regular Field Beans supply from nearby farmers.,2026-08-23,2026-09-17,Konkan,Raigad,Tala,Bamanghar
D1922,B0753,Chickoo,Not Specified,33.77,2680.29,Buyer looking to purchase Chickoo directly from farmers.,2026-06-18,2026-07-02,Konkan,Thane,Thane,Adavli
D1923,B4035,Udid,BDU-1,43.73,8488.37,Buyer looking to purchase Udid directly from farmers.,2026-08-01,2026-11-04,Konkan,Thane,Bhiwandi,Ambardi
D1924,B0733,Bajra,Not Specified,37.25,2326.01,Sourcing Bajra in bulk for our processing unit.,2026-06-02,2026-07-04,Marathwada,Jalna,Mantha,Pangri (Gosavi)
D1925,B4569,Cashew,Vengurla-4,19.65,14238.48,"Procurement need for good quality Cashew, open to multiple sellers.",2026-08-24,2026-09-11,Konkan,Sindhudurg,Vaibhavwadi,Nadhavade
D1926,B4101,Soybean,MACS 1281,55.93,6595.94,Looking for fresh Soybean for wholesale procurement.,2026-07-10,2026-09-10,Marathwada,Latur,Ahmedpur,Shirur Tajband
D1927,B4033,Gram,Vijay,44.72,4793.4,"Standing requirement for Gram, quantity flexible based on quality.",2026-05-04,2026-06-27,Marathwada,Latur,Ahmedpur,Kingaon
D1928,B4774,Bajra,Saburi,53.59,3544.4,Requirement raised for Bajra to meet upcoming production schedule.,2026-07-10,2026-08-25,Western Maharashtra (Desh),Pune,Purandhar,Ambale
D1929,B3254,Turmeric,Selam,3.76,15484.77,"Standing requirement for Turmeric, quantity flexible based on quality.",2026-06-09,2026-07-24,Western Maharashtra (Desh),Sangli,Walwa,Bahe
D1930,B3067,Maize,DHM-117,62.72,2548.14,Sourcing Maize in bulk for our processing unit.,2026-06-17,2026-08-22,Khandesh,Dhule,Sakri,Kasare
D1931,B2133,Jowar,Maldandi,38.73,4313.02,Looking to procure Jowar for institutional buyers.,2026-07-29,2026-10-13,Vidarbha,Yavatmal,Kalamb,Dongarkharda
D1932,B1677,Cotton,Ajeet-155 Bt,32.86,7915.77,"Procurement need for good quality Cotton, open to multiple sellers.",2026-05-29,2026-09-03,Vidarbha,Buldhana,Motala,Dhamangaon Badhe
D1933,B2447,Linseed,Not Specified,45.38,7736.52,Sourcing Linseed in bulk for our processing unit.,2026-06-20,2026-07-21,Vidarbha,Gadchiroli,Aheri,Chhallewada
D1934,B1883,Turmeric,Not Specified,27.92,11695.47,Inviting offers for Turmeric from farmers in the region.,2026-05-02,2026-05-12,Western Maharashtra (Desh),Sangli,Miraj,Arag
D1935,B1773,Maize,Not Specified,64.38,1973.39,Sourcing Maize for export-quality grading and packaging.,2026-06-24,2026-08-29,Marathwada,Chhatrapati Sambhajinagar (Aurangabad),Khuldabad,Takali
D1936,B3751,Udid,Not Specified,48.89,6983.86,Need consistent Udid supply for ongoing operations.,2026-07-06,2026-10-15,Konkan,Palghar,Vikramgad,Balapur
D1937,B2338,Gram,Not Specified,52.42,6822.02,Bulk Gram requirement for processing.,2026-07-23,2026-08-17,Marathwada,Latur,Udgir,Kiniyalladevi
D1938,B0256,Rice,Not Specified,83.43,5488.48,Looking for fresh Rice for wholesale procurement.,2026-06-13,2026-08-25,Vidarbha,Nagpur,Umred,Amboli
D1939,B4654,Sugarcane,Not Specified,113.83,412.63,Looking to procure Sugarcane for institutional buyers.,2026-05-27,2026-08-14,Vidarbha,Bhandara,Sakoli,Sendurwafa
D1940,B3055,Areca Nut,Sumangala,25.9,40244.91,Looking for fresh Areca Nut for wholesale procurement.,2026-08-20,2026-09-18,Konkan,Ratnagiri,Rajapur,Avali Chiwadi
D1941,B1162,Sugarcane,Co 86032,125.45,511.73,Looking to procure Sugarcane for institutional buyers.,2026-08-11,2026-11-04,Western Maharashtra (Desh),Pune,Mulshi,Admal
D1942,B1431,Chickoo,Cricket Ball,26.18,2970.3,"Standing requirement for Chickoo, quantity flexible based on quality.",2026-08-01,2026-08-28,Konkan,Thane,Ambarnath,Chinchpada
D1943,B2213,Ragi,Phule Nachani,19.14,4049.71,Seeking regular Ragi supply from nearby farmers.,2026-05-31,2026-08-14,Konkan,Palghar,Vasai,Arnala
D1944,B3092,Sunflower,Phule Raviraj,39.23,6537.45,Seeking regular Sunflower supply from nearby farmers.,2026-08-25,2026-12-01,Vidarbha,Buldhana,Shegaon,Matargaon Bk.
D1945,B0361,Areca Nut,Not Specified,36.02,55714.74,Sourcing Areca Nut for export-quality grading and packaging.,2026-06-09,2026-07-19,Konkan,Ratnagiri,Khed,Tulashi Bk.
D1946,B1661,Jowar,Not Specified,10.24,3569.96,"Procurement need for good quality Jowar, open to multiple sellers.",2026-06-03,2026-08-24,Western Maharashtra (Desh),Pune,Pune City,Keshavnagar-Mundwa
D1947,B0016,Maize,Not Specified,11.27,2347.79,Buyer looking to purchase Maize directly from farmers.,2026-07-16,2026-11-07,Khandesh,Jalgaon,Erandol,Anandnagar
D1948,B4003,Maize,Not Specified,54.96,2535.92,Sourcing Maize in bulk for our processing unit.,2026-06-21,2026-09-30,Khandesh,Dhule,Sindkheda,Betawad
D1949,B3009,Soybean,MACS 1281,42.57,5631.62,Requirement raised for Soybean to meet upcoming production schedule.,2026-08-04,2026-11-06,Marathwada,Nanded,Mudkhed,Mugat
D1950,B1194,Sugarcane,Phule 265,239.38,341.05,Buyer looking to purchase Sugarcane directly from farmers.,2026-06-22,2026-08-30,Western Maharashtra (Desh),Kolhapur,Bhudargad,Waghapur
D1951,B2396,Rice,Karjat-3,68.08,4197.44,Buyer looking to purchase Rice directly from farmers.,2026-05-12,2026-07-08,Konkan,Thane,Thane,Agasan
D1952,B1128,Field Beans,Local Konkan landrace,26.58,3950.63,Inviting offers for Field Beans from farmers in the region.,2026-08-17,2026-09-06,Konkan,Raigad,Alibag,Akshi
D1953,B0351,Wheat,NIAW-34,45.4,2801.52,Sourcing Wheat for export-quality grading and packaging.,2026-05-23,2026-08-29,Vidarbha,Yavatmal,Ner,Sonwadhona
D1954,B1143,Field Beans,Not Specified,31.62,4930.77,Buyer looking to purchase Field Beans directly from farmers.,2026-05-11,2026-06-16,Konkan,Raigad,Poladpur,Adavale Kh.
D1955,B0917,Ragi,Not Specified,21.16,3678.28,"Standing requirement for Ragi, quantity flexible based on quality.",2026-04-29,2026-08-02,Konkan,Palghar,Vasai,Bhatane
D1956,B1350,Sunflower,Not Specified,56.81,7551.67,Need consistent Sunflower supply for ongoing operations.,2026-05-16,2026-09-11,Vidarbha,Buldhana,Buldhana,Dhad
D1957,B3059,Bajra,Shraddha,42.06,4165.64,"Procurement need for good quality Bajra, open to multiple sellers.",2026-07-18,2026-11-15,Western Maharashtra (Desh),Ahilyanagar (Ahmednagar),Pathardi,Tisgaon
D1958,B3343,Tur,Not Specified,71.84,6302.64,Looking to procure Tur for institutional buyers.,2026-07-03,2026-10-24,Khandesh,Nandurbar,Talode,Amoni
D1959,B1543,Chickoo,Not Specified,31.34,4243.51,Bulk Chickoo requirement for processing.,2026-07-08,2026-07-22,Konkan,Palghar,Vikramgad,Dadade
D1960,B2512,Cotton,RCH-2 Bt,27.48,8184.44,Looking to procure Cotton for institutional buyers.,2026-05-13,2026-07-01,Vidarbha,Yavatmal,Digras,Dehani
D1961,B0193,Vari,Local Bhagar landrace,17.37,3606.46,Looking to procure Vari for institutional buyers.,2026-05-10,2026-07-06,Western Maharashtra (Desh),Kolhapur,Hatkanangale,Shiroli
D1962,B3708,Sugarcane,Not Specified,277.17,408.75,Buyer looking to purchase Sugarcane directly from farmers.,2026-04-30,2026-08-09,Western Maharashtra (Desh),Ahilyanagar (Ahmednagar),Pathardi,Tisgaon
D1963,B2460,Coconut,Pratap,10.98,4352.21,"Standing requirement for Coconut, quantity flexible based on quality.",2026-08-22,2026-09-03,Konkan,Sindhudurg,Kudal,Kasal
D1964,B4026,Wheat,Not Specified,39.24,2533.44,Sourcing Wheat in bulk for our processing unit.,2026-08-01,2026-10-14,Vidarbha,Wardha,Wardha,Waigaon
D1965,B4416,Sugarcane,Not Specified,277.57,493.44,Requirement raised for Sugarcane to meet upcoming production schedule.,2026-08-24,2026-12-14,Marathwada,Nanded,Hadgaon,Palsa
D1966,B4017,Banana,Not Specified,15.59,5165.44,Bulk Banana requirement for processing.,2026-07-06,2026-08-19,Khandesh,Jalgaon,Parola,Babhale Nag
D1967,B0755,Bajra,ICTP-8203,37.65,3981.95,"Procurement need for good quality Bajra, open to multiple sellers.",2026-07-21,2026-10-14,Western Maharashtra (Desh),Ahilyanagar (Ahmednagar),Kopargaon,Suregaon
D1968,B0282,Tur,Vipula,58.28,8463.31,"Procurement need for good quality Tur, open to multiple sellers.",2026-07-23,2026-08-29,Marathwada,Latur,Jalkot,Belsangvi
D1969,B0085,Groundnut,Not Specified,47.07,7977.82,Looking for fresh Groundnut for wholesale procurement.,2026-08-23,2026-11-12,Western Maharashtra (Desh),Pune,Junnar,Agar
D1970,B0567,Groundnut,TAG-24,26.31,7582.58,Inviting offers for Groundnut from farmers in the region.,2026-07-27,2026-08-27,Western Maharashtra (Desh),Sangli,Tasgaon,Arwade
D1971,B2075,Sugarcane,Not Specified,416.17,458.02,Need consistent Sugarcane supply for ongoing operations.,2026-06-11,2026-07-26,Western Maharashtra (Desh),Ahilyanagar (Ahmednagar),Shevgaon,Akhatwade
D1972,B0327,Sunflower,Morden,38.83,7233.83,Bulk Sunflower requirement for processing.,2026-05-29,2026-08-24,Vidarbha,Buldhana,Sangrampur,Bawanbir
D1973,B2041,Coconut,Dwarf Green,29.34,2925.42,Seeking regular Coconut supply from nearby farmers.,2026-06-01,2026-07-12,Konkan,Sindhudurg,Malwan,Kalethar
D1974,B1874,Linseed,Not Specified,52.96,7889.88,Bulk Linseed requirement for processing.,2026-05-14,2026-06-25,Vidarbha,Gadchiroli,Armori,Churmura
D1975,B1082,Sunflower,Not Specified,75.16,6843.17,Need consistent Sunflower supply for ongoing operations.,2026-07-08,2026-10-30,Vidarbha,Buldhana,Jalgaon Jamod,Asalgaon
D1976,B3523,Cashew,Vengurla-7,24.7,14873.86,Need consistent Cashew supply for ongoing operations.,2026-05-04,2026-06-10,Konkan,Sindhudurg,Malwan,Devli
D1977,B4566,Areca Nut,Not Specified,6.48,34627.11,Looking to procure Areca Nut for institutional buyers.,2026-06-20,2026-07-25,Konkan,Ratnagiri,Chiplun,Ketki
D1978,B4155,Jowar,Not Specified,69.08,6153.69,Bulk Jowar requirement for processing.,2026-05-02,2026-06-07,Khandesh,Jalgaon,Muktainagar,Anturli
D1979,B4673,Groundnut,Phule Unnati,37.47,9130.18,Requirement raised for Groundnut to meet upcoming production schedule.,2026-07-16,2026-10-10,Vidarbha,Akola,Murtajapur,Kurum
D1980,B0548,Ragi,Not Specified,24.69,3787.94,Bulk Ragi requirement for processing.,2026-07-16,2026-09-08,Konkan,Palghar,Vada,Ambiste Kh.
D1981,B1659,Turmeric,Phule Swarupa,24.13,13092.45,Requirement raised for Turmeric to meet upcoming production schedule.,2026-05-08,2026-05-18,Western Maharashtra (Desh),Sangli,Walwa,Bahe
D1982,B0924,Linseed,Parbhani Alsi,40.37,5543.77,Seeking regular Linseed supply from nearby farmers.,2026-06-15,2026-08-10,Vidarbha,Gondia,Gondia,Adashi
D1983,B3936,Tur,Not Specified,20.43,7158.02,Need consistent Tur supply for ongoing operations.,2026-05-31,2026-07-17,Khandesh,Jalgaon,Erandol,Ambe
D1984,B3178,Cashew,Not Specified,24.45,22325.46,Bulk Cashew requirement for processing.,2026-05-21,2026-06-08,Konkan,Sindhudurg,Kankavli,Waingani
D1985,B4177,Gram,Digvijay,39.96,6939.62,Bulk Gram requirement for processing.,2026-07-17,2026-09-11,Marathwada,Latur,Chakur,Ambulga
D1986,B3388,Bajra,Not Specified,31.65,2613.65,Sourcing Bajra in bulk for our processing unit.,2026-06-27,2026-09-15,Marathwada,Jalna,Jafrabad,Akola
D1987,B0352,Field Beans,Not Specified,31.22,2841.56,Looking to procure Field Beans for institutional buyers.,2026-08-04,2026-09-06,Konkan,Raigad,Mahad,Pachad
D1988,B3202,Cotton,Bt Cotton (Bollgard II hybrid),55.84,7969.75,"Standing requirement for Cotton, quantity flexible based on quality.",2026-08-24,2026-11-22,Khandesh,Jalgaon,Bhusawal,Anjansonde
D1989,B3331,Bajra,Not Specified,57.04,2435.84,"Standing requirement for Bajra, quantity flexible based on quality.",2026-07-11,2026-10-07,Khandesh,Dhule,Dhule,Kapadne
D1990,B0615,Groundnut,JL-24,35.59,7570.52,Sourcing Groundnut for export-quality grading and packaging.,2026-08-20,2026-10-02,Western Maharashtra (Desh),Pune,Haveli,Ambee
D1991,B0328,Gram,Vijay,26.99,6171.97,Requirement raised for Gram to meet upcoming production schedule.,2026-06-13,2026-09-14,Marathwada,Latur,Shirur Anantpal,Anandwadi
D1992,B2680,Mango (Alphonso),Not Specified,32.12,17624.59,Need consistent Mango (Alphonso) supply for ongoing operations.,2026-06-24,2026-08-08,Konkan,Raigad,Shrivardhan,Arathi
D1993,B4703,Areca Nut,Sumangala,7.28,45381.13,Requirement raised for Areca Nut to meet upcoming production schedule.,2026-07-13,2026-07-27,Konkan,Sindhudurg,Dodamarg,Panturli
D1994,B2062,Bajra,Not Specified,68.57,4310.36,"Standing requirement for Bajra, quantity flexible based on quality.",2026-07-10,2026-09-13,Khandesh,Nashik,Nandgaon,Malharwadi
D1995,B2656,Coconut,Not Specified,22.62,4055.43,Sourcing Coconut in bulk for our processing unit.,2026-05-28,2026-06-28,Konkan,Sindhudurg,Sawantwadi,Amboli
D1996,B4241,Areca Nut,Not Specified,13.49,48269.43,Looking to procure Areca Nut for institutional buyers.,2026-07-28,2026-08-15,Konkan,Ratnagiri,Dapoli,Murdi
D1997,B2417,Groundnut,SB-11,54.83,7539.02,"Procurement need for good quality Groundnut, open to multiple sellers.",2026-08-12,2026-11-19,Western Maharashtra (Desh),Pune,Shirur,Alegaon Paga
D1998,B4261,Linseed,Sharda,48.12,6249.72,"Procurement need for good quality Linseed, open to multiple sellers.",2026-05-30,2026-09-13,Vidarbha,Gadchiroli,Armori,Bhakrondi
D1999,B2764,Coconut,T x D hybrid,16.4,4215.36,Sourcing Coconut for export-quality grading and packaging.,2026-06-08,2026-07-17,Konkan,Sindhudurg,Devgad,Shirgaon
D2000,B4403,Cashew,Vengurla-7,23.77,16321.94,Buyer looking to purchase Cashew directly from farmers.,2026-08-13,2026-09-17,Konkan,Ratnagiri,Rajapur,Avali Chiwadi
D2001,B0027,Chickoo,Kalipatti,32.4,2969.1,Inviting offers for Chickoo from farmers in the region.,2026-07-19,2026-08-15,Konkan,Palghar,Vikramgad,Alonde
D2002,B4188,Gram,Not Specified,21.62,4817.95,Buyer looking to purchase Gram directly from farmers.,2026-07-24,2026-10-19,Marathwada,Latur,Deoni,Ambegaon
D2003,B0886,Jowar,Phule Vasudha,29.5,3003.9,Bulk Jowar requirement for processing.,2026-06-21,2026-07-22,Western Maharashtra (Desh),Pune,Junnar,Ajanawale
D2004,B0337,Linseed,Not Specified,22.96,6891.79,Sourcing Linseed in bulk for our processing unit.,2026-05-18,2026-06-24,Vidarbha,Gondia,Goregaon,Bhadanga
D2005,B3468,Groundnut,JL-24,9.05,6766.79,"Standing requirement for Groundnut, quantity flexible based on quality.",2026-08-04,2026-10-04,Western Maharashtra (Desh),Satara,Koregaon,Ambawade S. Koregaon
D2006,B3521,Bajra,Phule Adishakti,48.2,3515.75,Sourcing Bajra in bulk for our processing unit.,2026-08-23,2026-11-01,Marathwada,Beed,Majalgaon,Pathrud
D2007,B1937,Cotton,Suraj Bt,45.38,9634.02,Seeking regular Cotton supply from nearby farmers.,2026-08-12,2026-10-25,Vidarbha,Gadchiroli,Korchi,Betakathi
D2008,B1665,Udid,BDU-1,72.49,6749.99,Sourcing Udid for export-quality grading and packaging.,2026-07-23,2026-09-20,Konkan,Thane,Ambarnath,Chinchpada
D2009,B3984,Sunflower,LSF-8,68.08,5766.67,Need consistent Sunflower supply for ongoing operations.,2026-07-22,2026-09-07,Vidarbha,Buldhana,Deulgaon Raja,Deulgaon Mahi
D2010,B1806,Cashew,Konkan Kalpa,11.89,16876.16,"Standing requirement for Cashew, quantity flexible based on quality.",2026-08-17,2026-09-20,Konkan,Sindhudurg,Dodamarg,Kumbral
D2011,B3655,Vari,Konkan local Vari landrace,67.79,4064.14,Need consistent Vari supply for ongoing operations.,2026-07-01,2026-10-28,Konkan,Thane,Shahapur,Cherpoli
D2012,B3150,Groundnut,Not Specified,57.31,5638.45,Sourcing Groundnut in bulk for our processing unit.,2026-05-29,2026-09-17,Western Maharashtra (Desh),Pune,Baramati,Ambi Bk.
D2013,B4027,Turmeric,Selam,12.99,9357.19,Inviting offers for Turmeric from farmers in the region.,2026-07-23,2026-08-30,Western Maharashtra (Desh),Sangli,Walwa,Ahirwadi
D2014,B1684,Gram,Digvijay,48.07,6282.16,Buyer looking to purchase Gram directly from farmers.,2026-05-24,2026-08-08,Marathwada,Latur,Chakur,Algarwadi
D2015,B1697,Bajra,Saburi,34.45,2674.85,Sourcing Bajra in bulk for our processing unit.,2026-08-20,2026-11-01,Khandesh,Nashik,Trimbakeshwar,Talwade Tri
D2016,B3848,Groundnut,Not Specified,53.13,7576.34,Looking to procure Groundnut for institutional buyers.,2026-08-01,2026-10-22,Western Maharashtra (Desh),Pune,Purandhar,Adachiwadi
D2017,B0180,Chickoo,Kalipatti,14.98,1893.47,Buyer looking to purchase Chickoo directly from farmers.,2026-08-04,2026-09-10,Konkan,Palghar,Mokhada,Poshera
D2018,B0733,Bajra,Saburi,23.06,2982.7,Sourcing Bajra in bulk for our processing unit.,2026-07-06,2026-08-21,Marathwada,Jalna,Mantha,Pangri (Gosavi)
D2019,B1796,Mango (Alphonso),Not Specified,25.26,20687.54,"Procurement need for good quality Mango (Alphonso), open to multiple sellers.",2026-08-16,2026-09-19,Konkan,Sindhudurg,Vengurla,Parule
D2020,B2987,Mango (Alphonso),Kesar,7.15,28197.02,Bulk Mango (Alphonso) requirement for processing.,2026-07-23,2026-09-06,Konkan,Ratnagiri,Chiplun,Bivali
D2021,B0411,Chickoo,Kalipatti,17.85,2568.81,Buyer looking to purchase Chickoo directly from farmers.,2026-06-09,2026-06-30,Konkan,Palghar,Vada,Ambiste Kh.
D2022,B1877,Sugarcane,Co 86032,326.77,362.39,Bulk Sugarcane requirement for processing.,2026-07-23,2026-10-29,Marathwada,Beed,Majalgaon,Pathrud
D2023,B1442,Turmeric,Rajapuri,29.51,18182.71,"Procurement need for good quality Turmeric, open to multiple sellers.",2026-05-01,2026-05-23,Western Maharashtra (Desh),Sangli,Atpadi,Ambewadi
D2024,B0632,Gram,Digvijay,26.22,6472.47,Inviting offers for Gram from farmers in the region.,2026-05-17,2026-08-09,Marathwada,Latur,Renapur,Kharola
D2025,B4534,Udid,Not Specified,57.02,6944.27,Seeking regular Udid supply from nearby farmers.,2026-06-04,2026-06-30,Konkan,Palghar,Dahanu,Charoti
D2026,B2667,Groundnut,Not Specified,58.33,7396.77,Looking for fresh Groundnut for wholesale procurement.,2026-07-09,2026-08-10,Vidarbha,Washim,Manora,Poharadevi
D2027,B3227,Ragi,Dapoli-1,18.8,4251.5,"Procurement need for good quality Ragi, open to multiple sellers.",2026-08-17,2026-10-28,Konkan,Thane,Ambarnath,Chinchpada
D2028,B4702,Sunflower,Not Specified,41.32,6503.57,Sourcing Sunflower for export-quality grading and packaging.,2026-05-15,2026-07-10,Vidarbha,Buldhana,Lonar,Bibi
D2029,B1328,Sunflower,Not Specified,61.73,5281.95,Buyer looking to purchase Sunflower directly from farmers.,2026-05-19,2026-07-19,Vidarbha,Buldhana,Sindkhed Raja,Deulgaon Kol
D2030,B3775,Soybean,MACS 1281,50.97,5702.24,Inviting offers for Soybean from farmers in the region.,2026-08-04,2026-11-04,Vidarbha,Amravati,Dharni,Dabhayakheda
D2031,B3823,Areca Nut,Not Specified,35.48,41753.81,"Standing requirement for Areca Nut, quantity flexible based on quality.",2026-07-18,2026-08-22,Konkan,Ratnagiri,Ratnagiri,Bhandarwadi
D2032,B2060,Cashew,Vengurla-8,9.57,22317.87,Seeking regular Cashew supply from nearby farmers.,2026-08-12,2026-09-04,Konkan,Sindhudurg,Malwan,Waghavane
D2033,B0602,Cotton,Not Specified,31.59,8418.21,"Standing requirement for Cotton, quantity flexible based on quality.",2026-08-21,2026-11-02,Marathwada,Parbhani,Pathri,Limba
D2034,B3080,Field Beans,Konkan Val landrace,15.23,3289.9,Looking for fresh Field Beans for wholesale procurement.,2026-05-31,2026-06-19,Konkan,Raigad,Poladpur,Agryachakond
D2035,B3686,Ragi,Not Specified,28.91,4080.9,Looking to procure Ragi for institutional buyers.,2026-08-11,2026-10-25,Konkan,Ratnagiri,Ratnagiri,Bhandarwadi
D2036,B2003,Tur,BSMR-736,66.42,6395.78,Buyer looking to purchase Tur directly from farmers.,2026-07-04,2026-09-26,Vidarbha,Bhandara,Lakhandur,Dighori (Mothi)
D2037,B3044,Turmeric,Not Specified,16.32,13345.75,Looking for fresh Turmeric for wholesale procurement.,2026-06-04,2026-06-23,Western Maharashtra (Desh),Sangli,Kavathemahankal,Agalgaon
D2038,B0830,Ragi,Dapoli-1,15.08,4361.69,Looking to procure Ragi for institutional buyers.,2026-08-18,2026-09-21,Konkan,Ratnagiri,Khed,Tulashi Bk.
D2039,B2409,Turmeric,Selam,18.75,9557.17,Need consistent Turmeric supply for ongoing operations.,2026-05-09,2026-06-09,Western Maharashtra (Desh),Sangli,Jat,Ankalagi
D2040,B1585,Ragi,Phule Nachani,9.27,4506.68,Seeking regular Ragi supply from nearby farmers.,2026-08-06,2026-11-10,Konkan,Palghar,Mokhada,Khodala
D2041,B2209,Vari,Konkan local Vari landrace,52.75,3987.59,Need consistent Vari supply for ongoing operations.,2026-06-26,2026-10-07,Konkan,Raigad,Uran,Antrabamdakhar
D2042,B3771,Groundnut,SB-11,26.97,5738.49,Inviting offers for Groundnut from farmers in the region.,2026-07-19,2026-10-08,Vidarbha,Washim,Risod,Wakad
D2043,B3994,Jowar,Phule Yashoda,11.02,5741.77,Sourcing Jowar for export-quality grading and packaging.,2026-08-07,2026-11-04,Western Maharashtra (Desh),Sangli,Tasgaon,Alate
D2044,B0552,Udid,Not Specified,18.89,9065.77,Requirement raised for Udid to meet upcoming production schedule.,2026-07-28,2026-10-17,Konkan,Thane,Thane,Adavli
D2045,B2189,Bajra,Phule Adishakti,14.33,3027.89,Buyer looking to purchase Bajra directly from farmers.,2026-06-01,2026-07-01,Marathwada,Chhatrapati Sambhajinagar (Aurangabad),Aurangabad,Tisgaon
D2046,B2482,Mango (Alphonso),Kesar,10.56,19980.79,Buyer looking to purchase Mango (Alphonso) directly from farmers.,2026-08-12,2026-08-31,Konkan,Sindhudurg,Kankavli,Bandargaon
D2047,B3498,Rice,Indrayani,94.71,3725.05,Bulk Rice requirement for processing.,2026-05-23,2026-06-21,Vidarbha,Nagpur,Parseoni,Amadi
D2048,B2176,Wheat,Not Specified,57.14,2345.35,Seeking regular Wheat supply from nearby farmers.,2026-08-22,2026-11-18,Vidarbha,Amravati,Morshi,Ambada
D2049,B0936,Jowar,Phule Vasudha,62.75,3872.93,Sourcing Jowar for export-quality grading and packaging.,2026-08-26,2026-11-19,Vidarbha,Akola,Akola,Tapalabad
D2050,B2115,Turmeric,Not Specified,18.65,18247.36,Sourcing Turmeric for export-quality grading and packaging.,2026-06-16,2026-07-16,Western Maharashtra (Desh),Sangli,Jat,Asangi Jat
D2051,B4315,Groundnut,SB-11,60.93,8347.46,"Procurement need for good quality Groundnut, open to multiple sellers.",2026-06-02,2026-06-29,Vidarbha,Gondia,Amgaon,Asordi
D2052,B3555,Udid,TAU-1,71.52,7411.04,Sourcing Udid for export-quality grading and packaging.,2026-08-26,2026-09-26,Konkan,Thane,Murbad,Dhasai
D2053,B2461,Rice,Not Specified,32.71,5194.52,Inviting offers for Rice from farmers in the region.,2026-06-01,2026-07-24,Konkan,Thane,Bhiwandi,Ambardi
D2054,B2038,Maize,DHM-117,68.65,2488.56,Inviting offers for Maize from farmers in the region.,2026-06-21,2026-10-19,Khandesh,Jalgaon,Parola,Babhale Nag
D2055,B3276,Maize,Ganga Safed-2,27.86,2011.3,"Standing requirement for Maize, quantity flexible based on quality.",2026-07-06,2026-10-23,Khandesh,Dhule,Sakri,Pimpalner
D2056,B0544,Ragi,Not Specified,33.17,2867.17,Buyer looking to purchase Ragi directly from farmers.,2026-08-13,2026-09-26,Konkan,Raigad,Panvel,Barwai
D2057,B3394,Udid,BDU-1,30.96,7631.43,Sourcing Udid in bulk for our processing unit.,2026-06-03,2026-08-29,Konkan,Thane,Ambarnath,Ashele
D2058,B3247,Groundnut,Not Specified,34.81,8602.67,Sourcing Groundnut in bulk for our processing unit.,2026-06-04,2026-07-20,Western Maharashtra (Desh),Kolhapur,Panhala,Karanjphen
D2059,B2754,Udid,TAU-1,48.33,9155.7,Bulk Udid requirement for processing.,2026-05-11,2026-09-07,Konkan,Palghar,Vasai,Arnala
D2060,B0070,Sunflower,Phule Raviraj,43.44,5361.45,Sourcing Sunflower for export-quality grading and packaging.,2026-07-27,2026-08-27,Vidarbha,Buldhana,Jalgaon Jamod,Sungaon
D2061,B0018,Udid,BDU-1,17.56,9567.7,Requirement raised for Udid to meet upcoming production schedule.,2026-07-30,2026-11-21,Konkan,Palghar,Palghar,Betegaon
D2062,B2927,Areca Nut,Not Specified,7.17,36710.89,Sourcing Areca Nut in bulk for our processing unit.,2026-06-16,2026-06-28,Konkan,Ratnagiri,Khed,Tulashi Bk.
D2063,B4775,Groundnut,JL-24,48.43,8502.17,"Procurement need for good quality Groundnut, open to multiple sellers.",2026-08-11,2026-10-25,Western Maharashtra (Desh),Pune,Haveli,Alandi Mhatobachi
D2064,B4018,Groundnut,SB-11,48.5,7442.83,"Standing requirement for Groundnut, quantity flexible based on quality.",2026-06-10,2026-07-13,Vidarbha,Akola,Patur,Sasti
D2065,B3788,Jowar,Not Specified,25.95,5160.26,Sourcing Jowar for export-quality grading and packaging.,2026-07-11,2026-10-07,Vidarbha,Yavatmal,Kelapur,Bori
D2066,B1834,Turmeric,Not Specified,4.44,17750.97,Looking to procure Turmeric for institutional buyers.,2026-05-23,2026-07-02,Western Maharashtra (Desh),Sangli,Kadegaon,Ambak
D2067,B3707,Chickoo,Kalipatti,12.96,3590.54,Buyer looking to purchase Chickoo directly from farmers.,2026-06-28,2026-07-23,Konkan,Thane,Ambarnath,Ashele
D2068,B2534,Ragi,Not Specified,10.67,3576.11,Sourcing Ragi for export-quality grading and packaging.,2026-05-22,2026-06-26,Konkan,Ratnagiri,Ratnagiri,Bhandarwadi
D2069,B0482,Banana,Not Specified,7.56,1842.43,Need consistent Banana supply for ongoing operations.,2026-05-18,2026-06-01,Khandesh,Jalgaon,Jamner,Ambadi
D2070,B2315,Turmeric,Not Specified,22.51,14996.06,Sourcing Turmeric for export-quality grading and packaging.,2026-07-06,2026-08-11,Western Maharashtra (Desh),Sangli,Jat,Asangi Jat
D2071,B1005,Vari,Not Specified,55.36,4604.56,Sourcing Vari for export-quality grading and packaging.,2026-07-20,2026-11-12,Konkan,Raigad,Panvel,Bhatan
D2072,B1719,Banana,Not Specified,24.05,2839.36,Buyer looking to purchase Banana directly from farmers.,2026-05-27,2026-06-10,Khandesh,Jalgaon,Raver,Ahirwadi
D2073,B0401,Chickoo,Kalipatti,15.9,3855.23,Need consistent Chickoo supply for ongoing operations.,2026-07-28,2026-09-01,Konkan,Thane,Bhiwandi,Anjur
D2074,B2651,Mango (Alphonso),Pairi,28.53,23254.66,Looking to procure Mango (Alphonso) for institutional buyers.,2026-06-14,2026-07-05,Konkan,Sindhudurg,Vengurla,Karli
D2075,B0061,Bajra,Not Specified,18.91,2679.64,Bulk Bajra requirement for processing.,2026-07-07,2026-09-12,Khandesh,Dhule,Shirpur,Thalner
D2076,B1214,Bajra,Phule Adishakti,23.8,3602.76,Sourcing Bajra in bulk for our processing unit.,2026-08-21,2026-12-16,Western Maharashtra (Desh),Pune,Khed,Adgaon
D2077,B1479,Sunflower,KBSH-1,53.14,7311.18,"Standing requirement for Sunflower, quantity flexible based on quality.",2026-06-22,2026-07-17,Vidarbha,Buldhana,Shegaon,Jalamb
D2078,B0857,Areca Nut,Mangala,11.25,41181.48,Looking to procure Areca Nut for institutional buyers.,2026-08-17,2026-09-28,Konkan,Ratnagiri,Mandangad,Kondgaon
D2079,B2241,Jowar,Phule Yashoda,74.89,5027.56,"Standing requirement for Jowar, quantity flexible based on quality.",2026-05-28,2026-09-23,Marathwada,Nanded,Nanded,Vishnupuri
D2080,B0323,Maize,Pratap Hybrid-1,44.0,2322.17,Need consistent Maize supply for ongoing operations.,2026-05-05,2026-07-11,Khandesh,Jalgaon,Pachora,Akhatwade
D2081,B0147,Groundnut,JL-24,39.32,8705.92,Need consistent Groundnut supply for ongoing operations.,2026-08-22,2026-12-02,Western Maharashtra (Desh),Pune,Haveli,Agalambe
D2082,B4685,Wheat,Sharbati,60.12,2350.75,Sourcing Wheat in bulk for our processing unit.,2026-06-12,2026-09-28,Western Maharashtra (Desh),Pune,Velhe,Ambavane
D2083,B0318,Sunflower,Not Specified,55.72,6896.06,Buyer looking to purchase Sunflower directly from farmers.,2026-06-07,2026-09-07,Vidarbha,Buldhana,Jalgaon Jamod,Pimpalgaon Kale
D2084,B1878,Cotton,RCH-2 Bt,23.42,7641.95,Looking for fresh Cotton for wholesale procurement.,2026-08-25,2026-10-24,Khandesh,Dhule,Dhule,Kapadne
D2085,B4385,Bajra,Not Specified,43.57,3113.76,Inviting offers for Bajra from farmers in the region.,2026-08-18,2026-12-14,Marathwada,Chhatrapati Sambhajinagar (Aurangabad),Kannad,Chincholi (L)
D2086,B2509,Gram,Not Specified,52.18,5825.02,"Standing requirement for Gram, quantity flexible based on quality.",2026-05-31,2026-09-17,Marathwada,Latur,Jalkot,Atnoor
D2087,B4525,Ragi,Dapoli-1,30.94,4390.15,Buyer looking to purchase Ragi directly from farmers.,2026-07-16,2026-09-21,Konkan,Raigad,Khalapur,Adoshi
D2088,B1452,Maize,DHM-117,9.32,2207.51,Requirement raised for Maize to meet upcoming production schedule.,2026-07-26,2026-10-20,Khandesh,Dhule,Shirpur,Sangavi
D2089,B0170,Chickoo,Kalipatti,9.14,2566.74,Sourcing Chickoo in bulk for our processing unit.,2026-06-28,2026-08-04,Konkan,Palghar,Vikramgad,Balapur
D2090,B1672,Rice,Not Specified,41.49,5053.25,Sourcing Rice in bulk for our processing unit.,2026-06-13,2026-09-15,Konkan,Palghar,Vikramgad,Alonde
D2091,B4495,Areca Nut,Not Specified,6.79,36452.94,Bulk Areca Nut requirement for processing.,2026-08-17,2026-08-27,Konkan,Ratnagiri,Mandangad,Kondgaon
D2092,B1963,Wheat,Sharbati,68.25,2195.16,Need consistent Wheat supply for ongoing operations.,2026-06-17,2026-09-14,Marathwada,Nanded,Loha,Sonkhed
D2093,B4380,Coconut,Banawali,19.86,5041.56,Bulk Coconut requirement for processing.,2026-06-20,2026-07-05,Konkan,Sindhudurg,Sawantwadi,Madkhol
D2094,B2894,Vari,Konkan local Vari landrace,46.82,3739.07,Looking for fresh Vari for wholesale procurement.,2026-08-21,2026-12-03,Konkan,Thane,Shahapur,Shirol
D2095,B0708,Tur,Not Specified,18.74,6702.21,Inviting offers for Tur from farmers in the region.,2026-08-13,2026-11-14,Vidarbha,Gadchiroli,Armori,Arsoda
D2096,B1591,Mango (Alphonso),Pairi,5.18,26718.95,Buyer looking to purchase Mango (Alphonso) directly from farmers.,2026-05-14,2026-06-25,Konkan,Ratnagiri,Lanja,Shirambavali
D2097,B3297,Bajra,Phule Adishakti,48.38,3287.94,"Standing requirement for Bajra, quantity flexible based on quality.",2026-08-06,2026-09-08,Marathwada,Beed,Parli,Sirsala
D2098,B1858,Udid,Not Specified,71.1,8927.03,Inviting offers for Udid from farmers in the region.,2026-08-09,2026-10-22,Konkan,Palghar,Dahanu,Bordi
D2099,B2640,Turmeric,Not Specified,9.04,9571.71,Need consistent Turmeric supply for ongoing operations.,2026-05-27,2026-06-28,Western Maharashtra (Desh),Sangli,Palus,Andhali
D2100,B0141,Jowar,Not Specified,70.9,5182.75,Buyer looking to purchase Jowar directly from farmers.,2026-08-07,2026-09-01,Western Maharashtra (Desh),Pune,Shirur,Alegaon Paga
D2101,B2582,Vari,Not Specified,14.88,4956.58,"Standing requirement for Vari, quantity flexible based on quality.",2026-07-11,2026-08-19,Western Maharashtra (Desh),Kolhapur,Karvir,Balinge
D2102,B1113,Cashew,Vengurla-7,8.04,21851.41,Looking to procure Cashew for institutional buyers.,2026-06-14,2026-07-13,Konkan,Sindhudurg,Malwan,Kalethar
D2103,B4400,Sunflower,Not Specified,29.52,7775.08,Looking for fresh Sunflower for wholesale procurement.,2026-08-23,2026-12-11,Vidarbha,Buldhana,Sangrampur,Sonala
D2104,B1122,Udid,Not Specified,63.2,9616.89,Sourcing Udid in bulk for our processing unit.,2026-06-18,2026-09-03,Konkan,Thane,Murbad,Deogaon
D2105,B0610,Cashew,Not Specified,15.94,18755.92,Sourcing Cashew for export-quality grading and packaging.,2026-06-12,2026-06-23,Konkan,Sindhudurg,Vengurla,Parule
D2106,B0215,Areca Nut,Not Specified,15.12,51316.87,Seeking regular Areca Nut supply from nearby farmers.,2026-08-23,2026-09-08,Konkan,Ratnagiri,Khed,Khed (Bhadgaon)
D2107,B2970,Rice,Indrayani,75.89,3983.02,Bulk Rice requirement for processing.,2026-05-26,2026-07-17,Konkan,Sindhudurg,Sawantwadi,Amboli
D2108,B4770,Bajra,Not Specified,23.25,2747.35,Inviting offers for Bajra from farmers in the region.,2026-08-07,2026-09-11,Western Maharashtra (Desh),Pune,Baramati,Ambi Kh.
D2109,B4497,Areca Nut,Not Specified,33.07,46887.99,Inviting offers for Areca Nut from farmers in the region.,2026-07-28,2026-08-13,Konkan,Ratnagiri,Lanja,Nivasar
D2110,B3307,Bajra,Not Specified,10.95,4425.54,Buyer looking to purchase Bajra directly from farmers.,2026-05-13,2026-07-19,Khandesh,Dhule,Sakri,Pimpalner
D2111,B2205,Jowar,Not Specified,17.74,2809.5,"Standing requirement for Jowar, quantity flexible based on quality.",2026-04-29,2026-07-24,Vidarbha,Chandrapur,Chimur,Ajgaon
D2112,B0349,Sugarcane,Co 94012,269.16,316.31,Seeking regular Sugarcane supply from nearby farmers.,2026-07-20,2026-10-24,Western Maharashtra (Desh),Sangli,Walwa,Bagani
D2113,B2029,Coconut,Dwarf Green,10.22,6168.45,Sourcing Coconut for export-quality grading and packaging.,2026-08-18,2026-08-29,Konkan,Sindhudurg,Kudal,Padave
D2114,B3853,Sunflower,LSF-8,20.85,8085.73,Looking to procure Sunflower for institutional buyers.,2026-07-10,2026-09-25,Vidarbha,Buldhana,Jalgaon Jamod,Pimpalgaon Kale
D2115,B0044,Chickoo,Not Specified,30.78,3271.11,Sourcing Chickoo for export-quality grading and packaging.,2026-08-09,2026-08-31,Konkan,Palghar,Palghar,Barhanpur
D2116,B4036,Field Beans,Konkan Val landrace,19.18,4376.56,Buyer looking to purchase Field Beans directly from farmers.,2026-05-28,2026-07-10,Konkan,Raigad,Khalapur,Ajivali
D2117,B2398,Banana,Red Banana,33.77,3023.3,"Standing requirement for Banana, quantity flexible based on quality.",2026-06-10,2026-07-05,Khandesh,Jalgaon,Chopda,Ajanti Kh.
D2118,B1022,Banana,Not Specified,11.76,3776.1,Looking for fresh Banana for wholesale procurement.,2026-08-26,2026-09-30,Khandesh,Jalgaon,Erandol,Ambe
D2119,B1567,Sunflower,Not Specified,57.32,6886.78,Looking to procure Sunflower for institutional buyers.,2026-07-19,2026-11-06,Vidarbha,Buldhana,Shegaon,Jalamb
D2120,B2039,Vari,Konkan local Vari landrace,24.99,3738.5,Looking for fresh Vari for wholesale procurement.,2026-08-05,2026-11-25,Konkan,Palghar,Dahanu,Dapchari
D2121,B3234,Jowar,CSH-25,27.05,2887.83,Looking for fresh Jowar for wholesale procurement.,2026-07-27,2026-11-20,Marathwada,Chhatrapati Sambhajinagar (Aurangabad),Phulambri,Babra
D2122,B0908,Turmeric,Not Specified,3.93,10227.8,"Procurement need for good quality Turmeric, open to multiple sellers.",2026-07-02,2026-07-21,Western Maharashtra (Desh),Sangli,Kadegaon,Amrapur
D2123,B1010,Vari,Not Specified,31.53,4069.46,Looking to procure Vari for institutional buyers.,2026-07-11,2026-09-09,Konkan,Palghar,Mokhada,Gonde Bk.
D2124,B3633,Udid,Not Specified,66.02,6922.79,Buyer looking to purchase Udid directly from farmers.,2026-06-19,2026-10-07,Konkan,Thane,Thane,Agasan
D2125,B1989,Maize,Ganga Safed-2,36.86,2021.39,Buyer looking to purchase Maize directly from farmers.,2026-07-04,2026-08-05,Khandesh,Jalgaon,Muktainagar,Anjangaon
D2126,B0489,Mango (Alphonso),Not Specified,21.32,11316.48,Bulk Mango (Alphonso) requirement for processing.,2026-08-19,2026-09-07,Konkan,Sindhudurg,Kudal,Gaorai
D2127,B2322,Gram,Vijay,59.14,5772.13,Inviting offers for Gram from farmers in the region.,2026-05-09,2026-07-31,Marathwada,Latur,Latur,Pimpalgaon Amba
D2128,B2850,Gram,JAKI-9218,38.09,6258.44,Sourcing Gram in bulk for our processing unit.,2026-08-15,2026-10-28,Marathwada,Latur,Ausa,Lamjana
D2129,B2209,Vari,Konkan local Vari landrace,39.38,3499.19,"Procurement need for good quality Vari, open to multiple sellers.",2026-07-26,2026-10-08,Konkan,Raigad,Uran,Antrabamdakhar
D2130,B1794,Sugarcane,Not Specified,342.49,513.64,Seeking regular Sugarcane supply from nearby farmers.,2026-05-15,2026-09-09,Marathwada,Chhatrapati Sambhajinagar (Aurangabad),Aurangabad,Ladsawangi
D2131,B3038,Tur,BDN-711,25.78,7788.65,Sourcing Tur in bulk for our processing unit.,2026-08-06,2026-09-02,Vidarbha,Gadchiroli,Desaiganj,Koregaon
D2132,B0516,Coconut,Not Specified,33.0,3657.46,Sourcing Coconut in bulk for our processing unit.,2026-06-05,2026-06-30,Konkan,Sindhudurg,Sawantwadi,Madkhol
D2133,B4555,Groundnut,Not Specified,45.83,8871.61,Seeking regular Groundnut supply from nearby farmers.,2026-07-24,2026-10-24,Western Maharashtra (Desh),Kolhapur,Kagal,Sangaon Kasaba
D2134,B0028,Sugarcane,Co 740,229.61,531.25,Inviting offers for Sugarcane from farmers in the region.,2026-06-28,2026-09-04,Khandesh,Nandurbar,Nandurbar,Adachhi
D2135,B0012,Vari,Konkan local Vari landrace,16.49,3854.22,Buyer looking to purchase Vari directly from farmers.,2026-06-05,2026-08-03,Western Maharashtra (Desh),Kolhapur,Panhala,Arale
D2136,B1635,Jowar,Not Specified,53.29,6518.07,"Standing requirement for Jowar, quantity flexible based on quality.",2026-07-17,2026-08-23,Western Maharashtra (Desh),Solapur,Akkalkot,Chapalgaon
D2137,B3113,Wheat,NIAW-34,63.58,2495.39,Requirement raised for Wheat to meet upcoming production schedule.,2026-06-20,2026-08-14,Marathwada,Nanded,Kinwat,Bodhadi Bk.
D2138,B4363,Groundnut,Phule Unnati,36.47,7573.21,Sourcing Groundnut for export-quality grading and packaging.,2026-05-10,2026-08-15,Western Maharashtra (Desh),Sangli,Jat,Asangi Jat
D2139,B1123,Soybean,JS 20-29,21.11,5758.55,Sourcing Soybean for export-quality grading and packaging.,2026-05-10,2026-08-30,Vidarbha,Washim,Risod,Wakad
D2140,B4494,Maize,DHM-117,22.76,1981.97,Requirement raised for Maize to meet upcoming production schedule.,2026-05-13,2026-07-09,Marathwada,Chhatrapati Sambhajinagar (Aurangabad),Aurangabad,Tisgaon
D2141,B0096,Jowar,Not Specified,35.9,6649.32,Looking to procure Jowar for institutional buyers.,2026-07-20,2026-10-10,Marathwada,Chhatrapati Sambhajinagar (Aurangabad),Paithan,Pimpalwadi (Pirachi)
D2142,B1713,Bajra,Phule Adishakti,47.78,2269.22,Sourcing Bajra in bulk for our processing unit.,2026-08-11,2026-11-12,Marathwada,Jalna,Partur,Ashti
D2143,B1976,Maize,Ganga Safed-2,43.6,2446.5,Sourcing Maize for export-quality grading and packaging.,2026-08-04,2026-10-30,Khandesh,Nandurbar,Nandurbar,Adachhi
D2144,B1773,Maize,Not Specified,66.14,1861.9,Inviting offers for Maize from farmers in the region.,2026-07-19,2026-10-25,Marathwada,Chhatrapati Sambhajinagar (Aurangabad),Khuldabad,Takali
D2145,B2275,Mango (Alphonso),Pairi,34.71,24343.89,Inviting offers for Mango (Alphonso) from farmers in the region.,2026-08-01,2026-08-12,Konkan,Sindhudurg,Malwan,Kalethar
D2146,B0799,Gram,Not Specified,46.15,6210.68,"Procurement need for good quality Gram, open to multiple sellers.",2026-05-25,2026-07-09,Marathwada,Latur,Chakur,Ajansonda Kh.
D2147,B1919,Gram,Not Specified,56.73,5145.31,"Procurement need for good quality Gram, open to multiple sellers.",2026-05-28,2026-07-29,Marathwada,Latur,Udgir,Kiniyalladevi
D2148,B3776,Chickoo,Kalipatti,10.87,2175.88,Bulk Chickoo requirement for processing.,2026-08-04,2026-08-27,Konkan,Thane,Shahapur,Cherpoli
D2149,B3004,Banana,Not Specified,30.91,2588.25,Looking to procure Banana for institutional buyers.,2026-06-30,2026-07-14,Khandesh,Jalgaon,Raver,Ajanad
D2150,B1304,Mango (Alphonso),Alphonso (Hapus),9.8,7316.65,Seeking regular Mango (Alphonso) supply from nearby farmers.,2026-07-31,2026-09-05,Konkan,Sindhudurg,Vaibhavwadi,Lore
D2151,B0890,Vari,Konkan local Vari landrace,23.67,3540.79,Bulk Vari requirement for processing.,2026-06-30,2026-10-22,Konkan,Palghar,Talasari,Sutrakar
D2152,B1362,Field Beans,Local Konkan landrace,34.85,3181.62,"Standing requirement for Field Beans, quantity flexible based on quality.",2026-07-13,2026-08-05,Konkan,Raigad,Tala,Bamanghar
D2153,B3679,Ragi,Phule Nachani,30.36,3547.69,Requirement raised for Ragi to meet upcoming production schedule.,2026-06-06,2026-07-28,Konkan,Thane,Thane,Agasan
D2154,B0165,Udid,TAU-1,33.76,8152.56,Bulk Udid requirement for processing.,2026-08-18,2026-09-26,Konkan,Palghar,Mokhada,Gonde Bk.
D2155,B1039,Cashew,Not Specified,11.6,20756.4,Bulk Cashew requirement for processing.,2026-07-16,2026-08-20,Konkan,Sindhudurg,Kankavli,Bandargaon
D2156,B4757,Rice,Not Specified,80.01,3347.09,Seeking regular Rice supply from nearby farmers.,2026-07-14,2026-09-06,Vidarbha,Gondia,Sadak-Arjuni,Sadakarjuni
D2157,B1036,Coconut,Banawali,20.75,5013.88,Bulk Coconut requirement for processing.,2026-06-04,2026-07-19,Konkan,Sindhudurg,Kankavli,Waingani
D2158,B0685,Cotton,Suraj Bt,14.16,8320.45,Inviting offers for Cotton from farmers in the region.,2026-05-19,2026-07-05,Vidarbha,Chandrapur,Bhadravati,Ashta
D2159,B0361,Areca Nut,Mangala,8.89,53407.31,Sourcing Areca Nut for export-quality grading and packaging.,2026-07-25,2026-09-06,Konkan,Ratnagiri,Khed,Tulashi Bk.
D2160,B1211,Jowar,Not Specified,13.37,5491.83,Inviting offers for Jowar from farmers in the region.,2026-05-11,2026-07-16,Western Maharashtra (Desh),Pune,Maval,Adavi
D2161,B3776,Chickoo,Kalipatti,34.39,2679.11,Looking for fresh Chickoo for wholesale procurement.,2026-08-08,2026-08-19,Konkan,Thane,Shahapur,Cherpoli
D2162,B0199,Cashew,Not Specified,27.55,14649.09,Seeking regular Cashew supply from nearby farmers.,2026-08-07,2026-08-22,Konkan,Sindhudurg,Kudal,Kasal
D2163,B0677,Jowar,Not Specified,40.68,5853.35,Need consistent Jowar supply for ongoing operations.,2026-08-10,2026-11-11,Western Maharashtra (Desh),Solapur,Mangalvedhe,Bhose
D2164,B3044,Turmeric,Selam,24.18,15254.5,Sourcing Turmeric for export-quality grading and packaging.,2026-05-21,2026-06-22,Western Maharashtra (Desh),Sangli,Kavathemahankal,Agalgaon
D2165,B2563,Coconut,Banawali,30.06,4632.25,Sourcing Coconut in bulk for our processing unit.,2026-08-07,2026-09-02,Konkan,Sindhudurg,Dodamarg,Kumbral
D2166,B1305,Udid,Phule Uttara,48.8,8281.8,Need consistent Udid supply for ongoing operations.,2026-06-10,2026-09-09,Konkan,Palghar,Vikramgad,Dadade
D2167,B0628,Maize,Ganga Safed-2,41.02,2583.96,Requirement raised for Maize to meet upcoming production schedule.,2026-06-23,2026-07-23,Khandesh,Nandurbar,Navapur,Visarwadi
D2168,B4155,Jowar,CSH-16,11.55,2614.89,Looking to procure Jowar for institutional buyers.,2026-06-07,2026-08-02,Khandesh,Jalgaon,Muktainagar,Anturli
D2169,B3096,Coconut,Pratap,7.09,5447.86,Sourcing Coconut in bulk for our processing unit.,2026-07-13,2026-08-17,Konkan,Sindhudurg,Kankavli,Bandargaon
D2170,B3095,Udid,Not Specified,24.41,6933.39,Sourcing Udid in bulk for our processing unit.,2026-07-10,2026-09-14,Konkan,Thane,Murbad,Deogaon
D2171,B3028,Banana,Not Specified,15.17,4616.75,"Standing requirement for Banana, quantity flexible based on quality.",2026-06-22,2026-07-04,Khandesh,Jalgaon,Jalgaon,Asoda
D2172,B4527,Vari,Not Specified,52.36,3333.94,"Procurement need for good quality Vari, open to multiple sellers.",2026-06-04,2026-09-14,Western Maharashtra (Desh),Satara,Jaoli,Anewadi
D2173,B4574,Cashew,Vengurla-7,29.6,13989.08,"Standing requirement for Cashew, quantity flexible based on quality.",2026-08-10,2026-09-22,Konkan,Sindhudurg,Vengurla,Karli
D2174,B1514,Coconut,Banawali,12.92,2936.97,Bulk Coconut requirement for processing.,2026-08-18,2026-09-13,Konkan,Sindhudurg,Malwan,Devli
D2175,B4331,Coconut,Banawali,12.71,5482.67,Looking to procure Coconut for institutional buyers.,2026-05-25,2026-07-04,Konkan,Sindhudurg,Kudal,Padave
D2176,B4084,Bajra,Not Specified,24.38,2531.39,Sourcing Bajra for export-quality grading and packaging.,2026-08-08,2026-11-08,Khandesh,Nashik,Trimbakeshwar,Beze
D2177,B0526,Sugarcane,Co 86032,142.82,301.05,Sourcing Sugarcane for export-quality grading and packaging.,2026-06-26,2026-10-15,Marathwada,Dharashiv (Osmanabad),Umarga,Gunjoti
D2178,B2418,Bajra,Not Specified,41.97,3710.58,Looking to procure Bajra for institutional buyers.,2026-08-05,2026-10-21,Marathwada,Chhatrapati Sambhajinagar (Aurangabad),Paithan,Vihamandwa
D2179,B2438,Wheat,NIAW-34,62.91,3108.75,Seeking regular Wheat supply from nearby farmers.,2026-06-21,2026-10-16,Marathwada,Hingoli,Kalamnuri,Akhada Balapur
D2180,B4329,Chickoo,Cricket Ball,13.45,3770.46,Bulk Chickoo requirement for processing.,2026-07-04,2026-07-16,Konkan,Palghar,Vasai,Bhatane
D2181,B3197,Cashew,Vengurla-8,9.24,23191.57,Requirement raised for Cashew to meet upcoming production schedule.,2026-08-07,2026-08-19,Konkan,Sindhudurg,Dodamarg,Panturli
D2182,B1529,Mango (Alphonso),Kesar,27.74,15233.28,Inviting offers for Mango (Alphonso) from farmers in the region.,2026-07-31,2026-08-28,Konkan,Sindhudurg,Devgad,Jamsande
D2183,B1571,Rice,Not Specified,88.02,3276.26,Bulk Rice requirement for processing.,2026-07-05,2026-09-07,Konkan,Raigad,Mangaon,Adghar
D2184,B3369,Cotton,Not Specified,63.13,8980.47,Inviting offers for Cotton from farmers in the region.,2026-07-09,2026-08-05,Vidarbha,Nagpur,Savner,Ajani
D2185,B1851,Tur,Not Specified,31.99,7437.48,Inviting offers for Tur from farmers in the region.,2026-07-11,2026-09-09,Marathwada,Beed,Parli,Parli (Rural)
D2186,B2717,Rice,Not Specified,22.27,4681.96,Sourcing Rice for export-quality grading and packaging.,2026-05-08,2026-08-29,Vidarbha,Nagpur,Hingna,Ajangaon
D2187,B2785,Rice,Ambemohar,94.93,3918.5,"Procurement need for good quality Rice, open to multiple sellers.",2026-08-22,2026-10-12,Konkan,Thane,Bhiwandi,Anjur
D2188,B2909,Groundnut,SB-11,46.66,8724.73,Bulk Groundnut requirement for processing.,2026-06-25,2026-08-17,Western Maharashtra (Desh),Pune,Pune City,Keshavnagar-Mundwa
D2189,B1159,Turmeric,Not Specified,6.04,16329.01,Need consistent Turmeric supply for ongoing operations.,2026-07-12,2026-07-29,Western Maharashtra (Desh),Sangli,Miraj,Bamnoli
D2190,B4460,Banana,Grand Naine,11.34,1779.26,Looking to procure Banana for institutional buyers.,2026-05-28,2026-06-20,Khandesh,Jalgaon,Bhadgaon,Achalgaon
D2191,B1104,Mango (Alphonso),Pairi,36.82,7413.42,Buyer looking to purchase Mango (Alphonso) directly from farmers.,2026-08-17,2026-08-31,Konkan,Raigad,Sudhagad-Pali,Kumbharghar
D2192,B0688,Banana,Not Specified,22.69,3386.05,Requirement raised for Banana to meet upcoming production schedule.,2026-08-26,2026-09-11,Khandesh,Jalgaon,Dharangaon,Ahire Kh.
D2193,B3783,Tur,Not Specified,63.5,8203.11,Sourcing Tur for export-quality grading and packaging.,2026-08-18,2026-09-13,Marathwada,Latur,Ahmedpur,Hadolti
D2194,B0088,Soybean,Not Specified,21.34,4505.93,Looking for fresh Soybean for wholesale procurement.,2026-07-19,2026-09-24,Marathwada,Nanded,Loha,Sonkhed
D2195,B3400,Tur,BSMR-736,62.17,7326.77,Looking for fresh Tur for wholesale procurement.,2026-06-04,2026-08-16,Vidarbha,Akola,Patur,Alegaon
D2196,B2735,Vari,Local Bhagar landrace,27.28,3807.62,"Standing requirement for Vari, quantity flexible based on quality.",2026-05-17,2026-09-11,Konkan,Raigad,Mahad,Rupavali
D2197,B3404,Field Beans,Not Specified,34.71,4551.82,Buyer looking to purchase Field Beans directly from farmers.,2026-06-21,2026-07-23,Konkan,Raigad,Murud,Abitghar
D2198,B1098,Chickoo,Not Specified,6.29,3337.99,Bulk Chickoo requirement for processing.,2026-08-18,2026-09-15,Konkan,Palghar,Mokhada,Khodala
D2199,B0892,Tur,BSMR-736,23.18,7347.45,Requirement raised for Tur to meet upcoming production schedule.,2026-08-15,2026-11-23,Khandesh,Nandurbar,Nandurbar,Adachhi
D2200,B1142,Field Beans,Not Specified,18.41,3216.23,Sourcing Field Beans for export-quality grading and packaging.,2026-05-22,2026-06-14,Konkan,Raigad,Sudhagad-Pali,Kumbharghar
D2201,B4144,Turmeric,Phule Swarupa,15.99,12531.97,Buyer looking to purchase Turmeric directly from farmers.,2026-05-10,2026-06-05,Western Maharashtra (Desh),Sangli,Tasgaon,Anjani
D2202,B0299,Groundnut,Not Specified,64.26,6610.2,Inviting offers for Groundnut from farmers in the region.,2026-07-13,2026-11-10,Vidarbha,Akola,Telhara,Hiwarkhed
D2203,B0352,Field Beans,Not Specified,26.07,4808.44,Requirement raised for Field Beans to meet upcoming production schedule.,2026-06-03,2026-07-08,Konkan,Raigad,Mahad,Pachad
D2204,B3512,Jowar,CSH-16,43.25,2816.65,Sourcing Jowar for export-quality grading and packaging.,2026-05-18,2026-06-14,Western Maharashtra (Desh),Pune,Velhe,Ambavane
D2205,B0346,Turmeric,Not Specified,27.66,9707.22,"Procurement need for good quality Turmeric, open to multiple sellers.",2026-06-21,2026-07-26,Western Maharashtra (Desh),Sangli,Kavathemahankal,Dhalgaon
D2206,B0725,Tur,Not Specified,57.35,6854.02,Looking to procure Tur for institutional buyers.,2026-07-03,2026-09-07,Marathwada,Hingoli,Basmath,Kurunda
D2207,B1744,Wheat,NIAW-34,55.93,2394.97,Requirement raised for Wheat to meet upcoming production schedule.,2026-06-20,2026-09-08,Western Maharashtra (Desh),Sangli,Khanapur,Alsund
D2208,B4171,Vari,Not Specified,39.25,3448.43,Looking to procure Vari for institutional buyers.,2026-08-16,2026-11-03,Konkan,Raigad,Karjat,Khadyachapada
D2209,B4599,Chickoo,Not Specified,8.33,2364.98,Inviting offers for Chickoo from farmers in the region.,2026-08-15,2026-09-12,Konkan,Palghar,Talasari,Sutrakar
D2210,B0331,Turmeric,Rajapuri,28.25,9198.12,Inviting offers for Turmeric from farmers in the region.,2026-08-26,2026-09-17,Western Maharashtra (Desh),Sangli,Miraj,Bamnoli
D2211,B2807,Groundnut,TAG-24,64.62,8829.62,Sourcing Groundnut for export-quality grading and packaging.,2026-08-20,2026-10-01,Western Maharashtra (Desh),Kolhapur,Shirol,Nandani
D2212,B3338,Maize,DHM-117,50.37,2401.61,Bulk Maize requirement for processing.,2026-05-07,2026-08-25,Khandesh,Jalgaon,Dharangaon,Anjan Vihire
D2213,B3036,Areca Nut,Mangala,24.31,33564.84,Requirement raised for Areca Nut to meet upcoming production schedule.,2026-08-26,2026-09-09,Konkan,Sindhudurg,Malwan,Kalethar
D2214,B2371,Linseed,NL-97,60.11,7306.87,Need consistent Linseed supply for ongoing operations.,2026-08-26,2026-12-03,Vidarbha,Gondia,Salekasa,Tirkhedi
D2215,B1357,Ragi,Phule Nachani,26.25,3860.97,Looking to procure Ragi for institutional buyers.,2026-06-28,2026-10-10,Konkan,Raigad,Uran,Bandhpada
D2216,B4692,Tur,Not Specified,64.22,7783.42,Inviting offers for Tur from farmers in the region.,2026-07-26,2026-11-04,Khandesh,Nandurbar,Navapur,Haldani
D2217,B3738,Linseed,Sharda,23.99,6858.75,Requirement raised for Linseed to meet upcoming production schedule.,2026-07-19,2026-11-02,Vidarbha,Gondia,Salekasa,Tirkhedi
D2218,B4660,Turmeric,Rajapuri,19.13,12120.24,Inviting offers for Turmeric from farmers in the region.,2026-08-19,2026-09-10,Western Maharashtra (Desh),Sangli,Shirala,Biur
D2219,B1435,Banana,Not Specified,7.27,4685.18,"Procurement need for good quality Banana, open to multiple sellers.",2026-06-11,2026-06-30,Khandesh,Jalgaon,Yawal,Aklud
D2220,B3522,Bajra,ICTP-8203,34.62,3852.95,Inviting offers for Bajra from farmers in the region.,2026-07-05,2026-09-18,Western Maharashtra (Desh),Ahilyanagar (Ahmednagar),Kopargaon,Suregaon
D2221,B0965,Sugarcane,CoM 0265,554.08,288.14,Need consistent Sugarcane supply for ongoing operations.,2026-05-25,2026-07-16,Western Maharashtra (Desh),Ahilyanagar (Ahmednagar),Kopargaon,Kokamthan
D2222,B2536,Gram,Not Specified,74.0,5218.2,"Standing requirement for Gram, quantity flexible based on quality.",2026-06-01,2026-09-19,Marathwada,Latur,Latur,Wadi Wagholi
D2223,B2964,Linseed,Not Specified,58.05,6821.14,Looking to procure Linseed for institutional buyers.,2026-08-20,2026-09-16,Vidarbha,Gondia,Amgaon,Asordi
D2224,B2333,Udid,Not Specified,68.66,9492.94,Looking to procure Udid for institutional buyers.,2026-05-17,2026-06-29,Konkan,Thane,Shahapur,Shirol
D2225,B4639,Linseed,Not Specified,26.57,6893.69,Seeking regular Linseed supply from nearby farmers.,2026-06-27,2026-09-05,Vidarbha,Gadchiroli,Kurkheda,Kadholi
D2226,B4461,Cashew,Not Specified,18.21,16455.67,Inviting offers for Cashew from farmers in the region.,2026-06-23,2026-07-27,Konkan,Sindhudurg,Devgad,Jamsande
D2227,B2824,Soybean,JS 20-29,66.51,5123.04,Inviting offers for Soybean from farmers in the region.,2026-07-06,2026-09-23,Vidarbha,Buldhana,Buldhana,Dhad
D2228,B0805,Groundnut,Not Specified,53.08,6078.52,"Procurement need for good quality Groundnut, open to multiple sellers.",2026-08-12,2026-10-16,Western Maharashtra (Desh),Satara,Jaoli,Alewadi
D2229,B4682,Linseed,NL-97,21.52,6001.37,Sourcing Linseed in bulk for our processing unit.,2026-06-26,2026-08-09,Vidarbha,Gondia,Tiroda,Wadegaon
D2230,B1972,Soybean,Not Specified,57.01,7178.76,Sourcing Soybean in bulk for our processing unit.,2026-07-24,2026-08-23,Marathwada,Nanded,Mahur,Hadsani
D2231,B0242,Linseed,Not Specified,16.57,7400.99,Looking for fresh Linseed for wholesale procurement.,2026-04-30,2026-07-29,Vidarbha,Gadchiroli,Chamorshi,Kunghada Raiyyatwari
D2232,B3558,Sugarcane,Not Specified,521.38,420.47,Looking for fresh Sugarcane for wholesale procurement.,2026-05-16,2026-07-29,Marathwada,Jalna,Bhokardan,Paradh Bk.
D2233,B4128,Groundnut,JL-24,51.95,8476.64,Requirement raised for Groundnut to meet upcoming production schedule.,2026-08-14,2026-09-11,Western Maharashtra (Desh),Pune,Junnar,Ajanawale
D2234,B0393,Jowar,Not Specified,33.63,2645.43,Looking to procure Jowar for institutional buyers.,2026-06-09,2026-08-10,Western Maharashtra (Desh),Pune,Baramati,Anjangaon
D2235,B0600,Chickoo,Not Specified,13.81,2965.08,Seeking regular Chickoo supply from nearby farmers.,2026-08-17,2026-09-29,Konkan,Thane,Kalyan,Antarde
D2236,B1605,Coconut,Not Specified,35.1,5144.34,Looking to procure Coconut for institutional buyers.,2026-05-20,2026-06-22,Konkan,Sindhudurg,Devgad,Jamsande
D2237,B1807,Tur,Not Specified,25.67,8604.45,Need consistent Tur supply for ongoing operations.,2026-07-01,2026-08-31,Vidarbha,Nagpur,Umred,Aptur
D2238,B3201,Sunflower,Phule Raviraj,70.88,7357.34,Buyer looking to purchase Sunflower directly from farmers.,2026-07-29,2026-11-07,Vidarbha,Buldhana,Sindkhed Raja,Deulgaon Kol
D2239,B1124,Jowar,Phule Yashoda,61.88,5598.6,Need consistent Jowar supply for ongoing operations.,2026-08-04,2026-10-28,Western Maharashtra (Desh),Pune,Haveli,Agalambe
D2240,B3150,Groundnut,Not Specified,72.38,7583.92,"Standing requirement for Groundnut, quantity flexible based on quality.",2026-05-09,2026-07-06,Western Maharashtra (Desh),Pune,Baramati,Ambi Bk.
D2241,B0187,Rice,Kolam,67.99,3850.05,"Procurement need for good quality Rice, open to multiple sellers.",2026-05-28,2026-08-19,Vidarbha,Nagpur,Savner,Bhanegaon
D2242,B1902,Sugarcane,Co 86032,544.95,392.77,Sourcing Sugarcane for export-quality grading and packaging.,2026-08-23,2026-10-12,Western Maharashtra (Desh),Ahilyanagar (Ahmednagar),Nagar,Agadgaon
D2243,B2825,Ragi,Not Specified,16.67,3586.46,Bulk Ragi requirement for processing.,2026-07-04,2026-08-24,Konkan,Raigad,Alibag,Agarsure
D2244,B1346,Bajra,Not Specified,13.39,2451.77,Buyer looking to purchase Bajra directly from farmers.,2026-05-16,2026-08-03,Khandesh,Nashik,Dindori,Dindori
D2245,B1950,Turmeric,Not Specified,30.55,12355.95,Need consistent Turmeric supply for ongoing operations.,2026-07-08,2026-08-09,Western Maharashtra (Desh),Sangli,Kadegaon,Asad
D2246,B3081,Ragi,Dapoli-1,18.12,4330.15,Inviting offers for Ragi from farmers in the region.,2026-06-12,2026-08-09,Konkan,Ratnagiri,Dapoli,Anjarla
D2247,B0403,Wheat,Not Specified,18.57,2856.35,Looking for fresh Wheat for wholesale procurement.,2026-05-20,2026-08-03,Western Maharashtra (Desh),Satara,Koregaon,Arvi
D2248,B2409,Turmeric,Phule Swarupa,15.44,12022.85,Looking for fresh Turmeric for wholesale procurement.,2026-06-03,2026-06-26,Western Maharashtra (Desh),Sangli,Jat,Ankalagi
D2249,B2050,Tur,Not Specified,33.92,7362.2,Seeking regular Tur supply from nearby farmers.,2026-08-21,2026-12-18,Marathwada,Latur,Ausa,Lamjana
D2250,B4094,Mango (Alphonso),Not Specified,9.77,10908.9,Looking for fresh Mango (Alphonso) for wholesale procurement.,2026-08-15,2026-08-30,Konkan,Raigad,Shrivardhan,Arathi
D2251,B4027,Turmeric,Not Specified,19.78,17500.26,Bulk Turmeric requirement for processing.,2026-07-24,2026-08-19,Western Maharashtra (Desh),Sangli,Walwa,Ahirwadi
D2252,B4256,Vari,Not Specified,38.11,4400.96,Requirement raised for Vari to meet upcoming production schedule.,2026-08-05,2026-10-31,Konkan,Palghar,Talasari,Sutrakar
D2253,B3588,Vari,Local Bhagar landrace,69.13,3700.77,Inviting offers for Vari from farmers in the region.,2026-06-04,2026-07-13,Konkan,Palghar,Vikramgad,Dadade
D2254,B4222,Sugarcane,Phule 265,565.94,427.53,Requirement raised for Sugarcane to meet upcoming production schedule.,2026-06-02,2026-08-23,Western Maharashtra (Desh),Kolhapur,Radhanagari,Turambe
D2255,B0188,Soybean,MAUS 71,42.57,6486.8,Buyer looking to purchase Soybean directly from farmers.,2026-07-30,2026-09-08,Vidarbha,Nagpur,Savner,Ajani
D2256,B3716,Mango (Alphonso),Alphonso (Hapus),17.35,28726.76,"Procurement need for good quality Mango (Alphonso), open to multiple sellers.",2026-08-21,2026-10-03,Konkan,Raigad,Uran,Bandhpada
D2257,B1201,Field Beans,Not Specified,4.96,4773.1,Buyer looking to purchase Field Beans directly from farmers.,2026-07-14,2026-07-29,Konkan,Raigad,Uran,Aware
D2258,B1401,Gram,Phule Vikram,30.09,5062.52,Buyer looking to purchase Gram directly from farmers.,2026-07-30,2026-11-16,Marathwada,Latur,Latur,Pimpalgaon Amba
D2259,B2999,Rice,Indrayani,56.52,4291.96,Bulk Rice requirement for processing.,2026-07-31,2026-10-15,Vidarbha,Bhandara,Lakhani,Pohara
D2260,B4665,Groundnut,JL-24,42.47,8318.02,Seeking regular Groundnut supply from nearby farmers.,2026-05-10,2026-08-16,Khandesh,Nashik,Chandwad,Tisgaon
D2261,B1137,Rice,Karjat-3,92.89,5028.98,Looking for fresh Rice for wholesale procurement.,2026-07-16,2026-10-17,Vidarbha,Nagpur,Kamptee,Ajani
D2262,B2200,Maize,Pratap Hybrid-1,48.02,2059.89,Inviting offers for Maize from farmers in the region.,2026-08-18,2026-10-02,Khandesh,Nashik,Nashik,Agartakali
D2263,B1040,Groundnut,Not Specified,10.87,6742.67,Looking for fresh Groundnut for wholesale procurement.,2026-08-24,2026-12-15,Western Maharashtra (Desh),Solapur,Pandharpur,Bhandi Shegaon
D2264,B1883,Turmeric,Not Specified,18.5,18991.22,"Standing requirement for Turmeric, quantity flexible based on quality.",2026-08-03,2026-08-29,Western Maharashtra (Desh),Sangli,Miraj,Arag
D2265,B4157,Vari,Not Specified,53.98,3837.38,"Standing requirement for Vari, quantity flexible based on quality.",2026-06-17,2026-10-14,Konkan,Palghar,Jawhar,Vavar
D2266,B4196,Sunflower,Not Specified,13.63,5335.31,Requirement raised for Sunflower to meet upcoming production schedule.,2026-07-03,2026-10-05,Vidarbha,Buldhana,Deulgaon Raja,Andhera
D2267,B4158,Vari,Konkan local Vari landrace,57.24,4131.65,Requirement raised for Vari to meet upcoming production schedule.,2026-08-22,2026-10-16,Konkan,Palghar,Jawhar,Kharonda
D2268,B4457,Sugarcane,CoM 0265,305.19,475.79,Looking to procure Sugarcane for institutional buyers.,2026-05-27,2026-09-07,Marathwada,Beed,Ashti,Kada
D2269,B3703,Areca Nut,Mangala,36.15,33992.13,Looking to procure Areca Nut for institutional buyers.,2026-07-28,2026-09-05,Konkan,Ratnagiri,Chiplun,Bivali
D2270,B4055,Gram,Not Specified,40.93,5927.48,"Standing requirement for Gram, quantity flexible based on quality.",2026-07-18,2026-10-06,Marathwada,Latur,Shirur Anantpal,Anandwadi
D2271,B4144,Turmeric,Phule Swarupa,26.62,10455.29,Inviting offers for Turmeric from farmers in the region.,2026-07-18,2026-08-28,Western Maharashtra (Desh),Sangli,Tasgaon,Anjani
D2272,B0313,Groundnut,Not Specified,43.08,8000.49,Looking for fresh Groundnut for wholesale procurement.,2026-06-26,2026-08-13,Western Maharashtra (Desh),Pune,Baramati,Ambi Kh.
D2273,B1946,Wheat,Sharbati,63.13,2976.76,Requirement raised for Wheat to meet upcoming production schedule.,2026-08-07,2026-10-20,Marathwada,Nanded,Mahur,Wai
D2274,B3121,Coconut,Not Specified,15.0,4456.49,Looking for fresh Coconut for wholesale procurement.,2026-05-03,2026-05-20,Konkan,Sindhudurg,Kudal,Gaorai
D2275,B1376,Vari,Konkan local Vari landrace,63.01,3928.77,Requirement raised for Vari to meet upcoming production schedule.,2026-06-08,2026-07-26,Western Maharashtra (Desh),Satara,Koregaon,Arvi
D2276,B4290,Udid,TAU-2,21.75,7576.63,"Standing requirement for Udid, quantity flexible based on quality.",2026-06-11,2026-09-25,Konkan,Palghar,Vada,Abitghar
D2277,B2021,Linseed,Not Specified,14.81,6852.35,"Standing requirement for Linseed, quantity flexible based on quality.",2026-08-16,2026-10-30,Vidarbha,Gadchiroli,Kurkheda,Kadholi
D2278,B1821,Mango (Alphonso),Not Specified,10.56,29254.99,"Standing requirement for Mango (Alphonso), quantity flexible based on quality.",2026-08-23,2026-09-23,Konkan,Raigad,Karjat,Khandape
D2279,B3317,Sunflower,KBSH-1,56.84,7955.68,Seeking regular Sunflower supply from nearby farmers.,2026-07-13,2026-09-19,Vidarbha,Buldhana,Nandura,Alampur
D2280,B3960,Udid,TAU-1,34.66,9520.12,Seeking regular Udid supply from nearby farmers.,2026-06-26,2026-10-04,Konkan,Thane,Kalyan,Antarde
D2281,B1816,Sunflower,Not Specified,24.55,6739.14,Looking to procure Sunflower for institutional buyers.,2026-06-22,2026-08-14,Vidarbha,Buldhana,Khamgaon,Pimpalgaon Raja
D2282,B4133,Maize,Karveer,32.42,1783.81,Looking to procure Maize for institutional buyers.,2026-07-07,2026-09-03,Khandesh,Dhule,Sindkheda,Betawad
D2283,B3165,Sugarcane,Not Specified,345.98,282.65,Requirement raised for Sugarcane to meet upcoming production schedule.,2026-08-07,2026-11-27,Western Maharashtra (Desh),Ahilyanagar (Ahmednagar),Shrirampur,Nipani Wadgaon
D2284,B2354,Linseed,Not Specified,19.96,6006.66,Looking to procure Linseed for institutional buyers.,2026-07-24,2026-11-12,Vidarbha,Gadchiroli,Bhamragad,Brahmanpalli
D2285,B4197,Banana,Not Specified,6.23,4658.8,Need consistent Banana supply for ongoing operations.,2026-07-21,2026-08-10,Khandesh,Jalgaon,Chalisgaon,Abhone
D2286,B0385,Turmeric,Selam,12.75,11530.77,Looking for fresh Turmeric for wholesale procurement.,2026-05-12,2026-06-14,Western Maharashtra (Desh),Sangli,Walwa,Ahirwadi
D2287,B1722,Soybean,JS 20-29,28.71,5892.71,Requirement raised for Soybean to meet upcoming production schedule.,2026-08-14,2026-10-03,Vidarbha,Akola,Akot,Mundgaon
D2288,B0879,Cashew,Vengurla-4,16.01,22596.89,Buyer looking to purchase Cashew directly from farmers.,2026-07-06,2026-08-18,Konkan,Ratnagiri,Chiplun,Bivali
D2289,B0798,Linseed,Parbhani Alsi,32.56,6314.32,Looking for fresh Linseed for wholesale procurement.,2026-08-25,2026-10-23,Vidarbha,Gondia,Gondia,Adashi
D2290,B1227,Banana,Not Specified,23.65,1847.99,Bulk Banana requirement for processing.,2026-05-04,2026-06-05,Khandesh,Jalgaon,Bodwad,Amadgaon
D2291,B1453,Turmeric,Selam,18.14,19219.22,Sourcing Turmeric for export-quality grading and packaging.,2026-07-20,2026-08-29,Western Maharashtra (Desh),Sangli,Kavathemahankal,Dhalgaon
D2292,B4600,Maize,DHM-117,57.7,1763.94,Requirement raised for Maize to meet upcoming production schedule.,2026-05-18,2026-08-16,Khandesh,Dhule,Sakri,Dusane
D2293,B4316,Cashew,Not Specified,28.97,17804.18,Seeking regular Cashew supply from nearby farmers.,2026-08-23,2026-10-07,Konkan,Sindhudurg,Devgad,Jamsande
D2294,B3508,Turmeric,Rajapuri,27.36,15039.43,Buyer looking to purchase Turmeric directly from farmers.,2026-08-11,2026-09-18,Western Maharashtra (Desh),Sangli,Atpadi,Awalai
D2295,B4415,Sugarcane,Co 94012,498.87,327.86,Sourcing Sugarcane for export-quality grading and packaging.,2026-06-17,2026-08-24,Western Maharashtra (Desh),Kolhapur,Karvir,Bahireshwar
D2296,B2291,Coconut,Pratap,28.05,4327.88,Requirement raised for Coconut to meet upcoming production schedule.,2026-08-11,2026-09-10,Konkan,Sindhudurg,Kankavli,Shivajipeth
D2297,B2360,Coconut,Dwarf Green,14.11,5041.63,Bulk Coconut requirement for processing.,2026-08-25,2026-10-01,Konkan,Sindhudurg,Dodamarg,Talkat
D2298,B2723,Mango (Alphonso),Alphonso (Hapus),33.0,7500.28,Sourcing Mango (Alphonso) in bulk for our processing unit.,2026-06-22,2026-07-16,Konkan,Sindhudurg,Sawantwadi,Amboli
D2299,B1902,Sugarcane,Co 86032,130.88,600.49,Bulk Sugarcane requirement for processing.,2026-08-12,2026-10-16,Western Maharashtra (Desh),Ahilyanagar (Ahmednagar),Nagar,Agadgaon
D2300,B0568,Sugarcane,Co 94012,235.93,289.35,"Procurement need for good quality Sugarcane, open to multiple sellers.",2026-07-25,2026-10-12,Western Maharashtra (Desh),Pune,Velhe,Ambed
D2301,B4552,Mango (Alphonso),Not Specified,26.46,13214.8,Sourcing Mango (Alphonso) in bulk for our processing unit.,2026-08-16,2026-09-28,Konkan,Ratnagiri,Ratnagiri,Bhandarwada
D2302,B3139,Mango (Alphonso),Ratna,8.91,29317.12,Sourcing Mango (Alphonso) for export-quality grading and packaging.,2026-08-26,2026-09-19,Konkan,Sindhudurg,Vaibhavwadi,Nadhavade
D2303,B3466,Vari,Local Bhagar landrace,58.91,3826.15,Buyer looking to purchase Vari directly from farmers.,2026-05-21,2026-06-15,Konkan,Thane,Thane,Adavli
D2304,B1063,Gram,JAKI-9218,69.03,5353.35,Bulk Gram requirement for processing.,2026-07-12,2026-08-28,Marathwada,Latur,Ausa,Lamjana
D2305,B4452,Sunflower,Not Specified,16.41,5491.88,Bulk Sunflower requirement for processing.,2026-05-18,2026-08-28,Vidarbha,Buldhana,Sangrampur,Sangrampur Pr. Jamod
D2306,B1174,Tur,Not Specified,49.79,7680.83,"Standing requirement for Tur, quantity flexible based on quality.",2026-05-13,2026-07-25,Marathwada,Latur,Latur,Pimpalgaon Amba
D2307,B0067,Cashew,Not Specified,20.97,17934.67,Need consistent Cashew supply for ongoing operations.,2026-05-23,2026-07-07,Konkan,Sindhudurg,Malwan,Waghavane
D2308,B3795,Turmeric,Selam,8.1,13909.69,Inviting offers for Turmeric from farmers in the region.,2026-08-02,2026-09-10,Western Maharashtra (Desh),Sangli,Tasgaon,Arwade
D2309,B1450,Soybean,Not Specified,65.02,5978.43,Requirement raised for Soybean to meet upcoming production schedule.,2026-06-06,2026-08-16,Marathwada,Hingoli,Basmath,Girgaon
D2310,B4605,Wheat,Not Specified,38.23,2572.38,"Standing requirement for Wheat, quantity flexible based on quality.",2026-08-24,2026-10-29,Marathwada,Jalna,Mantha,Talni
D2311,B1167,Cashew,Not Specified,20.69,21501.68,Looking to procure Cashew for institutional buyers.,2026-08-06,2026-09-09,Konkan,Sindhudurg,Vaibhavwadi,Nadhavade
D2312,B4537,Banana,Ardhapuri,15.97,3558.93,Seeking regular Banana supply from nearby farmers.,2026-08-03,2026-08-20,Khandesh,Jalgaon,Chopda,Ajanti Kh.
D2313,B3841,Tur,Phule Rajeshwari,52.51,6208.17,Sourcing Tur for export-quality grading and packaging.,2026-08-04,2026-11-09,Khandesh,Nandurbar,Shahada,Asalod
D2314,B4773,Cashew,Not Specified,35.11,22992.95,Requirement raised for Cashew to meet upcoming production schedule.,2026-05-26,2026-06-14,Konkan,Ratnagiri,Dapoli,Anjarla
D2315,B4724,Ragi,Not Specified,32.65,3142.76,Buyer looking to purchase Ragi directly from farmers.,2026-08-19,2026-09-25,Konkan,Raigad,Tala,Adnale
D2316,B3499,Jowar,Not Specified,52.45,4910.75,Looking to procure Jowar for institutional buyers.,2026-06-12,2026-09-15,Vidarbha,Wardha,Hinganghat,Allipur
D2317,B4511,Ragi,Dapoli-1,14.28,3405.01,"Procurement need for good quality Ragi, open to multiple sellers.",2026-08-11,2026-11-13,Konkan,Thane,Shahapur,Cherpoli
D2318,B1665,Udid,TAU-1,26.48,6847.79,Sourcing Udid for export-quality grading and packaging.,2026-07-26,2026-11-22,Konkan,Thane,Ambarnath,Chinchpada
D2319,B4040,Cotton,RCH-2 Bt,26.65,10104.57,"Standing requirement for Cotton, quantity flexible based on quality.",2026-06-17,2026-08-13,Vidarbha,Wardha,Hinganghat,Allipur
D2320,B4732,Jowar,Not Specified,60.3,5022.2,Sourcing Jowar for export-quality grading and packaging.,2026-05-16,2026-08-06,Western Maharashtra (Desh),Kolhapur,Shahuwadi,Bhedasgaon
D2321,B4770,Bajra,Phule Adishakti,45.15,3174.86,Seeking regular Bajra supply from nearby farmers.,2026-05-07,2026-07-02,Western Maharashtra (Desh),Pune,Baramati,Ambi Kh.
D2322,B3839,Groundnut,Not Specified,67.74,8133.93,"Procurement need for good quality Groundnut, open to multiple sellers.",2026-07-08,2026-09-12,Western Maharashtra (Desh),Pune,Pune City,Keshavnagar-Mundwa
D2323,B1133,Sugarcane,Not Specified,345.79,614.36,"Procurement need for good quality Sugarcane, open to multiple sellers.",2026-05-18,2026-06-15,Western Maharashtra (Desh),Kolhapur,Radhanagari,Savarde
D2324,B0808,Sunflower,Morden,36.76,7560.69,Looking for fresh Sunflower for wholesale procurement.,2026-07-15,2026-08-31,Vidarbha,Buldhana,Malkapur,Datala
D2325,B0309,Vari,Not Specified,27.38,4363.35,"Standing requirement for Vari, quantity flexible based on quality.",2026-08-13,2026-12-03,Konkan,Palghar,Mokhada,Khodala
D2326,B3815,Bajra,Shraddha,30.85,2575.1,Sourcing Bajra for export-quality grading and packaging.,2026-08-04,2026-10-15,Khandesh,Dhule,Dhule,Kapadne
D2327,B4214,Banana,Grand Naine,23.47,2956.47,Looking for fresh Banana for wholesale procurement.,2026-08-12,2026-08-24,Khandesh,Jalgaon,Raver,Ahirwadi
D2328,B1655,Jowar,Maldandi,24.37,4066.05,Bulk Jowar requirement for processing.,2026-08-13,2026-11-19,Marathwada,Dharashiv (Osmanabad),Lohara,Lohara Bk.
D2329,B2628,Linseed,NL-97,26.89,7699.49,"Procurement need for good quality Linseed, open to multiple sellers.",2026-08-18,2026-11-24,Vidarbha,Gondia,Sadak-Arjuni,Saundal
D2330,B0767,Jowar,CSH-25,51.49,3122.7,Sourcing Jowar for export-quality grading and packaging.,2026-08-24,2026-12-22,Vidarbha,Amravati,Achalpur,Asatpur
D2331,B2853,Gram,Not Specified,14.59,5152.06,Sourcing Gram in bulk for our processing unit.,2026-07-27,2026-11-23,Marathwada,Latur,Deoni,Ambegaon
D2332,B4190,Soybean,MAUS 71,60.18,7379.71,"Standing requirement for Soybean, quantity flexible based on quality.",2026-06-28,2026-09-21,Khandesh,Nandurbar,Talode,Amoni
D2333,B0678,Groundnut,TAG-24,14.46,9025.79,Seeking regular Groundnut supply from nearby farmers.,2026-06-25,2026-10-09,Western Maharashtra (Desh),Satara,Jaoli,Anewadi
D2334,B1237,Rice,Not Specified,20.69,3597.58,Looking to procure Rice for institutional buyers.,2026-08-22,2026-11-13,Vidarbha,Gondia,Arjuni-Morgaon,Arjuni
D2335,B3360,Banana,Grand Naine,5.59,3778.36,Sourcing Banana for export-quality grading and packaging.,2026-07-29,2026-08-15,Khandesh,Jalgaon,Chalisgaon,Alwadi
D2336,B0924,Linseed,NL-97,14.61,5973.06,Bulk Linseed requirement for processing.,2026-07-23,2026-08-21,Vidarbha,Gondia,Gondia,Adashi
D2337,B3658,Banana,Rajapuri,24.22,5020.72,Need consistent Banana supply for ongoing operations.,2026-08-23,2026-09-14,Khandesh,Jalgaon,Pachora,Anturli Kh. Pr. Lohare
D2338,B1754,Vari,Konkan local Vari landrace,38.92,3917.85,Inviting offers for Vari from farmers in the region.,2026-05-01,2026-06-17,Konkan,Raigad,Karjat,Khandape
D2339,B3731,Areca Nut,Not Specified,26.28,40351.67,Inviting offers for Areca Nut from farmers in the region.,2026-05-14,2026-06-11,Konkan,Sindhudurg,Malwan,Kalethar
D2340,B1443,Turmeric,Rajapuri,4.18,14785.23,Buyer looking to purchase Turmeric directly from farmers.,2026-07-24,2026-08-11,Western Maharashtra (Desh),Sangli,Walwa,Bahe
D2341,B2762,Chickoo,Not Specified,21.63,2651.76,Seeking regular Chickoo supply from nearby farmers.,2026-05-21,2026-06-18,Konkan,Thane,Thane,Agasan
D2342,B3077,Chickoo,Cricket Ball,25.44,2751.05,Requirement raised for Chickoo to meet upcoming production schedule.,2026-08-04,2026-08-18,Konkan,Thane,Bhiwandi,Anjur
D2343,B0011,Areca Nut,Not Specified,11.37,50118.37,"Standing requirement for Areca Nut, quantity flexible based on quality.",2026-06-18,2026-07-29,Konkan,Sindhudurg,Kudal,Padave
D2344,B0140,Vari,Not Specified,24.85,4156.98,Seeking regular Vari supply from nearby farmers.,2026-06-09,2026-08-27,Konkan,Palghar,Vikramgad,Alonde
D2345,B2942,Turmeric,Selam,13.66,12246.81,Seeking regular Turmeric supply from nearby farmers.,2026-05-30,2026-06-10,Western Maharashtra (Desh),Sangli,Khanapur,Alsund
D2346,B2125,Sugarcane,Not Specified,511.7,564.03,Looking for fresh Sugarcane for wholesale procurement.,2026-05-20,2026-08-14,Western Maharashtra (Desh),Ahilyanagar (Ahmednagar),Nevasa,Sonai
D2347,B0441,Vari,Local Bhagar landrace,51.61,4209.51,Inviting offers for Vari from farmers in the region.,2026-07-08,2026-08-09,Konkan,Thane,Murbad,Dhasai
D2348,B1363,Coconut,Not Specified,6.2,5429.1,Bulk Coconut requirement for processing.,2026-06-30,2026-07-11,Konkan,Sindhudurg,Malwan,Devli
D2349,B3378,Udid,Phule Uttara,66.17,8138.66,Bulk Udid requirement for processing.,2026-06-18,2026-08-15,Konkan,Palghar,Vasai,Agashi
D2350,B1300,Maize,Not Specified,52.93,2430.5,"Procurement need for good quality Maize, open to multiple sellers.",2026-08-02,2026-10-02,Khandesh,Dhule,Sakri,Kasare
D2351,B0266,Chickoo,Cricket Ball,4.47,2742.28,Buyer looking to purchase Chickoo directly from farmers.,2026-08-24,2026-10-01,Konkan,Thane,Bhiwandi,Ambardi
D2352,B3020,Cashew,Vengurla-7,24.31,17494.13,"Standing requirement for Cashew, quantity flexible based on quality.",2026-07-30,2026-08-31,Konkan,Raigad,Uran,Aware
D2353,B3048,Tur,BSMR-736,69.12,6390.15,Bulk Tur requirement for processing.,2026-05-19,2026-07-15,Vidarbha,Wardha,Samudrapur,Bhosa
D2354,B3783,Tur,BDN-711,11.14,5730.83,Bulk Tur requirement for processing.,2026-08-11,2026-11-09,Marathwada,Latur,Ahmedpur,Hadolti
D2355,B1005,Vari,Konkan local Vari landrace,64.93,4738.15,Buyer looking to purchase Vari directly from farmers.,2026-07-15,2026-08-21,Konkan,Raigad,Panvel,Bhatan
D2356,B3681,Soybean,JS 20-29,39.06,5795.72,Looking for fresh Soybean for wholesale procurement.,2026-07-14,2026-10-13,Vidarbha,Washim,Mangrulpir,Shahapur Kh.
D2357,B0799,Gram,Not Specified,52.63,5714.57,Seeking regular Gram supply from nearby farmers.,2026-07-20,2026-11-14,Marathwada,Latur,Chakur,Ajansonda Kh.
D2358,B0887,Soybean,Not Specified,52.66,5924.46,"Procurement need for good quality Soybean, open to multiple sellers.",2026-07-10,2026-09-25,Vidarbha,Nagpur,Umred,Aptur
D2359,B3711,Groundnut,JL-24,38.5,6377.92,Bulk Groundnut requirement for processing.,2026-08-25,2026-10-25,Western Maharashtra (Desh),Satara,Satara,Ambavade Bk.
D2360,B2959,Gram,Not Specified,71.32,5814.62,"Procurement need for good quality Gram, open to multiple sellers.",2026-08-12,2026-09-28,Marathwada,Latur,Deoni,Batanpur
D2361,B0936,Jowar,Not Specified,10.26,4824.94,Seeking regular Jowar supply from nearby farmers.,2026-06-19,2026-09-19,Vidarbha,Akola,Akola,Tapalabad
D2362,B2911,Bajra,Shraddha,46.77,3321.25,"Procurement need for good quality Bajra, open to multiple sellers.",2026-05-17,2026-06-11,Western Maharashtra (Desh),Ahilyanagar (Ahmednagar),Nevasa,Chanda
D2363,B2735,Vari,Konkan local Vari landrace,51.11,3546.63,Need consistent Vari supply for ongoing operations.,2026-08-22,2026-11-10,Konkan,Raigad,Mahad,Rupavali
D2364,B3225,Ragi,Dapoli-1,6.54,3793.25,Inviting offers for Ragi from farmers in the region.,2026-06-04,2026-07-16,Konkan,Palghar,Mokhada,Gonde Bk.
D2365,B3892,Groundnut,JL-24,72.24,7001.29,Buyer looking to purchase Groundnut directly from farmers.,2026-05-14,2026-07-20,Western Maharashtra (Desh),Pune,Khed,Amboli
D2366,B0205,Coconut,Not Specified,30.08,2950.29,"Standing requirement for Coconut, quantity flexible based on quality.",2026-07-07,2026-08-15,Konkan,Sindhudurg,Dodamarg,Talkat
D2367,B1019,Bajra,Not Specified,10.73,3981.87,Sourcing Bajra in bulk for our processing unit.,2026-07-19,2026-10-21,Marathwada,Beed,Patoda,Amalner
D2368,B4523,Udid,TAU-1,47.04,7456.75,Looking to procure Udid for institutional buyers.,2026-08-26,2026-09-28,Konkan,Thane,Shahapur,Cherpoli
D2369,B2595,Udid,Not Specified,11.46,8389.68,Inviting offers for Udid from farmers in the region.,2026-05-04,2026-08-12,Konkan,Palghar,Talasari,Sutrakar
D2370,B2439,Groundnut,Not Specified,47.36,7338.16,Buyer looking to purchase Groundnut directly from farmers.,2026-08-10,2026-11-10,Vidarbha,Washim,Washim,Ansing
D2371,B4038,Field Beans,Not Specified,26.67,3289.79,"Standing requirement for Field Beans, quantity flexible based on quality.",2026-07-01,2026-07-18,Konkan,Raigad,Sudhagad-Pali,Kumbharghar
D2372,B3397,Cotton,Suraj Bt,55.93,7903.52,Buyer looking to purchase Cotton directly from farmers.,2026-08-24,2026-10-07,Marathwada,Chhatrapati Sambhajinagar (Aurangabad),Vaijapur,Shioor
D2373,B1772,Banana,Ardhapuri,18.81,3643.04,"Procurement need for good quality Banana, open to multiple sellers.",2026-06-03,2026-06-24,Khandesh,Jalgaon,Jalgaon,Amode Bk.
D2374,B2641,Chickoo,Cricket Ball,26.55,4237.96,Looking to procure Chickoo for institutional buyers.,2026-07-20,2026-08-17,Konkan,Thane,Murbad,Dhasai
D2375,B4775,Groundnut,Not Specified,15.83,7745.77,Looking for fresh Groundnut for wholesale procurement.,2026-05-09,2026-07-06,Western Maharashtra (Desh),Pune,Haveli,Alandi Mhatobachi
D2376,B1353,Wheat,Not Specified,60.95,3391.84,Seeking regular Wheat supply from nearby farmers.,2026-05-03,2026-07-26,Western Maharashtra (Desh),Sangli,Atpadi,Ambewadi
D2377,B0418,Coconut,Dwarf Green,7.64,4286.25,Seeking regular Coconut supply from nearby farmers.,2026-07-28,2026-08-08,Konkan,Sindhudurg,Sawantwadi,Amboli
D2378,B2126,Maize,Pratap Hybrid-1,69.8,2595.37,"Procurement need for good quality Maize, open to multiple sellers.",2026-06-22,2026-10-14,Khandesh,Nandurbar,Talode,Mod
D2379,B4683,Vari,Local Bhagar landrace,71.51,5068.36,Bulk Vari requirement for processing.,2026-08-26,2026-09-22,Konkan,Thane,Ambarnath,Ashele
D2380,B4404,Maize,Pratap Hybrid-1,71.16,2730.31,Inviting offers for Maize from farmers in the region.,2026-05-03,2026-06-06,Khandesh,Nandurbar,Talode,Mod
D2381,B4478,Banana,Not Specified,31.34,2605.82,Seeking regular Banana supply from nearby farmers.,2026-05-23,2026-06-09,Khandesh,Jalgaon,Muktainagar,Anturli
D2382,B3697,Ragi,Not Specified,31.83,3682.45,Sourcing Ragi for export-quality grading and packaging.,2026-08-23,2026-11-29,Konkan,Ratnagiri,Khed,Tulashi Kh.
D2383,B3608,Wheat,Not Specified,31.37,3358.81,Inviting offers for Wheat from farmers in the region.,2026-05-25,2026-06-22,Marathwada,Nanded,Biloli,Kasrali
D2384,B2126,Maize,Karveer,39.26,2253.43,Bulk Maize requirement for processing.,2026-08-14,2026-10-01,Khandesh,Nandurbar,Talode,Mod
D2385,B1548,Coconut,Banawali,13.95,4258.39,Looking to procure Coconut for institutional buyers.,2026-07-29,2026-08-18,Konkan,Sindhudurg,Vengurla,Chipi
D2386,B4186,Coconut,Not Specified,26.15,4952.78,Seeking regular Coconut supply from nearby farmers.,2026-07-21,2026-08-27,Konkan,Sindhudurg,Sawantwadi,Kariwade
D2387,B4585,Soybean,Not Specified,17.66,6777.58,Buyer looking to purchase Soybean directly from farmers.,2026-07-18,2026-11-05,Marathwada,Beed,Ambajogai,Jogaiwadi
D2388,B3909,Coconut,Not Specified,5.83,2922.68,Requirement raised for Coconut to meet upcoming production schedule.,2026-06-02,2026-06-19,Konkan,Sindhudurg,Malwan,Waghavane
D2389,B2119,Groundnut,Not Specified,14.17,7639.7,Bulk Groundnut requirement for processing.,2026-06-20,2026-07-20,Western Maharashtra (Desh),Pune,Mulshi,Akole
D2390,B4050,Wheat,Not Specified,48.12,2285.59,Sourcing Wheat in bulk for our processing unit.,2026-07-30,2026-11-20,Vidarbha,Yavatmal,Zari Jamani,Dhanora
D2391,B4532,Sunflower,Not Specified,32.3,6259.3,Bulk Sunflower requirement for processing.,2026-08-10,2026-11-01,Vidarbha,Buldhana,Nandura,Alampur
D2392,B4760,Vari,Not Specified,64.84,4601.25,Buyer looking to purchase Vari directly from farmers.,2026-05-26,2026-09-09,Konkan,Thane,Murbad,Dhasai
D2393,B0371,Cashew,Not Specified,34.12,20773.65,Sourcing Cashew in bulk for our processing unit.,2026-08-15,2026-09-18,Konkan,Sindhudurg,Sawantwadi,Madkhol
D2394,B3144,Soybean,JS 9560,67.28,5813.58,Sourcing Soybean in bulk for our processing unit.,2026-07-03,2026-09-05,Marathwada,Nanded,Kinwat,Bodhadi Bk.
D2395,B1243,Areca Nut,Mangala,9.33,41328.45,Buyer looking to purchase Areca Nut directly from farmers.,2026-05-20,2026-06-21,Konkan,Sindhudurg,Malwan,Kalethar
D2396,B4752,Maize,Not Specified,62.11,2183.51,Inviting offers for Maize from farmers in the region.,2026-07-15,2026-08-09,Khandesh,Jalgaon,Raver,Ajanad
D2397,B4117,Turmeric,Not Specified,30.01,17009.04,Sourcing Turmeric in bulk for our processing unit.,2026-07-13,2026-08-26,Western Maharashtra (Desh),Sangli,Palus,Amanapur
D2398,B4111,Vari,Konkan local Vari landrace,70.09,3507.35,Sourcing Vari in bulk for our processing unit.,2026-06-25,2026-08-08,Western Maharashtra (Desh),Satara,Satara,Ambavade Bk.
D2399,B4319,Coconut,Banawali,18.03,5074.48,Bulk Coconut requirement for processing.,2026-05-12,2026-05-26,Konkan,Sindhudurg,Dodamarg,Panturli
D2400,B1757,Chickoo,Not Specified,7.42,4062.15,Sourcing Chickoo for export-quality grading and packaging.,2026-06-05,2026-06-25,Konkan,Thane,Kalyan,Antarli
D2401,B1676,Turmeric,Not Specified,6.53,11301.86,Sourcing Turmeric for export-quality grading and packaging.,2026-06-27,2026-07-07,Western Maharashtra (Desh),Sangli,Kavathemahankal,Deshing
D2402,B2800,Groundnut,Phule Unnati,11.26,6468.75,Inviting offers for Groundnut from farmers in the region.,2026-07-10,2026-09-24,Vidarbha,Washim,Karanja,Bhambdevi
D2403,B2724,Jowar,Not Specified,55.32,6301.27,Requirement raised for Jowar to meet upcoming production schedule.,2026-08-21,2026-10-20,Vidarbha,Chandrapur,Saoli,Belgaon
D2404,B2475,Soybean,JS 9560,16.03,4735.78,Requirement raised for Soybean to meet upcoming production schedule.,2026-07-27,2026-09-14,Marathwada,Nanded,Hadgaon,Manatha
D2405,B2369,Vari,Local Bhagar landrace,36.88,3354.78,Sourcing Vari for export-quality grading and packaging.,2026-07-07,2026-11-04,Konkan,Palghar,Vasai,Bhatane
D2406,B0536,Banana,Not Specified,7.83,2429.3,Inviting offers for Banana from farmers in the region.,2026-07-18,2026-08-31,Khandesh,Jalgaon,Bhusawal,Belkhede Digar
D2407,B0343,Field Beans,Konkan Val landrace,34.16,3979.35,Inviting offers for Field Beans from farmers in the region.,2026-05-21,2026-06-17,Konkan,Raigad,Mahad,Pachad
D2408,B0653,Tur,Phule Rajeshwari,41.55,8946.54,"Procurement need for good quality Tur, open to multiple sellers.",2026-08-15,2026-11-27,Konkan,Thane,Bhiwandi,Anjur
D2409,B1514,Coconut,Not Specified,24.59,6276.1,Inviting offers for Coconut from farmers in the region.,2026-06-29,2026-08-12,Konkan,Sindhudurg,Malwan,Devli
D2410,B2040,Wheat,Not Specified,44.34,3023.51,Inviting offers for Wheat from farmers in the region.,2026-07-01,2026-09-28,Western Maharashtra (Desh),Satara,Koregaon,Ambawade S. Wagholi
D2411,B3123,Groundnut,Not Specified,53.28,8664.66,Requirement raised for Groundnut to meet upcoming production schedule.,2026-06-18,2026-08-15,Western Maharashtra (Desh),Sangli,Shirala,Biur
D2412,B2569,Sugarcane,Not Specified,89.72,322.66,Seeking regular Sugarcane supply from nearby farmers.,2026-08-04,2026-11-23,Western Maharashtra (Desh),Pune,Pune City,Keshavnagar-Mundwa
D2413,B1480,Sugarcane,Phule 265,457.84,643.76,"Procurement need for good quality Sugarcane, open to multiple sellers.",2026-08-01,2026-10-13,Western Maharashtra (Desh),Kolhapur,Shirol,Lat
D2414,B0365,Soybean,JS 20-29,38.14,5791.42,Sourcing Soybean for export-quality grading and packaging.,2026-05-08,2026-08-17,Marathwada,Nanded,Loha,Sonkhed
D2415,B4406,Bajra,Not Specified,44.13,3056.62,Buyer looking to purchase Bajra directly from farmers.,2026-06-14,2026-08-30,Khandesh,Nashik,Kalwan,Kalwan Khu
D2416,B1031,Tur,Vipula,25.01,6806.27,Looking for fresh Tur for wholesale procurement.,2026-06-23,2026-07-18,Marathwada,Beed,Majalgaon,Pathrud
D2417,B0403,Wheat,Sharbati,58.39,2458.45,"Standing requirement for Wheat, quantity flexible based on quality.",2026-06-05,2026-07-06,Western Maharashtra (Desh),Satara,Koregaon,Arvi
D2418,B2403,Cotton,Not Specified,71.75,9424.51,Sourcing Cotton in bulk for our processing unit.,2026-08-10,2026-12-07,Vidarbha,Akola,Akot,Akoli Jahangir
D2419,B4561,Jowar,Not Specified,37.38,4162.83,Requirement raised for Jowar to meet upcoming production schedule.,2026-08-11,2026-10-08,Western Maharashtra (Desh),Ahilyanagar (Ahmednagar),Kopargaon,Kokamthan
D2420,B1326,Udid,TAU-1,29.69,9193.53,Need consistent Udid supply for ongoing operations.,2026-08-07,2026-10-14,Konkan,Palghar,Vikramgad,Dadade
D2421,B4404,Maize,Not Specified,45.56,2577.88,Sourcing Maize in bulk for our processing unit.,2026-08-09,2026-10-01,Khandesh,Nandurbar,Talode,Mod
D2422,B1576,Groundnut,Not Specified,60.87,5659.49,Seeking regular Groundnut supply from nearby farmers.,2026-06-04,2026-08-15,Western Maharashtra (Desh),Pune,Velhe,Ambed
D2423,B2115,Turmeric,Not Specified,27.69,17055.62,Looking to procure Turmeric for institutional buyers.,2026-05-26,2026-07-01,Western Maharashtra (Desh),Sangli,Jat,Asangi Jat
D2424,B2757,Field Beans,Not Specified,6.29,3808.35,Requirement raised for Field Beans to meet upcoming production schedule.,2026-07-21,2026-08-22,Konkan,Raigad,Sudhagad-Pali,Kumbharshet
D2425,B1876,Banana,Not Specified,4.23,5045.54,Buyer looking to purchase Banana directly from farmers.,2026-05-23,2026-06-13,Khandesh,Jalgaon,Muktainagar,Anjangaon
D2426,B0971,Mango (Alphonso),Pairi,10.12,24550.37,Need consistent Mango (Alphonso) supply for ongoing operations.,2026-06-29,2026-08-08,Konkan,Raigad,Mangaon,Alsunde
D2427,B3883,Udid,Phule Uttara,59.73,8398.25,Buyer looking to purchase Udid directly from farmers.,2026-05-03,2026-06-07,Konkan,Thane,Thane,Adavli
D2428,B1449,Banana,Ardhapuri,6.78,4963.16,Inviting offers for Banana from farmers in the region.,2026-08-13,2026-09-08,Khandesh,Jalgaon,Bhusawal,Achegaon
D2429,B4370,Coconut,Not Specified,25.01,6447.43,Looking for fresh Coconut for wholesale procurement.,2026-08-08,2026-09-21,Konkan,Sindhudurg,Kankavli,Bandargaon
D2430,B0123,Chickoo,Kalipatti,18.71,3067.61,Inviting offers for Chickoo from farmers in the region.,2026-05-18,2026-06-02,Konkan,Thane,Kalyan,Antarli
D2431,B1417,Groundnut,Not Specified,65.9,6841.25,Looking for fresh Groundnut for wholesale procurement.,2026-08-23,2026-10-21,Western Maharashtra (Desh),Solapur,Malshiras,Velapur
D2432,B3655,Vari,Local Bhagar landrace,63.99,4976.54,Looking to procure Vari for institutional buyers.,2026-08-13,2026-09-16,Konkan,Thane,Shahapur,Cherpoli
D2433,B1207,Soybean,Not Specified,66.27,4593.28,Inviting offers for Soybean from farmers in the region.,2026-06-05,2026-10-02,Marathwada,Nanded,Deglur,Markhel
D2434,B3922,Mango (Alphonso),Ratna,15.49,20441.86,Buyer looking to purchase Mango (Alphonso) directly from farmers.,2026-08-18,2026-10-01,Konkan,Sindhudurg,Devgad,Shirgaon
D2435,B0394,Mango (Alphonso),Pairi,35.98,21551.78,Requirement raised for Mango (Alphonso) to meet upcoming production schedule.,2026-08-26,2026-10-07,Konkan,Raigad,Sudhagad-Pali,Kumbharghar
D2436,B1433,Sunflower,KBSH-1,55.95,7258.74,"Procurement need for good quality Sunflower, open to multiple sellers.",2026-07-09,2026-09-04,Vidarbha,Buldhana,Malkapur,Umali
D2437,B2966,Mango (Alphonso),Not Specified,36.18,12846.02,Looking for fresh Mango (Alphonso) for wholesale procurement.,2026-07-30,2026-09-05,Konkan,Sindhudurg,Kudal,Padave
D2438,B2085,Wheat,Sharbati,25.84,2697.84,Sourcing Wheat for export-quality grading and packaging.,2026-05-21,2026-07-10,Marathwada,Nanded,Naigaon,Kahala Bk.
D2439,B0629,Mango (Alphonso),Kesar,9.24,23386.02,Need consistent Mango (Alphonso) supply for ongoing operations.,2026-06-10,2026-07-24,Konkan,Sindhudurg,Devgad,Padel
D2440,B4025,Udid,Not Specified,50.16,9037.0,Bulk Udid requirement for processing.,2026-07-02,2026-09-15,Konkan,Palghar,Mokhada,Gonde Bk.
D2441,B1690,Soybean,JS 9560,48.92,6622.74,Seeking regular Soybean supply from nearby farmers.,2026-07-07,2026-08-04,Vidarbha,Washim,Risod,Rithad
D2442,B1570,Sunflower,Not Specified,47.8,6265.97,Seeking regular Sunflower supply from nearby farmers.,2026-08-14,2026-11-07,Vidarbha,Buldhana,Chikhli,Isoli
D2443,B2897,Areca Nut,Not Specified,25.95,33919.9,Bulk Areca Nut requirement for processing.,2026-07-22,2026-08-25,Konkan,Sindhudurg,Vengurla,Karli
D2444,B2023,Bajra,Not Specified,24.76,3892.35,"Procurement need for good quality Bajra, open to multiple sellers.",2026-05-04,2026-08-14,Western Maharashtra (Desh),Pune,Velhe,Ambavane
D2445,B1881,Jowar,Phule Yashoda,42.16,3025.73,"Standing requirement for Jowar, quantity flexible based on quality.",2026-08-20,2026-10-26,Western Maharashtra (Desh),Pune,Ambegaon,Ahupe
D2446,B1881,Jowar,Not Specified,9.4,6077.94,Sourcing Jowar for export-quality grading and packaging.,2026-08-11,2026-12-08,Western Maharashtra (Desh),Pune,Ambegaon,Ahupe
D2447,B0851,Chickoo,Kalipatti,17.46,3093.92,Inviting offers for Chickoo from farmers in the region.,2026-08-21,2026-09-27,Konkan,Palghar,Jawhar,Vavar
D2448,B2830,Jowar,Not Specified,27.21,3494.75,Looking to procure Jowar for institutional buyers.,2026-08-24,2026-10-21,Vidarbha,Washim,Washim,Adoli
D2449,B2146,Field Beans,Konkan Val landrace,32.56,5073.16,Sourcing Field Beans for export-quality grading and packaging.,2026-05-09,2026-06-01,Konkan,Raigad,Shrivardhan,Arathi
D2450,B3690,Sugarcane,Not Specified,342.85,282.63,Looking to procure Sugarcane for institutional buyers.,2026-07-27,2026-11-21,Western Maharashtra (Desh),Pune,Haveli,Alandi Mhatobachi
D2451,B2626,Maize,Pratap Hybrid-1,16.42,2319.9,Inviting offers for Maize from farmers in the region.,2026-07-10,2026-09-05,Khandesh,Nashik,Niphad,Kundewadi
D2452,B4415,Sugarcane,Not Specified,469.34,486.35,Buyer looking to purchase Sugarcane directly from farmers.,2026-08-26,2026-11-26,Western Maharashtra (Desh),Kolhapur,Karvir,Bahireshwar
D2453,B4215,Sunflower,Not Specified,70.84,7478.01,"Standing requirement for Sunflower, quantity flexible based on quality.",2026-05-08,2026-07-12,Vidarbha,Buldhana,Lonar,Bibi
D2454,B3943,Udid,Not Specified,17.52,7975.43,Sourcing Udid in bulk for our processing unit.,2026-08-15,2026-12-05,Konkan,Thane,Kalyan,Antarli
D2455,B1127,Coconut,Dwarf Green,5.39,3094.82,Sourcing Coconut for export-quality grading and packaging.,2026-08-26,2026-10-09,Konkan,Sindhudurg,Kudal,Kasal
D2456,B3124,Field Beans,Not Specified,10.44,3115.58,"Procurement need for good quality Field Beans, open to multiple sellers.",2026-08-15,2026-09-08,Konkan,Raigad,Mahad,Pachad
D2457,B3683,Groundnut,Phule Unnati,23.93,8397.86,Seeking regular Groundnut supply from nearby farmers.,2026-08-26,2026-12-11,Vidarbha,Akola,Barshitakli,Mahan
D2458,B4504,Ragi,Dapoli-2,32.97,3042.86,"Standing requirement for Ragi, quantity flexible based on quality.",2026-05-30,2026-07-16,Konkan,Palghar,Dahanu,Charoti
D2459,B4236,Gram,Not Specified,69.36,6311.0,Inviting offers for Gram from farmers in the region.,2026-08-22,2026-10-07,Marathwada,Latur,Latur,Wadi Wagholi
D2460,B1194,Sugarcane,Co 740,72.41,361.72,Looking for fresh Sugarcane for wholesale procurement.,2026-05-01,2026-08-22,Western Maharashtra (Desh),Kolhapur,Bhudargad,Waghapur
D2461,B4277,Coconut,T x D hybrid,16.55,2930.75,Looking for fresh Coconut for wholesale procurement.,2026-07-10,2026-08-24,Konkan,Sindhudurg,Dodamarg,Kumbral
D2462,B3940,Turmeric,Not Specified,6.91,14677.75,Sourcing Turmeric in bulk for our processing unit.,2026-05-27,2026-06-30,Western Maharashtra (Desh),Sangli,Miraj,Bamnoli
D2463,B0762,Gram,JAKI-9218,67.62,5356.62,Requirement raised for Gram to meet upcoming production schedule.,2026-07-27,2026-11-11,Marathwada,Latur,Shirur Anantpal,Aari
D2464,B0697,Maize,Not Specified,57.53,2581.71,Sourcing Maize in bulk for our processing unit.,2026-06-29,2026-10-02,Khandesh,Nashik,Baglan,Morane Di
D2465,B1133,Sugarcane,Co 94012,270.51,639.25,Requirement raised for Sugarcane to meet upcoming production schedule.,2026-08-15,2026-09-21,Western Maharashtra (Desh),Kolhapur,Radhanagari,Savarde
D2466,B0286,Soybean,JS 20-29,37.04,6860.02,Seeking regular Soybean supply from nearby farmers.,2026-04-29,2026-06-28,Marathwada,Nanded,Umri,Sindhi
D2467,B2699,Wheat,Not Specified,44.75,2655.66,Bulk Wheat requirement for processing.,2026-06-16,2026-10-07,Marathwada,Hingoli,Hingoli,Narsi
D2468,B0378,Areca Nut,Sumangala,18.24,34754.96,Looking for fresh Areca Nut for wholesale procurement.,2026-08-21,2026-09-25,Konkan,Sindhudurg,Dodamarg,Kumbral
D2469,B3039,Udid,BDU-1,56.06,8684.93,"Procurement need for good quality Udid, open to multiple sellers.",2026-08-26,2026-09-20,Konkan,Palghar,Jawhar,Vavar
D2470,B3662,Vari,Konkan local Vari landrace,36.65,4905.07,"Standing requirement for Vari, quantity flexible based on quality.",2026-06-08,2026-09-20,Konkan,Thane,Bhiwandi,Ambardi
D2471,B3846,Gram,Digvijay,32.68,5972.05,"Procurement need for good quality Gram, open to multiple sellers.",2026-06-30,2026-10-03,Marathwada,Latur,Renapur,Kharola
D2472,B1658,Jowar,CSH-25,33.82,5511.93,"Standing requirement for Jowar, quantity flexible based on quality.",2026-07-24,2026-09-07,Western Maharashtra (Desh),Pune,Junnar,Ahinavewadi
D2473,B3182,Wheat,Not Specified,57.01,2784.11,Inviting offers for Wheat from farmers in the region.,2026-06-30,2026-10-04,Vidarbha,Wardha,Hinganghat,Allipur
D2474,B4261,Linseed,Not Specified,39.25,6701.91,Looking to procure Linseed for institutional buyers.,2026-07-28,2026-10-23,Vidarbha,Gadchiroli,Armori,Bhakrondi
D2475,B0596,Sugarcane,Co 94012,468.81,435.02,Requirement raised for Sugarcane to meet upcoming production schedule.,2026-07-03,2026-08-06,Marathwada,Beed,Ambajogai,Ghatnandur
D2476,B4665,Groundnut,TAG-24,9.93,7688.94,Seeking regular Groundnut supply from nearby farmers.,2026-05-02,2026-06-07,Khandesh,Nashik,Chandwad,Tisgaon
D2477,B1088,Turmeric,Selam,24.61,12767.35,Looking to procure Turmeric for institutional buyers.,2026-07-12,2026-08-26,Western Maharashtra (Desh),Sangli,Kadegaon,Asad
D2478,B1531,Groundnut,SB-11,72.11,7540.43,Looking for fresh Groundnut for wholesale procurement.,2026-08-08,2026-11-14,Western Maharashtra (Desh),Sangli,Kadegaon,Asad
D2479,B3020,Cashew,Not Specified,34.59,21585.34,Requirement raised for Cashew to meet upcoming production schedule.,2026-06-17,2026-07-17,Konkan,Raigad,Uran,Aware
D2480,B0965,Sugarcane,CoM 0265,211.2,310.16,Sourcing Sugarcane for export-quality grading and packaging.,2026-05-20,2026-07-21,Western Maharashtra (Desh),Ahilyanagar (Ahmednagar),Kopargaon,Kokamthan
D2481,B3155,Banana,Not Specified,27.96,1799.29,Looking to procure Banana for institutional buyers.,2026-08-11,2026-09-25,Khandesh,Jalgaon,Bodwad,Bodwad
D2482,B1186,Tur,Vipula,54.14,6910.81,Seeking regular Tur supply from nearby farmers.,2026-06-30,2026-08-16,Vidarbha,Gondia,Sadak-Arjuni,Sadakarjuni
D2483,B1333,Maize,Karveer,30.15,2373.42,Need consistent Maize supply for ongoing operations.,2026-05-07,2026-08-30,Marathwada,Chhatrapati Sambhajinagar (Aurangabad),Vaijapur,Dhondalgaon
D2484,B2166,Areca Nut,Not Specified,16.4,56780.22,Bulk Areca Nut requirement for processing.,2026-08-14,2026-09-15,Konkan,Ratnagiri,Rajapur,Avali Chiwadi
D2485,B2406,Rice,Ambemohar,37.9,5087.76,Seeking regular Rice supply from nearby farmers.,2026-04-29,2026-08-05,Konkan,Palghar,Vada,Ambiste Kh.
D2486,B1160,Vari,Local Bhagar landrace,43.47,3225.13,"Standing requirement for Vari, quantity flexible based on quality.",2026-05-01,2026-08-27,Konkan,Raigad,Tala,Bamanghar
D2487,B0408,Bajra,Shraddha,22.48,3864.57,Requirement raised for Bajra to meet upcoming production schedule.,2026-06-27,2026-07-28,Western Maharashtra (Desh),Pune,Haveli,Ambee
D2488,B3764,Tur,BSMR-736,26.21,8497.24,Seeking regular Tur supply from nearby farmers.,2026-07-09,2026-10-13,Khandesh,Nandurbar,Akkalkuwa,Dab
D2489,B2688,Field Beans,Not Specified,34.82,3503.0,Looking for fresh Field Beans for wholesale procurement.,2026-05-12,2026-06-24,Konkan,Raigad,Shrivardhan,Adgaon
D2490,B4233,Ragi,Phule Nachani,12.29,3560.92,Bulk Ragi requirement for processing.,2026-05-19,2026-08-05,Konkan,Palghar,Jawhar,Vavar
D2491,B0594,Linseed,Sharda,59.5,7507.18,Requirement raised for Linseed to meet upcoming production schedule.,2026-04-29,2026-06-01,Vidarbha,Gondia,Goregaon,Dawwa
D2492,B0483,Turmeric,Not Specified,29.54,15624.1,Looking for fresh Turmeric for wholesale procurement.,2026-05-13,2026-06-15,Western Maharashtra (Desh),Sangli,Tasgaon,Anjani
D2493,B0009,Areca Nut,Not Specified,32.19,55969.48,Bulk Areca Nut requirement for processing.,2026-08-26,2026-09-10,Konkan,Ratnagiri,Chiplun,Karambavane
D2494,B2581,Jowar,CSH-16,58.47,2592.49,Requirement raised for Jowar to meet upcoming production schedule.,2026-06-02,2026-08-22,Western Maharashtra (Desh),Pune,Khed,Adgaon
D2495,B0437,Rice,Not Specified,22.44,3325.57,Need consistent Rice supply for ongoing operations.,2026-05-09,2026-07-28,Khandesh,Nashik,Peth,Tandeval
D2496,B2572,Sunflower,Not Specified,9.34,6594.66,Sourcing Sunflower for export-quality grading and packaging.,2026-08-15,2026-12-01,Vidarbha,Buldhana,Jalgaon Jamod,Asalgaon
D2497,B0710,Groundnut,Not Specified,45.8,6675.87,Sourcing Groundnut for export-quality grading and packaging.,2026-06-16,2026-08-17,Western Maharashtra (Desh),Sangli,Kadegaon,Amrapur
D2498,B1860,Sugarcane,Not Specified,135.77,486.19,Need consistent Sugarcane supply for ongoing operations.,2026-06-27,2026-10-01,Western Maharashtra (Desh),Kolhapur,Karvir,Balinge
D2499,B4695,Vari,Local Bhagar landrace,32.89,4447.5,Sourcing Vari in bulk for our processing unit.,2026-08-24,2026-10-02,Western Maharashtra (Desh),Kolhapur,Hatkanangale,Rukadi
D2500,B3387,Groundnut,Not Specified,14.15,7795.48,Sourcing Groundnut for export-quality grading and packaging.,2026-07-11,2026-08-23,Western Maharashtra (Desh),Solapur,Sangole,Gheradi
D2501,B3885,Groundnut,SB-11,61.24,5852.28,Sourcing Groundnut for export-quality grading and packaging.,2026-08-09,2026-09-07,Vidarbha,Akola,Akola,Tapalabad
D2502,B2113,Rice,IR-64,40.68,4565.51,"Standing requirement for Rice, quantity flexible based on quality.",2026-06-26,2026-10-16,Western Maharashtra (Desh),Kolhapur,Bhudargad,Gargoti
D2503,B1501,Tur,ICPL-87,22.02,8556.11,Sourcing Tur for export-quality grading and packaging.,2026-06-20,2026-08-16,Vidarbha,Gadchiroli,Armori,Arsoda
D2504,B4293,Groundnut,Not Specified,62.08,6766.03,Seeking regular Groundnut supply from nearby farmers.,2026-06-28,2026-07-30,Western Maharashtra (Desh),Kolhapur,Hatkanangale,Shiroli
D2505,B3323,Rice,Not Specified,93.74,4263.55,Sourcing Rice for export-quality grading and packaging.,2026-06-30,2026-08-18,Konkan,Sindhudurg,Devgad,Jamsande
D2506,B4489,Maize,Ganga Safed-2,66.37,2733.61,Inviting offers for Maize from farmers in the region.,2026-05-28,2026-07-30,Khandesh,Jalgaon,Chalisgaon,Abhone
D2507,B1449,Banana,Grand Naine,15.67,5237.83,Looking to procure Banana for institutional buyers.,2026-08-25,2026-09-23,Khandesh,Jalgaon,Bhusawal,Achegaon
D2508,B3326,Bajra,Not Specified,43.16,2889.31,Looking for fresh Bajra for wholesale procurement.,2026-07-02,2026-09-21,Khandesh,Dhule,Shirpur,Thalner
D2509,B2267,Ragi,Not Specified,16.42,3554.54,Requirement raised for Ragi to meet upcoming production schedule.,2026-06-19,2026-08-29,Konkan,Palghar,Vasai,Arnala
D2510,B3253,Gram,JAKI-9218,56.52,4724.71,Looking for fresh Gram for wholesale procurement.,2026-07-14,2026-09-19,Marathwada,Latur,Ahmedpur,Shirur Tajband
D2511,B2659,Maize,Karveer,49.32,2081.58,Looking for fresh Maize for wholesale procurement.,2026-07-29,2026-11-07,Khandesh,Jalgaon,Yawal,Aklud
D2512,B0834,Bajra,Not Specified,14.75,2242.63,Bulk Bajra requirement for processing.,2026-07-04,2026-10-01,Khandesh,Nashik,Chandwad,Tisgaon
D2513,B3178,Cashew,Konkan Kalpa,8.77,21798.04,Sourcing Cashew for export-quality grading and packaging.,2026-08-24,2026-09-27,Konkan,Sindhudurg,Kankavli,Waingani
D2514,B0443,Groundnut,Not Specified,19.95,7829.34,Buyer looking to purchase Groundnut directly from farmers.,2026-08-03,2026-10-14,Vidarbha,Gondia,Amgaon,Anjora
D2515,B1916,Field Beans,Local Konkan landrace,28.41,2987.02,Seeking regular Field Beans supply from nearby farmers.,2026-08-26,2026-09-10,Konkan,Raigad,Khalapur,Ajivali
D2516,B1108,Linseed,Parbhani Alsi,51.63,7770.11,Requirement raised for Linseed to meet upcoming production schedule.,2026-08-18,2026-09-19,Vidarbha,Gondia,Sadak-Arjuni,Sadakarjuni
D2517,B0087,Groundnut,TAG-24,57.89,8065.32,Looking for fresh Groundnut for wholesale procurement.,2026-05-11,2026-06-19,Vidarbha,Akola,Akot,Mundgaon
D2518,B2763,Areca Nut,Mangala,34.27,41569.13,Looking to procure Areca Nut for institutional buyers.,2026-07-31,2026-08-26,Konkan,Ratnagiri,Lanja,Shirambavali
D2519,B3606,Sunflower,Not Specified,52.17,5171.46,Sourcing Sunflower in bulk for our processing unit.,2026-05-05,2026-08-01,Vidarbha,Buldhana,Motala,Dhamangaon Badhe
D2520,B0819,Gram,Not Specified,54.87,6611.18,Need consistent Gram supply for ongoing operations.,2026-07-20,2026-08-20,Marathwada,Latur,Jalkot,Chera
D2521,B2899,Mango (Alphonso),Not Specified,23.46,15164.76,Looking for fresh Mango (Alphonso) for wholesale procurement.,2026-08-22,2026-09-05,Konkan,Ratnagiri,Rajapur,Avali Chiwadi
D2522,B0395,Banana,Red Banana,12.77,4057.0,"Procurement need for good quality Banana, open to multiple sellers.",2026-08-25,2026-09-04,Khandesh,Jalgaon,Yawal,Adgaon
D2523,B1666,Rice,Not Specified,59.9,3227.73,Requirement raised for Rice to meet upcoming production schedule.,2026-05-18,2026-06-16,Konkan,Ratnagiri,Sangameshwar,Devrukh
D2524,B1758,Rice,Kolam,62.65,5549.6,Sourcing Rice in bulk for our processing unit.,2026-05-08,2026-08-10,Vidarbha,Nagpur,Hingna,Amgaon
D2525,B2457,Wheat,Not Specified,64.8,3391.35,Looking to procure Wheat for institutional buyers.,2026-06-17,2026-09-28,Marathwada,Nanded,Mahur,Hadsani
D2526,B1428,Gram,Not Specified,32.15,6420.09,"Procurement need for good quality Gram, open to multiple sellers.",2026-08-21,2026-12-11,Marathwada,Latur,Nilanga,Aurad
D2527,B4646,Wheat,Lokwan,30.59,2134.48,Looking for fresh Wheat for wholesale procurement.,2026-06-27,2026-09-22,Vidarbha,Bhandara,Pauni,Adyal
D2528,B4665,Groundnut,Not Specified,9.26,5624.81,"Standing requirement for Groundnut, quantity flexible based on quality.",2026-06-30,2026-10-03,Khandesh,Nashik,Chandwad,Tisgaon
D2529,B0482,Banana,Red Banana,25.91,3279.62,Looking for fresh Banana for wholesale procurement.,2026-08-10,2026-09-04,Khandesh,Jalgaon,Jamner,Ambadi
D2530,B3924,Banana,Grand Naine,25.9,5140.75,Looking to procure Banana for institutional buyers.,2026-05-28,2026-06-25,Khandesh,Jalgaon,Chopda,Adwad
D2531,B2513,Maize,Not Specified,71.07,2150.29,"Procurement need for good quality Maize, open to multiple sellers.",2026-05-02,2026-07-16,Khandesh,Jalgaon,Muktainagar,Anjangaon
D2532,B4021,Vari,Konkan local Vari landrace,32.16,3241.54,Seeking regular Vari supply from nearby farmers.,2026-07-25,2026-08-20,Konkan,Palghar,Vada,Abitghar
D2533,B0598,Vari,Local Bhagar landrace,30.7,3492.04,Buyer looking to purchase Vari directly from farmers.,2026-05-26,2026-07-03,Konkan,Raigad,Murud,Abitghar
D2534,B3764,Tur,BSMR-736,45.74,7683.66,Looking to procure Tur for institutional buyers.,2026-08-24,2026-12-16,Khandesh,Nandurbar,Akkalkuwa,Dab
D2535,B1225,Coconut,Dwarf Green,14.21,5937.91,Bulk Coconut requirement for processing.,2026-05-01,2026-05-13,Konkan,Sindhudurg,Vaibhavwadi,Nadhavade
D2536,B4681,Sunflower,Phule Raviraj,67.63,5216.82,"Procurement need for good quality Sunflower, open to multiple sellers.",2026-04-29,2026-08-01,Vidarbha,Buldhana,Sangrampur,Sonala
D2537,B4553,Cashew,Not Specified,20.68,16227.25,Seeking regular Cashew supply from nearby farmers.,2026-08-19,2026-09-05,Konkan,Sindhudurg,Dodamarg,Talkat
D2538,B0725,Tur,Phule Rajeshwari,22.44,5994.31,Looking for fresh Tur for wholesale procurement.,2026-06-09,2026-09-28,Marathwada,Hingoli,Basmath,Kurunda
D2539,B2741,Tur,Not Specified,67.69,7095.42,"Standing requirement for Tur, quantity flexible based on quality.",2026-07-16,2026-10-18,Konkan,Palghar,Vikramgad,Dadade
D2540,B3696,Cotton,Suraj Bt,62.98,7865.97,"Standing requirement for Cotton, quantity flexible based on quality.",2026-08-05,2026-10-23,Vidarbha,Wardha,Ashti,Sahur
D2541,B2554,Coconut,Banawali,11.72,5890.25,Buyer looking to purchase Coconut directly from farmers.,2026-07-29,2026-08-19,Konkan,Sindhudurg,Kudal,Kasal
D2542,B0070,Sunflower,Not Specified,18.9,6236.17,Inviting offers for Sunflower from farmers in the region.,2026-05-27,2026-07-23,Vidarbha,Buldhana,Jalgaon Jamod,Sungaon
D2543,B3785,Udid,Not Specified,68.17,8655.96,Seeking regular Udid supply from nearby farmers.,2026-04-29,2026-07-19,Konkan,Palghar,Palghar,Betegaon
D2544,B0939,Maize,Ganga Safed-2,63.17,1993.63,Inviting offers for Maize from farmers in the region.,2026-04-29,2026-06-17,Khandesh,Jalgaon,Amalner,Ambare
D2545,B3535,Sunflower,Not Specified,20.77,7108.57,"Standing requirement for Sunflower, quantity flexible based on quality.",2026-08-04,2026-09-19,Vidarbha,Buldhana,Chikhli,Amdapur
D2546,B0554,Jowar,Phule Yashoda,61.02,4641.39,Need consistent Jowar supply for ongoing operations.,2026-08-04,2026-11-24,Vidarbha,Akola,Balapur,Wadegaon
D2547,B2999,Rice,Not Specified,47.61,5071.71,Inviting offers for Rice from farmers in the region.,2026-07-01,2026-10-02,Vidarbha,Bhandara,Lakhani,Pohara
D2548,B3043,Coconut,Banawali,27.97,6029.58,"Standing requirement for Coconut, quantity flexible based on quality.",2026-08-07,2026-09-16,Konkan,Sindhudurg,Malwan,Waghavane
D2549,B1372,Cashew,Not Specified,7.22,19327.65,Looking for fresh Cashew for wholesale procurement.,2026-08-02,2026-09-02,Konkan,Sindhudurg,Kudal,Padave
D2550,B1937,Cotton,Suraj Bt,62.81,7812.09,Buyer looking to purchase Cotton directly from farmers.,2026-07-22,2026-09-04,Vidarbha,Gadchiroli,Korchi,Betakathi
D2551,B4166,Wheat,Not Specified,37.96,2278.98,Inviting offers for Wheat from farmers in the region.,2026-06-09,2026-08-12,Vidarbha,Yavatmal,Arni,Anjargaon
D2552,B0438,Groundnut,Not Specified,73.26,6051.21,Sourcing Groundnut for export-quality grading and packaging.,2026-08-07,2026-09-21,Khandesh,Dhule,Sakri,Dusane
D2553,B0010,Udid,Phule Uttara,49.78,8156.37,Looking to procure Udid for institutional buyers.,2026-08-22,2026-10-15,Konkan,Palghar,Vasai,Agashi
D2554,B1109,Soybean,Not Specified,17.98,5237.76,Sourcing Soybean in bulk for our processing unit.,2026-06-09,2026-08-08,Marathwada,Nanded,Himayatnagar,Sarsam
D2555,B1732,Groundnut,Not Specified,68.64,8641.42,Sourcing Groundnut for export-quality grading and packaging.,2026-05-15,2026-08-01,Western Maharashtra (Desh),Solapur,Solapur South,Aherwadi
D2556,B2949,Wheat,Not Specified,52.37,3030.08,Looking to procure Wheat for institutional buyers.,2026-05-18,2026-08-31,Marathwada,Nanded,Bhokar,Divshi Kh.
D2557,B0107,Areca Nut,Mangala,36.65,39697.85,Sourcing Areca Nut for export-quality grading and packaging.,2026-08-01,2026-08-25,Konkan,Sindhudurg,Kudal,Gaorai
D2558,B1075,Wheat,Tapovan (NIAW-917),39.11,3242.3,Seeking regular Wheat supply from nearby farmers.,2026-08-01,2026-09-08,Western Maharashtra (Desh),Pune,Pune City,Keshavnagar-Mundwa
D2559,B1997,Field Beans,Konkan Val landrace,5.85,4805.37,Seeking regular Field Beans supply from nearby farmers.,2026-07-09,2026-08-14,Konkan,Raigad,Mangaon,Alsunde
D2560,B2749,Maize,Not Specified,34.89,2172.22,Looking for fresh Maize for wholesale procurement.,2026-07-30,2026-08-31,Khandesh,Nashik,Baglan,Morane Di
D2561,B2822,Turmeric,Not Specified,19.95,18586.33,Need consistent Turmeric supply for ongoing operations.,2026-07-03,2026-08-04,Western Maharashtra (Desh),Sangli,Shirala,Arala
D2562,B3260,Banana,Not Specified,6.89,3511.89,Seeking regular Banana supply from nearby farmers.,2026-08-09,2026-08-20,Khandesh,Jalgaon,Bhadgaon,Adalase
D2563,B1327,Mango (Alphonso),Not Specified,7.14,22667.92,Looking to procure Mango (Alphonso) for institutional buyers.,2026-08-26,2026-09-09,Konkan,Ratnagiri,Khed,Tulashi Bk.
D2564,B3848,Groundnut,JL-24,64.48,6126.6,Sourcing Groundnut for export-quality grading and packaging.,2026-08-24,2026-10-15,Western Maharashtra (Desh),Pune,Purandhar,Adachiwadi
D2565,B0978,Maize,Not Specified,10.29,2017.02,Sourcing Maize for export-quality grading and packaging.,2026-07-14,2026-09-12,Khandesh,Nashik,Igatpuri,Aavalkhed
D2566,B0548,Ragi,Not Specified,16.37,3031.85,Bulk Ragi requirement for processing.,2026-08-12,2026-10-01,Konkan,Palghar,Vada,Ambiste Kh.
D2567,B0971,Mango (Alphonso),Alphonso (Hapus),20.56,15182.18,Inviting offers for Mango (Alphonso) from farmers in the region.,2026-08-19,2026-09-24,Konkan,Raigad,Mangaon,Alsunde
D2568,B3222,Coconut,Banawali,16.67,5360.79,Seeking regular Coconut supply from nearby farmers.,2026-05-11,2026-06-22,Konkan,Sindhudurg,Devgad,Padel
D2569,B3226,Mango (Alphonso),Alphonso (Hapus),14.1,13286.64,Sourcing Mango (Alphonso) in bulk for our processing unit.,2026-06-12,2026-06-24,Konkan,Sindhudurg,Sawantwadi,Kariwade
D2570,B3613,Tur,Not Specified,33.48,6201.39,Sourcing Tur in bulk for our processing unit.,2026-07-22,2026-09-09,Khandesh,Jalgaon,Raver,Ainpur
D2571,B1841,Udid,Not Specified,31.63,7416.51,"Standing requirement for Udid, quantity flexible based on quality.",2026-06-23,2026-09-14,Konkan,Thane,Bhiwandi,Ambardi
D2572,B1555,Soybean,JS 335,32.51,5828.3,Bulk Soybean requirement for processing.,2026-05-12,2026-06-24,Vidarbha,Buldhana,Lonar,Kingaon Jatu
D2573,B2095,Bajra,Shraddha,51.24,4427.63,Sourcing Bajra for export-quality grading and packaging.,2026-06-18,2026-10-04,Western Maharashtra (Desh),Ahilyanagar (Ahmednagar),Parner,Nighoj
D2574,B4545,Jowar,Not Specified,26.39,3053.46,Looking to procure Jowar for institutional buyers.,2026-07-11,2026-10-09,Vidarbha,Washim,Manora,Manora
D2575,B0322,Coconut,T x D hybrid,35.09,4966.46,Looking to procure Coconut for institutional buyers.,2026-07-23,2026-08-28,Konkan,Sindhudurg,Kankavli,Waingani
D2576,B1209,Vari,Not Specified,59.26,5088.89,Sourcing Vari for export-quality grading and packaging.,2026-05-12,2026-08-21,Western Maharashtra (Desh),Kolhapur,Shahuwadi,Sarud
D2577,B4677,Vari,Not Specified,27.27,3637.89,Requirement raised for Vari to meet upcoming production schedule.,2026-08-12,2026-09-23,Western Maharashtra (Desh),Kolhapur,Hatkanangale,Shiroli
D2578,B2308,Wheat,Not Specified,68.81,2299.27,Requirement raised for Wheat to meet upcoming production schedule.,2026-07-29,2026-10-08,Vidarbha,Yavatmal,Arni,Bhandari
D2579,B4356,Bajra,Phule Adishakti,25.14,2553.47,Looking for fresh Bajra for wholesale procurement.,2026-08-13,2026-10-07,Khandesh,Nashik,Sinnar,Wavi
D2580,B0636,Coconut,Pratap,31.81,4724.92,Buyer looking to purchase Coconut directly from farmers.,2026-05-03,2026-05-30,Konkan,Sindhudurg,Kankavli,Shivajipeth
D2581,B3030,Bajra,Not Specified,58.52,3044.91,Sourcing Bajra for export-quality grading and packaging.,2026-07-17,2026-09-14,Marathwada,Jalna,Ghansawangi,Kumbhar Pimpalgaon
D2582,B4091,Cotton,RCH-2 Bt,33.75,9502.34,Sourcing Cotton for export-quality grading and packaging.,2026-08-11,2026-10-09,Khandesh,Dhule,Dhule,Kusumbe
D2583,B2749,Maize,Not Specified,31.85,2008.61,Requirement raised for Maize to meet upcoming production schedule.,2026-07-17,2026-09-14,Khandesh,Nashik,Baglan,Morane Di
D2584,B3220,Chickoo,Kalipatti,33.46,2000.19,"Procurement need for good quality Chickoo, open to multiple sellers.",2026-08-21,2026-09-08,Konkan,Thane,Kalyan,Antarde
D2585,B0648,Mango (Alphonso),Pairi,16.28,19179.25,Looking for fresh Mango (Alphonso) for wholesale procurement.,2026-07-18,2026-08-16,Konkan,Ratnagiri,Mandangad,Dandnagari
D2586,B4162,Areca Nut,Sumangala,10.4,42960.75,Seeking regular Areca Nut supply from nearby farmers.,2026-06-15,2026-07-18,Konkan,Ratnagiri,Lanja,Nivasar
D2587,B4717,Ragi,Dapoli-2,30.59,3086.0,"Procurement need for good quality Ragi, open to multiple sellers.",2026-05-01,2026-06-30,Konkan,Palghar,Vada,Chinchghar
D2588,B1120,Gram,Digvijay,25.99,5572.3,Sourcing Gram in bulk for our processing unit.,2026-05-07,2026-08-25,Marathwada,Latur,Ausa,Ujani
D2589,B2170,Rice,Not Specified,60.28,3814.15,Seeking regular Rice supply from nearby farmers.,2026-08-23,2026-10-01,Konkan,Palghar,Vada,Abitghar
D2590,B2466,Mango (Alphonso),Not Specified,33.12,11545.3,Looking for fresh Mango (Alphonso) for wholesale procurement.,2026-07-03,2026-08-08,Konkan,Sindhudurg,Dodamarg,Panturli
D2591,B1803,Soybean,Not Specified,37.09,4758.15,Looking to procure Soybean for institutional buyers.,2026-08-21,2026-09-18,Vidarbha,Washim,Risod,Kenwad
D2592,B4376,Soybean,Not Specified,54.34,6029.09,Inviting offers for Soybean from farmers in the region.,2026-08-14,2026-09-29,Marathwada,Nanded,Deglur,Markhel
D2593,B1164,Udid,Not Specified,13.94,8766.41,Need consistent Udid supply for ongoing operations.,2026-05-13,2026-08-17,Konkan,Thane,Thane,Agasan
D2594,B2301,Jowar,CSH-25,32.8,6555.77,Sourcing Jowar in bulk for our processing unit.,2026-08-06,2026-09-22,Western Maharashtra (Desh),Pune,Purandhar,Ambodi
D2595,B3547,Mango (Alphonso),Not Specified,20.7,17405.12,Sourcing Mango (Alphonso) in bulk for our processing unit.,2026-08-16,2026-09-26,Konkan,Ratnagiri,Mandangad,Ambavane Bk.
D2596,B0399,Chickoo,Cricket Ball,23.66,2247.93,Looking to procure Chickoo for institutional buyers.,2026-08-23,2026-09-03,Konkan,Thane,Shahapur,Cherpoli
D2597,B4334,Rice,Indrayani,84.97,5185.62,"Procurement need for good quality Rice, open to multiple sellers.",2026-08-21,2026-11-13,Vidarbha,Gondia,Goregaon,Bhadanga
D2598,B3711,Groundnut,TAG-24,34.49,6717.68,"Procurement need for good quality Groundnut, open to multiple sellers.",2026-05-28,2026-06-22,Western Maharashtra (Desh),Satara,Satara,Ambavade Bk.
D2599,B0914,Chickoo,Cricket Ball,23.75,1958.23,Looking to procure Chickoo for institutional buyers.,2026-08-01,2026-08-20,Konkan,Palghar,Jawhar,Kharonda
D2600,B3599,Soybean,Not Specified,12.13,7431.4,Requirement raised for Soybean to meet upcoming production schedule.,2026-06-16,2026-09-15,Marathwada,Parbhani,Sonpeth,Dighol Islampur
D2601,B0374,Ragi,Dapoli-1,19.27,3963.78,Sourcing Ragi for export-quality grading and packaging.,2026-05-18,2026-07-21,Konkan,Palghar,Jawhar,Winwal
D2602,B1527,Chickoo,Cricket Ball,7.63,1908.27,Sourcing Chickoo in bulk for our processing unit.,2026-06-02,2026-06-19,Konkan,Thane,Bhiwandi,Anjur
D2603,B1783,Chickoo,Not Specified,20.18,3397.07,Bulk Chickoo requirement for processing.,2026-07-08,2026-07-28,Konkan,Thane,Shahapur,Cherpoli
D2604,B0288,Linseed,NL-97,28.65,6385.62,Sourcing Linseed for export-quality grading and packaging.,2026-05-22,2026-08-05,Vidarbha,Gondia,Goregaon,Dawwa
D2605,B1442,Turmeric,Not Specified,4.29,15658.37,"Standing requirement for Turmeric, quantity flexible based on quality.",2026-08-04,2026-09-14,Western Maharashtra (Desh),Sangli,Atpadi,Ambewadi
D2606,B2017,Mango (Alphonso),Pairi,35.74,14835.01,Looking to procure Mango (Alphonso) for institutional buyers.,2026-07-31,2026-08-25,Konkan,Raigad,Khalapur,Ajivali
D2607,B1216,Cashew,Vengurla-8,11.51,19921.26,Inviting offers for Cashew from farmers in the region.,2026-07-21,2026-08-11,Konkan,Sindhudurg,Kudal,Kasal
D2608,B0012,Vari,Local Bhagar landrace,56.95,4926.35,"Procurement need for good quality Vari, open to multiple sellers.",2026-08-10,2026-10-02,Western Maharashtra (Desh),Kolhapur,Panhala,Arale
D2609,B1059,Linseed,Parbhani Alsi,12.21,6395.97,Looking for fresh Linseed for wholesale procurement.,2026-07-05,2026-08-10,Vidarbha,Gadchiroli,Etapalli,Bhapda
D2610,B0402,Bajra,Not Specified,37.93,3361.17,Buyer looking to purchase Bajra directly from farmers.,2026-07-22,2026-08-31,Marathwada,Jalna,Ambad,Gondi
D2611,B4143,Linseed,Not Specified,54.17,6021.01,Looking for fresh Linseed for wholesale procurement.,2026-05-14,2026-08-09,Vidarbha,Gadchiroli,Chamorshi,Talodhi Mokasa
D2612,B1022,Banana,Ardhapuri,14.8,4709.02,Inviting offers for Banana from farmers in the region.,2026-06-01,2026-07-16,Khandesh,Jalgaon,Erandol,Ambe
D2613,B4590,Rice,Not Specified,26.39,3435.26,Need consistent Rice supply for ongoing operations.,2026-07-29,2026-11-11,Western Maharashtra (Desh),Kolhapur,Bhudargad,Madilge Bk.
D2614,B3562,Banana,Not Specified,27.29,3499.7,Sourcing Banana in bulk for our processing unit.,2026-08-10,2026-09-19,Khandesh,Jalgaon,Amalner,Amalgaon
D2615,B1641,Cashew,Vengurla-7,8.41,15898.87,"Procurement need for good quality Cashew, open to multiple sellers.",2026-08-26,2026-09-14,Konkan,Sindhudurg,Dodamarg,Kumbral
D2616,B1161,Field Beans,Not Specified,36.0,4101.59,Looking to procure Field Beans for institutional buyers.,2026-05-15,2026-06-12,Konkan,Raigad,Mangaon,Alsunde
D2617,B2079,Wheat,Not Specified,29.64,3441.04,Sourcing Wheat for export-quality grading and packaging.,2026-07-17,2026-11-10,Marathwada,Nanded,Hadgaon,Manatha
D2618,B1509,Vari,Local Bhagar landrace,37.08,3999.42,"Standing requirement for Vari, quantity flexible based on quality.",2026-08-26,2026-11-02,Western Maharashtra (Desh),Satara,Koregaon,Arvi
D2619,B1730,Rice,Ambemohar,87.07,3800.81,Looking to procure Rice for institutional buyers.,2026-08-11,2026-11-05,Vidarbha,Nagpur,Parseoni,Dahegaon
D2620,B2005,Mango (Alphonso),Alphonso (Hapus),21.55,12921.92,Looking to procure Mango (Alphonso) for institutional buyers.,2026-08-11,2026-09-07,Konkan,Raigad,Panvel,Barwai
D2621,B0857,Areca Nut,Not Specified,4.48,50173.2,"Procurement need for good quality Areca Nut, open to multiple sellers.",2026-08-17,2026-09-15,Konkan,Ratnagiri,Mandangad,Kondgaon
D2622,B1000,Sugarcane,Not Specified,227.89,281.88,Looking to procure Sugarcane for institutional buyers.,2026-05-10,2026-07-23,Western Maharashtra (Desh),Ahilyanagar (Ahmednagar),Parner,Dhavalpuri
D2623,B1430,Soybean,JS 20-29,40.3,5350.95,Buyer looking to purchase Soybean directly from farmers.,2026-06-02,2026-09-27,Vidarbha,Washim,Karanja,Bhambdevi
D2624,B3880,Cashew,Not Specified,16.66,16929.02,Sourcing Cashew in bulk for our processing unit.,2026-08-11,2026-08-23,Konkan,Sindhudurg,Vengurla,Karli
D2625,B2962,Sugarcane,CoVSI 09292,101.5,341.16,Looking to procure Sugarcane for institutional buyers.,2026-07-28,2026-10-08,Western Maharashtra (Desh),Sangli,Miraj,Bamnoli
D2626,B0709,Coconut,Pratap,6.54,4863.0,Looking to procure Coconut for institutional buyers.,2026-06-18,2026-07-25,Konkan,Sindhudurg,Kankavli,Waingani
D2627,B2226,Tur,BDN-711,45.36,6818.6,"Procurement need for good quality Tur, open to multiple sellers.",2026-07-20,2026-10-10,Konkan,Palghar,Palghar,Chahade
D2628,B4483,Udid,Phule Uttara,12.66,8998.58,Seeking regular Udid supply from nearby farmers.,2026-05-01,2026-06-16,Konkan,Thane,Kalyan,Antarde
D2629,B3561,Cashew,Not Specified,25.73,14525.16,Looking to procure Cashew for institutional buyers.,2026-07-08,2026-07-26,Konkan,Sindhudurg,Kankavli,Bandargaon
D2630,B0736,Maize,African Tall,69.61,2356.56,Sourcing Maize for export-quality grading and packaging.,2026-06-30,2026-10-12,Khandesh,Nashik,Sinnar,Sayandalwadi
D2631,B3306,Mango (Alphonso),Ratna,17.46,19912.03,Inviting offers for Mango (Alphonso) from farmers in the region.,2026-07-06,2026-07-20,Konkan,Sindhudurg,Vaibhavwadi,Nadhavade
D2632,B1352,Banana,Red Banana,11.04,4524.7,Seeking regular Banana supply from nearby farmers.,2026-05-19,2026-06-22,Khandesh,Jalgaon,Amalner,Ambare
D2633,B0232,Maize,Ganga Safed-2,53.65,2768.11,Inviting offers for Maize from farmers in the region.,2026-07-24,2026-11-09,Khandesh,Dhule,Sindkheda,Chilane
D2634,B4463,Bajra,Phule Adishakti,62.54,4470.3,Looking to procure Bajra for institutional buyers.,2026-07-31,2026-11-22,Khandesh,Nashik,Trimbakeshwar,Ajneri
D2635,B2530,Gram,Digvijay,49.98,5566.49,Sourcing Gram in bulk for our processing unit.,2026-05-27,2026-08-25,Marathwada,Latur,Jalkot,Chera
D2636,B4737,Tur,Not Specified,19.98,5955.17,Looking for fresh Tur for wholesale procurement.,2026-05-23,2026-08-31,Vidarbha,Chandrapur,Saoli,Belgaon
D2637,B0568,Sugarcane,Co 740,454.6,456.25,Buyer looking to purchase Sugarcane directly from farmers.,2026-06-08,2026-08-08,Western Maharashtra (Desh),Pune,Velhe,Ambed
D2638,B4613,Turmeric,Not Specified,25.59,12016.1,Looking for fresh Turmeric for wholesale procurement.,2026-08-03,2026-08-13,Western Maharashtra (Desh),Sangli,Miraj,Ankali
D2639,B1150,Sugarcane,CoVSI 09292,298.48,389.81,Inviting offers for Sugarcane from farmers in the region.,2026-07-29,2026-10-17,Western Maharashtra (Desh),Kolhapur,Kagal,Sangaon Kasaba
D2640,B4067,Sugarcane,CoVSI 09292,290.21,442.91,Sourcing Sugarcane in bulk for our processing unit.,2026-08-19,2026-09-24,Western Maharashtra (Desh),Pune,Shirur,Alegaon Paga
D2641,B3439,Turmeric,Not Specified,14.18,12656.82,Sourcing Turmeric for export-quality grading and packaging.,2026-08-26,2026-09-21,Western Maharashtra (Desh),Sangli,Kavathemahankal,Agalgaon
D2642,B2709,Gram,Vijay,24.58,5413.96,"Procurement need for good quality Gram, open to multiple sellers.",2026-07-05,2026-08-03,Marathwada,Latur,Chakur,Ajansonda Kh.
D2643,B3164,Udid,Not Specified,46.43,8408.31,Need consistent Udid supply for ongoing operations.,2026-07-01,2026-08-09,Konkan,Palghar,Vasai,Arnala
D2644,B4633,Sugarcane,Not Specified,134.01,533.57,"Procurement need for good quality Sugarcane, open to multiple sellers.",2026-06-15,2026-07-16,Marathwada,Nanded,Ardhapur,Malegaon
D2645,B3039,Udid,Not Specified,56.74,7028.02,Requirement raised for Udid to meet upcoming production schedule.,2026-05-15,2026-08-15,Konkan,Palghar,Jawhar,Vavar
D2646,B1320,Banana,Grand Naine,17.02,2336.34,Bulk Banana requirement for processing.,2026-08-17,2026-09-14,Khandesh,Jalgaon,Jalgaon,Asoda
D2647,B4297,Groundnut,Not Specified,44.86,7600.04,Requirement raised for Groundnut to meet upcoming production schedule.,2026-07-22,2026-09-29,Western Maharashtra (Desh),Satara,Satara,Agudewadi
D2648,B2308,Wheat,Tapovan (NIAW-917),23.52,3415.45,Sourcing Wheat in bulk for our processing unit.,2026-08-18,2026-10-19,Vidarbha,Yavatmal,Arni,Bhandari
D2649,B1814,Sunflower,Morden,63.9,7564.22,Sourcing Sunflower in bulk for our processing unit.,2026-07-22,2026-10-05,Vidarbha,Buldhana,Chikhli,Isoli
D2650,B4665,Groundnut,Not Specified,46.79,8256.66,"Procurement need for good quality Groundnut, open to multiple sellers.",2026-08-15,2026-10-12,Khandesh,Nashik,Chandwad,Tisgaon
D2651,B2260,Sunflower,Not Specified,28.93,6881.44,Sourcing Sunflower in bulk for our processing unit.,2026-08-19,2026-10-16,Vidarbha,Buldhana,Khamgaon,Ghatpuri
D2652,B0141,Jowar,Phule Yashoda,20.04,3366.91,"Standing requirement for Jowar, quantity flexible based on quality.",2026-06-16,2026-09-02,Western Maharashtra (Desh),Pune,Shirur,Alegaon Paga
D2653,B1052,Sunflower,Not Specified,42.35,8016.09,"Standing requirement for Sunflower, quantity flexible based on quality.",2026-07-29,2026-10-30,Vidarbha,Buldhana,Motala,Motala
D2654,B4280,Cotton,Not Specified,67.62,7897.5,Seeking regular Cotton supply from nearby farmers.,2026-05-14,2026-06-09,Marathwada,Beed,Ashti,Dhamangaon
D2655,B4678,Udid,BDU-1,54.88,6825.65,Need consistent Udid supply for ongoing operations.,2026-08-08,2026-11-02,Konkan,Thane,Shahapur,Shirol
D2656,B2678,Ragi,Phule Nachani,14.99,3270.68,Sourcing Ragi for export-quality grading and packaging.,2026-08-10,2026-10-21,Konkan,Ratnagiri,Mandangad,Dandnagari
D2657,B2759,Turmeric,Selam,7.19,16999.76,Looking for fresh Turmeric for wholesale procurement.,2026-06-04,2026-06-16,Western Maharashtra (Desh),Sangli,Atpadi,Ambewadi
D2658,B2473,Areca Nut,Sumangala,32.34,42490.44,Bulk Areca Nut requirement for processing.,2026-05-21,2026-06-14,Konkan,Sindhudurg,Kudal,Padave
D2659,B4642,Rice,Ambemohar,22.88,4986.66,Requirement raised for Rice to meet upcoming production schedule.,2026-05-15,2026-06-23,Konkan,Raigad,Poladpur,Agryachakond
D2660,B1672,Rice,Not Specified,49.96,5276.93,Requirement raised for Rice to meet upcoming production schedule.,2026-07-12,2026-10-21,Konkan,Palghar,Vikramgad,Alonde
D2661,B3209,Bajra,Saburi,48.83,4218.47,Looking for fresh Bajra for wholesale procurement.,2026-07-16,2026-10-04,Western Maharashtra (Desh),Pune,Ambegaon,Ahupe
D2662,B0647,Cashew,Not Specified,23.88,23174.14,Sourcing Cashew in bulk for our processing unit.,2026-08-02,2026-09-16,Konkan,Raigad,Murud,Agardande
D2663,B2445,Sugarcane,Phule 265,229.55,419.95,Bulk Sugarcane requirement for processing.,2026-05-10,2026-08-12,Marathwada,Nanded,Nanded,Tuppa
D2664,B4512,Wheat,NIAW-34,26.55,2294.88,Buyer looking to purchase Wheat directly from farmers.,2026-05-22,2026-09-09,Western Maharashtra (Desh),Pune,Shirur,Amdabad
D2665,B1112,Wheat,NIAW-34,20.21,2684.05,Seeking regular Wheat supply from nearby farmers.,2026-06-07,2026-07-28,Western Maharashtra (Desh),Pune,Junnar,Agar
D2666,B0883,Maize,DHM-117,51.55,2506.21,Buyer looking to purchase Maize directly from farmers.,2026-07-09,2026-10-30,Khandesh,Jalgaon,Bodwad,Bodwad
D2667,B3247,Groundnut,Not Specified,43.61,5656.37,Inviting offers for Groundnut from farmers in the region.,2026-08-11,2026-11-27,Western Maharashtra (Desh),Kolhapur,Panhala,Karanjphen
D2668,B2571,Wheat,Not Specified,64.01,2842.53,Sourcing Wheat in bulk for our processing unit.,2026-06-23,2026-09-30,Marathwada,Nanded,Ardhapur,Lahan
D2669,B0411,Chickoo,Cricket Ball,23.78,4250.94,Need consistent Chickoo supply for ongoing operations.,2026-08-20,2026-09-03,Konkan,Palghar,Vada,Ambiste Kh.
D2670,B3816,Field Beans,Konkan Val landrace,14.8,4974.77,Looking for fresh Field Beans for wholesale procurement.,2026-05-22,2026-07-05,Konkan,Raigad,Mangaon,Adghar
D2671,B3004,Banana,Not Specified,8.96,4591.45,"Standing requirement for Banana, quantity flexible based on quality.",2026-08-24,2026-09-30,Khandesh,Jalgaon,Raver,Ajanad
D2672,B3202,Cotton,RCH-2 Bt,56.03,9548.79,Seeking regular Cotton supply from nearby farmers.,2026-05-29,2026-07-10,Khandesh,Jalgaon,Bhusawal,Anjansonde
D2673,B4263,Jowar,Not Specified,50.2,3406.48,Seeking regular Jowar supply from nearby farmers.,2026-05-01,2026-07-07,Marathwada,Parbhani,Parbhani,Aland
D2674,B3288,Wheat,Not Specified,14.77,2324.49,Looking for fresh Wheat for wholesale procurement.,2026-06-02,2026-07-25,Marathwada,Jalna,Jalna,Deomurti
D2675,B1617,Tur,Phule Rajeshwari,36.66,8049.0,Bulk Tur requirement for processing.,2026-07-29,2026-10-16,Marathwada,Beed,Georai,Chaklamba
D2676,B3738,Linseed,NL-97,32.01,6587.97,Need consistent Linseed supply for ongoing operations.,2026-07-22,2026-09-29,Vidarbha,Gondia,Salekasa,Tirkhedi
D2677,B2583,Areca Nut,Mangala,10.01,49445.08,"Procurement need for good quality Areca Nut, open to multiple sellers.",2026-05-07,2026-05-28,Konkan,Sindhudurg,Malwan,Devli
D2678,B1891,Mango (Alphonso),Not Specified,22.36,12608.0,Need consistent Mango (Alphonso) supply for ongoing operations.,2026-05-24,2026-06-04,Konkan,Sindhudurg,Devgad,Jamsande
D2679,B1776,Ragi,Dapoli-1,5.52,3714.42,Need consistent Ragi supply for ongoing operations.,2026-05-09,2026-08-16,Konkan,Ratnagiri,Lanja,Nivasar
D2680,B0135,Sunflower,LSF-8,75.92,7155.44,Seeking regular Sunflower supply from nearby farmers.,2026-06-11,2026-08-22,Vidarbha,Buldhana,Lonar,Bibi
D2681,B0480,Bajra,Shraddha,67.42,2701.44,Inviting offers for Bajra from farmers in the region.,2026-07-04,2026-08-11,Khandesh,Dhule,Dhule,Kusumbe
D2682,B3902,Chickoo,Not Specified,25.14,2638.07,Sourcing Chickoo in bulk for our processing unit.,2026-06-28,2026-07-19,Konkan,Thane,Bhiwandi,Ambardi
D2683,B2161,Gram,Phule Vikram,50.63,5216.57,Need consistent Gram supply for ongoing operations.,2026-05-22,2026-09-10,Marathwada,Latur,Deoni,Achwala
D2684,B3844,Sugarcane,Not Specified,235.7,598.59,Bulk Sugarcane requirement for processing.,2026-05-26,2026-07-30,Marathwada,Jalna,Jafrabad,Akola
D2685,B0329,Tur,Not Specified,45.92,7891.04,Buyer looking to purchase Tur directly from farmers.,2026-06-25,2026-09-26,Konkan,Palghar,Vikramgad,Alonde
D2686,B2309,Jowar,Not Specified,69.63,5508.04,Seeking regular Jowar supply from nearby farmers.,2026-08-24,2026-11-19,Marathwada,Parbhani,Parbhani,Arvi
D2687,B2041,Coconut,Not Specified,18.89,5616.71,Bulk Coconut requirement for processing.,2026-08-11,2026-08-27,Konkan,Sindhudurg,Malwan,Kalethar
D2688,B1065,Wheat,Lokwan,15.49,2684.58,Inviting offers for Wheat from farmers in the region.,2026-05-05,2026-08-27,Marathwada,Nanded,Mudkhed,Niwgha
D2689,B2840,Soybean,Not Specified,43.09,7041.02,Sourcing Soybean for export-quality grading and packaging.,2026-07-23,2026-11-10,Marathwada,Nanded,Dharmabad,Karkheli
D2690,B0606,Linseed,NL-97,56.04,6732.52,Sourcing Linseed for export-quality grading and packaging.,2026-05-04,2026-08-17,Vidarbha,Gadchiroli,Korchi,Maseli
D2691,B1848,Turmeric,Not Specified,13.27,15081.73,"Standing requirement for Turmeric, quantity flexible based on quality.",2026-07-23,2026-08-24,Western Maharashtra (Desh),Sangli,Shirala,Arala
D2692,B1460,Vari,Not Specified,60.01,5068.27,Bulk Vari requirement for processing.,2026-07-08,2026-08-24,Konkan,Palghar,Jawhar,Winwal
D2693,B1438,Sugarcane,CoM 0265,540.5,552.94,"Procurement need for good quality Sugarcane, open to multiple sellers.",2026-06-01,2026-08-23,Western Maharashtra (Desh),Ahilyanagar (Ahmednagar),Kopargaon,Samvatsar
D2694,B1490,Sugarcane,Co 94012,496.13,332.08,Bulk Sugarcane requirement for processing.,2026-06-22,2026-09-03,Marathwada,Dharashiv (Osmanabad),Paranda,Jawala (N.)
D2695,B2626,Maize,Not Specified,25.36,2679.18,Buyer looking to purchase Maize directly from farmers.,2026-08-16,2026-10-04,Khandesh,Nashik,Niphad,Kundewadi
D2696,B1600,Ragi,Not Specified,4.1,3713.36,"Procurement need for good quality Ragi, open to multiple sellers.",2026-05-29,2026-07-30,Konkan,Raigad,Karjat,Khanand
D2697,B2412,Coconut,Banawali,14.12,5880.81,Need consistent Coconut supply for ongoing operations.,2026-07-10,2026-08-10,Konkan,Sindhudurg,Vaibhavwadi,Lore
D2698,B0097,Coconut,Banawali,30.38,2800.97,Requirement raised for Coconut to meet upcoming production schedule.,2026-07-23,2026-08-26,Konkan,Sindhudurg,Vengurla,Chipi
D2699,B4158,Vari,Not Specified,13.92,4798.55,Requirement raised for Vari to meet upcoming production schedule.,2026-05-27,2026-09-16,Konkan,Palghar,Jawhar,Kharonda
D2700,B3672,Bajra,Phule Adishakti,33.94,3683.08,"Procurement need for good quality Bajra, open to multiple sellers.",2026-05-23,2026-09-01,Marathwada,Beed,Beed,Chausala
D2701,B2594,Areca Nut,Sumangala,10.39,56914.75,Need consistent Areca Nut supply for ongoing operations.,2026-06-15,2026-07-05,Konkan,Ratnagiri,Ratnagiri,Bhandarwadi
D2702,B1311,Ragi,Not Specified,21.89,2798.16,Bulk Ragi requirement for processing.,2026-08-19,2026-10-27,Konkan,Thane,Ambarnath,Chinchpada
D2703,B4447,Coconut,Dwarf Green,5.1,4131.0,Sourcing Coconut for export-quality grading and packaging.,2026-08-23,2026-09-11,Konkan,Sindhudurg,Vaibhavwadi,Vabhave
D2704,B2342,Ragi,Dapoli-2,33.1,4441.73,Buyer looking to purchase Ragi directly from farmers.,2026-05-31,2026-07-14,Konkan,Ratnagiri,Chiplun,Ketki
D2705,B2603,Ragi,Phule Nachani,26.1,3472.56,Buyer looking to purchase Ragi directly from farmers.,2026-06-04,2026-09-22,Konkan,Ratnagiri,Chiplun,Karambavane
D2706,B1263,Turmeric,Not Specified,8.3,15431.7,Sourcing Turmeric in bulk for our processing unit.,2026-07-28,2026-08-18,Western Maharashtra (Desh),Sangli,Atpadi,Ambewadi
D2707,B0351,Wheat,Lokwan,28.96,2402.33,Inviting offers for Wheat from farmers in the region.,2026-05-03,2026-08-21,Vidarbha,Yavatmal,Ner,Sonwadhona
D2708,B4516,Wheat,NIAW-34,20.82,2186.06,Looking to procure Wheat for institutional buyers.,2026-07-14,2026-08-13,Western Maharashtra (Desh),Sangli,Kadegaon,Ambak
D2709,B0358,Gram,JAKI-9218,54.88,5057.58,Looking to procure Gram for institutional buyers.,2026-05-11,2026-06-24,Marathwada,Latur,Deoni,Ambegaon
D2710,B0774,Udid,Not Specified,20.2,6702.92,Sourcing Udid for export-quality grading and packaging.,2026-06-11,2026-09-28,Konkan,Thane,Murbad,Dhasai
D2711,B0923,Sugarcane,Not Specified,335.74,597.67,Inviting offers for Sugarcane from farmers in the region.,2026-06-28,2026-09-24,Western Maharashtra (Desh),Sangli,Atpadi,Awalai
D2712,B3289,Coconut,Banawali,7.58,4924.66,Inviting offers for Coconut from farmers in the region.,2026-06-16,2026-07-31,Konkan,Sindhudurg,Vengurla,Parule
D2713,B4402,Sunflower,Morden,78.1,7433.1,Looking to procure Sunflower for institutional buyers.,2026-04-29,2026-07-12,Vidarbha,Buldhana,Shegaon,Matargaon Bk.
D2714,B1456,Field Beans,Not Specified,21.68,5213.21,Need consistent Field Beans supply for ongoing operations.,2026-07-26,2026-09-04,Konkan,Raigad,Poladpur,Adavale Kh.
D2715,B2004,Tur,Not Specified,41.79,8192.89,Buyer looking to purchase Tur directly from farmers.,2026-07-25,2026-09-24,Marathwada,Beed,Shirur-Kasar,Shirur
D2716,B3272,Gram,Not Specified,59.54,4971.07,Buyer looking to purchase Gram directly from farmers.,2026-08-04,2026-09-25,Marathwada,Latur,Ahmedpur,Kingaon
D2717,B2427,Wheat,Not Specified,15.02,2234.28,Buyer looking to purchase Wheat directly from farmers.,2026-08-13,2026-09-29,Marathwada,Hingoli,Basmath,Girgaon
D2718,B0616,Rice,Ambemohar,36.77,3373.75,Sourcing Rice in bulk for our processing unit.,2026-05-23,2026-07-19,Vidarbha,Gadchiroli,Mulchera,Vivekanandpur
D2719,B4358,Rice,Ambemohar,34.72,4383.74,Inviting offers for Rice from farmers in the region.,2026-08-22,2026-11-27,Khandesh,Nashik,Malegaon,Pimpalgaon
D2720,B0917,Ragi,Phule Nachani,18.09,4214.41,Buyer looking to purchase Ragi directly from farmers.,2026-07-20,2026-10-29,Konkan,Palghar,Vasai,Bhatane
D2721,B2275,Mango (Alphonso),Not Specified,21.4,21934.18,Inviting offers for Mango (Alphonso) from farmers in the region.,2026-08-01,2026-08-18,Konkan,Sindhudurg,Malwan,Kalethar
D2722,B4502,Tur,BSMR-736,64.59,6977.59,Looking for fresh Tur for wholesale procurement.,2026-08-05,2026-12-03,Marathwada,Latur,Ahmedpur,Kingaon
D2723,B1378,Tur,Not Specified,12.31,6721.91,"Procurement need for good quality Tur, open to multiple sellers.",2026-08-07,2026-11-09,Konkan,Palghar,Vasai,Arnala
D2724,B2758,Vari,Local Bhagar landrace,22.05,3422.93,Requirement raised for Vari to meet upcoming production schedule.,2026-07-25,2026-09-29,Konkan,Raigad,Alibag,Agarsure
D2725,B1471,Jowar,Phule Yashoda,68.58,4759.45,Looking for fresh Jowar for wholesale procurement.,2026-08-23,2026-11-26,Vidarbha,Gadchiroli,Mulchera,Lagam
D2726,B1326,Udid,Not Specified,64.99,8406.69,Looking to procure Udid for institutional buyers.,2026-08-10,2026-11-21,Konkan,Palghar,Vikramgad,Dadade
D2727,B0512,Mango (Alphonso),Ratna,21.63,16730.4,Need consistent Mango (Alphonso) supply for ongoing operations.,2026-08-07,2026-09-01,Konkan,Sindhudurg,Kudal,Padave
D2728,B1861,Sugarcane,CoVSI 09292,564.44,353.16,Inviting offers for Sugarcane from farmers in the region.,2026-07-22,2026-10-04,Western Maharashtra (Desh),Pune,Baramati,Ambi Kh.
D2729,B1670,Linseed,Parbhani Alsi,30.31,7387.63,Inviting offers for Linseed from farmers in the region.,2026-06-17,2026-07-26,Vidarbha,Gondia,Goregaon,Dawwa
D2730,B4443,Coconut,Not Specified,28.61,5611.31,Seeking regular Coconut supply from nearby farmers.,2026-06-25,2026-07-11,Konkan,Sindhudurg,Malwan,Devli
D2731,B2031,Sugarcane,Co 94012,550.45,316.96,Bulk Sugarcane requirement for processing.,2026-05-27,2026-09-13,Western Maharashtra (Desh),Pune,Velhe,Ambavane
D2732,B4144,Turmeric,Not Specified,9.1,11425.68,"Standing requirement for Turmeric, quantity flexible based on quality.",2026-05-22,2026-07-05,Western Maharashtra (Desh),Sangli,Tasgaon,Anjani
D2733,B4163,Udid,Not Specified,23.61,9296.23,Need consistent Udid supply for ongoing operations.,2026-08-05,2026-12-01,Konkan,Thane,Thane,Adavli
D2734,B0519,Tur,ICPL-87,53.85,8152.74,Sourcing Tur for export-quality grading and packaging.,2026-05-02,2026-07-27,Marathwada,Latur,Udgir,Arasnal
D2735,B4039,Field Beans,Konkan Val landrace,18.93,4418.21,Requirement raised for Field Beans to meet upcoming production schedule.,2026-08-14,2026-09-03,Konkan,Raigad,Mahad,Gherakilla Raigad (Raigadwadi)
D2736,B0052,Banana,Not Specified,32.57,3455.07,Looking to procure Banana for institutional buyers.,2026-08-13,2026-09-07,Khandesh,Jalgaon,Yawal,Ambapani
D2737,B0615,Groundnut,Not Specified,38.84,7150.54,Buyer looking to purchase Groundnut directly from farmers.,2026-05-16,2026-08-13,Western Maharashtra (Desh),Pune,Haveli,Ambee
D2738,B0907,Turmeric,Selam,15.1,17761.79,Looking to procure Turmeric for institutional buyers.,2026-06-05,2026-07-04,Western Maharashtra (Desh),Sangli,Khanapur,Balvadi
D2739,B2867,Sugarcane,Not Specified,154.56,526.05,Sourcing Sugarcane for export-quality grading and packaging.,2026-08-14,2026-09-27,Western Maharashtra (Desh),Kolhapur,Radhanagari,Savarde
D2740,B3202,Cotton,RCH-2 Bt,42.18,9637.6,"Standing requirement for Cotton, quantity flexible based on quality.",2026-08-18,2026-11-24,Khandesh,Jalgaon,Bhusawal,Anjansonde
D2741,B0772,Linseed,Parbhani Alsi,18.82,7062.28,"Standing requirement for Linseed, quantity flexible based on quality.",2026-07-17,2026-08-31,Vidarbha,Gondia,Tiroda,Arjuni
D2742,B2814,Jowar,Phule Yashoda,26.81,4268.55,Looking to procure Jowar for institutional buyers.,2026-04-30,2026-07-20,Western Maharashtra (Desh),Ahilyanagar (Ahmednagar),Sangamner,Sakur
D2743,B2441,Jowar,Not Specified,47.25,5007.72,Need consistent Jowar supply for ongoing operations.,2026-06-08,2026-09-01,Khandesh,Dhule,Shirpur,Boradi
D2744,B1170,Field Beans,Not Specified,18.57,4316.29,Sourcing Field Beans in bulk for our processing unit.,2026-05-08,2026-06-15,Konkan,Raigad,Alibag,Agarkot
D2745,B4703,Areca Nut,Not Specified,20.3,47325.47,Inviting offers for Areca Nut from farmers in the region.,2026-08-10,2026-09-18,Konkan,Sindhudurg,Dodamarg,Panturli
D2746,B2515,Wheat,Not Specified,39.11,2828.43,Looking to procure Wheat for institutional buyers.,2026-07-23,2026-10-29,Marathwada,Nanded,Kandhar,Shiradhon
D2747,B2329,Coconut,Banawali,35.24,3480.59,"Standing requirement for Coconut, quantity flexible based on quality.",2026-08-12,2026-09-10,Konkan,Sindhudurg,Devgad,Shirgaon
D2748,B0922,Field Beans,Konkan Val landrace,14.35,3970.46,Looking to procure Field Beans for institutional buyers.,2026-06-18,2026-07-23,Konkan,Raigad,Alibag,Agarkot
D2749,B4764,Linseed,Sharda,13.32,6472.95,"Standing requirement for Linseed, quantity flexible based on quality.",2026-07-13,2026-09-09,Vidarbha,Gadchiroli,Gadchiroli,Navegaon
D2750,B2376,Gram,JAKI-9218,52.15,5866.0,Buyer looking to purchase Gram directly from farmers.,2026-08-19,2026-10-24,Marathwada,Latur,Shirur Anantpal,Aari
D2751,B1401,Gram,Digvijay,19.3,5018.05,Need consistent Gram supply for ongoing operations.,2026-05-05,2026-07-20,Marathwada,Latur,Latur,Pimpalgaon Amba
D2752,B2375,Gram,Not Specified,67.88,4743.57,Inviting offers for Gram from farmers in the region.,2026-05-26,2026-08-27,Marathwada,Latur,Nilanga,Kasarshirshi
D2753,B2070,Groundnut,JL-24,58.58,5557.82,Inviting offers for Groundnut from farmers in the region.,2026-07-18,2026-09-05,Vidarbha,Washim,Washim,Kata
D2754,B0338,Groundnut,SB-11,51.85,7495.81,"Procurement need for good quality Groundnut, open to multiple sellers.",2026-07-23,2026-11-19,Khandesh,Nashik,Yeola,Bokte
D2755,B3881,Mango (Alphonso),Alphonso (Hapus),22.26,16346.29,"Procurement need for good quality Mango (Alphonso), open to multiple sellers.",2026-05-01,2026-06-08,Konkan,Sindhudurg,Kankavli,Bandargaon
D2756,B3036,Areca Nut,Not Specified,5.83,37983.76,Looking to procure Areca Nut for institutional buyers.,2026-06-18,2026-07-22,Konkan,Sindhudurg,Malwan,Kalethar
D2757,B3304,Jowar,Phule Yashoda,32.35,3276.06,Requirement raised for Jowar to meet upcoming production schedule.,2026-06-24,2026-07-31,Vidarbha,Yavatmal,Pusad,Isapur
D2758,B4571,Coconut,Dwarf Green,31.07,6393.18,Looking to procure Coconut for institutional buyers.,2026-08-16,2026-09-13,Konkan,Sindhudurg,Devgad,Padel
D2759,B3539,Field Beans,Konkan Val landrace,21.68,4026.87,Sourcing Field Beans for export-quality grading and packaging.,2026-08-21,2026-09-07,Konkan,Raigad,Shrivardhan,Arathi
D2760,B4349,Turmeric,Rajapuri,27.75,17261.23,Looking for fresh Turmeric for wholesale procurement.,2026-05-16,2026-06-08,Western Maharashtra (Desh),Sangli,Walwa,Bagani
D2761,B3504,Turmeric,Selam,6.94,11479.36,Sourcing Turmeric in bulk for our processing unit.,2026-06-12,2026-07-08,Western Maharashtra (Desh),Sangli,Jat,Ankale
D2762,B1078,Cashew,Not Specified,34.51,17717.04,Sourcing Cashew in bulk for our processing unit.,2026-07-29,2026-09-04,Konkan,Sindhudurg,Kankavli,Waingani
D2763,B4577,Udid,Not Specified,35.45,9355.69,Seeking regular Udid supply from nearby farmers.,2026-06-12,2026-07-11,Konkan,Thane,Ambarnath,Chinchpada
D2764,B3096,Coconut,Dwarf Green,8.0,6138.77,"Standing requirement for Coconut, quantity flexible based on quality.",2026-07-21,2026-08-30,Konkan,Sindhudurg,Kankavli,Bandargaon
D2765,B1122,Udid,TAU-2,60.02,7043.78,Seeking regular Udid supply from nearby farmers.,2026-05-18,2026-06-13,Konkan,Thane,Murbad,Deogaon
D2766,B2718,Mango (Alphonso),Pairi,18.55,7180.8,Need consistent Mango (Alphonso) supply for ongoing operations.,2026-06-13,2026-07-17,Konkan,Sindhudurg,Sawantwadi,Amboli
D2767,B2487,Tur,ICPL-87,32.25,6292.41,Buyer looking to purchase Tur directly from farmers.,2026-06-16,2026-07-23,Marathwada,Latur,Nilanga,Aurad
D2768,B1899,Chickoo,Kalipatti,4.14,3899.61,Seeking regular Chickoo supply from nearby farmers.,2026-06-10,2026-07-12,Konkan,Palghar,Vada,Chinchghar
D2769,B1788,Bajra,ICTP-8203,8.54,2675.82,Seeking regular Bajra supply from nearby farmers.,2026-07-28,2026-09-02,Marathwada,Jalna,Bhokardan,Walsawangi
D2770,B0557,Ragi,Not Specified,28.55,3182.6,Looking to procure Ragi for institutional buyers.,2026-05-20,2026-08-12,Konkan,Palghar,Talasari,Vasa
D2771,B4053,Tur,ICPL-87,42.78,7401.36,"Procurement need for good quality Tur, open to multiple sellers.",2026-07-23,2026-10-27,Marathwada,Beed,Beed,Bahirwadi
D2772,B2630,Mango (Alphonso),Not Specified,14.69,14182.44,Seeking regular Mango (Alphonso) supply from nearby farmers.,2026-07-19,2026-08-17,Konkan,Sindhudurg,Malwan,Devli
D2773,B1396,Turmeric,Not Specified,13.1,16344.13,Requirement raised for Turmeric to meet upcoming production schedule.,2026-05-14,2026-05-31,Western Maharashtra (Desh),Sangli,Atpadi,Ambewadi
D2774,B4116,Maize,Ganga Safed-2,48.41,2227.57,Looking for fresh Maize for wholesale procurement.,2026-06-17,2026-07-18,Khandesh,Jalgaon,Pachora,Anturli Bk. Pr. Pachora
D2775,B4335,Banana,Not Specified,5.4,2622.92,Bulk Banana requirement for processing.,2026-06-06,2026-07-15,Khandesh,Jalgaon,Parola,Ambapimpri
D2776,B2518,Wheat,NIAW-34,55.75,2941.33,Requirement raised for Wheat to meet upcoming production schedule.,2026-08-09,2026-10-11,Western Maharashtra (Desh),Sangli,Kavathemahankal,Dhalgaon
D2777,B3592,Soybean,Not Specified,54.4,7189.84,Sourcing Soybean in bulk for our processing unit.,2026-05-16,2026-08-08,Vidarbha,Washim,Risod,Wakad
D2778,B0976,Jowar,Maldandi,55.46,6600.81,Need consistent Jowar supply for ongoing operations.,2026-05-29,2026-07-30,Western Maharashtra (Desh),Ahilyanagar (Ahmednagar),Parner,Dhavalpuri
D2779,B1665,Udid,Phule Uttara,41.3,8148.98,"Procurement need for good quality Udid, open to multiple sellers.",2026-05-28,2026-08-28,Konkan,Thane,Ambarnath,Chinchpada
D2780,B1784,Groundnut,JL-24,53.25,6415.42,Looking to procure Groundnut for institutional buyers.,2026-07-11,2026-10-20,Vidarbha,Gondia,Tiroda,Wadegaon
D2781,B1493,Bajra,ICTP-8203,41.41,3347.0,Seeking regular Bajra supply from nearby farmers.,2026-08-13,2026-11-17,Marathwada,Chhatrapati Sambhajinagar (Aurangabad),Phulambri,Fulambri
D2782,B0560,Rice,IR-64,51.52,4358.88,Looking for fresh Rice for wholesale procurement.,2026-06-10,2026-09-14,Konkan,Ratnagiri,Dapoli,Satamba
D2783,B3562,Banana,Ardhapuri,13.55,1898.98,Sourcing Banana for export-quality grading and packaging.,2026-06-13,2026-07-13,Khandesh,Jalgaon,Amalner,Amalgaon
D2784,B1743,Bajra,Not Specified,55.34,3285.87,Inviting offers for Bajra from farmers in the region.,2026-05-06,2026-08-04,Khandesh,Nashik,Deola,Matane
D2785,B4625,Field Beans,Not Specified,16.66,4566.08,"Procurement need for good quality Field Beans, open to multiple sellers.",2026-06-11,2026-07-15,Konkan,Raigad,Alibag,Agarkot
D2786,B4068,Chickoo,Kalipatti,17.53,2781.2,Seeking regular Chickoo supply from nearby farmers.,2026-07-20,2026-08-24,Konkan,Palghar,Vasai,Agashi
D2787,B0535,Jowar,Not Specified,23.58,5888.71,Seeking regular Jowar supply from nearby farmers.,2026-07-20,2026-10-26,Western Maharashtra (Desh),Pune,Maval,Adhale Kh.
D2788,B2105,Cotton,Not Specified,48.24,8763.03,Requirement raised for Cotton to meet upcoming production schedule.,2026-05-07,2026-08-15,Vidarbha,Akola,Akola,Tapalabad
D2789,B4712,Udid,Not Specified,10.57,6578.73,Looking for fresh Udid for wholesale procurement.,2026-07-13,2026-10-16,Konkan,Thane,Shahapur,Shirol
D2790,B2788,Chickoo,Cricket Ball,20.24,2422.18,Looking to procure Chickoo for institutional buyers.,2026-08-02,2026-08-22,Konkan,Thane,Shahapur,Shirol
D2791,B0780,Areca Nut,Not Specified,22.15,43241.27,Inviting offers for Areca Nut from farmers in the region.,2026-06-11,2026-07-09,Konkan,Ratnagiri,Khed,Khed (Bhadgaon)
D2792,B1395,Groundnut,Not Specified,33.81,8196.19,Inviting offers for Groundnut from farmers in the region.,2026-08-09,2026-10-11,Khandesh,Nashik,Kalwan,Kalwan Khu
D2793,B3751,Udid,Not Specified,37.94,8233.35,Requirement raised for Udid to meet upcoming production schedule.,2026-08-14,2026-11-09,Konkan,Palghar,Vikramgad,Balapur
D2794,B2692,Sunflower,Not Specified,48.91,7446.19,Seeking regular Sunflower supply from nearby farmers.,2026-08-24,2026-12-21,Vidarbha,Buldhana,Motala,Rohinkhed
D2795,B0911,Soybean,Not Specified,11.4,4885.46,Need consistent Soybean supply for ongoing operations.,2026-08-06,2026-10-29,Vidarbha,Washim,Manora,Shendurjana (A)
D2796,B4414,Sugarcane,Not Specified,516.28,588.82,Bulk Sugarcane requirement for processing.,2026-08-14,2026-10-16,Western Maharashtra (Desh),Kolhapur,Radhanagari,Phejiwade
D2797,B4333,Cotton,Suraj Bt,65.94,8820.27,Bulk Cotton requirement for processing.,2026-07-04,2026-09-09,Marathwada,Latur,Shirur Anantpal,Anandwadi
D2798,B4757,Rice,Indrayani,89.21,5162.94,Sourcing Rice in bulk for our processing unit.,2026-08-11,2026-10-01,Vidarbha,Gondia,Sadak-Arjuni,Sadakarjuni
D2799,B3486,Vari,Konkan local Vari landrace,45.28,4028.57,Inviting offers for Vari from farmers in the region.,2026-05-15,2026-07-02,Western Maharashtra (Desh),Satara,Satara,Angapur Vandan
D2800,B1783,Chickoo,Not Specified,10.39,3088.03,Buyer looking to purchase Chickoo directly from farmers.,2026-08-16,2026-09-02,Konkan,Thane,Shahapur,Cherpoli
D2801,B0672,Coconut,Not Specified,24.04,6419.48,Inviting offers for Coconut from farmers in the region.,2026-05-11,2026-06-11,Konkan,Sindhudurg,Malwan,Waghavane
D2802,B4723,Sugarcane,Co 740,436.13,504.53,Sourcing Sugarcane for export-quality grading and packaging.,2026-07-18,2026-09-02,Western Maharashtra (Desh),Kolhapur,Hatkanangale,Shiroli
D2803,B0864,Tur,Vipula,11.32,6611.23,Inviting offers for Tur from farmers in the region.,2026-08-17,2026-11-04,Vidarbha,Gondia,Deori,Chichgad
D2804,B4794,Mango (Alphonso),Pairi,7.13,26139.35,Requirement raised for Mango (Alphonso) to meet upcoming production schedule.,2026-08-06,2026-09-19,Konkan,Sindhudurg,Kudal,Padave
D2805,B0170,Chickoo,Not Specified,18.2,3697.91,Looking to procure Chickoo for institutional buyers.,2026-06-15,2026-07-03,Konkan,Palghar,Vikramgad,Balapur
D2806,B3233,Soybean,JS 20-29,15.86,5202.59,"Standing requirement for Soybean, quantity flexible based on quality.",2026-05-11,2026-07-06,Marathwada,Dharashiv (Osmanabad),Osmanabad,Bembli
D2807,B4364,Wheat,Tapovan (NIAW-917),27.22,2952.26,Requirement raised for Wheat to meet upcoming production schedule.,2026-06-19,2026-08-14,Vidarbha,Gondia,Tiroda,Wadegaon
D2808,B3495,Chickoo,Cricket Ball,25.11,2655.35,Inviting offers for Chickoo from farmers in the region.,2026-08-11,2026-09-22,Konkan,Palghar,Vada,Chinchghar
D2809,B1008,Areca Nut,Sumangala,6.29,35920.11,"Procurement need for good quality Areca Nut, open to multiple sellers.",2026-08-03,2026-08-26,Konkan,Ratnagiri,Mandangad,Ambavane Bk.
D2810,B3281,Udid,TAU-1,71.03,8972.21,Inviting offers for Udid from farmers in the region.,2026-07-08,2026-09-19,Konkan,Palghar,Vada,Abitghar
D2811,B3294,Linseed,Parbhani Alsi,11.75,7245.8,Inviting offers for Linseed from farmers in the region.,2026-08-04,2026-10-19,Vidarbha,Gondia,Arjuni-Morgaon,Nawegaon Bondh
D2812,B4656,Soybean,JS 9560,23.45,6428.46,Sourcing Soybean for export-quality grading and packaging.,2026-04-30,2026-07-06,Marathwada,Nanded,Mudkhed,Niwgha
D2813,B4461,Cashew,Vengurla-8,7.09,20088.85,Sourcing Cashew in bulk for our processing unit.,2026-07-02,2026-07-27,Konkan,Sindhudurg,Devgad,Jamsande
D2814,B0705,Wheat,Not Specified,61.74,3199.57,"Procurement need for good quality Wheat, open to multiple sellers.",2026-07-19,2026-10-24,Marathwada,Nanded,Mukhed,Jamb Bk.
D2815,B1524,Sugarcane,Co 740,115.86,383.91,Buyer looking to purchase Sugarcane directly from farmers.,2026-08-24,2026-12-05,Western Maharashtra (Desh),Pune,Haveli,Alandi Mhatobachi
D2816,B0349,Sugarcane,Not Specified,486.66,612.9,Need consistent Sugarcane supply for ongoing operations.,2026-07-07,2026-09-28,Western Maharashtra (Desh),Sangli,Walwa,Bagani
D2817,B0231,Chickoo,Not Specified,20.66,2887.52,Looking to procure Chickoo for institutional buyers.,2026-06-23,2026-07-03,Konkan,Thane,Ambarnath,Ashele
D2818,B2811,Gram,Not Specified,27.92,5880.62,Buyer looking to purchase Gram directly from farmers.,2026-08-12,2026-10-08,Marathwada,Latur,Nilanga,Aurad
D2819,B0563,Banana,Not Specified,24.87,1721.45,Bulk Banana requirement for processing.,2026-07-24,2026-09-01,Khandesh,Jalgaon,Dharangaon,Ahire Kh.
D2820,B2649,Bajra,Not Specified,21.53,3423.77,Looking to procure Bajra for institutional buyers.,2026-08-22,2026-11-07,Khandesh,Nashik,Yeola,Bokte
D2821,B2176,Wheat,Sharbati,68.14,2087.34,Looking to procure Wheat for institutional buyers.,2026-07-16,2026-08-10,Vidarbha,Amravati,Morshi,Ambada
D2822,B1109,Soybean,JS 335,8.68,4883.03,Buyer looking to purchase Soybean directly from farmers.,2026-05-30,2026-07-11,Marathwada,Nanded,Himayatnagar,Sarsam
D2823,B4171,Vari,Not Specified,27.24,3757.33,Sourcing Vari in bulk for our processing unit.,2026-07-03,2026-10-03,Konkan,Raigad,Karjat,Khadyachapada
D2824,B4744,Mango (Alphonso),Pairi,30.12,28451.05,"Standing requirement for Mango (Alphonso), quantity flexible based on quality.",2026-06-27,2026-07-09,Konkan,Ratnagiri,Mandangad,Dandnagari
D2825,B3428,Coconut,Pratap,26.82,5954.79,Looking to procure Coconut for institutional buyers.,2026-08-17,2026-08-27,Konkan,Sindhudurg,Vengurla,Karli
D2826,B4667,Vari,Local Bhagar landrace,74.13,4270.8,Sourcing Vari in bulk for our processing unit.,2026-08-18,2026-10-26,Konkan,Raigad,Murud,Adad
D2827,B0917,Ragi,Not Specified,11.51,4225.02,Requirement raised for Ragi to meet upcoming production schedule.,2026-07-13,2026-10-04,Konkan,Palghar,Vasai,Bhatane
D2828,B1113,Cashew,Not Specified,8.16,16454.12,"Procurement need for good quality Cashew, open to multiple sellers.",2026-05-02,2026-06-08,Konkan,Sindhudurg,Malwan,Kalethar
D2829,B4529,Maize,Not Specified,72.49,2584.51,Buyer looking to purchase Maize directly from farmers.,2026-08-15,2026-10-13,Marathwada,Chhatrapati Sambhajinagar (Aurangabad),Phulambri,Fulambri
D2830,B0288,Linseed,NL-97,40.66,7420.16,Bulk Linseed requirement for processing.,2026-07-10,2026-08-30,Vidarbha,Gondia,Goregaon,Dawwa
D2831,B4493,Soybean,JS 9560,68.94,5141.92,"Procurement need for good quality Soybean, open to multiple sellers.",2026-05-31,2026-07-31,Vidarbha,Washim,Mangrulpir,Shahapur Kh.
D2832,B3891,Soybean,JS 9560,14.11,6749.18,"Standing requirement for Soybean, quantity flexible based on quality.",2026-04-30,2026-06-08,Marathwada,Nanded,Hadgaon,Niwdha
D2833,B2860,Areca Nut,Sumangala,36.34,37273.89,Seeking regular Areca Nut supply from nearby farmers.,2026-06-25,2026-07-27,Konkan,Sindhudurg,Kudal,Padave
D2834,B2167,Soybean,Not Specified,69.45,7419.25,Bulk Soybean requirement for processing.,2026-07-27,2026-09-11,Marathwada,Nanded,Ardhapur,Kamtha Bk.
D2835,B1906,Gram,Not Specified,48.75,6339.18,Requirement raised for Gram to meet upcoming production schedule.,2026-07-02,2026-08-13,Marathwada,Latur,Udgir,Kumtha Kh.
D2836,B0060,Turmeric,Rajapuri,5.38,9719.43,Sourcing Turmeric for export-quality grading and packaging.,2026-07-08,2026-08-04,Western Maharashtra (Desh),Sangli,Khanapur,Balvadi
D2837,B0817,Cashew,Not Specified,9.33,17497.53,"Procurement need for good quality Cashew, open to multiple sellers.",2026-08-15,2026-08-29,Konkan,Sindhudurg,Kankavli,Bandargaon
D2838,B0488,Coconut,Not Specified,27.46,3910.96,Looking to procure Coconut for institutional buyers.,2026-08-22,2026-09-10,Konkan,Sindhudurg,Vaibhavwadi,Lore
D2839,B2270,Mango (Alphonso),Ratna,5.13,23795.33,Inviting offers for Mango (Alphonso) from farmers in the region.,2026-07-06,2026-08-09,Konkan,Ratnagiri,Sangameshwar,Devade
D2840,B2096,Mango (Alphonso),Not Specified,22.95,11336.55,Seeking regular Mango (Alphonso) supply from nearby farmers.,2026-06-22,2026-08-02,Konkan,Raigad,Karjat,Khanand
D2841,B2446,Bajra,Not Specified,20.29,2061.45,Sourcing Bajra for export-quality grading and packaging.,2026-07-26,2026-09-16,Khandesh,Nashik,Malegaon,Jalgaon Ga
D2842,B1413,Field Beans,Konkan Val landrace,22.74,4399.1,Looking for fresh Field Beans for wholesale procurement.,2026-05-28,2026-07-01,Konkan,Raigad,Murud,Adad
D2843,B4308,Linseed,Sharda,28.84,5647.2,Looking for fresh Linseed for wholesale procurement.,2026-05-21,2026-08-05,Vidarbha,Gadchiroli,Gadchiroli,Kotgal
D2844,B3676,Vari,Not Specified,20.75,5143.96,Seeking regular Vari supply from nearby farmers.,2026-08-10,2026-09-08,Konkan,Thane,Ambarnath,Ashele
D2845,B2747,Cashew,Not Specified,11.82,22667.84,Buyer looking to purchase Cashew directly from farmers.,2026-08-04,2026-08-18,Konkan,Sindhudurg,Malwan,Waghavane
D2846,B4680,Bajra,Shraddha,70.14,3549.13,Looking for fresh Bajra for wholesale procurement.,2026-06-17,2026-09-10,Marathwada,Beed,Ambajogai,Ghatnandur
D2847,B2565,Mango (Alphonso),Alphonso (Hapus),20.36,9721.43,"Standing requirement for Mango (Alphonso), quantity flexible based on quality.",2026-08-25,2026-09-05,Konkan,Ratnagiri,Ratnagiri,Bhandarwadi
D2848,B3780,Chickoo,Kalipatti,6.7,3706.9,Looking for fresh Chickoo for wholesale procurement.,2026-07-27,2026-08-16,Konkan,Thane,Murbad,Dhasai
D2849,B1313,Linseed,NL-97,37.83,6472.58,Looking for fresh Linseed for wholesale procurement.,2026-08-06,2026-10-30,Vidarbha,Gondia,Goregaon,Dawwa
D2850,B0620,Maize,Not Specified,40.64,1951.65,Looking for fresh Maize for wholesale procurement.,2026-08-12,2026-10-08,Khandesh,Jalgaon,Chopda,Ajanti Kh.
D2851,B2591,Rice,Not Specified,70.98,3889.64,Buyer looking to purchase Rice directly from farmers.,2026-08-11,2026-11-07,Konkan,Sindhudurg,Dodamarg,Panturli
D2852,B0909,Udid,Not Specified,45.24,9596.46,Bulk Udid requirement for processing.,2026-07-05,2026-07-30,Konkan,Thane,Murbad,Deogaon
D2853,B3726,Gram,JAKI-9218,35.3,6924.67,Seeking regular Gram supply from nearby farmers.,2026-08-14,2026-10-16,Marathwada,Latur,Deoni,Achwala
D2854,B2402,Wheat,Not Specified,66.1,2221.26,Requirement raised for Wheat to meet upcoming production schedule.,2026-05-20,2026-09-04,Vidarbha,Gondia,Amgaon,Asordi
D2855,B3255,Udid,TAU-1,20.75,9339.35,Sourcing Udid in bulk for our processing unit.,2026-08-07,2026-09-19,Konkan,Thane,Murbad,Dhasai
D2856,B0140,Vari,Not Specified,30.14,4916.05,Need consistent Vari supply for ongoing operations.,2026-08-19,2026-10-31,Konkan,Palghar,Vikramgad,Alonde
D2857,B0186,Mango (Alphonso),Kesar,17.94,21313.55,Requirement raised for Mango (Alphonso) to meet upcoming production schedule.,2026-05-13,2026-05-31,Konkan,Ratnagiri,Chiplun,Bivali
D2858,B3853,Sunflower,Phule Raviraj,51.12,6015.9,Inviting offers for Sunflower from farmers in the region.,2026-05-02,2026-08-21,Vidarbha,Buldhana,Jalgaon Jamod,Pimpalgaon Kale
D2859,B1098,Chickoo,Kalipatti,29.32,2732.13,Inviting offers for Chickoo from farmers in the region.,2026-06-19,2026-07-23,Konkan,Palghar,Mokhada,Khodala
D2860,B0304,Chickoo,Cricket Ball,21.58,2116.25,Inviting offers for Chickoo from farmers in the region.,2026-07-19,2026-08-03,Konkan,Palghar,Dahanu,Dapchari
D2861,B1399,Cotton,Not Specified,42.6,8696.44,Sourcing Cotton for export-quality grading and packaging.,2026-06-10,2026-09-20,Vidarbha,Buldhana,Sindkhed Raja,Adgaon Raja
D2862,B4390,Vari,Not Specified,26.69,4367.04,Inviting offers for Vari from farmers in the region.,2026-07-30,2026-09-09,Konkan,Palghar,Vasai,Arnala
D2863,B1753,Udid,BDU-1,69.37,8041.28,Sourcing Udid in bulk for our processing unit.,2026-06-14,2026-08-11,Konkan,Palghar,Dahanu,Bordi
D2864,B0194,Areca Nut,Mangala,18.77,49861.8,Bulk Areca Nut requirement for processing.,2026-08-26,2026-09-12,Konkan,Sindhudurg,Malwan,Waghavane
D2865,B4685,Wheat,Sharbati,46.7,2839.94,Bulk Wheat requirement for processing.,2026-07-01,2026-07-31,Western Maharashtra (Desh),Pune,Velhe,Ambavane
D2866,B0413,Sunflower,LSF-8,36.48,8100.4,Looking to procure Sunflower for institutional buyers.,2026-05-18,2026-07-07,Vidarbha,Buldhana,Sindkhed Raja,Changefal
D2867,B2671,Groundnut,Not Specified,26.56,6520.77,Buyer looking to purchase Groundnut directly from farmers.,2026-06-08,2026-07-08,Western Maharashtra (Desh),Satara,Jaoli,Anewadi
D2868,B4131,Mango (Alphonso),Kesar,22.94,18996.64,Requirement raised for Mango (Alphonso) to meet upcoming production schedule.,2026-06-08,2026-06-29,Konkan,Raigad,Tala,Bamanghar
D2869,B1213,Gram,Not Specified,9.14,4851.68,Seeking regular Gram supply from nearby farmers.,2026-05-29,2026-09-24,Marathwada,Latur,Renapur,Kadepur
D2870,B4028,Field Beans,Not Specified,29.92,5039.64,Requirement raised for Field Beans to meet upcoming production schedule.,2026-08-21,2026-08-31,Konkan,Raigad,Sudhagad-Pali,Koshimbale
D2871,B1706,Tur,Not Specified,8.43,5597.59,Inviting offers for Tur from farmers in the region.,2026-07-11,2026-09-05,Marathwada,Latur,Udgir,Kumtha Kh.
D2872,B2390,Linseed,Not Specified,63.45,6654.34,"Standing requirement for Linseed, quantity flexible based on quality.",2026-05-16,2026-06-10,Vidarbha,Gondia,Goregaon,Bhadanga
D2873,B0028,Sugarcane,CoVSI 09292,451.34,486.43,Bulk Sugarcane requirement for processing.,2026-05-17,2026-06-26,Khandesh,Nandurbar,Nandurbar,Adachhi
D2874,B3328,Wheat,Not Specified,9.49,3390.69,Bulk Wheat requirement for processing.,2026-06-24,2026-10-21,Marathwada,Nanded,Deglur,Hanegaon
D2875,B1248,Cotton,Not Specified,17.05,8931.96,Need consistent Cotton supply for ongoing operations.,2026-08-06,2026-11-13,Western Maharashtra (Desh),Ahilyanagar (Ahmednagar),Shevgaon,Akhegaon Titarfa
D2876,B4358,Rice,Not Specified,59.74,4322.02,Sourcing Rice for export-quality grading and packaging.,2026-07-23,2026-10-05,Khandesh,Nashik,Malegaon,Pimpalgaon
D2877,B0073,Coconut,Pratap,13.97,6431.18,Bulk Coconut requirement for processing.,2026-08-24,2026-10-08,Konkan,Sindhudurg,Sawantwadi,Kariwade
D2878,B3484,Field Beans,Local Konkan landrace,17.76,2875.55,Looking for fresh Field Beans for wholesale procurement.,2026-08-22,2026-10-03,Konkan,Raigad,Murud,Adad
D2879,B2272,Vari,Not Specified,26.25,3468.9,Bulk Vari requirement for processing.,2026-08-04,2026-09-29,Western Maharashtra (Desh),Satara,Koregaon,Ambawade S. Wagholi
D2880,B3651,Gram,Digvijay,42.97,4895.17,Bulk Gram requirement for processing.,2026-07-28,2026-11-01,Marathwada,Latur,Nilanga,Halgara
D2881,B3026,Chickoo,Not Specified,14.06,2193.24,"Standing requirement for Chickoo, quantity flexible based on quality.",2026-08-25,2026-09-23,Konkan,Palghar,Vikramgad,Balapur
D2882,B1230,Turmeric,Not Specified,8.77,11770.6,Looking to procure Turmeric for institutional buyers.,2026-04-30,2026-06-02,Western Maharashtra (Desh),Sangli,Atpadi,Autewadi
D2883,B1667,Groundnut,Phule Unnati,26.5,7030.45,Need consistent Groundnut supply for ongoing operations.,2026-06-15,2026-09-21,Khandesh,Nashik,Dindori,Dhakambe
D2884,B2052,Tur,ICPL-87,63.82,7010.9,Seeking regular Tur supply from nearby farmers.,2026-08-03,2026-09-09,Marathwada,Latur,Deoni,Ambegaon
D2885,B0480,Bajra,Not Specified,25.54,3707.38,Looking for fresh Bajra for wholesale procurement.,2026-08-13,2026-12-06,Khandesh,Dhule,Dhule,Kusumbe
D2886,B4417,Cotton,Not Specified,52.03,8034.96,Seeking regular Cotton supply from nearby farmers.,2026-07-27,2026-10-25,Marathwada,Dharashiv (Osmanabad),Tuljapur,Kati
D2887,B3660,Udid,Not Specified,59.95,9518.6,Seeking regular Udid supply from nearby farmers.,2026-08-25,2026-11-08,Konkan,Thane,Shahapur,Cherpoli
D2888,B1153,Jowar,Maldandi,42.01,2705.53,Sourcing Jowar in bulk for our processing unit.,2026-07-31,2026-09-11,Western Maharashtra (Desh),Ahilyanagar (Ahmednagar),Sangamner,Ashwi Bk.
D2889,B3831,Jowar,Maldandi,51.11,3230.46,Sourcing Jowar in bulk for our processing unit.,2026-05-23,2026-07-15,Vidarbha,Washim,Manora,Shendurjana (A)
D2890,B2822,Turmeric,Not Specified,4.03,12122.78,Seeking regular Turmeric supply from nearby farmers.,2026-07-23,2026-09-06,Western Maharashtra (Desh),Sangli,Shirala,Arala
D2891,B1143,Field Beans,Not Specified,15.83,4207.99,Looking to procure Field Beans for institutional buyers.,2026-06-28,2026-07-12,Konkan,Raigad,Poladpur,Adavale Kh.
D2892,B1448,Tur,Not Specified,70.98,6715.44,Looking for fresh Tur for wholesale procurement.,2026-06-10,2026-08-24,Vidarbha,Washim,Mangrulpir,Borwha Kh.
D2893,B0938,Tur,Not Specified,12.21,7593.9,"Procurement need for good quality Tur, open to multiple sellers.",2026-05-07,2026-07-25,Vidarbha,Chandrapur,Bhadravati,Ashta
D2894,B3346,Bajra,ICTP-8203,16.56,2657.97,Seeking regular Bajra supply from nearby farmers.,2026-07-03,2026-07-31,Western Maharashtra (Desh),Ahilyanagar (Ahmednagar),Sangamner,Sakur
D2895,B0736,Maize,Not Specified,56.91,1941.31,Seeking regular Maize supply from nearby farmers.,2026-07-17,2026-10-30,Khandesh,Nashik,Sinnar,Sayandalwadi
D2896,B3500,Soybean,JS 20-29,16.06,6545.94,Sourcing Soybean in bulk for our processing unit.,2026-08-24,2026-12-18,Marathwada,Nanded,Kinwat,Islapur
D2897,B3066,Udid,TAU-2,37.75,7488.49,Sourcing Udid for export-quality grading and packaging.,2026-08-22,2026-10-19,Konkan,Palghar,Jawhar,Winwal
D2898,B2557,Rice,Ambemohar,93.03,3952.24,Seeking regular Rice supply from nearby farmers.,2026-08-20,2026-11-09,Konkan,Palghar,Dahanu,Bordi
D2899,B3433,Coconut,Not Specified,31.93,3874.9,Looking for fresh Coconut for wholesale procurement.,2026-05-15,2026-05-30,Konkan,Sindhudurg,Dodamarg,Talkat
D2900,B2728,Linseed,Parbhani Alsi,35.49,7378.98,Looking to procure Linseed for institutional buyers.,2026-08-26,2026-12-22,Vidarbha,Gadchiroli,Bhamragad,Arewada
D2901,B2533,Linseed,NL-97,21.95,6395.26,Buyer looking to purchase Linseed directly from farmers.,2026-05-11,2026-07-27,Vidarbha,Gondia,Salekasa,Pipariya
D2902,B4381,Tur,ICPL-87,56.98,8101.88,Seeking regular Tur supply from nearby farmers.,2026-08-14,2026-12-02,Vidarbha,Gadchiroli,Mulchera,Gomani
D2903,B1502,Ragi,Dapoli-1,20.07,4252.84,Sourcing Ragi for export-quality grading and packaging.,2026-08-13,2026-10-21,Konkan,Palghar,Jawhar,Vavar
D2904,B3279,Sugarcane,Not Specified,495.51,378.71,Bulk Sugarcane requirement for processing.,2026-08-24,2026-12-06,Western Maharashtra (Desh),Pune,Maval,Adavi
D2905,B3621,Sunflower,Not Specified,37.58,6789.65,Inviting offers for Sunflower from farmers in the region.,2026-08-17,2026-10-15,Vidarbha,Buldhana,Jalgaon Jamod,Pimpalgaon Kale
D2906,B2404,Udid,BDU-1,52.95,8287.47,Looking to procure Udid for institutional buyers.,2026-05-30,2026-06-25,Konkan,Palghar,Jawhar,Winwal
D2907,B0300,Udid,BDU-1,62.57,7419.69,"Standing requirement for Udid, quantity flexible based on quality.",2026-07-07,2026-09-08,Konkan,Thane,Ambarnath,Chinchpada
D2908,B1193,Groundnut,SB-11,64.7,8467.25,Sourcing Groundnut in bulk for our processing unit.,2026-05-07,2026-09-01,Vidarbha,Bhandara,Lakhandur,Dighori (Mothi)
D2909,B3435,Udid,Not Specified,59.07,8191.19,Bulk Udid requirement for processing.,2026-05-21,2026-07-28,Konkan,Palghar,Vada,Ambiste Kh.
D2910,B3546,Chickoo,Not Specified,22.49,3703.37,Seeking regular Chickoo supply from nearby farmers.,2026-06-20,2026-07-11,Konkan,Palghar,Vada,Abitghar
D2911,B0141,Jowar,Not Specified,52.63,3589.01,Sourcing Jowar in bulk for our processing unit.,2026-07-26,2026-08-31,Western Maharashtra (Desh),Pune,Shirur,Alegaon Paga
D2912,B1014,Udid,TAU-2,60.42,8188.09,Bulk Udid requirement for processing.,2026-07-13,2026-10-05,Konkan,Palghar,Vasai,Bhatane
D2913,B2041,Coconut,T x D hybrid,11.8,3598.56,Looking to procure Coconut for institutional buyers.,2026-07-19,2026-08-16,Konkan,Sindhudurg,Malwan,Kalethar
D2914,B4100,Linseed,Not Specified,35.69,5968.22,Bulk Linseed requirement for processing.,2026-07-12,2026-09-10,Vidarbha,Gondia,Gondia,Adashi
D2915,B3439,Turmeric,Rajapuri,14.72,17892.45,Looking for fresh Turmeric for wholesale procurement.,2026-06-19,2026-07-05,Western Maharashtra (Desh),Sangli,Kavathemahankal,Agalgaon
D2916,B0826,Coconut,Not Specified,10.11,3359.87,Requirement raised for Coconut to meet upcoming production schedule.,2026-06-14,2026-07-11,Konkan,Sindhudurg,Sawantwadi,Amboli
D2917,B0674,Soybean,Not Specified,19.94,7222.35,Bulk Soybean requirement for processing.,2026-08-02,2026-09-02,Vidarbha,Washim,Washim,Ansing
D2918,B2548,Bajra,Not Specified,69.66,3132.38,"Procurement need for good quality Bajra, open to multiple sellers.",2026-07-08,2026-08-14,Western Maharashtra (Desh),Ahilyanagar (Ahmednagar),Pathardi,Karanji
D2919,B4139,Jowar,CSH-16,22.12,2673.23,Sourcing Jowar for export-quality grading and packaging.,2026-05-29,2026-09-07,Western Maharashtra (Desh),Pune,Purandhar,Adachiwadi
D2920,B3660,Udid,Not Specified,48.25,8370.21,Looking for fresh Udid for wholesale procurement.,2026-05-11,2026-07-10,Konkan,Thane,Shahapur,Cherpoli
D2921,B0266,Chickoo,Not Specified,10.39,4118.93,Need consistent Chickoo supply for ongoing operations.,2026-08-13,2026-09-07,Konkan,Thane,Bhiwandi,Ambardi
D2922,B0877,Linseed,Not Specified,35.33,5768.7,Need consistent Linseed supply for ongoing operations.,2026-08-08,2026-11-12,Vidarbha,Gadchiroli,Aheri,Chhallewada
D2923,B3400,Tur,BDN-711,65.19,8130.12,Seeking regular Tur supply from nearby farmers.,2026-08-08,2026-10-17,Vidarbha,Akola,Patur,Alegaon
D2924,B0418,Coconut,Not Specified,12.61,4920.89,Sourcing Coconut in bulk for our processing unit.,2026-08-16,2026-09-24,Konkan,Sindhudurg,Sawantwadi,Amboli
D2925,B4292,Areca Nut,Sumangala,34.75,49095.85,Bulk Areca Nut requirement for processing.,2026-05-30,2026-07-07,Konkan,Ratnagiri,Mandangad,Dandnagari
D2926,B2792,Mango (Alphonso),Kesar,27.25,7020.4,Seeking regular Mango (Alphonso) supply from nearby farmers.,2026-07-16,2026-08-23,Konkan,Sindhudurg,Kudal,Gaorai
D2927,B4282,Gram,Not Specified,39.56,6463.99,"Standing requirement for Gram, quantity flexible based on quality.",2026-08-08,2026-12-02,Marathwada,Latur,Renapur,Pangaon
D2928,B1858,Udid,TAU-2,15.71,6548.92,Sourcing Udid for export-quality grading and packaging.,2026-07-10,2026-10-21,Konkan,Palghar,Dahanu,Bordi
D2929,B3851,Gram,Not Specified,18.68,6722.43,Looking to procure Gram for institutional buyers.,2026-07-21,2026-10-29,Marathwada,Latur,Nilanga,Aurad
D2930,B3148,Soybean,MACS 1281,57.13,6158.29,Need consistent Soybean supply for ongoing operations.,2026-06-17,2026-08-10,Marathwada,Nanded,Kinwat,Mandvi
D2931,B0331,Turmeric,Rajapuri,18.98,10218.6,Looking for fresh Turmeric for wholesale procurement.,2026-05-26,2026-06-23,Western Maharashtra (Desh),Sangli,Miraj,Bamnoli
D2932,B4482,Soybean,MAUS 71,31.31,5562.24,Inviting offers for Soybean from farmers in the region.,2026-05-03,2026-06-18,Marathwada,Nanded,Dharmabad,Jarikot
D2933,B2105,Cotton,Not Specified,26.86,9728.5,Seeking regular Cotton supply from nearby farmers.,2026-05-31,2026-08-14,Vidarbha,Akola,Akola,Tapalabad
D2934,B1526,Vari,Konkan local Vari landrace,36.09,3303.16,Buyer looking to purchase Vari directly from farmers.,2026-07-21,2026-10-02,Western Maharashtra (Desh),Satara,Satara,Agudewadi
D2935,B4518,Field Beans,Local Konkan landrace,13.34,4515.81,Looking for fresh Field Beans for wholesale procurement.,2026-06-24,2026-08-01,Konkan,Raigad,Sudhagad-Pali,Kumbharshet
D2936,B2921,Field Beans,Konkan Val landrace,12.87,4996.35,Requirement raised for Field Beans to meet upcoming production schedule.,2026-08-01,2026-08-20,Konkan,Raigad,Murud,Abitghar
D2937,B0733,Bajra,ICTP-8203,62.42,4362.35,Seeking regular Bajra supply from nearby farmers.,2026-06-24,2026-07-19,Marathwada,Jalna,Mantha,Pangri (Gosavi)
D2938,B3935,Sunflower,Not Specified,24.22,6217.07,Looking to procure Sunflower for institutional buyers.,2026-07-12,2026-09-08,Vidarbha,Buldhana,Mehkar,Dongaon
D2939,B1283,Areca Nut,Mangala,27.53,50863.6,"Standing requirement for Areca Nut, quantity flexible based on quality.",2026-07-14,2026-08-07,Konkan,Sindhudurg,Devgad,Padel
D2940,B4735,Jowar,Phule Yashoda,65.66,4560.64,"Procurement need for good quality Jowar, open to multiple sellers.",2026-05-02,2026-07-04,Western Maharashtra (Desh),Ahilyanagar (Ahmednagar),Shrirampur,Takalibhan
D2941,B0878,Groundnut,Not Specified,47.54,8459.34,Looking for fresh Groundnut for wholesale procurement.,2026-06-14,2026-08-07,Western Maharashtra (Desh),Pune,Shirur,Ambale
D2942,B0384,Gram,Phule Vikram,68.53,5554.79,Sourcing Gram for export-quality grading and packaging.,2026-06-21,2026-10-15,Marathwada,Latur,Ahmedpur,Shirur Tajband
D2943,B4507,Chickoo,Not Specified,25.36,2844.06,"Procurement need for good quality Chickoo, open to multiple sellers.",2026-06-02,2026-07-03,Konkan,Palghar,Talasari,Vasa
D2944,B1907,Ragi,Dapoli-1,6.99,3338.67,Bulk Ragi requirement for processing.,2026-08-19,2026-10-18,Konkan,Thane,Ambarnath,Chinchpada
D2945,B4086,Groundnut,Phule Unnati,40.37,8497.98,"Standing requirement for Groundnut, quantity flexible based on quality.",2026-08-10,2026-09-19,Western Maharashtra (Desh),Satara,Satara,Angapur Vandan
D2946,B2622,Turmeric,Selam,12.84,16663.72,Bulk Turmeric requirement for processing.,2026-05-19,2026-06-02,Western Maharashtra (Desh),Sangli,Walwa,Ahirwadi
D2947,B3679,Ragi,Not Specified,14.41,2940.06,"Procurement need for good quality Ragi, open to multiple sellers.",2026-07-20,2026-10-25,Konkan,Thane,Thane,Agasan
D2948,B4078,Mango (Alphonso),Pairi,16.03,10152.99,Looking to procure Mango (Alphonso) for institutional buyers.,2026-05-06,2026-06-14,Konkan,Raigad,Mahad,Rupavali
D2949,B1318,Jowar,Phule Vasudha,9.87,3671.3,Sourcing Jowar in bulk for our processing unit.,2026-06-30,2026-10-27,Vidarbha,Yavatmal,Ghatanji,Amdi
D2950,B3030,Bajra,Not Specified,35.59,3233.47,Seeking regular Bajra supply from nearby farmers.,2026-05-04,2026-06-06,Marathwada,Jalna,Ghansawangi,Kumbhar Pimpalgaon
D2951,B3618,Mango (Alphonso),Ratna,10.85,26088.41,Need consistent Mango (Alphonso) supply for ongoing operations.,2026-05-17,2026-06-20,Konkan,Sindhudurg,Malwan,Kalethar
D2952,B2160,Banana,Not Specified,18.67,5290.33,"Procurement need for good quality Banana, open to multiple sellers.",2026-07-06,2026-07-19,Khandesh,Jalgaon,Yawal,Adgaon
D2953,B1774,Banana,Rajapuri,13.35,2311.08,Looking for fresh Banana for wholesale procurement.,2026-08-09,2026-09-16,Khandesh,Jalgaon,Amalner,Ambasan
D2954,B2429,Maize,Not Specified,63.09,2284.89,Requirement raised for Maize to meet upcoming production schedule.,2026-08-02,2026-11-20,Khandesh,Jalgaon,Jamner,Ambilhol
D2955,B1484,Tur,BSMR-736,44.48,6668.63,Buyer looking to purchase Tur directly from farmers.,2026-07-31,2026-10-15,Khandesh,Nandurbar,Nandurbar,Akrale
D2956,B1209,Vari,Not Specified,21.87,4285.27,Sourcing Vari in bulk for our processing unit.,2026-08-26,2026-11-16,Western Maharashtra (Desh),Kolhapur,Shahuwadi,Sarud
D2957,B3413,Linseed,NL-97,7.87,7152.11,Buyer looking to purchase Linseed directly from farmers.,2026-07-31,2026-09-12,Vidarbha,Gondia,Salekasa,Pipariya
D2958,B3918,Linseed,Not Specified,55.86,7286.27,Requirement raised for Linseed to meet upcoming production schedule.,2026-05-30,2026-09-02,Vidarbha,Gadchiroli,Sironcha,Jafrabad Chak
D2959,B3285,Jowar,CSH-25,32.5,2942.48,Inviting offers for Jowar from farmers in the region.,2026-06-30,2026-09-27,Vidarbha,Yavatmal,Ghatanji,Ambezari
D2960,B3893,Soybean,Not Specified,33.84,6601.0,Looking for fresh Soybean for wholesale procurement.,2026-08-11,2026-11-10,Khandesh,Nandurbar,Akkalkuwa,Bhagdari
D2961,B4288,Groundnut,Not Specified,46.93,6394.3,Looking for fresh Groundnut for wholesale procurement.,2026-08-01,2026-10-12,Western Maharashtra (Desh),Pune,Velhe,Ambed
D2962,B1928,Groundnut,SB-11,59.76,8021.09,"Standing requirement for Groundnut, quantity flexible based on quality.",2026-08-09,2026-11-02,Vidarbha,Gondia,Arjuni-Morgaon,Nawegaon Bondh
D2963,B1639,Udid,Not Specified,58.29,9483.39,Requirement raised for Udid to meet upcoming production schedule.,2026-07-21,2026-10-11,Konkan,Thane,Thane,Agasan
D2964,B3515,Tur,Not Specified,58.24,6606.58,Looking to procure Tur for institutional buyers.,2026-07-28,2026-10-02,Vidarbha,Nagpur,Katol,Chandanpardi
D2965,B3371,Banana,Red Banana,19.27,4850.92,Need consistent Banana supply for ongoing operations.,2026-08-03,2026-09-04,Khandesh,Jalgaon,Parola,Adgaon
D2966,B2087,Gram,Digvijay,47.13,6652.15,"Procurement need for good quality Gram, open to multiple sellers.",2026-08-15,2026-11-15,Marathwada,Latur,Ahmedpur,Hadolti
D2967,B2128,Udid,Phule Uttara,40.53,9178.17,Sourcing Udid for export-quality grading and packaging.,2026-08-15,2026-11-06,Konkan,Thane,Murbad,Deogaon
D2968,B1690,Soybean,JS 335,19.24,6508.93,Need consistent Soybean supply for ongoing operations.,2026-05-14,2026-06-17,Vidarbha,Washim,Risod,Rithad
D2969,B3808,Sunflower,Not Specified,54.52,6614.28,"Standing requirement for Sunflower, quantity flexible based on quality.",2026-05-17,2026-08-12,Vidarbha,Buldhana,Motala,Motala
D2970,B0874,Chickoo,Cricket Ball,27.85,2233.1,Inviting offers for Chickoo from farmers in the region.,2026-06-22,2026-07-20,Konkan,Thane,Thane,Agasan
D2971,B2198,Wheat,Not Specified,33.26,2820.34,Looking for fresh Wheat for wholesale procurement.,2026-06-22,2026-07-30,Vidarbha,Gondia,Arjuni-Morgaon,Arjuni
D2972,B3481,Vari,Not Specified,9.51,4425.6,Seeking regular Vari supply from nearby farmers.,2026-05-27,2026-07-14,Konkan,Thane,Shahapur,Shirol
D2973,B3386,Ragi,Not Specified,34.99,4160.64,Looking for fresh Ragi for wholesale procurement.,2026-05-13,2026-07-11,Konkan,Raigad,Mahad,Gherakilla Raigad (Raigadwadi)
D2974,B1511,Turmeric,Not Specified,10.96,17515.43,Looking for fresh Turmeric for wholesale procurement.,2026-06-29,2026-07-10,Western Maharashtra (Desh),Sangli,Walwa,Ahirwadi
D2975,B0586,Sunflower,KBSH-1,73.41,7609.94,Bulk Sunflower requirement for processing.,2026-06-26,2026-08-14,Vidarbha,Buldhana,Nandura,Chandur Biswa
D2976,B3651,Gram,Not Specified,11.09,5476.55,Looking for fresh Gram for wholesale procurement.,2026-08-23,2026-10-24,Marathwada,Latur,Nilanga,Halgara
D2977,B4779,Linseed,NL-97,30.64,6667.83,Sourcing Linseed in bulk for our processing unit.,2026-08-22,2026-11-03,Vidarbha,Gondia,Deori,Fukkimeta
D2978,B4732,Jowar,CSH-16,66.17,4291.72,"Standing requirement for Jowar, quantity flexible based on quality.",2026-06-09,2026-08-29,Western Maharashtra (Desh),Kolhapur,Shahuwadi,Bhedasgaon
D2979,B3550,Tur,Not Specified,67.2,5545.05,"Procurement need for good quality Tur, open to multiple sellers.",2026-08-25,2026-09-23,Marathwada,Dharashiv (Osmanabad),Bhum,Pathrud
D2980,B3258,Cashew,Not Specified,14.68,14423.59,Requirement raised for Cashew to meet upcoming production schedule.,2026-07-23,2026-09-06,Konkan,Sindhudurg,Kankavli,Bandargaon
D2981,B2663,Linseed,Sharda,19.66,7032.23,Seeking regular Linseed supply from nearby farmers.,2026-07-04,2026-08-18,Vidarbha,Gadchiroli,Kurkheda,Malewada
D2982,B4041,Chickoo,Cricket Ball,8.86,3260.96,Buyer looking to purchase Chickoo directly from farmers.,2026-06-01,2026-06-14,Konkan,Palghar,Dahanu,Bordi
D2983,B2446,Bajra,Not Specified,44.65,3146.37,Seeking regular Bajra supply from nearby farmers.,2026-08-15,2026-12-09,Khandesh,Nashik,Malegaon,Jalgaon Ga
D2984,B3439,Turmeric,Selam,12.68,10880.9,Seeking regular Turmeric supply from nearby farmers.,2026-07-15,2026-08-13,Western Maharashtra (Desh),Sangli,Kavathemahankal,Agalgaon
D2985,B2916,Rice,Not Specified,60.67,3854.78,Sourcing Rice for export-quality grading and packaging.,2026-07-24,2026-10-04,Konkan,Palghar,Jawhar,Vavar
D2986,B0192,Gram,Digvijay,41.8,5936.87,Sourcing Gram in bulk for our processing unit.,2026-08-13,2026-10-30,Marathwada,Latur,Shirur Anantpal,Aari
D2987,B4057,Gram,Not Specified,58.12,6615.61,Looking for fresh Gram for wholesale procurement.,2026-05-24,2026-08-26,Marathwada,Latur,Latur,Wadi Wagholi
D2988,B0084,Tur,Not Specified,67.62,7468.25,Seeking regular Tur supply from nearby farmers.,2026-07-20,2026-09-04,Khandesh,Nandurbar,Navapur,Visarwadi
D2989,B1526,Vari,Not Specified,71.74,4820.2,Sourcing Vari in bulk for our processing unit.,2026-08-19,2026-10-13,Western Maharashtra (Desh),Satara,Satara,Agudewadi
D2990,B0267,Cashew,Konkan Kalpa,23.08,15537.69,Seeking regular Cashew supply from nearby farmers.,2026-06-19,2026-07-11,Konkan,Ratnagiri,Ratnagiri,Bhandarwada
D2991,B2026,Wheat,Lokwan,67.77,2381.69,Bulk Wheat requirement for processing.,2026-05-05,2026-07-16,Vidarbha,Bhandara,Sakoli,Sendurwafa
D2992,B2715,Wheat,Lokwan,15.13,3290.95,"Procurement need for good quality Wheat, open to multiple sellers.",2026-08-26,2026-10-26,Western Maharashtra (Desh),Sangli,Kavathemahankal,Agalgaon
D2993,B2692,Sunflower,Not Specified,56.73,5175.86,Buyer looking to purchase Sunflower directly from farmers.,2026-07-19,2026-10-22,Vidarbha,Buldhana,Motala,Rohinkhed
D2994,B4590,Rice,IR-64,63.69,5029.2,"Procurement need for good quality Rice, open to multiple sellers.",2026-05-28,2026-07-12,Western Maharashtra (Desh),Kolhapur,Bhudargad,Madilge Bk.
D2995,B2413,Cotton,Not Specified,33.29,8063.8,Buyer looking to purchase Cotton directly from farmers.,2026-05-19,2026-08-20,Vidarbha,Akola,Patur,Alegaon
D2996,B0219,Jowar,Phule Yashoda,75.3,3392.44,Seeking regular Jowar supply from nearby farmers.,2026-08-15,2026-10-13,Vidarbha,Gadchiroli,Gadchiroli,Navegaon
D2997,B2214,Udid,BDU-1,38.36,7514.5,"Standing requirement for Udid, quantity flexible based on quality.",2026-06-25,2026-10-06,Konkan,Thane,Kalyan,Antarli
D2998,B1097,Sunflower,Not Specified,17.25,5835.18,Need consistent Sunflower supply for ongoing operations.,2026-06-26,2026-07-30,Vidarbha,Buldhana,Khamgaon,Ghatpuri
D2999,B3942,Areca Nut,Sumangala,13.46,34047.86,Looking for fresh Areca Nut for wholesale procurement.,2026-06-24,2026-07-21,Konkan,Ratnagiri,Mandangad,Kondgaon
D3000,B0762,Gram,Not Specified,67.88,5475.34,Bulk Gram requirement for processing.,2026-07-19,2026-09-05,Marathwada,Latur,Shirur Anantpal,Aari
D3001,B3241,Jowar,CSH-25,15.27,3999.81,Sourcing Jowar for export-quality grading and packaging.,2026-06-26,2026-09-13,Vidarbha,Yavatmal,Yavatmal,Akola Bajar
D3002,B2246,Soybean,JS 335,50.36,6071.35,Buyer looking to purchase Soybean directly from farmers.,2026-06-05,2026-07-13,Marathwada,Nanded,Nanded,Wadi Bk.
D3003,B1163,Udid,Not Specified,68.2,7806.15,Need consistent Udid supply for ongoing operations.,2026-08-13,2026-10-06,Konkan,Thane,Ambarnath,Chinchpada
D3004,B0217,Coconut,Dwarf Green,25.68,6024.51,Sourcing Coconut in bulk for our processing unit.,2026-06-14,2026-07-02,Konkan,Sindhudurg,Dodamarg,Talkat
D3005,B2216,Turmeric,Phule Swarupa,22.99,9782.0,Sourcing Turmeric for export-quality grading and packaging.,2026-06-02,2026-07-03,Western Maharashtra (Desh),Sangli,Palus,Andhali
D3006,B2906,Rice,Ambemohar,33.83,4944.74,Seeking regular Rice supply from nearby farmers.,2026-05-14,2026-08-28,Vidarbha,Chandrapur,Bramhapuri,Adyal Gaonganna
D3007,B0861,Sugarcane,Phule 265,488.16,467.73,Need consistent Sugarcane supply for ongoing operations.,2026-07-07,2026-10-15,Western Maharashtra (Desh),Kolhapur,Karvir,Bahireshwar
D3008,B3777,Groundnut,Not Specified,25.41,7727.54,Seeking regular Groundnut supply from nearby farmers.,2026-06-22,2026-10-19,Western Maharashtra (Desh),Solapur,Barshi,Agalgaon
D3009,B2059,Maize,Not Specified,18.37,1854.91,Inviting offers for Maize from farmers in the region.,2026-06-03,2026-07-30,Khandesh,Nandurbar,Akkalkuwa,Dab
D3010,B2633,Sunflower,Not Specified,46.72,5415.45,Seeking regular Sunflower supply from nearby farmers.,2026-08-05,2026-08-30,Vidarbha,Buldhana,Sangrampur,Bawanbir
D3011,B2479,Sunflower,Not Specified,42.77,5201.24,Need consistent Sunflower supply for ongoing operations.,2026-07-25,2026-10-31,Vidarbha,Buldhana,Khamgaon,Pimpalgaon Raja
D3012,B1625,Bajra,Not Specified,65.12,4004.16,"Standing requirement for Bajra, quantity flexible based on quality.",2026-07-20,2026-10-24,Marathwada,Beed,Shirur-Kasar,Pimpalner
D3013,B3523,Cashew,Vengurla-7,32.39,23158.04,Seeking regular Cashew supply from nearby farmers.,2026-06-18,2026-08-01,Konkan,Sindhudurg,Malwan,Devli
D3014,B2375,Gram,Not Specified,26.6,6699.08,Requirement raised for Gram to meet upcoming production schedule.,2026-07-25,2026-10-03,Marathwada,Latur,Nilanga,Kasarshirshi
D3015,B4320,Ragi,Phule Nachani,21.08,4472.61,Requirement raised for Ragi to meet upcoming production schedule.,2026-08-01,2026-11-24,Konkan,Thane,Murbad,Deogaon
D3016,B3915,Maize,DHM-117,9.57,2289.78,Buyer looking to purchase Maize directly from farmers.,2026-07-07,2026-10-24,Khandesh,Nandurbar,Nandurbar,Adachhi
D3017,B4789,Linseed,Not Specified,27.76,7829.76,Looking to procure Linseed for institutional buyers.,2026-08-18,2026-12-15,Vidarbha,Gondia,Salekasa,Tirkhedi
D3018,B3058,Mango (Alphonso),Ratna,9.72,10253.98,Seeking regular Mango (Alphonso) supply from nearby farmers.,2026-08-18,2026-08-28,Konkan,Raigad,Uran,Bandhpada
D3019,B0871,Ragi,Dapoli-2,26.98,3930.94,Looking to procure Ragi for institutional buyers.,2026-06-26,2026-08-28,Konkan,Raigad,Sudhagad-Pali,Koshimbale
D3020,B3664,Cashew,Vengurla-8,10.27,21352.73,Seeking regular Cashew supply from nearby farmers.,2026-07-26,2026-08-10,Konkan,Sindhudurg,Devgad,Shirgaon
D3021,B1389,Areca Nut,Not Specified,12.4,39605.09,Sourcing Areca Nut in bulk for our processing unit.,2026-07-17,2026-08-07,Konkan,Ratnagiri,Rajapur,Kondsar Bk.
D3022,B0094,Mango (Alphonso),Not Specified,23.97,22015.66,Buyer looking to purchase Mango (Alphonso) directly from farmers.,2026-05-24,2026-07-01,Konkan,Sindhudurg,Kudal,Gaorai
D3023,B0326,Wheat,Tapovan (NIAW-917),8.06,3339.0,Requirement raised for Wheat to meet upcoming production schedule.,2026-08-14,2026-09-14,Vidarbha,Amravati,Bhatkuli,Asara
D3024,B4758,Udid,Phule Uttara,21.02,7968.71,Sourcing Udid in bulk for our processing unit.,2026-07-27,2026-08-23,Konkan,Palghar,Vasai,Bhatane
D3025,B1898,Chickoo,Not Specified,5.49,3725.79,"Standing requirement for Chickoo, quantity flexible based on quality.",2026-06-01,2026-07-04,Konkan,Palghar,Vasai,Arnala
D3026,B1645,Gram,JAKI-9218,17.35,5375.87,Need consistent Gram supply for ongoing operations.,2026-05-13,2026-08-21,Marathwada,Latur,Deoni,Achwala
D3027,B1821,Mango (Alphonso),Alphonso (Hapus),26.88,16438.23,Looking for fresh Mango (Alphonso) for wholesale procurement.,2026-08-23,2026-09-11,Konkan,Raigad,Karjat,Khandape
D3028,B3780,Chickoo,Cricket Ball,13.78,2538.68,Bulk Chickoo requirement for processing.,2026-08-22,2026-09-27,Konkan,Thane,Murbad,Dhasai
D3029,B0450,Sunflower,Phule Raviraj,69.82,6301.93,"Procurement need for good quality Sunflower, open to multiple sellers.",2026-08-02,2026-11-26,Vidarbha,Buldhana,Mehkar,Janefal
D3030,B2900,Tur,Vipula,29.24,7117.72,"Procurement need for good quality Tur, open to multiple sellers.",2026-06-08,2026-07-14,Marathwada,Beed,Wadwani,Upli
D3031,B3643,Sugarcane,Not Specified,396.46,593.12,Looking to procure Sugarcane for institutional buyers.,2026-05-16,2026-07-05,Western Maharashtra (Desh),Ahilyanagar (Ahmednagar),Parner,Parner
D3032,B3362,Mango (Alphonso),Pairi,13.45,8692.3,Buyer looking to purchase Mango (Alphonso) directly from farmers.,2026-06-12,2026-07-04,Konkan,Ratnagiri,Lanja,Nivasar
D3033,B0813,Wheat,Sharbati,64.18,2442.81,Sourcing Wheat for export-quality grading and packaging.,2026-05-28,2026-07-14,Western Maharashtra (Desh),Satara,Koregaon,Arvi
D3034,B3801,Field Beans,Local Konkan landrace,22.39,4018.36,Buyer looking to purchase Field Beans directly from farmers.,2026-08-20,2026-09-01,Konkan,Raigad,Sudhagad-Pali,Koshimbale
D3035,B3457,Soybean,Not Specified,21.33,5234.66,Sourcing Soybean in bulk for our processing unit.,2026-05-26,2026-06-25,Vidarbha,Washim,Washim,Adoli
D3036,B2273,Jowar,Not Specified,62.56,4432.18,Requirement raised for Jowar to meet upcoming production schedule.,2026-05-14,2026-08-17,Western Maharashtra (Desh),Kolhapur,Karvir,Bahireshwar
D3037,B3616,Coconut,Banawali,31.4,4596.62,"Standing requirement for Coconut, quantity flexible based on quality.",2026-07-17,2026-08-07,Konkan,Sindhudurg,Vaibhavwadi,Nadhavade
D3038,B2456,Coconut,Not Specified,5.54,3388.44,Inviting offers for Coconut from farmers in the region.,2026-06-01,2026-06-30,Konkan,Sindhudurg,Kankavli,Bandargaon
D3039,B2185,Groundnut,Not Specified,13.47,7335.67,"Procurement need for good quality Groundnut, open to multiple sellers.",2026-06-08,2026-08-26,Western Maharashtra (Desh),Pune,Mulshi,Akole
D3040,B2747,Cashew,Not Specified,20.37,17670.75,Sourcing Cashew in bulk for our processing unit.,2026-07-02,2026-07-12,Konkan,Sindhudurg,Malwan,Waghavane
D3041,B1356,Vari,Local Bhagar landrace,62.62,3984.42,"Procurement need for good quality Vari, open to multiple sellers.",2026-06-23,2026-08-04,Konkan,Raigad,Shrivardhan,Asuf
D3042,B3425,Cotton,Not Specified,10.85,9439.72,Seeking regular Cotton supply from nearby farmers.,2026-05-28,2026-08-16,Khandesh,Dhule,Sindkheda,Chilane
D3043,B2181,Ragi,Dapoli-1,34.84,2773.05,Requirement raised for Ragi to meet upcoming production schedule.,2026-06-02,2026-08-09,Konkan,Palghar,Vikramgad,Dadade
D3044,B2564,Areca Nut,Sumangala,10.04,42739.32,Sourcing Areca Nut in bulk for our processing unit.,2026-06-03,2026-06-14,Konkan,Ratnagiri,Lanja,Gangar Kargaon
D3045,B0267,Cashew,Not Specified,11.3,19105.97,Sourcing Cashew in bulk for our processing unit.,2026-07-29,2026-08-11,Konkan,Ratnagiri,Ratnagiri,Bhandarwada
D3046,B2497,Linseed,Sharda,43.17,7362.79,Sourcing Linseed in bulk for our processing unit.,2026-06-01,2026-08-29,Vidarbha,Gondia,Amgaon,Asordi
D3047,B4281,Ragi,Dapoli-1,18.42,3461.96,Buyer looking to purchase Ragi directly from farmers.,2026-05-11,2026-08-01,Konkan,Ratnagiri,Rajapur,Avali Chiwadi
D3048,B2879,Rice,Not Specified,32.61,4212.46,Need consistent Rice supply for ongoing operations.,2026-05-19,2026-08-01,Konkan,Thane,Shahapur,Shirol
D3049,B1916,Field Beans,Konkan Val landrace,17.05,3547.39,Sourcing Field Beans for export-quality grading and packaging.,2026-05-12,2026-06-14,Konkan,Raigad,Khalapur,Ajivali
D3050,B4240,Cashew,Not Specified,22.64,23114.72,Seeking regular Cashew supply from nearby farmers.,2026-07-03,2026-07-23,Konkan,Raigad,Tala,Bamanghar
D3051,B4726,Wheat,Not Specified,8.74,2768.58,Requirement raised for Wheat to meet upcoming production schedule.,2026-05-05,2026-07-27,Western Maharashtra (Desh),Satara,Satara,Angapur Vandan
D3052,B4605,Wheat,Sharbati,68.95,2550.26,Buyer looking to purchase Wheat directly from farmers.,2026-05-04,2026-06-02,Marathwada,Jalna,Mantha,Talni
D3053,B1867,Ragi,Not Specified,18.02,4371.25,"Standing requirement for Ragi, quantity flexible based on quality.",2026-07-10,2026-08-31,Konkan,Raigad,Poladpur,Adavale Bk.
D3054,B0222,Areca Nut,Sumangala,26.3,32890.41,Buyer looking to purchase Areca Nut directly from farmers.,2026-07-05,2026-07-22,Konkan,Ratnagiri,Sangameshwar,Wadi Adhishti
D3055,B4490,Bajra,Not Specified,20.13,2504.1,Buyer looking to purchase Bajra directly from farmers.,2026-08-20,2026-11-13,Marathwada,Jalna,Ambad,Shahagad
D3056,B4708,Jowar,Not Specified,60.38,5035.45,Inviting offers for Jowar from farmers in the region.,2026-07-03,2026-10-18,Western Maharashtra (Desh),Solapur,Madha,Aran
D3057,B4154,Jowar,CSH-25,42.12,3816.22,"Standing requirement for Jowar, quantity flexible based on quality.",2026-08-12,2026-09-11,Vidarbha,Chandrapur,Bramhapuri,Adyal Gaonganna
D3058,B3173,Field Beans,Konkan Val landrace,24.09,3304.7,Looking to procure Field Beans for institutional buyers.,2026-08-13,2026-09-24,Konkan,Raigad,Khalapur,Ambivali T. Wankhal
D3059,B4127,Sugarcane,Not Specified,561.66,285.76,Requirement raised for Sugarcane to meet upcoming production schedule.,2026-08-12,2026-11-26,Western Maharashtra (Desh),Pune,Maval,Adhale Kh.
D3060,B2644,Udid,Not Specified,65.09,8472.53,"Standing requirement for Udid, quantity flexible based on quality.",2026-05-20,2026-06-29,Konkan,Thane,Kalyan,Antarli
D3061,B3731,Areca Nut,Sumangala,29.58,52734.28,Inviting offers for Areca Nut from farmers in the region.,2026-08-18,2026-09-25,Konkan,Sindhudurg,Malwan,Kalethar
D3062,B0244,Gram,JAKI-9218,20.8,4841.0,Bulk Gram requirement for processing.,2026-06-26,2026-08-10,Marathwada,Latur,Ausa,Killari
D3063,B4734,Vari,Not Specified,55.91,5031.83,Need consistent Vari supply for ongoing operations.,2026-05-27,2026-09-03,Western Maharashtra (Desh),Satara,Koregaon,Arvi
D3064,B4763,Ragi,Phule Nachani,30.44,2907.83,"Standing requirement for Ragi, quantity flexible based on quality.",2026-08-13,2026-09-27,Konkan,Ratnagiri,Sangameshwar,Devrukh
D3065,B4019,Wheat,NIAW-34,34.16,2492.75,"Procurement need for good quality Wheat, open to multiple sellers.",2026-08-09,2026-10-02,Vidarbha,Yavatmal,Ner,Mangladevi
D3066,B3799,Field Beans,Konkan Val landrace,22.75,4924.67,Sourcing Field Beans in bulk for our processing unit.,2026-07-22,2026-08-11,Konkan,Raigad,Murud,Abitghar
D3067,B3320,Cotton,Not Specified,18.25,8176.59,Sourcing Cotton for export-quality grading and packaging.,2026-07-20,2026-11-09,Vidarbha,Amravati,Dhamangaon,Juna Dhamangaon
D3068,B1921,Soybean,Not Specified,13.66,6923.29,Requirement raised for Soybean to meet upcoming production schedule.,2026-06-12,2026-09-26,Vidarbha,Washim,Risod,Wakad
D3069,B0158,Coconut,Pratap,29.43,5027.21,Buyer looking to purchase Coconut directly from farmers.,2026-07-02,2026-08-05,Konkan,Sindhudurg,Vengurla,Parule
D3070,B1472,Groundnut,SB-11,61.8,7131.15,Looking for fresh Groundnut for wholesale procurement.,2026-06-21,2026-10-01,Vidarbha,Washim,Malegaon,Bramhanwada Najik Marsul
D3071,B4346,Sunflower,Morden,25.23,7944.54,Sourcing Sunflower for export-quality grading and packaging.,2026-08-09,2026-11-26,Vidarbha,Buldhana,Shegaon,Jalamb
D3072,B2010,Udid,Not Specified,55.29,8933.49,Sourcing Udid for export-quality grading and packaging.,2026-07-30,2026-11-26,Konkan,Palghar,Vada,Ambiste Kh.
D3073,B0618,Field Beans,Konkan Val landrace,18.65,4084.92,Looking for fresh Field Beans for wholesale procurement.,2026-06-24,2026-07-28,Konkan,Raigad,Murud,Agardande
D3074,B2221,Areca Nut,Not Specified,26.7,41481.36,Looking to procure Areca Nut for institutional buyers.,2026-07-12,2026-07-25,Konkan,Ratnagiri,Chiplun,Ketki
D3075,B0844,Bajra,Saburi,65.24,3542.66,Sourcing Bajra for export-quality grading and packaging.,2026-07-28,2026-11-13,Marathwada,Beed,Majalgaon,Pathrud
D3076,B4187,Cotton,Ajeet-155 Bt,20.92,8812.18,Looking for fresh Cotton for wholesale procurement.,2026-05-16,2026-06-16,Khandesh,Dhule,Sakri,Pimpalner
D3077,B1279,Field Beans,Local Konkan landrace,5.89,5075.33,"Procurement need for good quality Field Beans, open to multiple sellers.",2026-05-03,2026-06-16,Konkan,Raigad,Shrivardhan,Asuf
D3078,B0258,Chickoo,Cricket Ball,17.88,2838.69,Inviting offers for Chickoo from farmers in the region.,2026-05-24,2026-06-29,Konkan,Palghar,Palghar,Barhanpur
D3079,B4508,Areca Nut,Sumangala,31.83,54808.09,Requirement raised for Areca Nut to meet upcoming production schedule.,2026-08-07,2026-08-18,Konkan,Ratnagiri,Sangameshwar,Wadi Adhishti
D3080,B0158,Coconut,Pratap,35.16,3444.64,Looking to procure Coconut for institutional buyers.,2026-07-05,2026-08-01,Konkan,Sindhudurg,Vengurla,Parule
D3081,B0728,Mango (Alphonso),Alphonso (Hapus),18.01,20527.07,Bulk Mango (Alphonso) requirement for processing.,2026-08-03,2026-09-06,Konkan,Sindhudurg,Malwan,Devli
D3082,B0903,Vari,Local Bhagar landrace,37.16,3497.02,Inviting offers for Vari from farmers in the region.,2026-05-04,2026-06-15,Konkan,Raigad,Khalapur,Adoshi
D3083,B0138,Areca Nut,Mangala,19.37,49280.67,Seeking regular Areca Nut supply from nearby farmers.,2026-08-26,2026-10-01,Konkan,Sindhudurg,Dodamarg,Panturli
D3084,B1595,Ragi,Not Specified,31.79,3259.36,"Procurement need for good quality Ragi, open to multiple sellers.",2026-06-16,2026-09-25,Konkan,Raigad,Poladpur,Adavale Kh.
D3085,B3126,Cotton,Not Specified,19.91,8299.33,Inviting offers for Cotton from farmers in the region.,2026-07-30,2026-10-25,Khandesh,Dhule,Shirpur,Boradi
D3086,B0049,Rice,Ambemohar,73.16,3927.74,Looking to procure Rice for institutional buyers.,2026-08-23,2026-10-05,Vidarbha,Gadchiroli,Sironcha,Jafrabad Chak
D3087,B2444,Banana,Rajapuri,10.53,3742.73,"Standing requirement for Banana, quantity flexible based on quality.",2026-05-12,2026-05-31,Khandesh,Jalgaon,Bhusawal,Achegaon
D3088,B1826,Banana,Grand Naine,4.23,3566.49,Sourcing Banana in bulk for our processing unit.,2026-07-17,2026-08-21,Khandesh,Jalgaon,Jamner,Amkhede
D3089,B0482,Banana,Red Banana,23.83,3168.32,Seeking regular Banana supply from nearby farmers.,2026-08-22,2026-09-19,Khandesh,Jalgaon,Jamner,Ambadi
D3090,B1985,Sugarcane,Co 86032,489.75,605.66,Sourcing Sugarcane in bulk for our processing unit.,2026-05-05,2026-07-14,Western Maharashtra (Desh),Solapur,Solapur South,Aherwadi
D3091,B1822,Sunflower,Not Specified,38.7,6649.35,Bulk Sunflower requirement for processing.,2026-08-01,2026-10-21,Vidarbha,Buldhana,Chikhli,Isoli
D3092,B3009,Soybean,Not Specified,25.75,4472.48,"Procurement need for good quality Soybean, open to multiple sellers.",2026-08-18,2026-12-10,Marathwada,Nanded,Mudkhed,Mugat
D3093,B2229,Field Beans,Not Specified,35.28,4202.31,Bulk Field Beans requirement for processing.,2026-06-19,2026-07-27,Konkan,Raigad,Karjat,Khandape
D3094,B4083,Linseed,Parbhani Alsi,22.91,7300.99,Buyer looking to purchase Linseed directly from farmers.,2026-05-22,2026-07-11,Vidarbha,Gondia,Sadak-Arjuni,Saundal
D3095,B1042,Cashew,Konkan Kalpa,16.5,21811.47,"Standing requirement for Cashew, quantity flexible based on quality.",2026-08-09,2026-09-21,Konkan,Raigad,Mahad,Rupavali
D3096,B3341,Turmeric,Phule Swarupa,7.12,15018.33,"Standing requirement for Turmeric, quantity flexible based on quality.",2026-08-13,2026-09-03,Western Maharashtra (Desh),Sangli,Jat,Ankalagi
D3097,B1106,Soybean,Not Specified,68.27,5023.57,Inviting offers for Soybean from farmers in the region.,2026-06-24,2026-08-09,Vidarbha,Washim,Manora,Shendurjana (A)
D3098,B3365,Bajra,Not Specified,16.63,3027.74,Buyer looking to purchase Bajra directly from farmers.,2026-05-10,2026-08-01,Marathwada,Beed,Patoda,Chumbli
D3099,B4663,Coconut,Not Specified,9.96,6073.4,Buyer looking to purchase Coconut directly from farmers.,2026-07-22,2026-08-10,Konkan,Sindhudurg,Vaibhavwadi,Lore
D3100,B4491,Chickoo,Kalipatti,27.0,3662.74,Buyer looking to purchase Chickoo directly from farmers.,2026-07-16,2026-08-24,Konkan,Thane,Murbad,Deogaon
D3101,B4059,Groundnut,Phule Unnati,32.65,8357.11,Looking for fresh Groundnut for wholesale procurement.,2026-06-12,2026-08-07,Vidarbha,Bhandara,Tumsar,Ashti
D3102,B2088,Areca Nut,Mangala,21.58,55462.42,Sourcing Areca Nut in bulk for our processing unit.,2026-08-20,2026-09-14,Konkan,Ratnagiri,Chiplun,Ketki
D3103,B0784,Vari,Konkan local Vari landrace,76.73,4456.36,Seeking regular Vari supply from nearby farmers.,2026-08-26,2026-11-10,Konkan,Raigad,Mangaon,Adghar
D3104,B0081,Maize,African Tall,27.24,1809.0,Looking to procure Maize for institutional buyers.,2026-08-01,2026-10-16,Khandesh,Jalgaon,Bhadgaon,Amadade
D3105,B1203,Sunflower,Not Specified,59.63,8043.54,Sourcing Sunflower in bulk for our processing unit.,2026-08-06,2026-11-23,Vidarbha,Buldhana,Sindkhed Raja,Changefal
D3106,B1859,Ragi,Not Specified,31.43,4049.1,"Standing requirement for Ragi, quantity flexible based on quality.",2026-05-09,2026-07-11,Konkan,Ratnagiri,Mandangad,Dandnagari
D3107,B0969,Wheat,Tapovan (NIAW-917),28.1,3314.24,Inviting offers for Wheat from farmers in the region.,2026-07-05,2026-08-03,Vidarbha,Amravati,Chikhaldara,Katkumbh
D3108,B4425,Sunflower,Morden,67.21,6279.32,Seeking regular Sunflower supply from nearby farmers.,2026-08-06,2026-11-24,Vidarbha,Buldhana,Buldhana,Dhad
D3109,B1110,Wheat,Lokwan,28.6,3411.54,Looking to procure Wheat for institutional buyers.,2026-05-22,2026-08-21,Marathwada,Nanded,Bhokar,Amdari
D3110,B1497,Banana,Grand Naine,4.9,5047.76,Buyer looking to purchase Banana directly from farmers.,2026-06-29,2026-07-15,Khandesh,Jalgaon,Pachora,Akhatwade
D3111,B2139,Mango (Alphonso),Not Specified,24.45,9449.75,"Standing requirement for Mango (Alphonso), quantity flexible based on quality.",2026-08-23,2026-10-06,Konkan,Sindhudurg,Vengurla,Parule
D3112,B0279,Maize,Not Specified,64.18,2178.97,Seeking regular Maize supply from nearby farmers.,2026-08-19,2026-09-23,Khandesh,Dhule,Sindkheda,Chilane
D3113,B3882,Ragi,Not Specified,11.79,4407.01,Need consistent Ragi supply for ongoing operations.,2026-07-23,2026-10-08,Konkan,Raigad,Alibag,Agarkot
D3114,B0824,Banana,Not Specified,17.14,2718.87,Need consistent Banana supply for ongoing operations.,2026-05-22,2026-06-19,Khandesh,Jalgaon,Raver,Ainpur
D3115,B0056,Gram,Phule Vikram,40.82,4975.06,Seeking regular Gram supply from nearby farmers.,2026-06-15,2026-07-19,Marathwada,Latur,Nilanga,Aurad
D3116,B1591,Mango (Alphonso),Pairi,31.96,8781.91,Looking for fresh Mango (Alphonso) for wholesale procurement.,2026-07-08,2026-08-18,Konkan,Ratnagiri,Lanja,Shirambavali
D3117,B1610,Soybean,Not Specified,12.79,7635.98,Requirement raised for Soybean to meet upcoming production schedule.,2026-05-08,2026-07-25,Vidarbha,Washim,Malegaon,Chiwara
D3118,B0706,Bajra,Not Specified,57.45,2493.46,Looking for fresh Bajra for wholesale procurement.,2026-05-21,2026-07-27,Western Maharashtra (Desh),Pune,Junnar,Agar
D3119,B4783,Vari,Not Specified,13.89,3632.26,Need consistent Vari supply for ongoing operations.,2026-05-28,2026-08-19,Western Maharashtra (Desh),Satara,Koregaon,Ambawade S. Koregaon
D3120,B0331,Turmeric,Selam,8.62,12115.35,Sourcing Turmeric in bulk for our processing unit.,2026-06-09,2026-07-17,Western Maharashtra (Desh),Sangli,Miraj,Bamnoli
D3121,B2348,Jowar,CSH-16,60.62,4517.8,Looking for fresh Jowar for wholesale procurement.,2026-07-02,2026-10-03,Western Maharashtra (Desh),Satara,Jaoli,Akhade
D3122,B3408,Ragi,Not Specified,28.4,3320.02,Bulk Ragi requirement for processing.,2026-08-22,2026-09-16,Konkan,Palghar,Palghar,Betegaon
D3123,B3854,Groundnut,JL-24,59.05,7737.72,Need consistent Groundnut supply for ongoing operations.,2026-07-25,2026-11-15,Western Maharashtra (Desh),Pune,Baramati,Anjangaon
D3124,B4566,Areca Nut,Not Specified,36.53,34696.2,Sourcing Areca Nut for export-quality grading and packaging.,2026-06-03,2026-06-23,Konkan,Ratnagiri,Chiplun,Ketki
D3125,B4410,Banana,Not Specified,6.35,2790.65,"Procurement need for good quality Banana, open to multiple sellers.",2026-08-25,2026-09-06,Khandesh,Jalgaon,Pachora,Anturli Kh. Pr. Lohare
D3126,B0602,Cotton,Not Specified,30.74,7639.87,Requirement raised for Cotton to meet upcoming production schedule.,2026-07-14,2026-08-18,Marathwada,Parbhani,Pathri,Limba
D3127,B0782,Tur,Phule Rajeshwari,25.06,7994.88,"Standing requirement for Tur, quantity flexible based on quality.",2026-06-25,2026-09-04,Konkan,Palghar,Vasai,Bhatane
D3128,B2039,Vari,Not Specified,17.08,4043.26,Looking to procure Vari for institutional buyers.,2026-07-08,2026-10-01,Konkan,Palghar,Dahanu,Dapchari
D3129,B0023,Vari,Konkan local Vari landrace,49.78,5057.71,Looking for fresh Vari for wholesale procurement.,2026-08-03,2026-10-07,Western Maharashtra (Desh),Kolhapur,Bhudargad,Madilge Bk.
D3130,B2554,Coconut,Pratap,36.25,6451.46,"Procurement need for good quality Coconut, open to multiple sellers.",2026-07-22,2026-09-04,Konkan,Sindhudurg,Kudal,Kasal
D3131,B1226,Jowar,Phule Yashoda,10.22,3300.46,Buyer looking to purchase Jowar directly from farmers.,2026-06-25,2026-08-09,Vidarbha,Yavatmal,Maregaon,Mahagaon
D3132,B0327,Sunflower,Morden,72.97,6784.02,Buyer looking to purchase Sunflower directly from farmers.,2026-07-31,2026-09-29,Vidarbha,Buldhana,Sangrampur,Bawanbir
D3133,B0173,Field Beans,Not Specified,22.76,2801.67,Buyer looking to purchase Field Beans directly from farmers.,2026-06-15,2026-07-16,Konkan,Raigad,Karjat,Khanand
D3134,B0742,Tur,Not Specified,32.88,7904.64,Sourcing Tur for export-quality grading and packaging.,2026-07-21,2026-09-10,Vidarbha,Bhandara,Mohadi,Kardi
D3135,B1940,Udid,TAU-2,17.47,6637.33,"Procurement need for good quality Udid, open to multiple sellers.",2026-07-22,2026-10-14,Konkan,Palghar,Talasari,Vasa
D3136,B2458,Wheat,Lokwan,39.43,2754.67,Looking for fresh Wheat for wholesale procurement.,2026-08-08,2026-10-27,Western Maharashtra (Desh),Satara,Satara,Angapur Vandan
D3137,B3993,Mango (Alphonso),Ratna,36.59,7492.82,Seeking regular Mango (Alphonso) supply from nearby farmers.,2026-05-05,2026-05-22,Konkan,Sindhudurg,Devgad,Padel
D3138,B0760,Cotton,DCH-32,63.29,7842.73,"Procurement need for good quality Cotton, open to multiple sellers.",2026-07-30,2026-09-11,Vidarbha,Amravati,Morshi,Nerpingalai
D3139,B3194,Tur,BDN-711,29.86,6473.97,Requirement raised for Tur to meet upcoming production schedule.,2026-07-16,2026-09-22,Vidarbha,Gondia,Amgaon,Anjora
D3140,B1336,Cashew,Not Specified,11.96,20339.13,Bulk Cashew requirement for processing.,2026-07-20,2026-08-24,Konkan,Sindhudurg,Vaibhavwadi,Lore
D3141,B0265,Linseed,Parbhani Alsi,52.41,7200.91,Seeking regular Linseed supply from nearby farmers.,2026-05-21,2026-07-25,Vidarbha,Gadchiroli,Dhanora,Dhanora
D3142,B1851,Tur,Not Specified,38.55,5550.82,Need consistent Tur supply for ongoing operations.,2026-08-24,2026-11-03,Marathwada,Beed,Parli,Parli (Rural)
D3143,B2282,Groundnut,JL-24,64.67,7990.93,Looking to procure Groundnut for institutional buyers.,2026-08-09,2026-11-23,Vidarbha,Washim,Malegaon,Bramhanwada Najik Marsul
D3144,B1612,Groundnut,JL-24,27.25,8231.25,"Standing requirement for Groundnut, quantity flexible based on quality.",2026-07-18,2026-11-13,Western Maharashtra (Desh),Kolhapur,Shirol,Nandani
D3145,B1998,Sugarcane,Not Specified,276.82,569.25,Buyer looking to purchase Sugarcane directly from farmers.,2026-08-26,2026-10-06,Western Maharashtra (Desh),Pune,Maval,Adavi
D3146,B3338,Maize,Ganga Safed-2,54.15,2361.44,Looking for fresh Maize for wholesale procurement.,2026-06-21,2026-07-17,Khandesh,Jalgaon,Dharangaon,Anjan Vihire
D3147,B1130,Ragi,Not Specified,6.37,3704.67,Looking for fresh Ragi for wholesale procurement.,2026-05-18,2026-08-13,Konkan,Thane,Kalyan,Antarde
D3148,B4551,Maize,Not Specified,8.78,2708.33,Inviting offers for Maize from farmers in the region.,2026-06-26,2026-09-01,Khandesh,Jalgaon,Jamner,Ambadi
D3149,B0425,Gram,Digvijay,34.59,5242.15,Looking for fresh Gram for wholesale procurement.,2026-06-22,2026-08-02,Marathwada,Latur,Deoni,Batanpur
D3150,B4350,Vari,Not Specified,15.05,4525.78,Sourcing Vari in bulk for our processing unit.,2026-08-15,2026-11-27,Konkan,Palghar,Vasai,Bhatane
D3151,B4465,Bajra,Not Specified,9.03,2590.17,Looking for fresh Bajra for wholesale procurement.,2026-07-20,2026-09-04,Khandesh,Nashik,Deola,Vijayanagara
D3152,B0481,Field Beans,Not Specified,12.57,2844.57,Requirement raised for Field Beans to meet upcoming production schedule.,2026-05-19,2026-06-14,Konkan,Raigad,Karjat,Khandape
D3153,B2777,Sunflower,LSF-8,62.63,6519.71,Requirement raised for Sunflower to meet upcoming production schedule.,2026-07-17,2026-11-08,Vidarbha,Buldhana,Buldhana,Chandol
D3154,B3004,Banana,Ardhapuri,21.55,4627.64,Buyer looking to purchase Banana directly from farmers.,2026-05-05,2026-06-18,Khandesh,Jalgaon,Raver,Ajanad
D3155,B3526,Mango (Alphonso),Ratna,15.59,25799.58,Need consistent Mango (Alphonso) supply for ongoing operations.,2026-08-23,2026-09-22,Konkan,Raigad,Mahad,Rupavali
D3156,B2112,Udid,Not Specified,74.29,8326.47,Seeking regular Udid supply from nearby farmers.,2026-05-05,2026-07-05,Konkan,Palghar,Vada,Ambiste Kh.
D3157,B4562,Vari,Not Specified,28.51,3811.04,Requirement raised for Vari to meet upcoming production schedule.,2026-06-01,2026-07-07,Konkan,Raigad,Shrivardhan,Arathi
D3158,B1019,Bajra,Not Specified,48.99,2340.45,Inviting offers for Bajra from farmers in the region.,2026-07-20,2026-09-27,Marathwada,Beed,Patoda,Amalner
D3159,B2871,Maize,Ganga Safed-2,66.07,2643.72,Requirement raised for Maize to meet upcoming production schedule.,2026-06-25,2026-09-09,Khandesh,Nashik,Malegaon,Dabhadi
D3160,B1286,Field Beans,Not Specified,24.93,4566.79,Seeking regular Field Beans supply from nearby farmers.,2026-05-17,2026-06-27,Konkan,Raigad,Uran,Bandhpada
D3161,B0429,Soybean,MACS 1281,32.16,5181.82,Buyer looking to purchase Soybean directly from farmers.,2026-05-14,2026-07-31,Vidarbha,Washim,Karanja,Bembla
D3162,B1144,Sugarcane,CoM 0265,80.25,280.75,Need consistent Sugarcane supply for ongoing operations.,2026-08-18,2026-10-01,Western Maharashtra (Desh),Pune,Ambegaon,Ahupe
D3163,B3454,Coconut,Not Specified,17.42,3248.9,Requirement raised for Coconut to meet upcoming production schedule.,2026-08-12,2026-08-26,Konkan,Sindhudurg,Kankavli,Bandargaon
D3164,B2999,Rice,Ambemohar,16.92,5507.9,Looking to procure Rice for institutional buyers.,2026-04-29,2026-07-19,Vidarbha,Bhandara,Lakhani,Pohara
D3165,B1888,Jowar,Not Specified,50.95,2791.74,Need consistent Jowar supply for ongoing operations.,2026-08-13,2026-10-17,Khandesh,Dhule,Sindkheda,Chimthane
D3166,B3468,Groundnut,TAG-24,45.68,6895.24,Seeking regular Groundnut supply from nearby farmers.,2026-06-06,2026-07-10,Western Maharashtra (Desh),Satara,Koregaon,Ambawade S. Koregaon
D3167,B1714,Cotton,DCH-32,27.78,9122.48,Looking for fresh Cotton for wholesale procurement.,2026-08-02,2026-09-29,Vidarbha,Nagpur,Hingna,Ajangaon
D3168,B2994,Cashew,Vengurla-7,26.63,23601.33,Need consistent Cashew supply for ongoing operations.,2026-07-19,2026-08-18,Konkan,Ratnagiri,Sangameshwar,Wadi Adhishti
D3169,B3771,Groundnut,JL-24,57.82,8900.22,Looking to procure Groundnut for institutional buyers.,2026-07-18,2026-10-01,Vidarbha,Washim,Risod,Wakad
D3170,B3562,Banana,Not Specified,32.64,4717.92,Buyer looking to purchase Banana directly from farmers.,2026-07-19,2026-08-25,Khandesh,Jalgaon,Amalner,Amalgaon
D3171,B2705,Cashew,Konkan Kalpa,22.08,15750.19,Requirement raised for Cashew to meet upcoming production schedule.,2026-08-03,2026-09-13,Konkan,Sindhudurg,Sawantwadi,Amboli
D3172,B2162,Gram,Not Specified,45.35,5597.57,Looking for fresh Gram for wholesale procurement.,2026-06-22,2026-09-14,Marathwada,Latur,Deoni,Ambegaon
D3173,B0403,Wheat,Not Specified,68.59,3445.91,Sourcing Wheat for export-quality grading and packaging.,2026-07-06,2026-09-29,Western Maharashtra (Desh),Satara,Koregaon,Arvi
D3174,B0727,Mango (Alphonso),Kesar,32.12,25585.8,Bulk Mango (Alphonso) requirement for processing.,2026-07-17,2026-08-06,Konkan,Ratnagiri,Khed,Khed (Bhadgaon)
D3175,B0210,Field Beans,Not Specified,19.27,3403.12,"Procurement need for good quality Field Beans, open to multiple sellers.",2026-08-16,2026-09-04,Konkan,Raigad,Poladpur,Agryachakond
D3176,B3925,Cashew,Vengurla-4,10.97,23708.08,Buyer looking to purchase Cashew directly from farmers.,2026-06-10,2026-06-22,Konkan,Sindhudurg,Malwan,Kalethar
D3177,B1525,Cashew,Not Specified,33.97,17011.51,Seeking regular Cashew supply from nearby farmers.,2026-08-13,2026-09-21,Konkan,Sindhudurg,Malwan,Devli
D3178,B3081,Ragi,Not Specified,22.72,3094.95,Seeking regular Ragi supply from nearby farmers.,2026-07-01,2026-08-25,Konkan,Ratnagiri,Dapoli,Anjarla
D3179,B1307,Soybean,MAUS 71,62.98,6535.69,Looking for fresh Soybean for wholesale procurement.,2026-05-19,2026-09-08,Marathwada,Latur,Nilanga,Kasarshirshi
D3180,B1494,Field Beans,Konkan Val landrace,13.06,5368.23,Bulk Field Beans requirement for processing.,2026-06-29,2026-07-21,Konkan,Raigad,Poladpur,Adavale Bk.
D3181,B1868,Wheat,Not Specified,18.98,2430.31,Seeking regular Wheat supply from nearby farmers.,2026-05-31,2026-08-02,Marathwada,Nanded,Naigaon,Naigaon
D3182,B4053,Tur,Not Specified,47.19,7331.58,"Standing requirement for Tur, quantity flexible based on quality.",2026-04-30,2026-08-19,Marathwada,Beed,Beed,Bahirwadi
D3183,B3959,Cashew,Vengurla-7,32.05,17071.89,Sourcing Cashew in bulk for our processing unit.,2026-07-31,2026-08-18,Konkan,Raigad,Karjat,Khandape
D3184,B3187,Ragi,Dapoli-2,14.23,3763.88,"Standing requirement for Ragi, quantity flexible based on quality.",2026-07-24,2026-09-12,Konkan,Ratnagiri,Khed,Tulashi Kh.
D3185,B4515,Turmeric,Not Specified,6.98,9186.22,Buyer looking to purchase Turmeric directly from farmers.,2026-08-11,2026-09-05,Western Maharashtra (Desh),Sangli,Kavathemahankal,Agalgaon
D3186,B1749,Coconut,Not Specified,10.2,5575.72,Looking to procure Coconut for institutional buyers.,2026-08-04,2026-08-23,Konkan,Sindhudurg,Dodamarg,Kumbral
D3187,B1051,Sunflower,Phule Raviraj,41.64,5712.43,Bulk Sunflower requirement for processing.,2026-06-28,2026-10-23,Vidarbha,Buldhana,Chikhli,Amdapur
D3188,B4148,Field Beans,Not Specified,5.59,3813.42,Sourcing Field Beans in bulk for our processing unit.,2026-08-05,2026-08-16,Konkan,Raigad,Mangaon,Alsunde
D3189,B3629,Udid,TAU-1,12.14,7656.92,Looking for fresh Udid for wholesale procurement.,2026-06-17,2026-08-21,Konkan,Thane,Shahapur,Cherpoli
D3190,B1389,Areca Nut,Not Specified,30.61,35910.57,Sourcing Areca Nut in bulk for our processing unit.,2026-05-12,2026-05-24,Konkan,Ratnagiri,Rajapur,Kondsar Bk.
D3191,B3875,Cashew,Not Specified,13.79,14352.08,Need consistent Cashew supply for ongoing operations.,2026-06-08,2026-07-15,Konkan,Sindhudurg,Kudal,Gaorai
D3192,B3877,Chickoo,Not Specified,15.2,2256.36,Need consistent Chickoo supply for ongoing operations.,2026-06-28,2026-07-31,Konkan,Thane,Thane,Agasan
D3193,B4663,Coconut,Not Specified,31.6,4356.58,Seeking regular Coconut supply from nearby farmers.,2026-05-01,2026-05-13,Konkan,Sindhudurg,Vaibhavwadi,Lore
D3194,B2008,Rice,Not Specified,27.07,4438.26,Requirement raised for Rice to meet upcoming production schedule.,2026-07-25,2026-10-09,Konkan,Palghar,Vasai,Arnala
D3195,B2150,Ragi,Not Specified,26.97,3263.06,Need consistent Ragi supply for ongoing operations.,2026-06-07,2026-09-16,Konkan,Thane,Murbad,Deogaon
D3196,B3979,Chickoo,Not Specified,10.36,3137.42,"Procurement need for good quality Chickoo, open to multiple sellers.",2026-08-26,2026-10-06,Konkan,Thane,Thane,Agasan
D3197,B4705,Ragi,Not Specified,26.31,4243.74,"Standing requirement for Ragi, quantity flexible based on quality.",2026-08-11,2026-10-07,Konkan,Raigad,Mangaon,Alsunde
D3198,B4146,Sunflower,Morden,65.88,5115.44,Sourcing Sunflower in bulk for our processing unit.,2026-07-21,2026-11-07,Vidarbha,Buldhana,Sindkhed Raja,Deulgaon Kol
D3199,B1701,Mango (Alphonso),Ratna,29.5,16832.9,"Procurement need for good quality Mango (Alphonso), open to multiple sellers.",2026-05-18,2026-06-11,Konkan,Raigad,Mahad,Pachad
D3200,B2108,Udid,Not Specified,15.42,6780.5,Sourcing Udid for export-quality grading and packaging.,2026-07-15,2026-11-07,Konkan,Palghar,Palghar,Chahade
D3201,B4372,Sugarcane,Not Specified,102.46,596.67,Bulk Sugarcane requirement for processing.,2026-06-16,2026-08-16,Khandesh,Nandurbar,Akkalkuwa,Molgi
D3202,B4608,Banana,Not Specified,10.93,1487.27,Sourcing Banana for export-quality grading and packaging.,2026-05-10,2026-06-17,Khandesh,Jalgaon,Raver,Ajanad
D3203,B3580,Sugarcane,Not Specified,561.81,599.87,Seeking regular Sugarcane supply from nearby farmers.,2026-08-21,2026-11-29,Marathwada,Beed,Patoda,Patoda
D3204,B4351,Jowar,Not Specified,28.9,4536.32,Seeking regular Jowar supply from nearby farmers.,2026-08-14,2026-11-28,Marathwada,Parbhani,Manwath,Rampuri Bk.
D3205,B1324,Vari,Local Bhagar landrace,60.8,4654.76,Bulk Vari requirement for processing.,2026-08-16,2026-11-13,Konkan,Palghar,Vasai,Agashi
D3206,B4312,Tur,BSMR-736,21.48,7333.61,Inviting offers for Tur from farmers in the region.,2026-07-27,2026-08-28,Marathwada,Latur,Chakur,Ajansonda Kh.
D3207,B2702,Wheat,Not Specified,68.71,2446.25,Buyer looking to purchase Wheat directly from farmers.,2026-07-12,2026-09-24,Marathwada,Jalna,Ghansawangi,Tirthpuri
D3208,B0632,Gram,Not Specified,21.66,6337.32,"Standing requirement for Gram, quantity flexible based on quality.",2026-07-26,2026-10-10,Marathwada,Latur,Renapur,Kharola
D3209,B2507,Chickoo,Kalipatti,15.96,3707.9,Requirement raised for Chickoo to meet upcoming production schedule.,2026-07-11,2026-08-18,Konkan,Thane,Shahapur,Shirol
D3210,B2207,Vari,Not Specified,64.29,3621.01,Looking to procure Vari for institutional buyers.,2026-07-14,2026-08-08,Konkan,Raigad,Poladpur,Adavale Bk.
D3211,B3644,Coconut,T x D hybrid,30.37,2950.72,Inviting offers for Coconut from farmers in the region.,2026-05-08,2026-05-27,Konkan,Sindhudurg,Malwan,Waghavane
D3212,B3418,Chickoo,Kalipatti,8.02,2087.81,Requirement raised for Chickoo to meet upcoming production schedule.,2026-06-20,2026-07-20,Konkan,Thane,Ambarnath,Ashele
D3213,B3684,Sunflower,Not Specified,37.41,5945.59,Need consistent Sunflower supply for ongoing operations.,2026-07-29,2026-10-28,Vidarbha,Buldhana,Lonar,Bibi
D3214,B3266,Turmeric,Rajapuri,28.04,12702.32,Seeking regular Turmeric supply from nearby farmers.,2026-06-06,2026-07-13,Western Maharashtra (Desh),Sangli,Jat,Asangi Jat
D3215,B2250,Linseed,NL-97,29.12,6636.79,Inviting offers for Linseed from farmers in the region.,2026-08-10,2026-10-27,Vidarbha,Gadchiroli,Bhamragad,Arewada
D3216,B4350,Vari,Not Specified,29.18,3343.09,Bulk Vari requirement for processing.,2026-06-28,2026-09-06,Konkan,Palghar,Vasai,Bhatane
D3217,B2092,Coconut,Dwarf Green,9.9,3714.82,Sourcing Coconut in bulk for our processing unit.,2026-06-06,2026-07-18,Konkan,Sindhudurg,Dodamarg,Panturli
D3218,B3870,Groundnut,Not Specified,8.73,8431.31,"Procurement need for good quality Groundnut, open to multiple sellers.",2026-05-29,2026-08-14,Western Maharashtra (Desh),Solapur,Solapur South,Achegaon
D3219,B4378,Jowar,Not Specified,9.74,5725.61,Requirement raised for Jowar to meet upcoming production schedule.,2026-08-14,2026-09-13,Western Maharashtra (Desh),Pune,Pune City,Keshavnagar-Mundwa
D3220,B0521,Mango (Alphonso),Kesar,17.53,7564.46,"Standing requirement for Mango (Alphonso), quantity flexible based on quality.",2026-06-12,2026-07-09,Konkan,Ratnagiri,Lanja,Gangar Kargaon
D3221,B1261,Banana,Not Specified,19.65,3022.02,Seeking regular Banana supply from nearby farmers.,2026-05-06,2026-06-06,Khandesh,Jalgaon,Pachora,Anturli Bk. Pr. Pachora
D3222,B0398,Soybean,MAUS 71,22.27,7611.75,Sourcing Soybean in bulk for our processing unit.,2026-08-06,2026-09-27,Marathwada,Nanded,Kinwat,Bodhadi Bk.
D3223,B2205,Jowar,Not Specified,9.42,5702.6,Looking to procure Jowar for institutional buyers.,2026-05-09,2026-08-19,Vidarbha,Chandrapur,Chimur,Ajgaon
D3224,B3897,Turmeric,Not Specified,27.47,18428.77,"Standing requirement for Turmeric, quantity flexible based on quality.",2026-08-19,2026-09-06,Western Maharashtra (Desh),Sangli,Kavathemahankal,Deshing
D3225,B2235,Tur,BSMR-736,44.01,5903.03,Requirement raised for Tur to meet upcoming production schedule.,2026-06-24,2026-08-22,Khandesh,Jalgaon,Chalisgaon,Adgaon
D3226,B4315,Groundnut,SB-11,67.98,7220.28,Requirement raised for Groundnut to meet upcoming production schedule.,2026-08-07,2026-10-19,Vidarbha,Gondia,Amgaon,Asordi
D3227,B4032,Field Beans,Konkan Val landrace,24.1,4075.13,Looking to procure Field Beans for institutional buyers.,2026-08-24,2026-09-19,Konkan,Raigad,Poladpur,Adavale Bk.
D3228,B0155,Field Beans,Not Specified,24.49,4415.04,Inviting offers for Field Beans from farmers in the region.,2026-05-05,2026-06-11,Konkan,Raigad,Murud,Adad
D3229,B0009,Areca Nut,Sumangala,13.21,49683.41,Looking for fresh Areca Nut for wholesale procurement.,2026-08-12,2026-08-27,Konkan,Ratnagiri,Chiplun,Karambavane
D3230,B2899,Mango (Alphonso),Not Specified,23.8,24566.24,Requirement raised for Mango (Alphonso) to meet upcoming production schedule.,2026-07-11,2026-07-22,Konkan,Ratnagiri,Rajapur,Avali Chiwadi
D3231,B3840,Jowar,Maldandi,18.85,3379.02,"Standing requirement for Jowar, quantity flexible based on quality.",2026-08-06,2026-11-24,Vidarbha,Buldhana,Nandura,Yerali
D3232,B3767,Coconut,T x D hybrid,19.18,5024.12,Bulk Coconut requirement for processing.,2026-07-28,2026-08-11,Konkan,Sindhudurg,Vaibhavwadi,Lore
D3233,B4207,Field Beans,Not Specified,29.75,5373.09,Looking to procure Field Beans for institutional buyers.,2026-07-12,2026-08-01,Konkan,Raigad,Sudhagad-Pali,Kumbharghar
D3234,B1651,Bajra,Phule Adishakti,62.44,2860.96,Looking to procure Bajra for institutional buyers.,2026-07-11,2026-09-24,Khandesh,Dhule,Shirpur,Sangavi
D3235,B4214,Banana,Not Specified,12.42,3641.23,Seeking regular Banana supply from nearby farmers.,2026-06-04,2026-06-28,Khandesh,Jalgaon,Raver,Ahirwadi
D3236,B1379,Groundnut,Not Specified,36.38,8198.72,Requirement raised for Groundnut to meet upcoming production schedule.,2026-08-04,2026-10-16,Western Maharashtra (Desh),Pune,Khed,Adgaon
D3237,B2294,Chickoo,Kalipatti,29.67,2567.28,Inviting offers for Chickoo from farmers in the region.,2026-05-30,2026-07-07,Konkan,Palghar,Mokhada,Gonde Bk.
D3238,B1577,Vari,Not Specified,35.62,3598.41,"Standing requirement for Vari, quantity flexible based on quality.",2026-05-31,2026-09-15,Konkan,Palghar,Talasari,Upalat
D3239,B0709,Coconut,Banawali,19.46,4619.76,Sourcing Coconut in bulk for our processing unit.,2026-08-10,2026-09-13,Konkan,Sindhudurg,Kankavli,Waingani
D3240,B2964,Linseed,Not Specified,39.1,6556.63,Inviting offers for Linseed from farmers in the region.,2026-07-20,2026-08-16,Vidarbha,Gondia,Amgaon,Asordi
D3241,B3444,Cotton,Not Specified,23.2,8842.06,Seeking regular Cotton supply from nearby farmers.,2026-06-01,2026-08-25,Marathwada,Hingoli,Hingoli,Balsond
D3242,B0976,Jowar,Phule Yashoda,71.7,2521.24,Seeking regular Jowar supply from nearby farmers.,2026-08-19,2026-10-12,Western Maharashtra (Desh),Ahilyanagar (Ahmednagar),Parner,Dhavalpuri
D3243,B3863,Cotton,Not Specified,44.68,7730.17,Buyer looking to purchase Cotton directly from farmers.,2026-06-14,2026-08-12,Marathwada,Jalna,Ambad,Jamkhed
D3244,B4442,Vari,Not Specified,40.07,4603.44,Inviting offers for Vari from farmers in the region.,2026-06-09,2026-09-01,Konkan,Palghar,Palghar,Betegaon
D3245,B3659,Wheat,Not Specified,51.92,2134.4,Need consistent Wheat supply for ongoing operations.,2026-06-28,2026-09-01,Marathwada,Nanded,Biloli,Sagroli
D3246,B2572,Sunflower,KBSH-1,78.11,7837.66,Inviting offers for Sunflower from farmers in the region.,2026-07-14,2026-11-03,Vidarbha,Buldhana,Jalgaon Jamod,Asalgaon
D3247,B0326,Wheat,Not Specified,54.77,2691.51,Bulk Wheat requirement for processing.,2026-06-19,2026-07-22,Vidarbha,Amravati,Bhatkuli,Asara
D3248,B2625,Rice,Ambemohar,58.11,3945.15,Inviting offers for Rice from farmers in the region.,2026-08-26,2026-12-20,Vidarbha,Chandrapur,Chimur,Ajgaon
D3249,B3200,Turmeric,Selam,9.34,11808.96,Inviting offers for Turmeric from farmers in the region.,2026-07-01,2026-07-24,Western Maharashtra (Desh),Sangli,Kavathemahankal,Deshing
D3250,B4302,Bajra,Phule Adishakti,70.2,3815.24,Buyer looking to purchase Bajra directly from farmers.,2026-05-11,2026-07-05,Khandesh,Nashik,Surgana,Mhaiskhadak
D3251,B3270,Chickoo,Not Specified,9.49,4160.22,Looking to procure Chickoo for institutional buyers.,2026-07-21,2026-08-21,Konkan,Thane,Bhiwandi,Anjur
D3252,B0723,Coconut,Banawali,9.23,4866.14,Inviting offers for Coconut from farmers in the region.,2026-07-12,2026-08-15,Konkan,Sindhudurg,Devgad,Jamsande
D3253,B0806,Turmeric,Phule Swarupa,26.03,9416.12,Need consistent Turmeric supply for ongoing operations.,2026-04-30,2026-06-04,Western Maharashtra (Desh),Sangli,Khanapur,Balvadi
D3254,B3179,Mango (Alphonso),Not Specified,31.94,20613.7,Bulk Mango (Alphonso) requirement for processing.,2026-05-06,2026-05-24,Konkan,Ratnagiri,Lanja,Gangar Kargaon
D3255,B1798,Cotton,Bt Cotton (Bollgard II hybrid),45.72,8013.39,Inviting offers for Cotton from farmers in the region.,2026-07-22,2026-09-14,Marathwada,Beed,Parli,Dharmapuri
D3256,B1835,Vari,Local Bhagar landrace,54.88,4472.75,Need consistent Vari supply for ongoing operations.,2026-08-22,2026-10-17,Konkan,Palghar,Dahanu,Bordi
D3257,B2591,Rice,Karjat-3,38.66,4444.67,Buyer looking to purchase Rice directly from farmers.,2026-08-17,2026-12-13,Konkan,Sindhudurg,Dodamarg,Panturli
D3258,B1846,Chickoo,Not Specified,9.81,2720.3,Need consistent Chickoo supply for ongoing operations.,2026-05-01,2026-06-11,Konkan,Palghar,Mokhada,Poshera
D3259,B3623,Soybean,JS 20-29,56.56,7146.62,Looking to procure Soybean for institutional buyers.,2026-08-20,2026-10-11,Vidarbha,Washim,Risod,Wakad
D3260,B0821,Jowar,Maldandi,50.77,5322.42,Requirement raised for Jowar to meet upcoming production schedule.,2026-07-01,2026-07-30,Western Maharashtra (Desh),Pune,Mulshi,Akole
D3261,B2929,Ragi,Dapoli-1,20.55,3850.61,Looking to procure Ragi for institutional buyers.,2026-08-19,2026-10-11,Konkan,Palghar,Dahanu,Bordi
D3262,B4232,Ragi,Dapoli-2,12.34,3312.95,Inviting offers for Ragi from farmers in the region.,2026-07-13,2026-08-20,Konkan,Palghar,Palghar,Barhanpur
D3263,B0626,Field Beans,Local Konkan landrace,34.9,5261.8,Looking to procure Field Beans for institutional buyers.,2026-08-22,2026-09-07,Konkan,Raigad,Panvel,Barwai
D3264,B1249,Jowar,Not Specified,73.83,5801.58,Looking for fresh Jowar for wholesale procurement.,2026-05-28,2026-08-29,Western Maharashtra (Desh),Solapur,Malshiras,Velapur
D3265,B3637,Chickoo,Kalipatti,29.07,3765.88,"Standing requirement for Chickoo, quantity flexible based on quality.",2026-05-10,2026-05-22,Konkan,Palghar,Talasari,Sutrakar
D3266,B4775,Groundnut,Not Specified,65.63,7171.12,Need consistent Groundnut supply for ongoing operations.,2026-07-13,2026-08-25,Western Maharashtra (Desh),Pune,Haveli,Alandi Mhatobachi
D3267,B1902,Sugarcane,Not Specified,217.12,563.83,Sourcing Sugarcane in bulk for our processing unit.,2026-06-20,2026-09-18,Western Maharashtra (Desh),Ahilyanagar (Ahmednagar),Nagar,Agadgaon
D3268,B2392,Wheat,Tapovan (NIAW-917),43.89,2450.97,"Procurement need for good quality Wheat, open to multiple sellers.",2026-08-14,2026-11-01,Vidarbha,Gondia,Amgaon,Asordi
D3269,B3501,Gram,Not Specified,62.13,4852.75,"Procurement need for good quality Gram, open to multiple sellers.",2026-08-23,2026-12-04,Marathwada,Latur,Deoni,Batanpur
D3270,B2616,Sunflower,Phule Raviraj,44.37,5726.79,Bulk Sunflower requirement for processing.,2026-06-20,2026-09-16,Vidarbha,Buldhana,Khamgaon,Sutala Bk.
D3271,B2999,Rice,IR-64,61.8,4905.23,Seeking regular Rice supply from nearby farmers.,2026-07-28,2026-09-20,Vidarbha,Bhandara,Lakhani,Pohara
D3272,B0856,Field Beans,Konkan Val landrace,28.82,3127.38,Bulk Field Beans requirement for processing.,2026-06-16,2026-07-19,Konkan,Raigad,Mahad,Pachad
D3273,B2493,Groundnut,Not Specified,73.29,6369.24,Seeking regular Groundnut supply from nearby farmers.,2026-06-12,2026-08-24,Western Maharashtra (Desh),Kolhapur,Bhudargad,Waghapur
D3274,B3055,Areca Nut,Sumangala,25.01,39091.02,"Procurement need for good quality Areca Nut, open to multiple sellers.",2026-07-19,2026-08-22,Konkan,Ratnagiri,Rajapur,Avali Chiwadi
D3275,B0197,Sunflower,Not Specified,72.62,6015.22,Buyer looking to purchase Sunflower directly from farmers.,2026-08-16,2026-12-09,Vidarbha,Buldhana,Chikhli,Amdapur
D3276,B2086,Tur,BDN-711,30.51,7698.96,Requirement raised for Tur to meet upcoming production schedule.,2026-07-14,2026-10-30,Marathwada,Latur,Renapur,Pangaon
D3277,B0675,Turmeric,Not Specified,16.98,16626.0,"Standing requirement for Turmeric, quantity flexible based on quality.",2026-05-16,2026-05-30,Western Maharashtra (Desh),Sangli,Miraj,Bamnoli
D3278,B3621,Sunflower,KBSH-1,75.27,7897.61,Bulk Sunflower requirement for processing.,2026-07-10,2026-08-16,Vidarbha,Buldhana,Jalgaon Jamod,Pimpalgaon Kale
D3279,B3314,Ragi,Not Specified,6.31,4229.74,Sourcing Ragi in bulk for our processing unit.,2026-08-20,2026-09-26,Konkan,Palghar,Vikramgad,Balapur
D3280,B1868,Wheat,Not Specified,26.75,2422.57,Need consistent Wheat supply for ongoing operations.,2026-06-24,2026-07-26,Marathwada,Nanded,Naigaon,Naigaon
D3281,B2091,Mango (Alphonso),Not Specified,10.85,18026.25,Need consistent Mango (Alphonso) supply for ongoing operations.,2026-06-10,2026-06-28,Konkan,Sindhudurg,Kudal,Kasal
D3282,B1028,Soybean,JS 9560,50.14,7656.57,"Procurement need for good quality Soybean, open to multiple sellers.",2026-08-09,2026-09-06,Western Maharashtra (Desh),Kolhapur,Shahuwadi,Bambavade
D3283,B1242,Bajra,Saburi,70.83,3982.07,"Standing requirement for Bajra, quantity flexible based on quality.",2026-08-04,2026-11-11,Marathwada,Beed,Kaij,Nandurghat
D3284,B3150,Groundnut,Not Specified,20.6,7556.69,"Procurement need for good quality Groundnut, open to multiple sellers.",2026-06-28,2026-09-18,Western Maharashtra (Desh),Pune,Baramati,Ambi Bk.
D3285,B3766,Vari,Local Bhagar landrace,77.7,4075.08,Bulk Vari requirement for processing.,2026-04-29,2026-07-03,Konkan,Thane,Thane,Agasan
D3286,B3229,Areca Nut,Not Specified,13.46,53975.96,Looking for fresh Areca Nut for wholesale procurement.,2026-05-19,2026-06-06,Konkan,Ratnagiri,Sangameshwar,Wadi Adhishti
D3287,B1095,Maize,Not Specified,72.09,2038.76,"Standing requirement for Maize, quantity flexible based on quality.",2026-07-14,2026-08-17,Khandesh,Nashik,Malegaon,Pimpalgaon
D3288,B1711,Banana,Not Specified,33.72,3575.85,Buyer looking to purchase Banana directly from farmers.,2026-07-07,2026-07-18,Khandesh,Jalgaon,Bodwad,Bhankhede Pr. Varangaon
D3289,B0769,Rice,Karjat-3,62.88,4004.79,Looking to procure Rice for institutional buyers.,2026-06-13,2026-08-28,Vidarbha,Gondia,Deori,Chichgad
D3290,B0986,Cotton,Ajeet-155 Bt,47.46,8189.8,Requirement raised for Cotton to meet upcoming production schedule.,2026-05-08,2026-07-10,Vidarbha,Akola,Barshitakli,Pinjar
D3291,B3240,Coconut,Not Specified,18.33,3902.07,Buyer looking to purchase Coconut directly from farmers.,2026-08-13,2026-08-30,Konkan,Sindhudurg,Sawantwadi,Madkhol
D3292,B4503,Jowar,Phule Vasudha,58.74,4030.77,Bulk Jowar requirement for processing.,2026-07-17,2026-09-25,Marathwada,Parbhani,Jintur,Charthana
D3293,B3125,Ragi,Not Specified,23.98,3391.55,Seeking regular Ragi supply from nearby farmers.,2026-07-26,2026-10-21,Konkan,Thane,Bhiwandi,Ambardi
D3294,B3594,Wheat,Sharbati,58.69,2458.33,Looking for fresh Wheat for wholesale procurement.,2026-05-03,2026-08-06,Western Maharashtra (Desh),Sangli,Shirala,Bilashi
D3295,B2650,Vari,Konkan local Vari landrace,60.55,3912.12,Bulk Vari requirement for processing.,2026-08-04,2026-09-24,Western Maharashtra (Desh),Satara,Jaoli,Anewadi
D3296,B2221,Areca Nut,Not Specified,34.89,39131.86,Inviting offers for Areca Nut from farmers in the region.,2026-06-26,2026-07-15,Konkan,Ratnagiri,Chiplun,Ketki
D3297,B1480,Sugarcane,CoVSI 09292,179.97,277.18,Need consistent Sugarcane supply for ongoing operations.,2026-08-07,2026-09-30,Western Maharashtra (Desh),Kolhapur,Shirol,Lat
D3298,B0542,Ragi,Dapoli-2,12.73,4049.32,Sourcing Ragi for export-quality grading and packaging.,2026-05-11,2026-08-31,Konkan,Palghar,Vada,Ambiste Kh.
D3299,B3951,Sugarcane,Co 86032,139.78,311.11,Sourcing Sugarcane in bulk for our processing unit.,2026-08-01,2026-11-09,Marathwada,Jalna,Jalna,Ner
D3300,B3752,Ragi,Dapoli-2,22.59,3322.83,Bulk Ragi requirement for processing.,2026-05-19,2026-09-09,Konkan,Raigad,Murud,Adad
D3301,B0067,Cashew,Vengurla-7,13.4,18186.67,Looking to procure Cashew for institutional buyers.,2026-06-30,2026-07-16,Konkan,Sindhudurg,Malwan,Waghavane
D3302,B4210,Jowar,Phule Yashoda,62.26,4554.9,Looking for fresh Jowar for wholesale procurement.,2026-05-14,2026-09-05,Western Maharashtra (Desh),Satara,Satara,Angapur Vandan
D3303,B4391,Bajra,Phule Adishakti,13.85,2563.46,Bulk Bajra requirement for processing.,2026-06-15,2026-07-18,Marathwada,Beed,Beed,Neknoor
D3304,B2050,Tur,Phule Rajeshwari,42.7,6113.71,Bulk Tur requirement for processing.,2026-08-24,2026-09-19,Marathwada,Latur,Ausa,Lamjana
D3305,B3981,Sunflower,Not Specified,14.44,6507.23,Looking for fresh Sunflower for wholesale procurement.,2026-07-23,2026-10-07,Vidarbha,Buldhana,Motala,Rohinkhed
D3306,B4297,Groundnut,SB-11,16.8,8285.37,Looking for fresh Groundnut for wholesale procurement.,2026-06-27,2026-09-30,Western Maharashtra (Desh),Satara,Satara,Agudewadi
D3307,B0019,Maize,Karveer,61.88,2445.71,"Procurement need for good quality Maize, open to multiple sellers.",2026-08-22,2026-12-17,Marathwada,Chhatrapati Sambhajinagar (Aurangabad),Aurangabad,Devlai
D3308,B0591,Gram,Phule Vikram,20.3,6381.86,Looking for fresh Gram for wholesale procurement.,2026-06-26,2026-07-27,Marathwada,Latur,Udgir,Arasnal
D3309,B1513,Wheat,NIAW-34,67.87,2647.42,Requirement raised for Wheat to meet upcoming production schedule.,2026-08-26,2026-12-17,Vidarbha,Nagpur,Kamptee,Asoli
D3310,B2746,Groundnut,Not Specified,9.64,6726.74,Seeking regular Groundnut supply from nearby farmers.,2026-05-24,2026-09-20,Vidarbha,Washim,Malegaon,Chiwara
D3311,B0783,Maize,DHM-117,10.17,2185.85,Looking for fresh Maize for wholesale procurement.,2026-05-14,2026-06-17,Khandesh,Nashik,Nandgaon,Malharwadi
D3312,B2098,Turmeric,Selam,19.16,9340.81,Buyer looking to purchase Turmeric directly from farmers.,2026-06-29,2026-07-24,Western Maharashtra (Desh),Sangli,Palus,Ankalkhop
D3313,B1686,Wheat,Not Specified,40.44,2216.97,Seeking regular Wheat supply from nearby farmers.,2026-06-09,2026-07-08,Vidarbha,Amravati,Chikhaldara,Churni
D3314,B2618,Groundnut,Phule Unnati,20.41,6187.5,Requirement raised for Groundnut to meet upcoming production schedule.,2026-06-23,2026-10-09,Vidarbha,Gondia,Salekasa,Pipariya
D3315,B0226,Rice,Kolam,75.0,5257.44,Bulk Rice requirement for processing.,2026-08-08,2026-10-04,Khandesh,Nashik,Dindori,Dhakambe
D3316,B4377,Sunflower,LSF-8,49.25,5676.81,Looking to procure Sunflower for institutional buyers.,2026-05-25,2026-07-12,Vidarbha,Buldhana,Lonar,Kingaon Jatu
D3317,B4236,Gram,Digvijay,60.96,5060.5,Sourcing Gram for export-quality grading and packaging.,2026-07-21,2026-09-26,Marathwada,Latur,Latur,Wadi Wagholi
D3318,B3373,Cotton,Not Specified,29.42,8203.66,Seeking regular Cotton supply from nearby farmers.,2026-07-09,2026-09-10,Vidarbha,Buldhana,Sangrampur,Sangrampur Pr. Jamod
D3319,B2441,Jowar,Not Specified,37.17,2427.07,Sourcing Jowar in bulk for our processing unit.,2026-07-19,2026-10-07,Khandesh,Dhule,Shirpur,Boradi
D3320,B3518,Rice,IR-64,73.98,4968.42,"Standing requirement for Rice, quantity flexible based on quality.",2026-08-24,2026-10-19,Vidarbha,Gadchiroli,Desaiganj,Visora
D3321,B3583,Mango (Alphonso),Not Specified,24.98,17710.93,"Procurement need for good quality Mango (Alphonso), open to multiple sellers.",2026-06-09,2026-07-24,Konkan,Raigad,Shrivardhan,Adgaon
D3322,B2954,Wheat,Tapovan (NIAW-917),59.85,2540.13,Bulk Wheat requirement for processing.,2026-06-17,2026-08-03,Marathwada,Nanded,Umri,Gortha
D3323,B3143,Chickoo,Not Specified,16.35,3859.08,"Standing requirement for Chickoo, quantity flexible based on quality.",2026-08-16,2026-09-12,Konkan,Palghar,Vada,Ambiste Kh.
D3324,B3998,Mango (Alphonso),Not Specified,16.94,10222.73,"Procurement need for good quality Mango (Alphonso), open to multiple sellers.",2026-08-18,2026-09-29,Konkan,Sindhudurg,Sawantwadi,Madkhol
D3325,B0497,Chickoo,Not Specified,16.73,2586.14,Sourcing Chickoo in bulk for our processing unit.,2026-07-05,2026-08-07,Konkan,Thane,Bhiwandi,Anjur
D3326,B1796,Mango (Alphonso),Pairi,9.41,27303.38,Sourcing Mango (Alphonso) in bulk for our processing unit.,2026-08-22,2026-09-26,Konkan,Sindhudurg,Vengurla,Parule
D3327,B3558,Sugarcane,Not Specified,400.43,401.57,Inviting offers for Sugarcane from farmers in the region.,2026-07-19,2026-11-09,Marathwada,Jalna,Bhokardan,Paradh Bk.
D3328,B3341,Turmeric,Selam,27.82,14968.96,Requirement raised for Turmeric to meet upcoming production schedule.,2026-08-06,2026-08-25,Western Maharashtra (Desh),Sangli,Jat,Ankalagi
D3329,B2373,Groundnut,TAG-24,40.58,7680.65,Sourcing Groundnut in bulk for our processing unit.,2026-05-14,2026-08-07,Western Maharashtra (Desh),Kolhapur,Shirol,Shirol
D3330,B0671,Cashew,Vengurla-8,32.09,20732.36,Buyer looking to purchase Cashew directly from farmers.,2026-08-24,2026-10-08,Konkan,Sindhudurg,Kudal,Padave
D3331,B1840,Cotton,Bt Cotton (Bollgard II hybrid),68.03,8387.22,Inviting offers for Cotton from farmers in the region.,2026-06-16,2026-10-14,Vidarbha,Gadchiroli,Armori,Churmura
D3332,B3516,Areca Nut,Mangala,17.93,35001.89,Sourcing Areca Nut for export-quality grading and packaging.,2026-07-14,2026-08-11,Konkan,Sindhudurg,Devgad,Jamsande
D3333,B4633,Sugarcane,Phule 265,183.82,501.29,Inviting offers for Sugarcane from farmers in the region.,2026-08-10,2026-09-13,Marathwada,Nanded,Ardhapur,Malegaon
D3334,B3402,Banana,Grand Naine,24.59,3367.42,Bulk Banana requirement for processing.,2026-06-25,2026-08-06,Khandesh,Jalgaon,Amalner,Ambare
D3335,B1612,Groundnut,Not Specified,14.16,6434.07,Need consistent Groundnut supply for ongoing operations.,2026-08-12,2026-11-05,Western Maharashtra (Desh),Kolhapur,Shirol,Nandani
D3336,B1072,Coconut,T x D hybrid,26.69,5637.47,Looking for fresh Coconut for wholesale procurement.,2026-08-24,2026-09-20,Konkan,Sindhudurg,Vengurla,Chipi
D3337,B4394,Tur,Not Specified,60.68,8821.64,Sourcing Tur for export-quality grading and packaging.,2026-05-01,2026-06-12,Konkan,Palghar,Mokhada,Gonde Bk.
D3338,B3168,Maize,Not Specified,45.73,1880.51,Bulk Maize requirement for processing.,2026-08-26,2026-11-09,Khandesh,Nandurbar,Shahada,Adgaon
D3339,B1610,Soybean,Not Specified,26.98,6930.36,Buyer looking to purchase Soybean directly from farmers.,2026-05-26,2026-09-10,Vidarbha,Washim,Malegaon,Chiwara
D3340,B2278,Soybean,Not Specified,55.47,7638.95,Looking to procure Soybean for institutional buyers.,2026-05-23,2026-09-14,Marathwada,Nanded,Himayatnagar,Pota
D3341,B2430,Chickoo,Kalipatti,10.24,3863.71,"Standing requirement for Chickoo, quantity flexible based on quality.",2026-05-15,2026-06-02,Konkan,Palghar,Talasari,Upalat
D3342,B4793,Mango (Alphonso),Not Specified,23.42,27804.13,Looking for fresh Mango (Alphonso) for wholesale procurement.,2026-05-31,2026-06-26,Konkan,Ratnagiri,Mandangad,Ambavane Bk.
D3343,B4143,Linseed,Not Specified,11.81,7189.75,Seeking regular Linseed supply from nearby farmers.,2026-07-26,2026-11-17,Vidarbha,Gadchiroli,Chamorshi,Talodhi Mokasa
D3344,B3140,Mango (Alphonso),Not Specified,22.72,8580.34,Buyer looking to purchase Mango (Alphonso) directly from farmers.,2026-07-03,2026-07-14,Konkan,Ratnagiri,Chiplun,Karambavane
D3345,B3373,Cotton,Not Specified,43.25,8208.57,"Procurement need for good quality Cotton, open to multiple sellers.",2026-07-21,2026-08-19,Vidarbha,Buldhana,Sangrampur,Sangrampur Pr. Jamod
D3346,B0860,Vari,Not Specified,16.42,3943.71,"Standing requirement for Vari, quantity flexible based on quality.",2026-05-03,2026-07-18,Konkan,Thane,Thane,Agasan
D3347,B2023,Bajra,Not Specified,25.87,3553.59,Bulk Bajra requirement for processing.,2026-05-28,2026-07-21,Western Maharashtra (Desh),Pune,Velhe,Ambavane
D3348,B2230,Chickoo,Not Specified,10.56,4115.61,Buyer looking to purchase Chickoo directly from farmers.,2026-08-15,2026-09-07,Konkan,Thane,Murbad,Dhasai
D3349,B2242,Sugarcane,Co 740,206.5,581.37,Inviting offers for Sugarcane from farmers in the region.,2026-08-11,2026-10-08,Marathwada,Parbhani,Gangakhed,Isad
D3350,B0726,Linseed,Not Specified,61.24,7682.37,Need consistent Linseed supply for ongoing operations.,2026-07-21,2026-08-19,Vidarbha,Gondia,Gondia,Aasoli
D3351,B0606,Linseed,Not Specified,58.63,5749.32,Buyer looking to purchase Linseed directly from farmers.,2026-04-30,2026-06-30,Vidarbha,Gadchiroli,Korchi,Maseli
D3352,B4738,Areca Nut,Not Specified,23.8,49871.02,Looking for fresh Areca Nut for wholesale procurement.,2026-05-06,2026-06-04,Konkan,Sindhudurg,Kankavli,Bandargaon
D3353,B1324,Vari,Not Specified,11.64,4312.88,Buyer looking to purchase Vari directly from farmers.,2026-08-17,2026-09-26,Konkan,Palghar,Vasai,Agashi
D3354,B3312,Rice,Not Specified,95.45,5012.28,Bulk Rice requirement for processing.,2026-08-19,2026-11-29,Konkan,Sindhudurg,Sawantwadi,Kariwade
D3355,B0325,Banana,Grand Naine,7.69,4710.23,"Procurement need for good quality Banana, open to multiple sellers.",2026-06-06,2026-07-07,Khandesh,Jalgaon,Amalner,Ambasan
D3356,B2477,Rice,Not Specified,86.05,5607.35,"Procurement need for good quality Rice, open to multiple sellers.",2026-06-15,2026-07-19,Vidarbha,Gadchiroli,Korchi,Kotgul
D3357,B3486,Vari,Local Bhagar landrace,48.23,4603.86,Need consistent Vari supply for ongoing operations.,2026-08-15,2026-11-23,Western Maharashtra (Desh),Satara,Satara,Angapur Vandan
D3358,B0817,Cashew,Vengurla-8,6.07,17029.0,Need consistent Cashew supply for ongoing operations.,2026-05-14,2026-05-29,Konkan,Sindhudurg,Kankavli,Bandargaon
D3359,B4060,Coconut,Dwarf Green,29.67,3125.31,Looking to procure Coconut for institutional buyers.,2026-06-13,2026-06-24,Konkan,Sindhudurg,Dodamarg,Kumbral
D3360,B1109,Soybean,MACS 1281,50.43,4433.65,Inviting offers for Soybean from farmers in the region.,2026-07-16,2026-11-01,Marathwada,Nanded,Himayatnagar,Sarsam
D3361,B0724,Tur,BDN-711,16.82,7360.26,Looking to procure Tur for institutional buyers.,2026-06-12,2026-07-24,Konkan,Thane,Thane,Adavli
D3362,B3970,Rice,Not Specified,17.27,5446.92,"Procurement need for good quality Rice, open to multiple sellers.",2026-08-25,2026-11-18,Konkan,Thane,Thane,Adavli
D3363,B4179,Turmeric,Rajapuri,11.67,13476.01,"Standing requirement for Turmeric, quantity flexible based on quality.",2026-05-10,2026-06-24,Western Maharashtra (Desh),Sangli,Miraj,Arag
D3364,B0653,Tur,Phule Rajeshwari,27.7,8861.84,Looking to procure Tur for institutional buyers.,2026-08-26,2026-10-05,Konkan,Thane,Bhiwandi,Anjur
D3365,B4732,Jowar,Not Specified,19.9,5151.49,Bulk Jowar requirement for processing.,2026-06-19,2026-07-20,Western Maharashtra (Desh),Kolhapur,Shahuwadi,Bhedasgaon
D3366,B0624,Jowar,Not Specified,14.1,3842.02,Requirement raised for Jowar to meet upcoming production schedule.,2026-05-06,2026-08-15,Vidarbha,Yavatmal,Kelapur,Both
D3367,B3550,Tur,Not Specified,20.23,5754.99,Inviting offers for Tur from farmers in the region.,2026-06-05,2026-08-13,Marathwada,Dharashiv (Osmanabad),Bhum,Pathrud
D3368,B2762,Chickoo,Kalipatti,9.34,3467.52,Sourcing Chickoo for export-quality grading and packaging.,2026-06-14,2026-06-28,Konkan,Thane,Thane,Agasan
D3369,B0017,Tur,ICPL-87,26.5,8002.96,Bulk Tur requirement for processing.,2026-08-23,2026-11-15,Konkan,Palghar,Vada,Chinchghar
D3370,B4783,Vari,Local Bhagar landrace,45.11,5104.21,Requirement raised for Vari to meet upcoming production schedule.,2026-06-29,2026-10-09,Western Maharashtra (Desh),Satara,Koregaon,Ambawade S. Koregaon
D3371,B2313,Tur,Vipula,22.51,5727.24,Requirement raised for Tur to meet upcoming production schedule.,2026-05-15,2026-08-28,Vidarbha,Amravati,Dhamangaon,Mund Nilkanth Sakharam
D3372,B2792,Mango (Alphonso),Pairi,34.85,28224.63,"Procurement need for good quality Mango (Alphonso), open to multiple sellers.",2026-06-21,2026-08-02,Konkan,Sindhudurg,Kudal,Gaorai
D3373,B2427,Wheat,Not Specified,61.18,2295.82,Looking to procure Wheat for institutional buyers.,2026-08-04,2026-10-26,Marathwada,Hingoli,Basmath,Girgaon
D3374,B1279,Field Beans,Konkan Val landrace,30.53,3716.96,Requirement raised for Field Beans to meet upcoming production schedule.,2026-05-03,2026-06-06,Konkan,Raigad,Shrivardhan,Asuf
D3375,B0066,Mango (Alphonso),Alphonso (Hapus),6.92,26849.71,Looking to procure Mango (Alphonso) for institutional buyers.,2026-08-22,2026-09-08,Konkan,Raigad,Murud,Abitghar
D3376,B1823,Maize,Karveer,41.53,2759.6,Buyer looking to purchase Maize directly from farmers.,2026-08-17,2026-10-14,Marathwada,Chhatrapati Sambhajinagar (Aurangabad),Vaijapur,Dhondalgaon
D3377,B0332,Sunflower,Not Specified,44.79,7521.14,Bulk Sunflower requirement for processing.,2026-08-19,2026-09-13,Vidarbha,Buldhana,Deulgaon Raja,Deulgaon Mahi
D3378,B3374,Bajra,ICTP-8203,51.68,4606.96,Bulk Bajra requirement for processing.,2026-07-07,2026-10-08,Western Maharashtra (Desh),Pune,Maval,Adhale Bk.
D3379,B1153,Jowar,Phule Vasudha,19.85,4552.56,Bulk Jowar requirement for processing.,2026-05-17,2026-09-03,Western Maharashtra (Desh),Ahilyanagar (Ahmednagar),Sangamner,Ashwi Bk.
D3380,B1322,Udid,Phule Uttara,45.58,7033.5,Inviting offers for Udid from farmers in the region.,2026-05-22,2026-06-17,Konkan,Palghar,Vada,Chinchghar
D3381,B4392,Gram,Phule Vikram,65.55,5891.4,Requirement raised for Gram to meet upcoming production schedule.,2026-08-26,2026-12-04,Marathwada,Latur,Ahmedpur,Shirur Tajband
D3382,B2435,Ragi,Dapoli-2,6.96,4040.69,Inviting offers for Ragi from farmers in the region.,2026-06-08,2026-09-18,Konkan,Palghar,Talasari,Sutrakar
D3383,B0949,Mango (Alphonso),Alphonso (Hapus),27.2,28675.04,Requirement raised for Mango (Alphonso) to meet upcoming production schedule.,2026-07-29,2026-08-28,Konkan,Raigad,Uran,Antrabamdakhar
D3384,B1592,Linseed,Parbhani Alsi,59.7,5933.15,Looking to procure Linseed for institutional buyers.,2026-07-13,2026-08-23,Vidarbha,Gondia,Salekasa,Tirkhedi
D3385,B0063,Areca Nut,Not Specified,18.72,35439.93,Sourcing Areca Nut for export-quality grading and packaging.,2026-08-23,2026-09-25,Konkan,Sindhudurg,Sawantwadi,Amboli
D3386,B4009,Cashew,Not Specified,5.5,21339.77,Inviting offers for Cashew from farmers in the region.,2026-06-04,2026-06-22,Konkan,Sindhudurg,Sawantwadi,Kariwade
D3387,B4428,Udid,BDU-1,10.22,7409.56,"Standing requirement for Udid, quantity flexible based on quality.",2026-06-10,2026-10-04,Konkan,Palghar,Vikramgad,Balapur
D3388,B2699,Wheat,Lokwan,46.3,3272.27,Seeking regular Wheat supply from nearby farmers.,2026-08-10,2026-11-08,Marathwada,Hingoli,Hingoli,Narsi
D3389,B0784,Vari,Not Specified,27.2,4189.42,Buyer looking to purchase Vari directly from farmers.,2026-08-12,2026-10-12,Konkan,Raigad,Mangaon,Adghar
D3390,B1056,Coconut,Not Specified,9.9,5142.43,Looking to procure Coconut for institutional buyers.,2026-07-16,2026-08-09,Konkan,Sindhudurg,Malwan,Kalethar
D3391,B0185,Coconut,Pratap,20.4,6148.28,Looking to procure Coconut for institutional buyers.,2026-08-03,2026-08-14,Konkan,Sindhudurg,Dodamarg,Panturli
D3392,B1863,Gram,Digvijay,52.46,4922.7,Looking to procure Gram for institutional buyers.,2026-07-23,2026-11-16,Marathwada,Latur,Renapur,Pangaon
D3393,B3643,Sugarcane,Co 86032,478.46,425.34,"Standing requirement for Sugarcane, quantity flexible based on quality.",2026-05-01,2026-07-07,Western Maharashtra (Desh),Ahilyanagar (Ahmednagar),Parner,Parner
D3394,B4527,Vari,Local Bhagar landrace,72.49,4835.85,"Standing requirement for Vari, quantity flexible based on quality.",2026-07-18,2026-11-09,Western Maharashtra (Desh),Satara,Jaoli,Anewadi
D3395,B0171,Field Beans,Local Konkan landrace,10.83,5114.54,Looking for fresh Field Beans for wholesale procurement.,2026-08-15,2026-09-21,Konkan,Raigad,Uran,Antrabamdakhar
D3396,B4641,Chickoo,Not Specified,25.09,2732.62,Seeking regular Chickoo supply from nearby farmers.,2026-07-11,2026-08-24,Konkan,Palghar,Palghar,Betegaon
D3397,B3516,Areca Nut,Mangala,28.36,42677.66,Buyer looking to purchase Areca Nut directly from farmers.,2026-07-04,2026-07-28,Konkan,Sindhudurg,Devgad,Jamsande
D3398,B3706,Rice,Not Specified,42.32,5361.27,Bulk Rice requirement for processing.,2026-06-26,2026-08-08,Khandesh,Nashik,Igatpuri,Aavalkhed
D3399,B3639,Areca Nut,Mangala,18.11,47264.09,Sourcing Areca Nut in bulk for our processing unit.,2026-07-20,2026-09-03,Konkan,Ratnagiri,Khed,Tulashi Kh.
D3400,B0480,Bajra,Phule Adishakti,49.28,3362.67,"Procurement need for good quality Bajra, open to multiple sellers.",2026-07-06,2026-09-20,Khandesh,Dhule,Dhule,Kusumbe
D3401,B1317,Tur,Not Specified,62.89,6542.98,Sourcing Tur in bulk for our processing unit.,2026-07-04,2026-09-30,Khandesh,Nandurbar,Akkalkuwa,Dab
D3402,B1478,Field Beans,Konkan Val landrace,22.67,4539.22,"Procurement need for good quality Field Beans, open to multiple sellers.",2026-08-06,2026-09-01,Konkan,Raigad,Murud,Adad
D3403,B1427,Soybean,MAUS 71,8.46,4523.27,Bulk Soybean requirement for processing.,2026-07-03,2026-08-13,Vidarbha,Wardha,Wardha,Waigaon
D3404,B2522,Rice,Indrayani,39.85,5477.72,Buyer looking to purchase Rice directly from farmers.,2026-07-21,2026-09-25,Vidarbha,Gadchiroli,Kurkheda,Kadholi
D3405,B4380,Coconut,T x D hybrid,13.37,6311.35,Looking for fresh Coconut for wholesale procurement.,2026-06-24,2026-08-04,Konkan,Sindhudurg,Sawantwadi,Madkhol
D3406,B4613,Turmeric,Not Specified,3.97,11950.06,Requirement raised for Turmeric to meet upcoming production schedule.,2026-07-03,2026-07-28,Western Maharashtra (Desh),Sangli,Miraj,Ankali
D3407,B1745,Cotton,Bt Cotton (Bollgard II hybrid),47.7,8521.72,"Standing requirement for Cotton, quantity flexible based on quality.",2026-06-11,2026-07-29,Vidarbha,Akola,Barshitakli,Mahan
D3408,B1821,Mango (Alphonso),Not Specified,14.72,19234.59,Seeking regular Mango (Alphonso) supply from nearby farmers.,2026-07-12,2026-08-05,Konkan,Raigad,Karjat,Khandape
D3409,B0378,Areca Nut,Mangala,24.29,42779.27,Sourcing Areca Nut for export-quality grading and packaging.,2026-07-23,2026-08-07,Konkan,Sindhudurg,Dodamarg,Kumbral
D3410,B3626,Groundnut,TAG-24,27.66,6118.9,Seeking regular Groundnut supply from nearby farmers.,2026-08-14,2026-09-11,Western Maharashtra (Desh),Sangli,Atpadi,Autewadi
D3411,B2475,Soybean,MACS 1281,42.38,6916.85,Bulk Soybean requirement for processing.,2026-06-20,2026-08-14,Marathwada,Nanded,Hadgaon,Manatha
D3412,B1443,Turmeric,Not Specified,14.09,11267.26,Looking for fresh Turmeric for wholesale procurement.,2026-06-25,2026-07-13,Western Maharashtra (Desh),Sangli,Walwa,Bahe
D3413,B2908,Maize,Not Specified,71.59,1883.95,"Procurement need for good quality Maize, open to multiple sellers.",2026-07-19,2026-10-16,Khandesh,Jalgaon,Dharangaon,Ahire Bk.
D3414,B0370,Soybean,JS 9560,8.63,4910.67,Buyer looking to purchase Soybean directly from farmers.,2026-05-13,2026-08-20,Vidarbha,Washim,Manora,Manora
D3415,B0400,Linseed,NL-97,43.62,6050.34,"Standing requirement for Linseed, quantity flexible based on quality.",2026-06-01,2026-09-11,Vidarbha,Gadchiroli,Desaiganj,Visora
D3416,B3992,Chickoo,Cricket Ball,4.02,3443.1,Seeking regular Chickoo supply from nearby farmers.,2026-08-02,2026-09-02,Konkan,Palghar,Palghar,Betegaon
D3417,B3525,Udid,Phule Uttara,20.96,7537.14,Sourcing Udid for export-quality grading and packaging.,2026-08-03,2026-10-02,Konkan,Thane,Kalyan,Antarli
D3418,B4033,Gram,Phule Vikram,31.8,6057.93,Looking for fresh Gram for wholesale procurement.,2026-08-04,2026-11-11,Marathwada,Latur,Ahmedpur,Kingaon
D3419,B1169,Sugarcane,Co 94012,464.32,403.81,"Procurement need for good quality Sugarcane, open to multiple sellers.",2026-05-19,2026-07-12,Western Maharashtra (Desh),Pune,Baramati,Anjangaon
D3420,B0679,Areca Nut,Not Specified,25.81,44821.23,Inviting offers for Areca Nut from farmers in the region.,2026-08-09,2026-09-06,Konkan,Ratnagiri,Chiplun,Ketki
D3421,B2716,Coconut,T x D hybrid,28.09,5870.6,Need consistent Coconut supply for ongoing operations.,2026-05-01,2026-05-18,Konkan,Sindhudurg,Malwan,Kalethar
D3422,B2423,Wheat,Not Specified,30.05,2996.81,Sourcing Wheat for export-quality grading and packaging.,2026-08-21,2026-09-25,Vidarbha,Bhandara,Pauni,Adyal
D3423,B3698,Soybean,Not Specified,35.2,5785.7,Buyer looking to purchase Soybean directly from farmers.,2026-06-18,2026-08-26,Vidarbha,Washim,Karanja,Bembla
D3424,B1449,Banana,Not Specified,23.8,4376.15,Bulk Banana requirement for processing.,2026-05-18,2026-06-07,Khandesh,Jalgaon,Bhusawal,Achegaon
D3425,B4537,Banana,Rajapuri,18.55,1637.51,Looking to procure Banana for institutional buyers.,2026-05-10,2026-05-23,Khandesh,Jalgaon,Chopda,Ajanti Kh.
D3426,B1277,Sunflower,KBSH-1,56.19,6301.52,Looking to procure Sunflower for institutional buyers.,2026-07-15,2026-10-04,Vidarbha,Buldhana,Sangrampur,Sangrampur Pr. Jamod
D3427,B0197,Sunflower,Phule Raviraj,53.22,5714.78,"Procurement need for good quality Sunflower, open to multiple sellers.",2026-05-19,2026-07-08,Vidarbha,Buldhana,Chikhli,Amdapur
D3428,B3984,Sunflower,Morden,49.94,5296.25,Seeking regular Sunflower supply from nearby farmers.,2026-06-23,2026-10-07,Vidarbha,Buldhana,Deulgaon Raja,Deulgaon Mahi
D3429,B4234,Coconut,Not Specified,25.26,4126.35,"Procurement need for good quality Coconut, open to multiple sellers.",2026-08-21,2026-09-05,Konkan,Sindhudurg,Kudal,Kasal
D3430,B0681,Cotton,Bt Cotton (Bollgard II hybrid),46.79,8140.73,Looking for fresh Cotton for wholesale procurement.,2026-05-03,2026-08-31,Marathwada,Chhatrapati Sambhajinagar (Aurangabad),Phulambri,Fulambri
D3431,B2006,Soybean,JS 9560,57.0,5217.29,Inviting offers for Soybean from farmers in the region.,2026-07-17,2026-11-08,Vidarbha,Washim,Manora,Shendurjana (A)
D3432,B1217,Bajra,Not Specified,53.67,2216.02,Seeking regular Bajra supply from nearby farmers.,2026-06-06,2026-08-14,Khandesh,Dhule,Sindkheda,Betawad
D3433,B4115,Vari,Not Specified,35.35,3653.66,Need consistent Vari supply for ongoing operations.,2026-08-07,2026-11-08,Konkan,Raigad,Alibag,Agarkot
D3434,B2113,Rice,Kolam,27.98,4856.63,Buyer looking to purchase Rice directly from farmers.,2026-06-18,2026-07-22,Western Maharashtra (Desh),Kolhapur,Bhudargad,Gargoti
D3435,B2793,Bajra,Not Specified,67.62,2389.27,Bulk Bajra requirement for processing.,2026-05-14,2026-07-13,Khandesh,Dhule,Sindkheda,Chimthane
D3436,B0249,Udid,Not Specified,62.41,6978.84,Buyer looking to purchase Udid directly from farmers.,2026-06-25,2026-08-12,Konkan,Thane,Shahapur,Cherpoli
D3437,B3532,Field Beans,Konkan Val landrace,34.34,3735.77,Seeking regular Field Beans supply from nearby farmers.,2026-07-07,2026-08-03,Konkan,Raigad,Poladpur,Adavale Kh.
D3438,B2589,Banana,Not Specified,10.71,4563.2,"Procurement need for good quality Banana, open to multiple sellers.",2026-07-07,2026-08-09,Khandesh,Jalgaon,Muktainagar,Anjangaon
D3439,B3214,Coconut,T x D hybrid,24.17,6388.28,Sourcing Coconut in bulk for our processing unit.,2026-07-12,2026-08-23,Konkan,Sindhudurg,Dodamarg,Panturli
D3440,B2405,Mango (Alphonso),Not Specified,9.42,13090.86,"Standing requirement for Mango (Alphonso), quantity flexible based on quality.",2026-06-10,2026-07-13,Konkan,Sindhudurg,Devgad,Shirgaon
D3441,B0986,Cotton,RCH-2 Bt,48.01,8461.35,Buyer looking to purchase Cotton directly from farmers.,2026-07-18,2026-10-23,Vidarbha,Akola,Barshitakli,Pinjar
D3442,B3431,Udid,TAU-1,66.08,6913.57,Looking to procure Udid for institutional buyers.,2026-05-07,2026-07-24,Konkan,Thane,Bhiwandi,Ambardi
D3443,B1036,Coconut,Not Specified,32.7,5399.87,Seeking regular Coconut supply from nearby farmers.,2026-07-21,2026-08-14,Konkan,Sindhudurg,Kankavli,Waingani
D3444,B2618,Groundnut,Not Specified,48.4,7651.65,"Procurement need for good quality Groundnut, open to multiple sellers.",2026-06-06,2026-08-04,Vidarbha,Gondia,Salekasa,Pipariya
D3445,B1135,Jowar,Phule Yashoda,15.96,4276.81,Looking to procure Jowar for institutional buyers.,2026-06-22,2026-07-17,Western Maharashtra (Desh),Ahilyanagar (Ahmednagar),Parner,Parner
D3446,B1525,Cashew,Vengurla-4,13.64,18707.79,Inviting offers for Cashew from farmers in the region.,2026-08-26,2026-09-05,Konkan,Sindhudurg,Malwan,Devli
D3447,B2351,Vari,Not Specified,76.49,4710.13,Need consistent Vari supply for ongoing operations.,2026-08-17,2026-09-28,Western Maharashtra (Desh),Kolhapur,Panhala,Karanjphen
D3448,B3061,Wheat,Sharbati,51.6,2107.89,Looking for fresh Wheat for wholesale procurement.,2026-05-29,2026-09-14,Vidarbha,Amravati,Dhamangaon,Talegaon Dashasar
D3449,B4340,Vari,Local Bhagar landrace,40.4,4623.03,Seeking regular Vari supply from nearby farmers.,2026-08-09,2026-09-27,Konkan,Palghar,Palghar,Chahade
D3450,B3644,Coconut,Not Specified,32.87,5334.78,"Standing requirement for Coconut, quantity flexible based on quality.",2026-08-01,2026-08-28,Konkan,Sindhudurg,Malwan,Waghavane
D3451,B2595,Udid,TAU-2,41.3,8880.22,Need consistent Udid supply for ongoing operations.,2026-04-30,2026-06-19,Konkan,Palghar,Talasari,Sutrakar
D3452,B3335,Jowar,Not Specified,53.36,6038.83,Inviting offers for Jowar from farmers in the region.,2026-06-29,2026-07-24,Marathwada,Dharashiv (Osmanabad),Paranda,Parewadi
D3453,B0925,Areca Nut,Mangala,33.5,54353.64,Looking for fresh Areca Nut for wholesale procurement.,2026-08-14,2026-08-27,Konkan,Sindhudurg,Vaibhavwadi,Vabhave
D3454,B4244,Bajra,Saburi,16.48,4159.75,Inviting offers for Bajra from farmers in the region.,2026-05-29,2026-07-20,Khandesh,Nashik,Baglan,Devthan Di
D3455,B3465,Field Beans,Not Specified,27.62,3767.81,Inviting offers for Field Beans from farmers in the region.,2026-05-24,2026-07-07,Konkan,Raigad,Shrivardhan,Asuf
D3456,B3322,Tur,BDN-711,53.15,6836.52,Requirement raised for Tur to meet upcoming production schedule.,2026-07-26,2026-09-21,Vidarbha,Yavatmal,Kalamb,Antargaon
D3457,B2344,Turmeric,Not Specified,27.71,15199.21,Looking for fresh Turmeric for wholesale procurement.,2026-07-17,2026-08-19,Western Maharashtra (Desh),Sangli,Khanapur,Ainwadi
D3458,B3435,Udid,BDU-1,16.24,7055.02,Sourcing Udid in bulk for our processing unit.,2026-07-24,2026-08-29,Konkan,Palghar,Vada,Ambiste Kh.
D3459,B4620,Groundnut,Not Specified,32.79,8514.51,Looking for fresh Groundnut for wholesale procurement.,2026-05-10,2026-07-16,Western Maharashtra (Desh),Pune,Velhe,Ambavane
D3460,B2391,Gram,Vijay,31.22,6735.71,Sourcing Gram for export-quality grading and packaging.,2026-07-31,2026-11-23,Marathwada,Latur,Ahmedpur,Hadolti
D3461,B0492,Cotton,Ajeet-155 Bt,22.0,9009.15,Inviting offers for Cotton from farmers in the region.,2026-07-18,2026-11-13,Vidarbha,Amravati,Warud,Jarud
D3462,B0293,Groundnut,JL-24,12.4,5776.22,"Procurement need for good quality Groundnut, open to multiple sellers.",2026-05-08,2026-07-23,Vidarbha,Bhandara,Lakhandur,Pimpalgaon
D3463,B3154,Tur,Not Specified,30.16,7887.65,Requirement raised for Tur to meet upcoming production schedule.,2026-05-27,2026-09-10,Vidarbha,Gondia,Goregaon,Bhadanga
D3464,B0845,Tur,BSMR-736,39.0,7100.72,Requirement raised for Tur to meet upcoming production schedule.,2026-07-09,2026-08-28,Marathwada,Parbhani,Jintur,Kausadi
D3465,B0345,Areca Nut,Not Specified,4.67,56938.6,Inviting offers for Areca Nut from farmers in the region.,2026-08-23,2026-09-26,Konkan,Ratnagiri,Dapoli,Anjarla
D3466,B2309,Jowar,Phule Vasudha,64.69,4335.53,Sourcing Jowar in bulk for our processing unit.,2026-05-04,2026-08-14,Marathwada,Parbhani,Parbhani,Arvi
D3467,B0305,Turmeric,Rajapuri,25.33,15781.36,Buyer looking to purchase Turmeric directly from farmers.,2026-08-20,2026-10-02,Western Maharashtra (Desh),Sangli,Tasgaon,Alate
D3468,B4578,Rice,Not Specified,28.19,4901.46,Buyer looking to purchase Rice directly from farmers.,2026-05-13,2026-07-23,Vidarbha,Gadchiroli,Armori,Bhakrondi
D3469,B4227,Banana,Not Specified,16.95,4528.36,Buyer looking to purchase Banana directly from farmers.,2026-05-16,2026-06-25,Khandesh,Jalgaon,Jamner,Ambadi
D3470,B3158,Udid,Phule Uttara,53.05,6966.73,Bulk Udid requirement for processing.,2026-07-06,2026-08-05,Konkan,Thane,Thane,Adavli
D3471,B2629,Mango (Alphonso),Not Specified,15.07,29695.16,"Procurement need for good quality Mango (Alphonso), open to multiple sellers.",2026-06-22,2026-07-18,Konkan,Raigad,Alibag,Akshi
D3472,B2921,Field Beans,Not Specified,6.73,3680.66,Requirement raised for Field Beans to meet upcoming production schedule.,2026-07-01,2026-07-20,Konkan,Raigad,Murud,Abitghar
D3473,B4469,Sunflower,Morden,75.52,8180.53,"Standing requirement for Sunflower, quantity flexible based on quality.",2026-07-28,2026-10-26,Vidarbha,Buldhana,Deulgaon Raja,Andhera
D3474,B1337,Sugarcane,CoM 0265,266.24,329.27,Need consistent Sugarcane supply for ongoing operations.,2026-08-21,2026-12-13,Western Maharashtra (Desh),Pune,Shirur,Alegaon Paga
D3475,B3949,Ragi,Dapoli-1,6.15,3346.38,Sourcing Ragi in bulk for our processing unit.,2026-08-23,2026-11-10,Konkan,Ratnagiri,Ratnagiri,Bhandarwada
D3476,B4490,Bajra,Phule Adishakti,8.6,4310.94,"Procurement need for good quality Bajra, open to multiple sellers.",2026-04-30,2026-07-29,Marathwada,Jalna,Ambad,Shahagad
D3477,B2794,Groundnut,TAG-24,20.05,8260.13,Buyer looking to purchase Groundnut directly from farmers.,2026-07-20,2026-11-04,Western Maharashtra (Desh),Pune,Pune City,Keshavnagar-Mundwa
D3478,B1819,Maize,African Tall,49.91,2607.77,Sourcing Maize for export-quality grading and packaging.,2026-05-08,2026-07-12,Khandesh,Jalgaon,Chopda,Ajanti Kh.
D3479,B1031,Tur,Not Specified,32.13,6556.94,Bulk Tur requirement for processing.,2026-08-25,2026-09-19,Marathwada,Beed,Majalgaon,Pathrud
D3480,B4460,Banana,Grand Naine,32.78,1453.74,"Standing requirement for Banana, quantity flexible based on quality.",2026-08-22,2026-09-09,Khandesh,Jalgaon,Bhadgaon,Achalgaon
D3481,B0066,Mango (Alphonso),Not Specified,29.19,11788.76,Sourcing Mango (Alphonso) for export-quality grading and packaging.,2026-08-16,2026-09-25,Konkan,Raigad,Murud,Abitghar
D3482,B3893,Soybean,JS 20-29,15.79,6887.16,Sourcing Soybean in bulk for our processing unit.,2026-05-20,2026-06-30,Khandesh,Nandurbar,Akkalkuwa,Bhagdari
D3483,B3939,Areca Nut,Not Specified,34.76,37598.03,"Standing requirement for Areca Nut, quantity flexible based on quality.",2026-05-08,2026-06-15,Konkan,Ratnagiri,Khed,Tulashi Bk.
D3484,B0680,Vari,Konkan local Vari landrace,66.4,4696.34,Sourcing Vari in bulk for our processing unit.,2026-05-20,2026-07-21,Western Maharashtra (Desh),Kolhapur,Kagal,Boravade
D3485,B2378,Ragi,Phule Nachani,34.37,3378.9,Looking to procure Ragi for institutional buyers.,2026-07-07,2026-10-28,Konkan,Thane,Ambarnath,Ashele
D3486,B3663,Bajra,Not Specified,14.38,3642.27,Sourcing Bajra for export-quality grading and packaging.,2026-08-21,2026-09-30,Marathwada,Beed,Beed,Bahirwadi
D3487,B4749,Soybean,Not Specified,38.16,5641.14,Sourcing Soybean for export-quality grading and packaging.,2026-07-22,2026-09-29,Marathwada,Latur,Chakur,Algarwadi
D3488,B3267,Maize,Karveer,34.86,1799.58,"Standing requirement for Maize, quantity flexible based on quality.",2026-08-04,2026-10-16,Khandesh,Jalgaon,Amalner,Ambasan
D3489,B4293,Groundnut,Not Specified,21.1,8349.9,Looking for fresh Groundnut for wholesale procurement.,2026-05-01,2026-08-25,Western Maharashtra (Desh),Kolhapur,Hatkanangale,Shiroli
D3490,B3004,Banana,Rajapuri,32.89,5257.32,Buyer looking to purchase Banana directly from farmers.,2026-07-30,2026-09-01,Khandesh,Jalgaon,Raver,Ajanad
D3491,B1608,Vari,Not Specified,52.3,5191.07,Seeking regular Vari supply from nearby farmers.,2026-05-18,2026-06-23,Konkan,Thane,Bhiwandi,Anjur
D3492,B4747,Areca Nut,Sumangala,12.34,48964.39,Looking for fresh Areca Nut for wholesale procurement.,2026-07-03,2026-08-05,Konkan,Ratnagiri,Sangameshwar,Devade
D3493,B2331,Soybean,JS 335,34.78,6894.65,Requirement raised for Soybean to meet upcoming production schedule.,2026-07-08,2026-10-22,Marathwada,Nanded,Mudkhed,Mugat
D3494,B0937,Jowar,Maldandi,11.08,5411.26,Looking for fresh Jowar for wholesale procurement.,2026-05-09,2026-09-01,Marathwada,Dharashiv (Osmanabad),Washi,Para
D3495,B1241,Soybean,JS 20-29,40.0,4856.53,Requirement raised for Soybean to meet upcoming production schedule.,2026-07-16,2026-11-09,Vidarbha,Nagpur,Nagpur Rural,Bahadura
D3496,B1712,Gram,Not Specified,64.12,6758.54,"Standing requirement for Gram, quantity flexible based on quality.",2026-07-03,2026-10-07,Marathwada,Latur,Latur,Pimpalgaon Amba
D3497,B1666,Rice,Indrayani,53.86,4930.21,Requirement raised for Rice to meet upcoming production schedule.,2026-07-08,2026-08-13,Konkan,Ratnagiri,Sangameshwar,Devrukh
D3498,B1532,Cotton,Suraj Bt,33.85,9130.26,Sourcing Cotton in bulk for our processing unit.,2026-06-24,2026-10-17,Western Maharashtra (Desh),Ahilyanagar (Ahmednagar),Shrirampur,Nipani Wadgaon
D3499,B4140,Field Beans,Not Specified,38.24,3784.36,Sourcing Field Beans in bulk for our processing unit.,2026-07-30,2026-08-24,Konkan,Raigad,Poladpur,Agryachakond
D3500,B1277,Sunflower,LSF-8,15.42,8204.23,Need consistent Sunflower supply for ongoing operations.,2026-08-01,2026-11-18,Vidarbha,Buldhana,Sangrampur,Sangrampur Pr. Jamod
D3501,B3340,Sugarcane,Co 86032,456.65,329.25,Buyer looking to purchase Sugarcane directly from farmers.,2026-07-14,2026-09-10,Western Maharashtra (Desh),Pune,Ambegaon,Adivare
D3502,B1364,Areca Nut,Not Specified,20.75,35730.55,Looking for fresh Areca Nut for wholesale procurement.,2026-05-05,2026-05-17,Konkan,Ratnagiri,Chiplun,Karambavane
D3503,B1158,Jowar,Phule Vasudha,52.9,2775.45,Looking to procure Jowar for institutional buyers.,2026-08-06,2026-09-02,Marathwada,Parbhani,Sonpeth,Ukhali Bk.
D3504,B2619,Linseed,NL-97,38.9,6365.78,"Procurement need for good quality Linseed, open to multiple sellers.",2026-08-14,2026-11-10,Vidarbha,Gondia,Amgaon,Anjora
D3505,B0939,Maize,DHM-117,55.87,2679.22,Sourcing Maize for export-quality grading and packaging.,2026-08-04,2026-09-28,Khandesh,Jalgaon,Amalner,Ambare
D3506,B2624,Tur,Not Specified,62.64,8652.07,Buyer looking to purchase Tur directly from farmers.,2026-07-21,2026-09-09,Khandesh,Nandurbar,Nandurbar,Ambapur
D3507,B0106,Rice,Ambemohar,15.73,3310.88,Looking for fresh Rice for wholesale procurement.,2026-07-12,2026-10-21,Vidarbha,Chandrapur,Saoli,Antargaon
D3508,B1924,Field Beans,Local Konkan landrace,22.31,4675.02,Sourcing Field Beans in bulk for our processing unit.,2026-08-17,2026-09-30,Konkan,Raigad,Sudhagad-Pali,Kumbharghar
D3509,B0368,Gram,JAKI-9218,30.62,6853.69,Bulk Gram requirement for processing.,2026-06-17,2026-09-26,Marathwada,Latur,Nilanga,Halgara
D3510,B1473,Udid,Not Specified,12.02,8797.06,Looking for fresh Udid for wholesale procurement.,2026-08-22,2026-12-15,Konkan,Thane,Kalyan,Antarde
D3511,B1808,Groundnut,Not Specified,35.58,5873.37,Buyer looking to purchase Groundnut directly from farmers.,2026-06-25,2026-09-26,Western Maharashtra (Desh),Solapur,Akkalkot,Karajagi
D3512,B0203,Soybean,JS 20-29,17.02,4864.83,Looking to procure Soybean for institutional buyers.,2026-06-30,2026-08-02,Vidarbha,Washim,Mangrulpir,Borwha Kh.
D3513,B2858,Bajra,Not Specified,64.12,3519.57,Need consistent Bajra supply for ongoing operations.,2026-08-20,2026-10-16,Marathwada,Beed,Beed,Chausala
D3514,B3752,Ragi,Not Specified,31.46,4365.14,"Procurement need for good quality Ragi, open to multiple sellers.",2026-05-10,2026-06-15,Konkan,Raigad,Murud,Adad
D3515,B0298,Bajra,Not Specified,52.24,4498.8,Looking to procure Bajra for institutional buyers.,2026-08-10,2026-10-05,Khandesh,Nashik,Igatpuri,Girnare
D3516,B0069,Jowar,Not Specified,37.47,6386.28,"Standing requirement for Jowar, quantity flexible based on quality.",2026-07-02,2026-09-29,Vidarbha,Chandrapur,Bramhapuri,Adyal Tukum
D3517,B2378,Ragi,Not Specified,7.03,3792.17,Bulk Ragi requirement for processing.,2026-08-06,2026-09-17,Konkan,Thane,Ambarnath,Ashele
D3518,B3459,Groundnut,Not Specified,39.31,7019.97,Requirement raised for Groundnut to meet upcoming production schedule.,2026-07-27,2026-11-22,Khandesh,Dhule,Sindkheda,Chilane
D3519,B0851,Chickoo,Kalipatti,17.05,3551.96,Bulk Chickoo requirement for processing.,2026-07-10,2026-08-19,Konkan,Palghar,Jawhar,Vavar
D3520,B3262,Soybean,Not Specified,16.07,6143.02,"Procurement need for good quality Soybean, open to multiple sellers.",2026-06-27,2026-08-21,Vidarbha,Washim,Mangrulpir,Malshelu
D3521,B3543,Vari,Local Bhagar landrace,10.67,4721.78,Buyer looking to purchase Vari directly from farmers.,2026-08-19,2026-12-03,Konkan,Thane,Murbad,Deogaon
D3522,B1323,Ragi,Dapoli-2,9.46,3046.01,Buyer looking to purchase Ragi directly from farmers.,2026-06-30,2026-09-19,Konkan,Raigad,Sudhagad-Pali,Kumbharghar
D3523,B4217,Ragi,Not Specified,20.24,3766.48,Sourcing Ragi for export-quality grading and packaging.,2026-05-28,2026-09-12,Konkan,Thane,Shahapur,Shirol
D3524,B3253,Gram,Vijay,73.66,5436.85,Seeking regular Gram supply from nearby farmers.,2026-07-15,2026-10-30,Marathwada,Latur,Ahmedpur,Shirur Tajband
D3525,B4406,Bajra,Not Specified,8.37,2786.33,"Standing requirement for Bajra, quantity flexible based on quality.",2026-06-04,2026-08-08,Khandesh,Nashik,Kalwan,Kalwan Khu
D3526,B4634,Udid,Phule Uttara,30.27,8427.34,Need consistent Udid supply for ongoing operations.,2026-07-04,2026-09-22,Konkan,Palghar,Mokhada,Khodala
D3527,B2644,Udid,Not Specified,64.56,7662.38,Looking for fresh Udid for wholesale procurement.,2026-07-15,2026-09-02,Konkan,Thane,Kalyan,Antarli
D3528,B4564,Linseed,Sharda,37.36,6313.74,Bulk Linseed requirement for processing.,2026-08-22,2026-10-23,Vidarbha,Gadchiroli,Desaiganj,Visora
D3529,B1023,Mango (Alphonso),Not Specified,7.78,28940.85,Buyer looking to purchase Mango (Alphonso) directly from farmers.,2026-06-16,2026-07-31,Konkan,Sindhudurg,Vengurla,Chipi
D3530,B4774,Bajra,ICTP-8203,69.81,2388.26,Requirement raised for Bajra to meet upcoming production schedule.,2026-08-18,2026-10-26,Western Maharashtra (Desh),Pune,Purandhar,Ambale
D3531,B0761,Coconut,T x D hybrid,6.81,3186.1,Sourcing Coconut in bulk for our processing unit.,2026-07-12,2026-07-24,Konkan,Sindhudurg,Vaibhavwadi,Nadhavade
D3532,B0460,Udid,Not Specified,32.79,6599.74,Sourcing Udid for export-quality grading and packaging.,2026-07-21,2026-09-17,Konkan,Palghar,Jawhar,Kharonda
D3533,B2210,Ragi,Not Specified,24.13,3684.04,Need consistent Ragi supply for ongoing operations.,2026-07-16,2026-10-11,Konkan,Ratnagiri,Dapoli,Satamba
D3534,B2864,Ragi,Not Specified,35.25,3865.67,Looking to procure Ragi for institutional buyers.,2026-05-01,2026-06-13,Konkan,Thane,Thane,Adavli
D3535,B1608,Vari,Konkan local Vari landrace,59.72,3532.95,Looking to procure Vari for institutional buyers.,2026-05-01,2026-08-16,Konkan,Thane,Bhiwandi,Anjur
D3536,B4155,Jowar,CSH-16,41.52,3137.41,Looking for fresh Jowar for wholesale procurement.,2026-06-26,2026-10-11,Khandesh,Jalgaon,Muktainagar,Anturli
D3537,B2824,Soybean,JS 335,18.4,7182.72,Buyer looking to purchase Soybean directly from farmers.,2026-07-22,2026-08-31,Vidarbha,Buldhana,Buldhana,Dhad
D3538,B4595,Groundnut,Phule Unnati,66.16,5604.79,Need consistent Groundnut supply for ongoing operations.,2026-07-26,2026-08-22,Western Maharashtra (Desh),Solapur,Solapur North,Banegaon
D3539,B1115,Jowar,Not Specified,61.0,6278.54,Looking to procure Jowar for institutional buyers.,2026-08-03,2026-09-14,Vidarbha,Wardha,Ashti,Sahur
D3540,B2127,Soybean,Not Specified,44.44,5599.85,Need consistent Soybean supply for ongoing operations.,2026-08-24,2026-12-21,Vidarbha,Akola,Balapur,Wadegaon
D3541,B2362,Soybean,Not Specified,52.22,5480.2,Sourcing Soybean for export-quality grading and packaging.,2026-05-13,2026-08-28,Vidarbha,Washim,Mangrulpir,Borwha Kh.
D3542,B2270,Mango (Alphonso),Pairi,33.62,22564.86,Need consistent Mango (Alphonso) supply for ongoing operations.,2026-06-06,2026-07-10,Konkan,Ratnagiri,Sangameshwar,Devade
D3543,B4447,Coconut,Not Specified,29.88,4105.04,Sourcing Coconut in bulk for our processing unit.,2026-06-05,2026-07-08,Konkan,Sindhudurg,Vaibhavwadi,Vabhave
D3544,B1793,Areca Nut,Mangala,13.56,49807.47,Inviting offers for Areca Nut from farmers in the region.,2026-08-26,2026-10-01,Konkan,Ratnagiri,Ratnagiri,Bhandarwada
D3545,B2900,Tur,Not Specified,41.36,7816.02,Sourcing Tur in bulk for our processing unit.,2026-07-10,2026-09-10,Marathwada,Beed,Wadwani,Upli
D3546,B4601,Gram,Not Specified,23.55,6826.43,Requirement raised for Gram to meet upcoming production schedule.,2026-07-27,2026-10-14,Marathwada,Latur,Jalkot,Chera
D3547,B1311,Ragi,Not Specified,30.21,3145.8,Buyer looking to purchase Ragi directly from farmers.,2026-08-14,2026-11-13,Konkan,Thane,Ambarnath,Chinchpada
D3548,B2566,Groundnut,JL-24,64.48,8466.21,Need consistent Groundnut supply for ongoing operations.,2026-06-21,2026-09-14,Vidarbha,Washim,Risod,Rithad
D3549,B0038,Coconut,Not Specified,33.53,3841.08,Seeking regular Coconut supply from nearby farmers.,2026-08-09,2026-09-14,Konkan,Sindhudurg,Devgad,Shirgaon
D3550,B4595,Groundnut,SB-11,28.0,8680.93,Sourcing Groundnut for export-quality grading and packaging.,2026-06-30,2026-10-09,Western Maharashtra (Desh),Solapur,Solapur North,Banegaon
D3551,B2763,Areca Nut,Not Specified,5.32,32931.19,Sourcing Areca Nut for export-quality grading and packaging.,2026-08-11,2026-09-10,Konkan,Ratnagiri,Lanja,Shirambavali
D3552,B0489,Mango (Alphonso),Alphonso (Hapus),23.65,19096.87,Buyer looking to purchase Mango (Alphonso) directly from farmers.,2026-07-04,2026-07-14,Konkan,Sindhudurg,Kudal,Gaorai
D3553,B0419,Bajra,Saburi,19.43,4600.53,"Standing requirement for Bajra, quantity flexible based on quality.",2026-08-08,2026-11-13,Khandesh,Dhule,Sindkheda,Betawad
D3554,B0375,Cashew,Not Specified,18.62,22879.95,Need consistent Cashew supply for ongoing operations.,2026-08-21,2026-09-20,Konkan,Sindhudurg,Vengurla,Chipi
D3555,B2209,Vari,Not Specified,72.99,4594.93,Looking to procure Vari for institutional buyers.,2026-04-29,2026-08-03,Konkan,Raigad,Uran,Antrabamdakhar
D3556,B0235,Chickoo,Cricket Ball,14.23,4301.78,Bulk Chickoo requirement for processing.,2026-06-20,2026-07-08,Konkan,Thane,Ambarnath,Ashele
D3557,B0040,Sugarcane,Co 94012,76.56,345.12,Inviting offers for Sugarcane from farmers in the region.,2026-05-13,2026-07-03,Western Maharashtra (Desh),Satara,Koregaon,Ambawade S. Wagholi
D3558,B2814,Jowar,CSH-16,17.9,4392.0,Sourcing Jowar in bulk for our processing unit.,2026-08-09,2026-11-29,Western Maharashtra (Desh),Ahilyanagar (Ahmednagar),Sangamner,Sakur
D3559,B1905,Wheat,Not Specified,54.87,2915.49,Requirement raised for Wheat to meet upcoming production schedule.,2026-05-27,2026-09-21,Vidarbha,Yavatmal,Darwha,Ladkhed
D3560,B0824,Banana,Grand Naine,24.07,3662.81,Sourcing Banana in bulk for our processing unit.,2026-08-26,2026-09-15,Khandesh,Jalgaon,Raver,Ainpur
D3561,B3286,Sunflower,Phule Raviraj,66.11,5539.94,Buyer looking to purchase Sunflower directly from farmers.,2026-08-15,2026-10-27,Vidarbha,Buldhana,Malkapur,Datala
D3562,B1501,Tur,Not Specified,30.42,7904.13,Inviting offers for Tur from farmers in the region.,2026-06-21,2026-08-13,Vidarbha,Gadchiroli,Armori,Arsoda
D3563,B4330,Groundnut,SB-11,31.12,6783.34,Bulk Groundnut requirement for processing.,2026-06-06,2026-08-25,Western Maharashtra (Desh),Pune,Haveli,Agalambe
D3564,B0336,Sugarcane,Not Specified,479.35,507.71,"Standing requirement for Sugarcane, quantity flexible based on quality.",2026-06-02,2026-07-09,Western Maharashtra (Desh),Pune,Khed,Adgaon
D3565,B0643,Vari,Local Bhagar landrace,32.85,3959.27,Looking to procure Vari for institutional buyers.,2026-06-01,2026-08-23,Konkan,Thane,Murbad,Deogaon
D3566,B0257,Maize,Not Specified,35.59,2254.09,Inviting offers for Maize from farmers in the region.,2026-08-16,2026-11-02,Marathwada,Chhatrapati Sambhajinagar (Aurangabad),Khuldabad,Takali
D3567,B3733,Jowar,Phule Vasudha,25.3,2814.44,Seeking regular Jowar supply from nearby farmers.,2026-08-16,2026-12-04,Vidarbha,Wardha,Karanja,Borgaon Dhole
D3568,B2601,Mango (Alphonso),Not Specified,16.43,16516.62,Sourcing Mango (Alphonso) for export-quality grading and packaging.,2026-08-08,2026-08-28,Konkan,Ratnagiri,Rajapur,Varachiwadi (Kasheli)
D3569,B3485,Areca Nut,Mangala,10.02,43634.53,Inviting offers for Areca Nut from farmers in the region.,2026-06-06,2026-06-23,Konkan,Ratnagiri,Ratnagiri,Bhandarwadi
D3570,B4188,Gram,Not Specified,51.63,5589.14,Looking for fresh Gram for wholesale procurement.,2026-07-20,2026-08-21,Marathwada,Latur,Deoni,Ambegaon
D3571,B3473,Coconut,Not Specified,6.93,5849.8,"Procurement need for good quality Coconut, open to multiple sellers.",2026-05-02,2026-05-27,Konkan,Sindhudurg,Devgad,Jamsande
D3572,B2753,Coconut,Not Specified,18.38,4595.35,Looking for fresh Coconut for wholesale procurement.,2026-06-14,2026-06-26,Konkan,Sindhudurg,Vaibhavwadi,Nadhavade
D3573,B2703,Sugarcane,Not Specified,478.2,476.0,Seeking regular Sugarcane supply from nearby farmers.,2026-08-22,2026-12-15,Western Maharashtra (Desh),Pune,Khed,Ambethan
D3574,B3431,Udid,BDU-1,72.03,9468.47,"Procurement need for good quality Udid, open to multiple sellers.",2026-06-09,2026-08-02,Konkan,Thane,Bhiwandi,Ambardi
D3575,B4351,Jowar,Not Specified,44.0,2570.48,Inviting offers for Jowar from farmers in the region.,2026-06-18,2026-07-24,Marathwada,Parbhani,Manwath,Rampuri Bk.
D3576,B2391,Gram,Not Specified,12.26,5537.26,"Procurement need for good quality Gram, open to multiple sellers.",2026-06-26,2026-09-05,Marathwada,Latur,Ahmedpur,Hadolti
D3577,B0379,Maize,Not Specified,17.81,1941.23,Sourcing Maize for export-quality grading and packaging.,2026-06-03,2026-07-29,Khandesh,Nandurbar,Nandurbar,Akrale
D3578,B2092,Coconut,Pratap,29.17,4400.58,Need consistent Coconut supply for ongoing operations.,2026-05-26,2026-06-09,Konkan,Sindhudurg,Dodamarg,Panturli
D3579,B0903,Vari,Not Specified,29.29,3274.88,Sourcing Vari in bulk for our processing unit.,2026-07-24,2026-09-11,Konkan,Raigad,Khalapur,Adoshi
D3580,B0697,Maize,DHM-117,50.49,2017.85,"Standing requirement for Maize, quantity flexible based on quality.",2026-06-22,2026-07-27,Khandesh,Nashik,Baglan,Morane Di
D3581,B0313,Groundnut,Not Specified,64.16,7939.19,"Standing requirement for Groundnut, quantity flexible based on quality.",2026-07-07,2026-08-16,Western Maharashtra (Desh),Pune,Baramati,Ambi Kh.
D3582,B0879,Cashew,Vengurla-8,8.93,19610.25,Looking to procure Cashew for institutional buyers.,2026-08-23,2026-09-10,Konkan,Ratnagiri,Chiplun,Bivali
D3583,B3194,Tur,Not Specified,70.04,8306.14,Need consistent Tur supply for ongoing operations.,2026-05-31,2026-07-15,Vidarbha,Gondia,Amgaon,Anjora
D3584,B4172,Cashew,Vengurla-8,8.74,19905.76,Sourcing Cashew for export-quality grading and packaging.,2026-05-07,2026-06-18,Konkan,Sindhudurg,Vaibhavwadi,Lore
D3585,B4008,Wheat,NIAW-34,17.83,2877.51,"Procurement need for good quality Wheat, open to multiple sellers.",2026-06-25,2026-07-29,Marathwada,Nanded,Nanded,Wadi Bk.
D3586,B2640,Turmeric,Selam,16.24,17002.47,Bulk Turmeric requirement for processing.,2026-08-09,2026-09-10,Western Maharashtra (Desh),Sangli,Palus,Andhali
D3587,B1122,Udid,Not Specified,54.29,8000.63,Need consistent Udid supply for ongoing operations.,2026-07-26,2026-10-03,Konkan,Thane,Murbad,Deogaon
D3588,B0664,Cotton,Bt Cotton (Bollgard II hybrid),11.8,8354.58,Looking for fresh Cotton for wholesale procurement.,2026-04-30,2026-06-16,Vidarbha,Chandrapur,Nagbhid,Balapur Bk.
D3589,B0049,Rice,Karjat-3,73.72,4467.93,Inviting offers for Rice from farmers in the region.,2026-07-08,2026-10-19,Vidarbha,Gadchiroli,Sironcha,Jafrabad Chak
D3590,B0281,Turmeric,Not Specified,24.08,12274.4,Requirement raised for Turmeric to meet upcoming production schedule.,2026-08-19,2026-09-08,Western Maharashtra (Desh),Sangli,Tasgaon,Arwade
D3591,B2591,Rice,Karjat-3,75.32,3333.67,Looking to procure Rice for institutional buyers.,2026-08-10,2026-10-08,Konkan,Sindhudurg,Dodamarg,Panturli
D3592,B0070,Sunflower,Not Specified,59.24,5718.61,Buyer looking to purchase Sunflower directly from farmers.,2026-07-31,2026-10-22,Vidarbha,Buldhana,Jalgaon Jamod,Sungaon
D3593,B2851,Soybean,JS 20-29,42.06,6769.12,"Procurement need for good quality Soybean, open to multiple sellers.",2026-08-11,2026-11-13,Vidarbha,Wardha,Ashti,Wadala
D3594,B4137,Sunflower,KBSH-1,71.11,7685.15,Looking to procure Sunflower for institutional buyers.,2026-05-19,2026-07-05,Vidarbha,Buldhana,Deulgaon Raja,Andhera
D3595,B0588,Maize,Ganga Safed-2,14.91,2013.48,Buyer looking to purchase Maize directly from farmers.,2026-05-08,2026-08-10,Khandesh,Nandurbar,Nandurbar,Adachhi
D3596,B2544,Tur,BDN-711,14.64,7366.45,Inviting offers for Tur from farmers in the region.,2026-05-24,2026-07-18,Marathwada,Parbhani,Pathri,Babhulgaon
D3597,B1424,Cotton,Suraj Bt,55.31,9431.67,Bulk Cotton requirement for processing.,2026-08-19,2026-12-08,Marathwada,Latur,Jalkot,Chera
D3598,B3169,Tur,Phule Rajeshwari,22.59,8416.77,"Procurement need for good quality Tur, open to multiple sellers.",2026-07-13,2026-11-01,Marathwada,Latur,Chakur,Ajansonda Kh.
D3599,B0705,Wheat,Not Specified,51.8,3440.99,Sourcing Wheat for export-quality grading and packaging.,2026-06-23,2026-07-19,Marathwada,Nanded,Mukhed,Jamb Bk.
D3600,B3817,Banana,Not Specified,22.1,2614.15,Need consistent Banana supply for ongoing operations.,2026-06-30,2026-07-21,Khandesh,Jalgaon,Parola,Babhale Nag
D3601,B0379,Maize,Ganga Safed-2,16.82,2026.5,Sourcing Maize for export-quality grading and packaging.,2026-05-14,2026-06-14,Khandesh,Nandurbar,Nandurbar,Akrale
D3602,B3883,Udid,Not Specified,39.19,7831.34,Sourcing Udid in bulk for our processing unit.,2026-07-16,2026-08-13,Konkan,Thane,Thane,Adavli
D3603,B4368,Sugarcane,Not Specified,226.22,343.39,Need consistent Sugarcane supply for ongoing operations.,2026-04-30,2026-07-11,Western Maharashtra (Desh),Kolhapur,Hatkanangale,Rendal
D3604,B0663,Vari,Not Specified,70.21,4424.83,Bulk Vari requirement for processing.,2026-07-24,2026-11-08,Konkan,Palghar,Palghar,Chahade
D3605,B2490,Sunflower,Morden,38.38,6559.21,"Standing requirement for Sunflower, quantity flexible based on quality.",2026-06-25,2026-09-01,Vidarbha,Buldhana,Mehkar,Anjani Bk.
D3606,B3191,Rice,Not Specified,61.68,4306.9,Need consistent Rice supply for ongoing operations.,2026-05-11,2026-07-31,Konkan,Raigad,Mahad,Gherakilla Raigad (Raigadwadi)
D3607,B3655,Vari,Not Specified,65.27,4638.36,Looking to procure Vari for institutional buyers.,2026-07-09,2026-09-25,Konkan,Thane,Shahapur,Cherpoli
D3608,B1159,Turmeric,Not Specified,10.18,12725.64,Bulk Turmeric requirement for processing.,2026-05-19,2026-06-23,Western Maharashtra (Desh),Sangli,Miraj,Bamnoli
D3609,B3127,Linseed,Not Specified,32.18,6068.11,Looking for fresh Linseed for wholesale procurement.,2026-06-22,2026-09-18,Vidarbha,Gondia,Tiroda,Arjuni
D3610,B1700,Groundnut,Phule Unnati,43.88,8612.08,Need consistent Groundnut supply for ongoing operations.,2026-08-06,2026-09-05,Western Maharashtra (Desh),Sangli,Khanapur,Balvadi
D3611,B1359,Soybean,Not Specified,21.89,6547.28,Sourcing Soybean for export-quality grading and packaging.,2026-08-08,2026-10-08,Marathwada,Jalna,Ghansawangi,Kumbhar Pimpalgaon
D3612,B3120,Maize,Not Specified,28.04,2583.06,Buyer looking to purchase Maize directly from farmers.,2026-05-25,2026-08-12,Khandesh,Nandurbar,Nandurbar,Akrale
D3613,B1678,Vari,Not Specified,9.02,5179.24,Bulk Vari requirement for processing.,2026-05-10,2026-08-01,Konkan,Thane,Thane,Adavli
D3614,B3409,Sugarcane,Not Specified,409.12,341.1,Looking to procure Sugarcane for institutional buyers.,2026-05-14,2026-07-01,Marathwada,Chhatrapati Sambhajinagar (Aurangabad),Vaijapur,Khandala
D3615,B2421,Mango (Alphonso),Alphonso (Hapus),23.82,29963.28,Sourcing Mango (Alphonso) for export-quality grading and packaging.,2026-06-29,2026-08-04,Konkan,Sindhudurg,Malwan,Kalethar
D3616,B2146,Field Beans,Local Konkan landrace,17.76,3757.54,"Standing requirement for Field Beans, quantity flexible based on quality.",2026-06-24,2026-08-05,Konkan,Raigad,Shrivardhan,Arathi
D3617,B3958,Maize,Not Specified,22.48,2335.2,"Procurement need for good quality Maize, open to multiple sellers.",2026-04-29,2026-06-28,Khandesh,Dhule,Sindkheda,Chimthane
D3618,B4435,Soybean,MAUS 71,66.33,5159.43,Sourcing Soybean for export-quality grading and packaging.,2026-06-02,2026-07-07,Marathwada,Nanded,Ardhapur,Kamtha Bk.
D3619,B2823,Sunflower,Not Specified,21.67,8069.35,Sourcing Sunflower for export-quality grading and packaging.,2026-08-26,2026-12-05,Vidarbha,Buldhana,Shegaon,Shegaon (R)
D3620,B0931,Wheat,Not Specified,18.51,3362.41,Buyer looking to purchase Wheat directly from farmers.,2026-06-16,2026-08-08,Vidarbha,Yavatmal,Yavatmal,Moha
D3621,B2296,Tur,ICPL-87,11.51,8079.11,Looking to procure Tur for institutional buyers.,2026-05-21,2026-06-27,Marathwada,Latur,Deoni,Batanpur
D3622,B0672,Coconut,Dwarf Green,8.37,3344.59,Need consistent Coconut supply for ongoing operations.,2026-05-17,2026-06-08,Konkan,Sindhudurg,Malwan,Waghavane
D3623,B0168,Wheat,Lokwan,35.89,2862.86,Buyer looking to purchase Wheat directly from farmers.,2026-07-27,2026-10-21,Vidarbha,Gondia,Deori,Fukkimeta
D3624,B2742,Soybean,Not Specified,41.38,6786.97,Sourcing Soybean for export-quality grading and packaging.,2026-07-11,2026-09-06,Marathwada,Nanded,Kandhar,Shiradhon
D3625,B4724,Ragi,Dapoli-2,22.34,3554.21,"Standing requirement for Ragi, quantity flexible based on quality.",2026-05-07,2026-06-21,Konkan,Raigad,Tala,Adnale
D3626,B1105,Chickoo,Cricket Ball,7.34,3195.8,Buyer looking to purchase Chickoo directly from farmers.,2026-08-11,2026-09-16,Konkan,Thane,Murbad,Deogaon
D3627,B2916,Rice,Ambemohar,57.69,4500.97,Bulk Rice requirement for processing.,2026-08-26,2026-09-21,Konkan,Palghar,Jawhar,Vavar
D3628,B3545,Areca Nut,Mangala,25.18,50592.98,Sourcing Areca Nut for export-quality grading and packaging.,2026-06-14,2026-07-09,Konkan,Sindhudurg,Sawantwadi,Amboli
D3629,B0776,Chickoo,Not Specified,10.09,2075.83,"Standing requirement for Chickoo, quantity flexible based on quality.",2026-07-04,2026-08-06,Konkan,Palghar,Vikramgad,Balapur
D3630,B2887,Gram,JAKI-9218,57.55,6405.02,Bulk Gram requirement for processing.,2026-06-28,2026-08-31,Marathwada,Latur,Renapur,Kharola
D3631,B3363,Cashew,Konkan Kalpa,7.04,22132.2,"Procurement need for good quality Cashew, open to multiple sellers.",2026-07-12,2026-07-25,Konkan,Sindhudurg,Malwan,Kalethar
D3632,B3211,Gram,JAKI-9218,54.44,4959.95,"Procurement need for good quality Gram, open to multiple sellers.",2026-07-26,2026-08-21,Marathwada,Latur,Chakur,Ambulga
D3633,B4093,Sunflower,Phule Raviraj,33.33,7575.68,Sourcing Sunflower for export-quality grading and packaging.,2026-05-25,2026-08-07,Vidarbha,Buldhana,Mehkar,Anjani Bk.
D3634,B1818,Cotton,Not Specified,52.18,8740.96,Bulk Cotton requirement for processing.,2026-08-12,2026-10-06,Marathwada,Nanded,Kandhar,Kurla
D3635,B0630,Field Beans,Local Konkan landrace,13.62,2865.06,Looking for fresh Field Beans for wholesale procurement.,2026-06-13,2026-06-26,Konkan,Raigad,Tala,Ambeli
D3636,B1988,Ragi,Dapoli-1,22.96,4081.79,Requirement raised for Ragi to meet upcoming production schedule.,2026-07-11,2026-09-16,Konkan,Thane,Ambarnath,Ashele
D3637,B4125,Tur,Phule Rajeshwari,66.43,8345.41,"Procurement need for good quality Tur, open to multiple sellers.",2026-07-30,2026-11-07,Vidarbha,Amravati,Nandgaon Khandeshwar,Dabha
D3638,B4491,Chickoo,Not Specified,7.75,3036.15,Sourcing Chickoo in bulk for our processing unit.,2026-08-26,2026-09-18,Konkan,Thane,Murbad,Deogaon
D3639,B1263,Turmeric,Rajapuri,24.97,18152.97,Bulk Turmeric requirement for processing.,2026-07-01,2026-07-28,Western Maharashtra (Desh),Sangli,Atpadi,Ambewadi
D3640,B0572,Bajra,Not Specified,53.51,2506.31,Inviting offers for Bajra from farmers in the region.,2026-08-19,2026-09-21,Western Maharashtra (Desh),Pune,Pune City,Keshavnagar-Mundwa
D3641,B2082,Field Beans,Not Specified,34.21,5123.02,Bulk Field Beans requirement for processing.,2026-08-13,2026-09-03,Konkan,Raigad,Mangaon,Ambarle
D3642,B1540,Udid,BDU-1,16.76,8173.24,"Procurement need for good quality Udid, open to multiple sellers.",2026-07-18,2026-09-14,Konkan,Palghar,Dahanu,Bordi
D3643,B2933,Gram,JAKI-9218,56.13,5956.59,Requirement raised for Gram to meet upcoming production schedule.,2026-06-03,2026-08-07,Marathwada,Latur,Ausa,Killari
D3644,B3192,Coconut,Banawali,23.83,2794.86,Need consistent Coconut supply for ongoing operations.,2026-07-21,2026-09-02,Konkan,Sindhudurg,Devgad,Padel
D3645,B2767,Mango (Alphonso),Not Specified,24.5,21908.69,Buyer looking to purchase Mango (Alphonso) directly from farmers.,2026-08-01,2026-08-30,Konkan,Sindhudurg,Kankavli,Waingani
D3646,B2969,Cashew,Not Specified,22.9,18424.39,Looking to procure Cashew for institutional buyers.,2026-06-09,2026-06-21,Konkan,Sindhudurg,Kankavli,Waingani
D3647,B4608,Banana,Not Specified,22.67,4790.33,Sourcing Banana for export-quality grading and packaging.,2026-05-15,2026-06-24,Khandesh,Jalgaon,Raver,Ajanad
D3648,B1542,Coconut,Banawali,17.82,4647.84,Bulk Coconut requirement for processing.,2026-08-19,2026-09-11,Konkan,Sindhudurg,Dodamarg,Panturli
D3649,B3855,Groundnut,TAG-24,37.91,7271.14,Seeking regular Groundnut supply from nearby farmers.,2026-05-17,2026-09-03,Western Maharashtra (Desh),Pune,Baramati,Anjangaon
D3650,B1855,Ragi,Not Specified,34.69,4005.73,Seeking regular Ragi supply from nearby farmers.,2026-06-13,2026-09-29,Konkan,Ratnagiri,Chiplun,Ketki
D3651,B1407,Cotton,Not Specified,54.98,10112.96,Bulk Cotton requirement for processing.,2026-07-31,2026-10-31,Western Maharashtra (Desh),Ahilyanagar (Ahmednagar),Nagar,Akolner
D3652,B1881,Jowar,Not Specified,12.7,5289.73,"Procurement need for good quality Jowar, open to multiple sellers.",2026-05-26,2026-07-20,Western Maharashtra (Desh),Pune,Ambegaon,Ahupe
D3653,B3555,Udid,BDU-1,14.93,8180.43,Looking to procure Udid for institutional buyers.,2026-08-11,2026-10-12,Konkan,Thane,Murbad,Dhasai
D3654,B2200,Maize,Pratap Hybrid-1,65.17,2040.95,Looking to procure Maize for institutional buyers.,2026-08-26,2026-09-23,Khandesh,Nashik,Nashik,Agartakali
D3655,B1289,Ragi,Not Specified,11.75,4234.4,Requirement raised for Ragi to meet upcoming production schedule.,2026-04-30,2026-08-09,Konkan,Palghar,Jawhar,Kharonda
D3656,B2521,Udid,TAU-1,55.57,9423.36,Bulk Udid requirement for processing.,2026-07-29,2026-10-27,Konkan,Thane,Bhiwandi,Anjur
D3657,B3489,Sunflower,Not Specified,77.48,6382.58,Sourcing Sunflower in bulk for our processing unit.,2026-04-30,2026-08-06,Vidarbha,Buldhana,Sindkhed Raja,Adgaon Raja
D3658,B2335,Linseed,Parbhani Alsi,27.15,7072.91,"Standing requirement for Linseed, quantity flexible based on quality.",2026-08-02,2026-09-20,Vidarbha,Gadchiroli,Kurkheda,Wadegaon
D3659,B3830,Jowar,Maldandi,64.03,2980.39,Requirement raised for Jowar to meet upcoming production schedule.,2026-08-26,2026-12-16,Vidarbha,Wardha,Seloo,Ghorad
D3660,B0458,Chickoo,Cricket Ball,15.78,2031.18,Bulk Chickoo requirement for processing.,2026-05-03,2026-05-25,Konkan,Thane,Thane,Agasan
D3661,B2608,Sunflower,Morden,21.68,6890.85,Seeking regular Sunflower supply from nearby farmers.,2026-05-04,2026-06-20,Vidarbha,Buldhana,Jalgaon Jamod,Asalgaon
D3662,B1982,Vari,Local Bhagar landrace,39.01,4588.79,Buyer looking to purchase Vari directly from farmers.,2026-07-21,2026-09-05,Konkan,Thane,Murbad,Dhasai
D3663,B4669,Turmeric,Phule Swarupa,18.36,10089.67,Sourcing Turmeric in bulk for our processing unit.,2026-05-13,2026-05-27,Western Maharashtra (Desh),Sangli,Palus,Ankalkhop
D3664,B4439,Vari,Not Specified,22.28,4615.17,"Standing requirement for Vari, quantity flexible based on quality.",2026-08-11,2026-10-14,Konkan,Thane,Ambarnath,Chinchpada
D3665,B1039,Cashew,Vengurla-4,13.68,17569.98,Looking to procure Cashew for institutional buyers.,2026-05-25,2026-06-16,Konkan,Sindhudurg,Kankavli,Bandargaon
D3666,B2214,Udid,Phule Uttara,62.55,8591.69,Inviting offers for Udid from farmers in the region.,2026-07-22,2026-09-15,Konkan,Thane,Kalyan,Antarli
D3667,B2109,Chickoo,Kalipatti,7.1,4213.26,Inviting offers for Chickoo from farmers in the region.,2026-06-23,2026-07-19,Konkan,Thane,Shahapur,Shirol
D3668,B0306,Turmeric,Rajapuri,25.93,10922.11,"Procurement need for good quality Turmeric, open to multiple sellers.",2026-08-04,2026-08-25,Western Maharashtra (Desh),Sangli,Jat,Asangi Jat
D3669,B3144,Soybean,Not Specified,67.86,6220.02,Requirement raised for Soybean to meet upcoming production schedule.,2026-05-02,2026-06-30,Marathwada,Nanded,Kinwat,Bodhadi Bk.
D3670,B1673,Chickoo,Cricket Ball,21.66,2703.17,Inviting offers for Chickoo from farmers in the region.,2026-07-25,2026-09-06,Konkan,Palghar,Talasari,Upalat
D3671,B3058,Mango (Alphonso),Not Specified,32.89,28322.99,Looking to procure Mango (Alphonso) for institutional buyers.,2026-08-18,2026-09-12,Konkan,Raigad,Uran,Bandhpada
D3672,B4664,Rice,Kolam,84.82,4231.28,Requirement raised for Rice to meet upcoming production schedule.,2026-05-30,2026-09-08,Vidarbha,Nagpur,Nagpur Rural,Beltarodi
D3673,B0788,Sugarcane,Not Specified,301.52,397.91,Sourcing Sugarcane in bulk for our processing unit.,2026-07-03,2026-10-06,Western Maharashtra (Desh),Ahilyanagar (Ahmednagar),Shevgaon,Akhatwade
D3674,B4285,Bajra,ICTP-8203,57.47,4110.27,Requirement raised for Bajra to meet upcoming production schedule.,2026-06-08,2026-09-11,Marathwada,Jalna,Ambad,Jamkhed
D3675,B4167,Chickoo,Not Specified,10.46,2523.29,Sourcing Chickoo in bulk for our processing unit.,2026-08-06,2026-09-10,Konkan,Palghar,Vada,Abitghar
D3676,B3091,Groundnut,TAG-24,36.4,7668.64,"Standing requirement for Groundnut, quantity flexible based on quality.",2026-07-19,2026-10-10,Western Maharashtra (Desh),Pune,Purandhar,Ambodi
D3677,B0135,Sunflower,KBSH-1,40.99,7758.37,Looking to procure Sunflower for institutional buyers.,2026-05-02,2026-07-21,Vidarbha,Buldhana,Lonar,Bibi
D3678,B4787,Sugarcane,Co 94012,377.44,611.86,Bulk Sugarcane requirement for processing.,2026-05-03,2026-06-24,Western Maharashtra (Desh),Kolhapur,Hatkanangale,Rendal
D3679,B4290,Udid,TAU-2,15.5,7700.29,Requirement raised for Udid to meet upcoming production schedule.,2026-06-28,2026-10-24,Konkan,Palghar,Vada,Abitghar
D3680,B2669,Maize,Ganga Safed-2,13.38,2520.65,Buyer looking to purchase Maize directly from farmers.,2026-08-24,2026-12-14,Khandesh,Dhule,Shirpur,Boradi
D3681,B0786,Udid,TAU-1,26.08,9261.84,Looking to procure Udid for institutional buyers.,2026-05-26,2026-07-26,Konkan,Palghar,Mokhada,Poshera
D3682,B1700,Groundnut,Not Specified,32.38,8739.48,Buyer looking to purchase Groundnut directly from farmers.,2026-07-18,2026-09-22,Western Maharashtra (Desh),Sangli,Khanapur,Balvadi
D3683,B0153,Sugarcane,Not Specified,564.07,379.51,Looking for fresh Sugarcane for wholesale procurement.,2026-07-26,2026-10-11,Marathwada,Latur,Udgir,Kiniyalladevi
D3684,B3347,Linseed,Not Specified,39.87,7890.75,Need consistent Linseed supply for ongoing operations.,2026-06-18,2026-07-18,Vidarbha,Gondia,Amgaon,Anjora
D3685,B1112,Wheat,Not Specified,54.79,2409.55,Seeking regular Wheat supply from nearby farmers.,2026-08-11,2026-10-30,Western Maharashtra (Desh),Pune,Junnar,Agar
D3686,B0591,Gram,JAKI-9218,67.73,6514.04,Bulk Gram requirement for processing.,2026-06-12,2026-07-11,Marathwada,Latur,Udgir,Arasnal
D3687,B1066,Tur,BSMR-736,42.96,8520.53,Need consistent Tur supply for ongoing operations.,2026-06-29,2026-08-15,Vidarbha,Akola,Akola,Borgaon
D3688,B3084,Areca Nut,Not Specified,14.22,58823.66,Bulk Areca Nut requirement for processing.,2026-07-24,2026-08-18,Konkan,Sindhudurg,Malwan,Waghavane
D3689,B4238,Tur,Not Specified,45.15,8133.79,Buyer looking to purchase Tur directly from farmers.,2026-08-17,2026-09-17,Marathwada,Dharashiv (Osmanabad),Kalamb,Diksal
D3690,B3157,Ragi,Phule Nachani,15.08,2800.63,Bulk Ragi requirement for processing.,2026-05-02,2026-06-06,Konkan,Thane,Ambarnath,Chinchpada
D3691,B1158,Jowar,Phule Yashoda,33.78,3833.23,"Standing requirement for Jowar, quantity flexible based on quality.",2026-07-27,2026-08-21,Marathwada,Parbhani,Sonpeth,Ukhali Bk.
D3692,B2409,Turmeric,Not Specified,17.44,12872.0,Sourcing Turmeric for export-quality grading and packaging.,2026-07-07,2026-08-08,Western Maharashtra (Desh),Sangli,Jat,Ankalagi
D3693,B4295,Mango (Alphonso),Ratna,5.8,11610.35,Requirement raised for Mango (Alphonso) to meet upcoming production schedule.,2026-06-28,2026-07-11,Konkan,Raigad,Karjat,Khadyachapada
D3694,B1592,Linseed,Not Specified,19.47,6281.16,Sourcing Linseed in bulk for our processing unit.,2026-05-30,2026-09-08,Vidarbha,Gondia,Salekasa,Tirkhedi
D3695,B2115,Turmeric,Selam,13.96,16606.07,"Procurement need for good quality Turmeric, open to multiple sellers.",2026-06-02,2026-07-16,Western Maharashtra (Desh),Sangli,Jat,Asangi Jat
D3696,B0590,Maize,Not Specified,18.19,1990.17,Need consistent Maize supply for ongoing operations.,2026-07-30,2026-09-04,Khandesh,Nashik,Nandgaon,Girananagar
D3697,B3906,Rice,Not Specified,73.75,3335.08,"Procurement need for good quality Rice, open to multiple sellers.",2026-08-15,2026-11-05,Vidarbha,Gondia,Salekasa,Pipariya
D3698,B2470,Groundnut,SB-11,38.44,8734.28,Seeking regular Groundnut supply from nearby farmers.,2026-07-30,2026-09-10,Western Maharashtra (Desh),Sangli,Tasgaon,Anjani
D3699,B3180,Sunflower,Phule Raviraj,40.07,6057.02,Looking for fresh Sunflower for wholesale procurement.,2026-07-10,2026-10-13,Vidarbha,Buldhana,Buldhana,Chandol
D3700,B4001,Sunflower,Not Specified,27.53,6632.23,Requirement raised for Sunflower to meet upcoming production schedule.,2026-07-23,2026-11-12,Vidarbha,Buldhana,Motala,Rohinkhed
D3701,B2350,Areca Nut,Not Specified,35.41,54724.27,Sourcing Areca Nut for export-quality grading and packaging.,2026-06-17,2026-07-19,Konkan,Sindhudurg,Kudal,Kasal
D3702,B1559,Rice,Karjat-3,77.51,5324.13,Looking for fresh Rice for wholesale procurement.,2026-08-25,2026-10-19,Konkan,Sindhudurg,Vengurla,Parule
D3703,B3902,Chickoo,Kalipatti,21.05,2539.68,Sourcing Chickoo in bulk for our processing unit.,2026-08-18,2026-08-29,Konkan,Thane,Bhiwandi,Ambardi
D3704,B3933,Coconut,Pratap,6.82,4976.3,Requirement raised for Coconut to meet upcoming production schedule.,2026-05-29,2026-06-13,Konkan,Sindhudurg,Vaibhavwadi,Nadhavade
D3705,B0623,Vari,Local Bhagar landrace,62.19,4563.68,"Procurement need for good quality Vari, open to multiple sellers.",2026-05-08,2026-08-16,Konkan,Palghar,Vikramgad,Balapur
D3706,B0477,Jowar,Not Specified,51.52,2604.87,Sourcing Jowar in bulk for our processing unit.,2026-08-06,2026-10-22,Marathwada,Chhatrapati Sambhajinagar (Aurangabad),Vaijapur,Shioor
D3707,B3053,Vari,Konkan local Vari landrace,25.78,3821.7,Sourcing Vari in bulk for our processing unit.,2026-06-18,2026-09-18,Western Maharashtra (Desh),Satara,Satara,Agudewadi
D3708,B2733,Jowar,Not Specified,36.8,3458.83,Seeking regular Jowar supply from nearby farmers.,2026-08-22,2026-12-11,Vidarbha,Wardha,Wardha,Salod (Hirapur)
D3709,B1067,Groundnut,Not Specified,36.41,5670.25,Looking to procure Groundnut for institutional buyers.,2026-08-22,2026-12-10,Western Maharashtra (Desh),Sangli,Palus,Andhali
D3710,B0111,Ragi,Not Specified,5.21,3585.1,"Standing requirement for Ragi, quantity flexible based on quality.",2026-08-05,2026-09-07,Konkan,Thane,Bhiwandi,Anjur
D3711,B0491,Ragi,Not Specified,29.67,3792.84,Looking to procure Ragi for institutional buyers.,2026-06-21,2026-09-07,Konkan,Raigad,Mangaon,Adghar
D3712,B0638,Maize,Pratap Hybrid-1,41.05,2377.54,Buyer looking to purchase Maize directly from farmers.,2026-08-15,2026-09-19,Khandesh,Nandurbar,Akkalkuwa,Molgi
D3713,B0711,Udid,TAU-1,42.24,8826.35,Need consistent Udid supply for ongoing operations.,2026-08-10,2026-10-09,Konkan,Palghar,Vikramgad,Balapur
D3714,B3292,Sugarcane,Co 94012,432.25,450.38,Buyer looking to purchase Sugarcane directly from farmers.,2026-08-22,2026-11-20,Western Maharashtra (Desh),Pune,Junnar,Ajanawale
D3715,B3346,Bajra,ICTP-8203,26.42,3230.81,"Standing requirement for Bajra, quantity flexible based on quality.",2026-06-27,2026-10-15,Western Maharashtra (Desh),Ahilyanagar (Ahmednagar),Sangamner,Sakur
D3716,B3141,Wheat,NIAW-34,52.22,2056.58,Requirement raised for Wheat to meet upcoming production schedule.,2026-08-03,2026-10-14,Marathwada,Jalna,Partur,Watur
D3717,B3311,Areca Nut,Sumangala,4.82,49449.06,Bulk Areca Nut requirement for processing.,2026-06-09,2026-06-29,Konkan,Sindhudurg,Vengurla,Karli
D3718,B1907,Ragi,Not Specified,4.17,3083.82,Sourcing Ragi for export-quality grading and packaging.,2026-05-27,2026-08-14,Konkan,Thane,Ambarnath,Chinchpada
D3719,B2342,Ragi,Not Specified,13.98,4236.84,Looking to procure Ragi for institutional buyers.,2026-06-04,2026-09-05,Konkan,Ratnagiri,Chiplun,Ketki
D3720,B3460,Chickoo,Cricket Ball,6.01,1978.43,Bulk Chickoo requirement for processing.,2026-05-31,2026-06-15,Konkan,Palghar,Vasai,Bhatane
D3721,B4358,Rice,Ambemohar,37.0,3957.19,"Procurement need for good quality Rice, open to multiple sellers.",2026-05-31,2026-09-08,Khandesh,Nashik,Malegaon,Pimpalgaon
D3722,B0740,Field Beans,Local Konkan landrace,10.18,3962.26,Sourcing Field Beans in bulk for our processing unit.,2026-08-14,2026-08-24,Konkan,Raigad,Uran,Bandhpada
D3723,B1540,Udid,TAU-1,27.5,6514.82,Sourcing Udid for export-quality grading and packaging.,2026-08-18,2026-10-03,Konkan,Palghar,Dahanu,Bordi
D3724,B1851,Tur,Not Specified,39.22,6302.11,Requirement raised for Tur to meet upcoming production schedule.,2026-08-26,2026-11-27,Marathwada,Beed,Parli,Parli (Rural)
D3725,B3329,Gram,Vijay,40.05,4918.56,Bulk Gram requirement for processing.,2026-08-25,2026-11-04,Marathwada,Latur,Deoni,Batanpur
D3726,B0626,Field Beans,Konkan Val landrace,4.73,3700.49,Requirement raised for Field Beans to meet upcoming production schedule.,2026-05-28,2026-07-03,Konkan,Raigad,Panvel,Barwai
D3727,B2608,Sunflower,KBSH-1,33.42,8065.5,Inviting offers for Sunflower from farmers in the region.,2026-08-09,2026-10-19,Vidarbha,Buldhana,Jalgaon Jamod,Asalgaon
D3728,B1375,Turmeric,Not Specified,17.03,15228.73,Requirement raised for Turmeric to meet upcoming production schedule.,2026-08-19,2026-09-01,Western Maharashtra (Desh),Sangli,Palus,Andhali
D3729,B4730,Gram,Digvijay,68.86,6897.27,Inviting offers for Gram from farmers in the region.,2026-08-26,2026-11-01,Marathwada,Latur,Latur,Wadi Wagholi
D3730,B2958,Tur,Not Specified,62.29,8870.0,Bulk Tur requirement for processing.,2026-06-23,2026-08-31,Marathwada,Hingoli,Kalamnuri,Shewala
D3731,B1457,Linseed,NL-97,60.53,5764.21,"Procurement need for good quality Linseed, open to multiple sellers.",2026-06-14,2026-09-20,Vidarbha,Gadchiroli,Armori,Churmura
D3732,B0752,Udid,BDU-1,57.63,9596.28,Inviting offers for Udid from farmers in the region.,2026-05-09,2026-07-06,Konkan,Thane,Murbad,Deogaon
D3733,B3156,Wheat,NIAW-34,51.94,3429.16,Seeking regular Wheat supply from nearby farmers.,2026-06-14,2026-07-29,Marathwada,Nanded,Kinwat,Islapur
D3734,B0843,Wheat,Not Specified,62.71,2849.85,Sourcing Wheat for export-quality grading and packaging.,2026-08-16,2026-09-16,Marathwada,Nanded,Loha,Kalambar Bk.
D3735,B0833,Field Beans,Local Konkan landrace,9.74,5140.25,Sourcing Field Beans in bulk for our processing unit.,2026-05-12,2026-05-27,Konkan,Raigad,Karjat,Khanand
D3736,B2423,Wheat,Not Specified,13.55,2388.48,Requirement raised for Wheat to meet upcoming production schedule.,2026-08-19,2026-10-28,Vidarbha,Bhandara,Pauni,Adyal
D3737,B2970,Rice,Ambemohar,91.48,3988.81,Looking for fresh Rice for wholesale procurement.,2026-05-27,2026-07-30,Konkan,Sindhudurg,Sawantwadi,Amboli
D3738,B2432,Jowar,Phule Vasudha,44.15,5281.21,Bulk Jowar requirement for processing.,2026-08-20,2026-12-01,Western Maharashtra (Desh),Pune,Baramati,Anjangaon
D3739,B3337,Bajra,Saburi,51.12,2842.31,Need consistent Bajra supply for ongoing operations.,2026-06-27,2026-10-20,Marathwada,Beed,Patoda,Patoda
D3740,B3541,Cotton,DCH-32,28.92,9958.98,Bulk Cotton requirement for processing.,2026-08-10,2026-12-07,Khandesh,Nandurbar,Shahada,Ambapur
D3741,B1506,Maize,Not Specified,14.79,2183.49,"Standing requirement for Maize, quantity flexible based on quality.",2026-08-17,2026-11-26,Khandesh,Dhule,Sakri,Pimpalner
D3742,B2187,Areca Nut,Mangala,18.07,50585.62,"Standing requirement for Areca Nut, quantity flexible based on quality.",2026-08-22,2026-09-07,Konkan,Ratnagiri,Dapoli,Anjarla
D3743,B0188,Soybean,JS 20-29,66.15,6849.04,Looking to procure Soybean for institutional buyers.,2026-06-23,2026-10-04,Vidarbha,Nagpur,Savner,Ajani
D3744,B0765,Sunflower,LSF-8,20.2,5858.27,Sourcing Sunflower for export-quality grading and packaging.,2026-05-17,2026-08-18,Vidarbha,Buldhana,Buldhana,Deulghat
D3745,B1159,Turmeric,Selam,29.04,10682.01,Bulk Turmeric requirement for processing.,2026-07-25,2026-09-04,Western Maharashtra (Desh),Sangli,Miraj,Bamnoli
D3746,B2916,Rice,Not Specified,44.93,4778.47,Buyer looking to purchase Rice directly from farmers.,2026-08-15,2026-11-20,Konkan,Palghar,Jawhar,Vavar
D3747,B3125,Ragi,Not Specified,5.01,3106.74,Sourcing Ragi in bulk for our processing unit.,2026-07-08,2026-10-31,Konkan,Thane,Bhiwandi,Ambardi
D3748,B0708,Tur,Not Specified,9.01,7480.82,Seeking regular Tur supply from nearby farmers.,2026-07-28,2026-11-11,Vidarbha,Gadchiroli,Armori,Arsoda
D3749,B2882,Vari,Konkan local Vari landrace,47.24,4161.35,Sourcing Vari for export-quality grading and packaging.,2026-05-29,2026-07-11,Konkan,Raigad,Sudhagad-Pali,Kumbharshet
D3750,B0250,Sugarcane,Phule 265,397.45,613.58,Sourcing Sugarcane in bulk for our processing unit.,2026-07-16,2026-10-27,Western Maharashtra (Desh),Pune,Purandhar,Ambale
D3751,B4042,Rice,Not Specified,32.41,3678.95,Need consistent Rice supply for ongoing operations.,2026-08-23,2026-10-05,Konkan,Thane,Kalyan,Antarli
D3752,B2865,Areca Nut,Sumangala,10.43,51461.65,Looking for fresh Areca Nut for wholesale procurement.,2026-06-16,2026-07-28,Konkan,Sindhudurg,Kudal,Gaorai
D3753,B0189,Groundnut,Not Specified,18.01,7821.83,Inviting offers for Groundnut from farmers in the region.,2026-06-26,2026-09-07,Vidarbha,Bhandara,Bhandara,Bhilewada
D3754,B0360,Ragi,Dapoli-1,9.51,4407.11,Seeking regular Ragi supply from nearby farmers.,2026-06-07,2026-08-24,Konkan,Thane,Murbad,Deogaon
D3755,B2938,Coconut,Not Specified,33.05,3740.05,Buyer looking to purchase Coconut directly from farmers.,2026-08-01,2026-09-01,Konkan,Sindhudurg,Kudal,Kasal
D3756,B0342,Maize,Not Specified,9.91,2670.32,Looking to procure Maize for institutional buyers.,2026-07-09,2026-11-04,Khandesh,Nandurbar,Nandurbar,Ambapur
D3757,B4788,Mango (Alphonso),Ratna,17.0,22790.6,"Procurement need for good quality Mango (Alphonso), open to multiple sellers.",2026-05-04,2026-06-07,Konkan,Raigad,Panvel,Belavali
D3758,B2698,Turmeric,Not Specified,13.32,17277.52,"Procurement need for good quality Turmeric, open to multiple sellers.",2026-07-11,2026-08-21,Western Maharashtra (Desh),Sangli,Palus,Amanapur
D3759,B4349,Turmeric,Selam,15.76,18032.8,Requirement raised for Turmeric to meet upcoming production schedule.,2026-06-29,2026-07-24,Western Maharashtra (Desh),Sangli,Walwa,Bagani
D3760,B0607,Tur,BDN-711,35.1,5966.47,Seeking regular Tur supply from nearby farmers.,2026-08-16,2026-09-12,Vidarbha,Gondia,Deori,Chichgad
D3761,B0723,Coconut,Not Specified,30.22,5982.88,Inviting offers for Coconut from farmers in the region.,2026-06-23,2026-07-20,Konkan,Sindhudurg,Devgad,Jamsande
D3762,B3949,Ragi,Not Specified,12.77,4087.93,Bulk Ragi requirement for processing.,2026-08-07,2026-11-18,Konkan,Ratnagiri,Ratnagiri,Bhandarwada
D3763,B0127,Sugarcane,Co 740,169.21,321.61,Sourcing Sugarcane for export-quality grading and packaging.,2026-08-05,2026-11-04,Western Maharashtra (Desh),Kolhapur,Panhala,Arale
D3764,B2644,Udid,Not Specified,46.1,9463.64,"Standing requirement for Udid, quantity flexible based on quality.",2026-06-11,2026-07-15,Konkan,Thane,Kalyan,Antarli
D3765,B1000,Sugarcane,CoVSI 09292,432.7,629.87,"Procurement need for good quality Sugarcane, open to multiple sellers.",2026-06-13,2026-07-24,Western Maharashtra (Desh),Ahilyanagar (Ahmednagar),Parner,Dhavalpuri
D3766,B4595,Groundnut,SB-11,65.92,8989.55,Buyer looking to purchase Groundnut directly from farmers.,2026-07-05,2026-10-19,Western Maharashtra (Desh),Solapur,Solapur North,Banegaon
D3767,B0462,Chickoo,Not Specified,14.12,2390.25,Looking to procure Chickoo for institutional buyers.,2026-08-05,2026-09-15,Konkan,Thane,Bhiwandi,Anjur
D3768,B0065,Tur,Not Specified,24.75,7280.94,Inviting offers for Tur from farmers in the region.,2026-06-26,2026-10-09,Vidarbha,Akola,Patur,Sasti
D3769,B4332,Wheat,Not Specified,33.87,3170.11,Buyer looking to purchase Wheat directly from farmers.,2026-07-31,2026-09-13,Vidarbha,Yavatmal,Zari Jamani,Jamani
D3770,B1367,Areca Nut,Mangala,33.15,36540.64,Seeking regular Areca Nut supply from nearby farmers.,2026-08-03,2026-08-13,Konkan,Sindhudurg,Vaibhavwadi,Vabhave
D3771,B0908,Turmeric,Phule Swarupa,10.32,11264.76,Buyer looking to purchase Turmeric directly from farmers.,2026-08-20,2026-10-01,Western Maharashtra (Desh),Sangli,Kadegaon,Amrapur
D3772,B2809,Udid,TAU-1,54.23,9088.16,Need consistent Udid supply for ongoing operations.,2026-08-21,2026-12-05,Konkan,Thane,Murbad,Dhasai
D3773,B4057,Gram,Vijay,26.84,6514.43,"Procurement need for good quality Gram, open to multiple sellers.",2026-07-06,2026-09-03,Marathwada,Latur,Latur,Wadi Wagholi
D3774,B2300,Cotton,Not Specified,61.08,8880.78,Seeking regular Cotton supply from nearby farmers.,2026-05-11,2026-07-20,Marathwada,Jalna,Mantha,Mantha
D3775,B1644,Tur,Phule Rajeshwari,29.03,6710.84,Sourcing Tur for export-quality grading and packaging.,2026-06-16,2026-09-29,Vidarbha,Yavatmal,Darwha,Ladkhed
D3776,B1300,Maize,Not Specified,53.94,2269.45,Inviting offers for Maize from farmers in the region.,2026-08-02,2026-10-01,Khandesh,Dhule,Sakri,Kasare
D3777,B0713,Groundnut,Not Specified,12.6,7837.48,Inviting offers for Groundnut from farmers in the region.,2026-06-24,2026-08-08,Western Maharashtra (Desh),Pune,Pune City,Keshavnagar-Mundwa
D3778,B3511,Sugarcane,Co 740,487.01,517.33,"Standing requirement for Sugarcane, quantity flexible based on quality.",2026-07-23,2026-10-10,Western Maharashtra (Desh),Ahilyanagar (Ahmednagar),Shrirampur,Belapur Bk.
D3779,B2107,Cotton,DCH-32,47.22,8567.99,Requirement raised for Cotton to meet upcoming production schedule.,2026-05-10,2026-07-19,Vidarbha,Chandrapur,Chimur,Amarpuri
D3780,B3571,Jowar,CSH-16,49.39,4291.85,"Standing requirement for Jowar, quantity flexible based on quality.",2026-06-29,2026-10-24,Marathwada,Nanded,Biloli,Lohgaon
D3781,B0066,Mango (Alphonso),Not Specified,5.84,29135.0,Requirement raised for Mango (Alphonso) to meet upcoming production schedule.,2026-08-05,2026-08-26,Konkan,Raigad,Murud,Abitghar
D3782,B0500,Turmeric,Not Specified,14.47,11083.07,Looking for fresh Turmeric for wholesale procurement.,2026-05-12,2026-06-11,Western Maharashtra (Desh),Sangli,Palus,Ankalkhop
D3783,B4716,Chickoo,Cricket Ball,9.25,2538.17,Seeking regular Chickoo supply from nearby farmers.,2026-07-12,2026-08-25,Konkan,Thane,Shahapur,Cherpoli
D3784,B1762,Vari,Konkan local Vari landrace,42.26,4067.58,Looking for fresh Vari for wholesale procurement.,2026-07-17,2026-10-16,Konkan,Raigad,Poladpur,Agryachakond
D3785,B2082,Field Beans,Konkan Val landrace,37.21,4877.76,Inviting offers for Field Beans from farmers in the region.,2026-08-25,2026-09-21,Konkan,Raigad,Mangaon,Ambarle
D3786,B0067,Cashew,Not Specified,10.53,16792.15,Looking for fresh Cashew for wholesale procurement.,2026-05-10,2026-06-10,Konkan,Sindhudurg,Malwan,Waghavane
D3787,B1796,Mango (Alphonso),Kesar,16.44,27374.21,Buyer looking to purchase Mango (Alphonso) directly from farmers.,2026-06-26,2026-08-06,Konkan,Sindhudurg,Vengurla,Parule
D3788,B0855,Vari,Not Specified,31.62,3784.86,Looking for fresh Vari for wholesale procurement.,2026-06-18,2026-09-25,Western Maharashtra (Desh),Satara,Koregaon,Ambawade S. Wagholi
D3789,B1264,Mango (Alphonso),Not Specified,5.54,27596.75,Need consistent Mango (Alphonso) supply for ongoing operations.,2026-08-17,2026-09-21,Konkan,Ratnagiri,Dapoli,Satamba
D3790,B1129,Jowar,CSH-16,50.57,5613.69,Buyer looking to purchase Jowar directly from farmers.,2026-08-22,2026-10-24,Western Maharashtra (Desh),Pune,Baramati,Ambi Kh.
D3791,B4698,Tur,Vipula,52.73,7968.37,Requirement raised for Tur to meet upcoming production schedule.,2026-06-27,2026-10-24,Vidarbha,Buldhana,Sindkhed Raja,Changefal
D3792,B1258,Bajra,Not Specified,31.83,2136.13,Bulk Bajra requirement for processing.,2026-08-19,2026-10-28,Western Maharashtra (Desh),Ahilyanagar (Ahmednagar),Nagar,Agadgaon
D3793,B2630,Mango (Alphonso),Not Specified,31.94,21870.65,Looking to procure Mango (Alphonso) for institutional buyers.,2026-05-31,2026-06-25,Konkan,Sindhudurg,Malwan,Devli
D3794,B0161,Chickoo,Not Specified,17.87,4009.37,Inviting offers for Chickoo from farmers in the region.,2026-05-20,2026-06-09,Konkan,Thane,Ambarnath,Ashele
D3795,B3165,Sugarcane,Co 94012,174.36,500.89,Buyer looking to purchase Sugarcane directly from farmers.,2026-07-06,2026-10-04,Western Maharashtra (Desh),Ahilyanagar (Ahmednagar),Shrirampur,Nipani Wadgaon
D3796,B2188,Mango (Alphonso),Ratna,4.29,19788.37,Looking for fresh Mango (Alphonso) for wholesale procurement.,2026-08-15,2026-09-15,Konkan,Ratnagiri,Chiplun,Ketki
D3797,B0674,Soybean,Not Specified,64.63,6682.65,Bulk Soybean requirement for processing.,2026-07-22,2026-08-24,Vidarbha,Washim,Washim,Ansing
D3798,B3737,Wheat,Sharbati,12.32,2847.51,Sourcing Wheat for export-quality grading and packaging.,2026-06-09,2026-07-16,Vidarbha,Amravati,Dharni,Dharanmahu
D3799,B2514,Turmeric,Not Specified,8.11,11227.81,Bulk Turmeric requirement for processing.,2026-06-30,2026-07-27,Western Maharashtra (Desh),Sangli,Kavathemahankal,Agalgaon
D3800,B4436,Turmeric,Selam,24.5,14370.93,Looking to procure Turmeric for institutional buyers.,2026-06-17,2026-07-27,Western Maharashtra (Desh),Sangli,Khanapur,Ainwadi
D3801,B2230,Chickoo,Kalipatti,14.7,3775.01,"Standing requirement for Chickoo, quantity flexible based on quality.",2026-08-20,2026-09-29,Konkan,Thane,Murbad,Dhasai
D3802,B0154,Ragi,Dapoli-2,26.86,3229.05,Sourcing Ragi for export-quality grading and packaging.,2026-05-30,2026-08-02,Konkan,Palghar,Dahanu,Bordi
D3803,B1824,Areca Nut,Not Specified,18.56,44875.41,Need consistent Areca Nut supply for ongoing operations.,2026-05-14,2026-06-19,Konkan,Sindhudurg,Sawantwadi,Kariwade
D3804,B4618,Coconut,Dwarf Green,27.83,5841.68,Sourcing Coconut in bulk for our processing unit.,2026-08-09,2026-08-22,Konkan,Sindhudurg,Kudal,Gaorai
D3805,B3989,Coconut,Dwarf Green,13.91,3180.17,"Procurement need for good quality Coconut, open to multiple sellers.",2026-06-20,2026-07-29,Konkan,Sindhudurg,Vengurla,Karli
D3806,B3823,Areca Nut,Mangala,26.24,35229.62,Requirement raised for Areca Nut to meet upcoming production schedule.,2026-07-26,2026-09-03,Konkan,Ratnagiri,Ratnagiri,Bhandarwadi
D3807,B3727,Mango (Alphonso),Not Specified,29.22,21053.99,Sourcing Mango (Alphonso) in bulk for our processing unit.,2026-06-04,2026-06-18,Konkan,Raigad,Panvel,Barwai
D3808,B2150,Ragi,Not Specified,19.26,3070.62,Requirement raised for Ragi to meet upcoming production schedule.,2026-07-05,2026-10-02,Konkan,Thane,Murbad,Deogaon
D3809,B2759,Turmeric,Phule Swarupa,9.71,11877.5,Sourcing Turmeric for export-quality grading and packaging.,2026-07-25,2026-08-23,Western Maharashtra (Desh),Sangli,Atpadi,Ambewadi
D3810,B0781,Cashew,Vengurla-7,32.48,17525.86,"Procurement need for good quality Cashew, open to multiple sellers.",2026-07-23,2026-08-22,Konkan,Sindhudurg,Sawantwadi,Madkhol
D3811,B1243,Areca Nut,Mangala,22.02,58129.46,Requirement raised for Areca Nut to meet upcoming production schedule.,2026-07-15,2026-08-16,Konkan,Sindhudurg,Malwan,Kalethar
D3812,B3982,Tur,Not Specified,27.68,7202.83,Inviting offers for Tur from farmers in the region.,2026-05-14,2026-07-30,Marathwada,Latur,Shirur Anantpal,Ajani Bk.
D3813,B3297,Bajra,Saburi,48.83,2332.04,"Procurement need for good quality Bajra, open to multiple sellers.",2026-06-27,2026-08-21,Marathwada,Beed,Parli,Sirsala
D3814,B1749,Coconut,Not Specified,25.52,6332.28,Sourcing Coconut in bulk for our processing unit.,2026-07-02,2026-07-31,Konkan,Sindhudurg,Dodamarg,Kumbral
D3815,B0150,Gram,Phule Vikram,34.87,6042.56,Need consistent Gram supply for ongoing operations.,2026-07-25,2026-08-31,Marathwada,Latur,Renapur,Pangaon
D3816,B2085,Wheat,Not Specified,38.78,2872.06,Sourcing Wheat for export-quality grading and packaging.,2026-08-13,2026-12-04,Marathwada,Nanded,Naigaon,Kahala Bk.
D3817,B2012,Banana,Not Specified,7.76,2781.42,Requirement raised for Banana to meet upcoming production schedule.,2026-07-18,2026-07-30,Khandesh,Jalgaon,Amalner,Amalgaon
D3818,B4246,Vari,Not Specified,43.63,3807.11,Sourcing Vari for export-quality grading and packaging.,2026-08-08,2026-09-06,Konkan,Raigad,Uran,Bandhpada
D3819,B1005,Vari,Konkan local Vari landrace,51.21,4022.58,Looking for fresh Vari for wholesale procurement.,2026-05-10,2026-07-18,Konkan,Raigad,Panvel,Bhatan
D3820,B0256,Rice,Not Specified,14.24,3471.72,Sourcing Rice for export-quality grading and packaging.,2026-05-04,2026-07-17,Vidarbha,Nagpur,Umred,Amboli
D3821,B3769,Udid,Not Specified,51.86,8276.24,Need consistent Udid supply for ongoing operations.,2026-07-14,2026-11-05,Konkan,Thane,Shahapur,Shirol
D3822,B1459,Jowar,Not Specified,29.46,5316.25,Buyer looking to purchase Jowar directly from farmers.,2026-08-21,2026-10-04,Vidarbha,Gadchiroli,Chamorshi,Talodhi Mokasa
D3823,B0900,Vari,Not Specified,34.32,4889.61,"Procurement need for good quality Vari, open to multiple sellers.",2026-07-28,2026-11-04,Western Maharashtra (Desh),Kolhapur,Hatkanangale,Rukadi
D3824,B3476,Cashew,Vengurla-4,15.58,15781.23,Buyer looking to purchase Cashew directly from farmers.,2026-07-07,2026-08-01,Konkan,Sindhudurg,Kudal,Gaorai
D3825,B3015,Tur,Not Specified,59.47,7943.06,"Standing requirement for Tur, quantity flexible based on quality.",2026-06-27,2026-09-22,Marathwada,Latur,Ahmedpur,Shirur Tajband
D3826,B0474,Maize,DHM-117,43.14,1981.83,Bulk Maize requirement for processing.,2026-08-25,2026-10-18,Khandesh,Nashik,Dindori,Vanarvadi
D3827,B2830,Jowar,Not Specified,58.85,5025.96,Bulk Jowar requirement for processing.,2026-06-08,2026-07-09,Vidarbha,Washim,Washim,Adoli
D3828,B3835,Sugarcane,Not Specified,220.81,458.54,Sourcing Sugarcane in bulk for our processing unit.,2026-08-26,2026-10-19,Western Maharashtra (Desh),Pune,Khed,Adgaon
D3829,B3541,Cotton,Bt Cotton (Bollgard II hybrid),28.17,9502.76,Sourcing Cotton for export-quality grading and packaging.,2026-07-17,2026-10-06,Khandesh,Nandurbar,Shahada,Ambapur
D3830,B0513,Turmeric,Not Specified,10.94,18872.66,"Procurement need for good quality Turmeric, open to multiple sellers.",2026-08-02,2026-08-12,Western Maharashtra (Desh),Sangli,Atpadi,Autewadi
D3831,B0423,Jowar,Not Specified,53.54,3383.17,Requirement raised for Jowar to meet upcoming production schedule.,2026-08-09,2026-10-28,Vidarbha,Chandrapur,Bhadravati,Belgaon
D3832,B2989,Udid,Not Specified,18.89,9064.67,Inviting offers for Udid from farmers in the region.,2026-05-25,2026-08-01,Konkan,Thane,Shahapur,Cherpoli
D3833,B1487,Bajra,Not Specified,51.49,2644.85,Sourcing Bajra for export-quality grading and packaging.,2026-07-05,2026-10-13,Khandesh,Nashik,Malegaon,Dabhadi
D3834,B2167,Soybean,Not Specified,58.71,4879.07,Inviting offers for Soybean from farmers in the region.,2026-08-18,2026-11-17,Marathwada,Nanded,Ardhapur,Kamtha Bk.
D3835,B3198,Groundnut,JL-24,14.17,6008.72,Seeking regular Groundnut supply from nearby farmers.,2026-08-24,2026-10-09,Western Maharashtra (Desh),Kolhapur,Radhanagari,Turambe
D3836,B0619,Banana,Grand Naine,13.82,2042.15,Buyer looking to purchase Banana directly from farmers.,2026-05-11,2026-05-27,Khandesh,Jalgaon,Bhadgaon,Adalase
D3837,B4798,Turmeric,Selam,18.62,17285.29,Seeking regular Turmeric supply from nearby farmers.,2026-08-16,2026-09-14,Western Maharashtra (Desh),Sangli,Shirala,Biur
D3838,B3231,Groundnut,Not Specified,57.84,7175.32,Sourcing Groundnut in bulk for our processing unit.,2026-07-24,2026-09-21,Vidarbha,Bhandara,Bhandara,Amgaon
D3839,B3093,Bajra,Not Specified,53.47,2497.44,Looking to procure Bajra for institutional buyers.,2026-08-13,2026-10-12,Khandesh,Nashik,Nashik,Panchak
D3840,B2347,Chickoo,Not Specified,7.31,2084.34,Sourcing Chickoo for export-quality grading and packaging.,2026-07-13,2026-08-13,Konkan,Palghar,Jawhar,Vavar
D3841,B0700,Gram,Vijay,20.85,6886.53,Looking to procure Gram for institutional buyers.,2026-06-17,2026-07-19,Marathwada,Latur,Ahmedpur,Shirur Tajband
D3842,B1689,Coconut,Not Specified,25.29,4765.25,Sourcing Coconut for export-quality grading and packaging.,2026-07-20,2026-08-27,Konkan,Sindhudurg,Devgad,Padel
D3843,B3514,Mango (Alphonso),Alphonso (Hapus),21.73,27769.3,Need consistent Mango (Alphonso) supply for ongoing operations.,2026-08-23,2026-09-18,Konkan,Sindhudurg,Vaibhavwadi,Nadhavade
D3844,B3130,Rice,Not Specified,24.94,5486.88,Sourcing Rice in bulk for our processing unit.,2026-07-28,2026-09-22,Vidarbha,Nagpur,Savner,Badegaon
D3845,B1625,Bajra,Saburi,71.19,4374.76,Bulk Bajra requirement for processing.,2026-05-26,2026-07-11,Marathwada,Beed,Shirur-Kasar,Pimpalner
D3846,B4438,Vari,Local Bhagar landrace,9.75,3228.33,Need consistent Vari supply for ongoing operations.,2026-08-19,2026-11-02,Konkan,Raigad,Poladpur,Agryachakond
D3847,B2385,Wheat,Tapovan (NIAW-917),10.93,2848.11,Buyer looking to purchase Wheat directly from farmers.,2026-07-28,2026-10-22,Marathwada,Nanded,Umri,Sindhi
D3848,B3568,Sugarcane,CoVSI 09292,184.26,448.4,Seeking regular Sugarcane supply from nearby farmers.,2026-08-06,2026-10-17,Western Maharashtra (Desh),Pune,Haveli,Ambee
D3849,B0022,Udid,TAU-2,54.73,6669.49,Buyer looking to purchase Udid directly from farmers.,2026-05-27,2026-07-03,Konkan,Palghar,Mokhada,Poshera
D3850,B4088,Gram,Phule Vikram,44.43,6613.51,Buyer looking to purchase Gram directly from farmers.,2026-07-16,2026-11-02,Marathwada,Latur,Latur,Bhosa
D3851,B2456,Coconut,T x D hybrid,30.69,3587.52,"Procurement need for good quality Coconut, open to multiple sellers.",2026-08-19,2026-09-08,Konkan,Sindhudurg,Kankavli,Bandargaon
D3852,B3172,Turmeric,Not Specified,21.59,17182.48,Sourcing Turmeric in bulk for our processing unit.,2026-07-23,2026-08-31,Western Maharashtra (Desh),Sangli,Kavathemahankal,Dhalgaon
D3853,B2446,Bajra,ICTP-8203,34.2,2868.54,Looking to procure Bajra for institutional buyers.,2026-08-07,2026-11-17,Khandesh,Nashik,Malegaon,Jalgaon Ga
D3854,B0168,Wheat,Sharbati,57.71,2842.6,"Standing requirement for Wheat, quantity flexible based on quality.",2026-08-03,2026-10-29,Vidarbha,Gondia,Deori,Fukkimeta
D3855,B0127,Sugarcane,Co 86032,234.1,521.06,Bulk Sugarcane requirement for processing.,2026-08-02,2026-11-11,Western Maharashtra (Desh),Kolhapur,Panhala,Arale
D3856,B3692,Areca Nut,Not Specified,8.35,34143.65,Requirement raised for Areca Nut to meet upcoming production schedule.,2026-07-16,2026-08-01,Konkan,Ratnagiri,Mandangad,Dandnagari
D3857,B1539,Banana,Shrimanti,8.31,2944.48,Looking for fresh Banana for wholesale procurement.,2026-07-04,2026-07-25,Khandesh,Jalgaon,Pachora,Anturli Bk. Pr. Pachora
D3858,B0966,Udid,Not Specified,70.33,6673.61,"Procurement need for good quality Udid, open to multiple sellers.",2026-07-25,2026-10-08,Konkan,Thane,Ambarnath,Chinchpada
D3859,B1135,Jowar,Not Specified,31.35,3141.5,Looking for fresh Jowar for wholesale procurement.,2026-05-20,2026-06-28,Western Maharashtra (Desh),Ahilyanagar (Ahmednagar),Parner,Parner
D3860,B3469,Udid,Not Specified,70.8,6541.33,Sourcing Udid for export-quality grading and packaging.,2026-07-10,2026-09-19,Konkan,Palghar,Palghar,Chahade
D3861,B2264,Groundnut,Phule Unnati,64.75,8884.62,"Procurement need for good quality Groundnut, open to multiple sellers.",2026-05-29,2026-08-09,Western Maharashtra (Desh),Pune,Haveli,Ambee
D3862,B4467,Linseed,Sharda,54.04,6001.58,"Standing requirement for Linseed, quantity flexible based on quality.",2026-07-26,2026-08-20,Vidarbha,Gondia,Sadak-Arjuni,Saundal
D3863,B3345,Jowar,CSH-25,67.67,3802.44,Bulk Jowar requirement for processing.,2026-07-06,2026-09-12,Western Maharashtra (Desh),Pune,Purandhar,Ambale
D3864,B2079,Wheat,NIAW-34,56.17,3037.07,Bulk Wheat requirement for processing.,2026-05-03,2026-06-17,Marathwada,Nanded,Hadgaon,Manatha
D3865,B0668,Banana,Ardhapuri,8.56,3534.47,"Procurement need for good quality Banana, open to multiple sellers.",2026-05-12,2026-06-12,Khandesh,Jalgaon,Erandol,Anandnagar
D3866,B3012,Jowar,Phule Yashoda,55.74,4829.78,Looking for fresh Jowar for wholesale procurement.,2026-08-23,2026-10-30,Western Maharashtra (Desh),Solapur,Mohol,Ankoli
D3867,B3718,Tur,Phule Rajeshwari,13.54,7196.41,Looking for fresh Tur for wholesale procurement.,2026-05-28,2026-08-05,Vidarbha,Gadchiroli,Gadchiroli,Amirza
D3868,B3366,Cotton,Ajeet-155 Bt,65.05,8431.37,Seeking regular Cotton supply from nearby farmers.,2026-06-05,2026-09-27,Vidarbha,Amravati,Chandurbazar,Shirajgaon Kasba
D3869,B3130,Rice,Ambemohar,92.4,3827.46,"Procurement need for good quality Rice, open to multiple sellers.",2026-08-08,2026-11-21,Vidarbha,Nagpur,Savner,Badegaon
D3870,B4549,Groundnut,Not Specified,22.01,7163.53,Inviting offers for Groundnut from farmers in the region.,2026-06-06,2026-09-10,Western Maharashtra (Desh),Solapur,Pandharpur,Bhalawani
D3871,B3716,Mango (Alphonso),Not Specified,17.38,17503.12,Looking to procure Mango (Alphonso) for institutional buyers.,2026-06-30,2026-07-13,Konkan,Raigad,Uran,Bandhpada
D3872,B0077,Banana,Grand Naine,13.45,5083.73,Looking to procure Banana for institutional buyers.,2026-08-16,2026-09-24,Khandesh,Jalgaon,Bodwad,Bodwad
D3873,B1911,Chickoo,Not Specified,23.55,3012.84,"Procurement need for good quality Chickoo, open to multiple sellers.",2026-05-05,2026-05-29,Konkan,Palghar,Mokhada,Khodala
D3874,B1451,Maize,Karveer,57.09,2514.98,Need consistent Maize supply for ongoing operations.,2026-06-17,2026-09-13,Khandesh,Dhule,Sindkheda,Betawad
D3875,B2163,Mango (Alphonso),Not Specified,15.31,24963.96,Sourcing Mango (Alphonso) in bulk for our processing unit.,2026-07-14,2026-08-27,Konkan,Raigad,Poladpur,Adavale Kh.
D3876,B0354,Mango (Alphonso),Not Specified,27.08,29794.22,Sourcing Mango (Alphonso) for export-quality grading and packaging.,2026-08-12,2026-08-29,Konkan,Sindhudurg,Kudal,Gaorai
D3877,B4436,Turmeric,Rajapuri,14.22,17794.27,Sourcing Turmeric in bulk for our processing unit.,2026-05-23,2026-06-05,Western Maharashtra (Desh),Sangli,Khanapur,Ainwadi
D3878,B3728,Soybean,Not Specified,61.79,7312.65,Requirement raised for Soybean to meet upcoming production schedule.,2026-08-13,2026-12-07,Khandesh,Nashik,Nashik,Dasak
D3879,B2449,Vari,Not Specified,37.68,3466.08,Bulk Vari requirement for processing.,2026-05-06,2026-08-12,Konkan,Thane,Thane,Adavli
D3880,B3873,Groundnut,TAG-24,31.99,7971.97,Requirement raised for Groundnut to meet upcoming production schedule.,2026-06-28,2026-09-20,Vidarbha,Bhandara,Bhandara,Amgaon
D3881,B1228,Udid,TAU-2,18.78,7685.17,"Standing requirement for Udid, quantity flexible based on quality.",2026-05-30,2026-08-27,Konkan,Thane,Thane,Agasan
D3882,B2768,Bajra,ICTP-8203,57.22,3540.19,"Standing requirement for Bajra, quantity flexible based on quality.",2026-07-10,2026-10-30,Marathwada,Beed,Georai,Pimpla
D3883,B3115,Chickoo,Kalipatti,26.69,1870.96,Buyer looking to purchase Chickoo directly from farmers.,2026-06-23,2026-07-14,Konkan,Palghar,Dahanu,Charoti
D3884,B3341,Turmeric,Selam,7.2,13284.84,Inviting offers for Turmeric from farmers in the region.,2026-07-06,2026-08-13,Western Maharashtra (Desh),Sangli,Jat,Ankalagi
D3885,B3611,Chickoo,Not Specified,17.42,2770.51,Looking for fresh Chickoo for wholesale procurement.,2026-08-07,2026-08-30,Konkan,Palghar,Vasai,Agashi
D3886,B4666,Ragi,Not Specified,30.0,3020.42,"Procurement need for good quality Ragi, open to multiple sellers.",2026-07-08,2026-10-16,Konkan,Palghar,Mokhada,Poshera
D3887,B1506,Maize,Not Specified,60.96,2725.06,Bulk Maize requirement for processing.,2026-07-29,2026-09-02,Khandesh,Dhule,Sakri,Pimpalner
D3888,B0452,Rice,Not Specified,75.15,5588.05,Bulk Rice requirement for processing.,2026-05-18,2026-08-27,Vidarbha,Nagpur,Kamptee,Ambadi
D3889,B3437,Bajra,ICTP-8203,34.56,4550.95,Looking to procure Bajra for institutional buyers.,2026-08-22,2026-10-22,Khandesh,Dhule,Sakri,Dusane
D3890,B1653,Coconut,Dwarf Green,26.47,5642.29,Looking for fresh Coconut for wholesale procurement.,2026-08-11,2026-09-03,Konkan,Sindhudurg,Vaibhavwadi,Nadhavade
D3891,B1883,Turmeric,Rajapuri,4.18,13197.7,Sourcing Turmeric for export-quality grading and packaging.,2026-08-20,2026-09-23,Western Maharashtra (Desh),Sangli,Miraj,Arag
D3892,B4637,Udid,Not Specified,25.93,7177.41,Looking for fresh Udid for wholesale procurement.,2026-06-26,2026-09-03,Konkan,Thane,Shahapur,Cherpoli
D3893,B1070,Soybean,MACS 1281,42.13,5691.76,Seeking regular Soybean supply from nearby farmers.,2026-07-21,2026-08-26,Marathwada,Dharashiv (Osmanabad),Bhum,Mankeshwar
D3894,B1119,Vari,Konkan local Vari landrace,42.46,4939.37,Looking for fresh Vari for wholesale procurement.,2026-08-10,2026-10-07,Western Maharashtra (Desh),Kolhapur,Shirol,Nandani
D3895,B2080,Areca Nut,Sumangala,13.78,45092.55,Requirement raised for Areca Nut to meet upcoming production schedule.,2026-06-04,2026-06-21,Konkan,Sindhudurg,Kankavli,Waingani
D3896,B4741,Rice,Not Specified,75.61,4466.82,Looking for fresh Rice for wholesale procurement.,2026-06-06,2026-08-16,Vidarbha,Bhandara,Sakoli,Parsodi
D3897,B2868,Bajra,Not Specified,66.66,3408.08,Looking for fresh Bajra for wholesale procurement.,2026-06-15,2026-09-04,Marathwada,Beed,Wadwani,Chikhal Bid
D3898,B3361,Vari,Not Specified,29.98,3496.16,Requirement raised for Vari to meet upcoming production schedule.,2026-08-12,2026-11-06,Konkan,Palghar,Vikramgad,Balapur
D3899,B4565,Tur,Not Specified,69.47,7418.78,Looking to procure Tur for institutional buyers.,2026-08-25,2026-11-27,Vidarbha,Gondia,Gondia,Adashi
D3900,B3252,Wheat,NIAW-34,10.67,3059.92,Seeking regular Wheat supply from nearby farmers.,2026-05-24,2026-07-19,Vidarbha,Yavatmal,Pusad,Shambal Pimpri
D3901,B0616,Rice,Not Specified,13.81,5374.81,"Standing requirement for Rice, quantity flexible based on quality.",2026-08-25,2026-10-30,Vidarbha,Gadchiroli,Mulchera,Vivekanandpur
D3902,B4590,Rice,Karjat-3,88.96,5499.58,"Standing requirement for Rice, quantity flexible based on quality.",2026-07-28,2026-10-30,Western Maharashtra (Desh),Kolhapur,Bhudargad,Madilge Bk.
D3903,B3867,Soybean,Not Specified,57.24,4937.48,Inviting offers for Soybean from farmers in the region.,2026-07-08,2026-10-30,Marathwada,Beed,Kaij,Adas
D3904,B0625,Wheat,NIAW-34,58.3,2840.12,Buyer looking to purchase Wheat directly from farmers.,2026-05-25,2026-07-03,Western Maharashtra (Desh),Solapur,Mangalvedhe,Laxami Dahiwadi
D3905,B3883,Udid,Not Specified,47.26,7439.9,Bulk Udid requirement for processing.,2026-06-29,2026-08-23,Konkan,Thane,Thane,Adavli
D3906,B1595,Ragi,Not Specified,21.09,3655.47,Need consistent Ragi supply for ongoing operations.,2026-04-29,2026-07-04,Konkan,Raigad,Poladpur,Adavale Kh.
D3907,B0644,Chickoo,Not Specified,9.44,3050.61,Requirement raised for Chickoo to meet upcoming production schedule.,2026-07-31,2026-08-19,Konkan,Palghar,Talasari,Upalat
D3908,B0174,Groundnut,Phule Unnati,56.01,7909.1,Looking for fresh Groundnut for wholesale procurement.,2026-05-11,2026-08-06,Vidarbha,Gondia,Gondia,Adashi
D3909,B2957,Sunflower,Morden,13.68,5938.17,Need consistent Sunflower supply for ongoing operations.,2026-07-23,2026-11-09,Vidarbha,Buldhana,Sangrampur,Sonala
D3910,B0559,Ragi,Dapoli-2,16.81,2998.14,Need consistent Ragi supply for ongoing operations.,2026-06-15,2026-10-12,Konkan,Thane,Murbad,Deogaon
D3911,B0147,Groundnut,Not Specified,31.57,7011.22,Looking to procure Groundnut for institutional buyers.,2026-07-18,2026-09-13,Western Maharashtra (Desh),Pune,Haveli,Agalambe
D3912,B2260,Sunflower,KBSH-1,25.07,7342.5,Looking for fresh Sunflower for wholesale procurement.,2026-07-06,2026-09-12,Vidarbha,Buldhana,Khamgaon,Ghatpuri
D3913,B2395,Sunflower,Not Specified,74.14,7606.11,"Procurement need for good quality Sunflower, open to multiple sellers.",2026-05-01,2026-07-12,Vidarbha,Buldhana,Shegaon,Matargaon Bk.
D3914,B4159,Areca Nut,Not Specified,8.96,38653.25,Inviting offers for Areca Nut from farmers in the region.,2026-05-31,2026-07-14,Konkan,Ratnagiri,Khed,Khed (Bhadgaon)
D3915,B0086,Vari,Konkan local Vari landrace,68.98,3914.27,"Standing requirement for Vari, quantity flexible based on quality.",2026-05-22,2026-07-03,Western Maharashtra (Desh),Kolhapur,Radhanagari,Phejiwade
D3916,B3288,Wheat,Sharbati,54.3,2789.18,Inviting offers for Wheat from farmers in the region.,2026-08-02,2026-11-14,Marathwada,Jalna,Jalna,Deomurti
D3917,B3771,Groundnut,SB-11,11.29,5939.14,Buyer looking to purchase Groundnut directly from farmers.,2026-07-08,2026-10-02,Vidarbha,Washim,Risod,Wakad
D3918,B1084,Ragi,Dapoli-1,15.07,3769.25,Looking for fresh Ragi for wholesale procurement.,2026-05-17,2026-08-21,Konkan,Ratnagiri,Rajapur,Varachiwadi (Kasheli)
D3919,B1268,Vari,Local Bhagar landrace,17.73,3690.94,Seeking regular Vari supply from nearby farmers.,2026-08-25,2026-11-15,Konkan,Raigad,Uran,Aware
D3920,B0031,Chickoo,Not Specified,21.59,3950.53,Need consistent Chickoo supply for ongoing operations.,2026-07-19,2026-08-30,Konkan,Palghar,Dahanu,Dapchari
D3921,B1324,Vari,Not Specified,16.12,4324.98,Looking to procure Vari for institutional buyers.,2026-08-21,2026-10-26,Konkan,Palghar,Vasai,Agashi
D3922,B1024,Banana,Grand Naine,28.52,3934.14,Bulk Banana requirement for processing.,2026-06-10,2026-06-30,Khandesh,Jalgaon,Jalgaon,Asoda
D3923,B0159,Groundnut,Not Specified,38.81,8534.67,Need consistent Groundnut supply for ongoing operations.,2026-06-12,2026-07-21,Vidarbha,Bhandara,Lakhani,Lakhani
D3924,B2538,Cotton,Not Specified,27.24,9760.74,"Procurement need for good quality Cotton, open to multiple sellers.",2026-07-19,2026-09-02,Marathwada,Dharashiv (Osmanabad),Lohara,Jewali
D3925,B3158,Udid,BDU-1,43.23,8184.02,Sourcing Udid for export-quality grading and packaging.,2026-05-09,2026-07-11,Konkan,Thane,Thane,Adavli
D3926,B4712,Udid,Not Specified,73.38,9350.6,Sourcing Udid for export-quality grading and packaging.,2026-07-02,2026-10-17,Konkan,Thane,Shahapur,Shirol
D3927,B3558,Sugarcane,Not Specified,296.88,340.27,Sourcing Sugarcane in bulk for our processing unit.,2026-06-12,2026-09-26,Marathwada,Jalna,Bhokardan,Paradh Bk.
D3928,B2505,Vari,Local Bhagar landrace,68.67,4503.9,Need consistent Vari supply for ongoing operations.,2026-07-11,2026-08-26,Konkan,Palghar,Palghar,Barhanpur
D3929,B3084,Areca Nut,Mangala,15.44,43147.79,Sourcing Areca Nut for export-quality grading and packaging.,2026-08-16,2026-09-09,Konkan,Sindhudurg,Malwan,Waghavane
D3930,B4248,Coconut,Not Specified,25.28,5859.66,"Standing requirement for Coconut, quantity flexible based on quality.",2026-08-22,2026-09-04,Konkan,Sindhudurg,Malwan,Kalethar
D3931,B1855,Ragi,Phule Nachani,24.4,3890.65,Seeking regular Ragi supply from nearby farmers.,2026-06-11,2026-09-18,Konkan,Ratnagiri,Chiplun,Ketki
D3932,B3431,Udid,Not Specified,50.54,8738.33,"Standing requirement for Udid, quantity flexible based on quality.",2026-06-10,2026-09-19,Konkan,Thane,Bhiwandi,Ambardi
D3933,B0540,Sunflower,Morden,42.76,6575.81,Seeking regular Sunflower supply from nearby farmers.,2026-06-10,2026-07-26,Vidarbha,Buldhana,Motala,Motala
D3934,B3322,Tur,BSMR-736,16.4,6425.94,Seeking regular Tur supply from nearby farmers.,2026-08-22,2026-10-14,Vidarbha,Yavatmal,Kalamb,Antargaon
D3935,B3380,Gram,Not Specified,23.71,6048.28,Bulk Gram requirement for processing.,2026-08-03,2026-10-01,Marathwada,Latur,Nilanga,Aurad
D3936,B0481,Field Beans,Not Specified,27.73,3157.8,"Procurement need for good quality Field Beans, open to multiple sellers.",2026-05-15,2026-06-01,Konkan,Raigad,Karjat,Khandape
D3937,B3770,Groundnut,Phule Unnati,34.21,8825.03,Sourcing Groundnut in bulk for our processing unit.,2026-07-08,2026-09-13,Western Maharashtra (Desh),Kolhapur,Radhanagari,Turambe
D3938,B3450,Soybean,Not Specified,57.95,7273.05,Looking to procure Soybean for institutional buyers.,2026-05-09,2026-07-07,Marathwada,Nanded,Mukhed,Jamb Bk.
D3939,B1032,Mango (Alphonso),Not Specified,30.22,11638.63,Requirement raised for Mango (Alphonso) to meet upcoming production schedule.,2026-07-22,2026-08-18,Konkan,Raigad,Khalapur,Adoshi
D3940,B3674,Linseed,Not Specified,16.53,6958.53,Looking to procure Linseed for institutional buyers.,2026-06-04,2026-09-19,Vidarbha,Gadchiroli,Korchi,Maseli
D3941,B2647,Turmeric,Not Specified,22.41,18351.01,Need consistent Turmeric supply for ongoing operations.,2026-08-10,2026-08-25,Western Maharashtra (Desh),Sangli,Kadegaon,Asad
D3942,B2892,Soybean,MAUS 71,9.41,4967.77,Buyer looking to purchase Soybean directly from farmers.,2026-08-09,2026-09-23,Western Maharashtra (Desh),Satara,Satara,Ambavade Bk.
D3943,B2468,Linseed,NL-97,30.04,5548.12,Sourcing Linseed for export-quality grading and packaging.,2026-05-29,2026-09-08,Vidarbha,Gondia,Salekasa,Tirkhedi
D3944,B4611,Ragi,Dapoli-1,26.16,3882.67,Buyer looking to purchase Ragi directly from farmers.,2026-06-12,2026-09-03,Konkan,Thane,Murbad,Deogaon
D3945,B3331,Bajra,Saburi,27.74,3204.82,Need consistent Bajra supply for ongoing operations.,2026-06-05,2026-10-02,Khandesh,Dhule,Dhule,Kapadne
D3946,B2662,Linseed,Sharda,60.3,7306.23,Sourcing Linseed in bulk for our processing unit.,2026-05-25,2026-07-20,Vidarbha,Gadchiroli,Etapalli,Bhapda
D3947,B1024,Banana,Red Banana,22.29,4238.01,Sourcing Banana for export-quality grading and packaging.,2026-05-08,2026-06-14,Khandesh,Jalgaon,Jalgaon,Asoda
D3948,B3629,Udid,Not Specified,62.92,7307.08,"Standing requirement for Udid, quantity flexible based on quality.",2026-06-01,2026-07-21,Konkan,Thane,Shahapur,Cherpoli
D3949,B2505,Vari,Not Specified,56.45,4047.11,Looking for fresh Vari for wholesale procurement.,2026-06-09,2026-07-31,Konkan,Palghar,Palghar,Barhanpur
D3950,B1501,Tur,Not Specified,52.6,6126.38,Need consistent Tur supply for ongoing operations.,2026-07-16,2026-09-07,Vidarbha,Gadchiroli,Armori,Arsoda
D3951,B2740,Chickoo,Cricket Ball,29.32,3888.61,Bulk Chickoo requirement for processing.,2026-08-20,2026-09-14,Konkan,Palghar,Vada,Chinchghar
D3952,B0162,Sunflower,Not Specified,25.26,6142.76,Looking to procure Sunflower for institutional buyers.,2026-08-20,2026-12-09,Vidarbha,Buldhana,Motala,Motala
D3953,B1706,Tur,BSMR-736,35.51,5875.39,Seeking regular Tur supply from nearby farmers.,2026-05-22,2026-08-15,Marathwada,Latur,Udgir,Kumtha Kh.
D3954,B2077,Maize,Pratap Hybrid-1,43.45,1957.15,Need consistent Maize supply for ongoing operations.,2026-05-22,2026-07-16,Marathwada,Chhatrapati Sambhajinagar (Aurangabad),Phulambri,Babra
D3955,B1886,Soybean,JS 9560,66.03,5717.65,Seeking regular Soybean supply from nearby farmers.,2026-06-05,2026-07-16,Vidarbha,Washim,Manora,Poharadevi
D3956,B2676,Tur,BDN-711,39.65,5835.2,Requirement raised for Tur to meet upcoming production schedule.,2026-06-15,2026-09-11,Marathwada,Hingoli,Hingoli,Narsi
D3957,B0444,Udid,Not Specified,72.59,7304.34,Sourcing Udid for export-quality grading and packaging.,2026-05-07,2026-06-20,Konkan,Palghar,Vasai,Agashi
D3958,B1248,Cotton,Not Specified,60.25,9405.36,Requirement raised for Cotton to meet upcoming production schedule.,2026-06-25,2026-07-29,Western Maharashtra (Desh),Ahilyanagar (Ahmednagar),Shevgaon,Akhegaon Titarfa
D3959,B0645,Udid,Not Specified,19.09,9028.84,Bulk Udid requirement for processing.,2026-05-19,2026-07-12,Konkan,Palghar,Vasai,Bhatane
D3960,B4184,Groundnut,Not Specified,10.73,7300.17,Inviting offers for Groundnut from farmers in the region.,2026-05-10,2026-06-15,Western Maharashtra (Desh),Kolhapur,Radhanagari,Phejiwade
D3961,B2044,Tur,Not Specified,55.43,8570.81,Looking for fresh Tur for wholesale procurement.,2026-06-19,2026-10-17,Marathwada,Beed,Ambajogai,Bardapur
D3962,B1829,Gram,Not Specified,28.92,6874.39,Bulk Gram requirement for processing.,2026-07-23,2026-10-16,Marathwada,Latur,Renapur,Pangaon
D3963,B0902,Field Beans,Local Konkan landrace,33.89,3592.28,Need consistent Field Beans supply for ongoing operations.,2026-08-24,2026-09-28,Konkan,Raigad,Khalapur,Adoshi
D3964,B3541,Cotton,Not Specified,19.26,8985.58,Looking to procure Cotton for institutional buyers.,2026-05-19,2026-07-18,Khandesh,Nandurbar,Shahada,Ambapur
D3965,B3356,Vari,Local Bhagar landrace,17.31,4068.21,Bulk Vari requirement for processing.,2026-07-29,2026-10-30,Konkan,Palghar,Palghar,Betegaon
D3966,B2988,Jowar,Not Specified,56.38,3422.21,Seeking regular Jowar supply from nearby farmers.,2026-04-30,2026-05-25,Western Maharashtra (Desh),Kolhapur,Shirol,Lat
D3967,B3754,Maize,African Tall,28.74,2060.27,Looking for fresh Maize for wholesale procurement.,2026-06-14,2026-09-18,Khandesh,Nandurbar,Akkalkuwa,Bhagdari
D3968,B3158,Udid,TAU-1,53.3,7788.17,Need consistent Udid supply for ongoing operations.,2026-07-04,2026-08-07,Konkan,Thane,Thane,Adavli
D3969,B2508,Udid,Phule Uttara,54.98,7795.85,Inviting offers for Udid from farmers in the region.,2026-05-05,2026-08-13,Konkan,Thane,Shahapur,Shirol
D3970,B0311,Groundnut,JL-24,68.11,8300.81,Buyer looking to purchase Groundnut directly from farmers.,2026-08-05,2026-09-05,Khandesh,Dhule,Dhule,Songir
D3971,B1774,Banana,Not Specified,18.82,3419.3,Inviting offers for Banana from farmers in the region.,2026-07-16,2026-08-29,Khandesh,Jalgaon,Amalner,Ambasan
D3972,B1697,Bajra,Shraddha,50.66,3033.07,"Procurement need for good quality Bajra, open to multiple sellers.",2026-07-16,2026-08-24,Khandesh,Nashik,Trimbakeshwar,Talwade Tri
D3973,B3340,Sugarcane,Not Specified,302.94,474.45,Requirement raised for Sugarcane to meet upcoming production schedule.,2026-05-12,2026-09-01,Western Maharashtra (Desh),Pune,Ambegaon,Adivare
D3974,B2894,Vari,Not Specified,73.6,3318.97,Requirement raised for Vari to meet upcoming production schedule.,2026-07-24,2026-11-10,Konkan,Thane,Shahapur,Shirol
D3975,B3128,Mango (Alphonso),Ratna,28.97,19198.61,Seeking regular Mango (Alphonso) supply from nearby farmers.,2026-06-23,2026-07-14,Konkan,Raigad,Mangaon,Ambarle
D3976,B4293,Groundnut,TAG-24,70.25,8118.76,Seeking regular Groundnut supply from nearby farmers.,2026-08-14,2026-12-09,Western Maharashtra (Desh),Kolhapur,Hatkanangale,Shiroli
D3977,B4539,Udid,TAU-1,38.57,8458.24,Need consistent Udid supply for ongoing operations.,2026-05-30,2026-08-16,Konkan,Palghar,Jawhar,Kharonda
D3978,B2317,Maize,Pratap Hybrid-1,22.92,2516.94,Looking for fresh Maize for wholesale procurement.,2026-08-25,2026-10-17,Khandesh,Dhule,Sakri,Dusane
D3979,B0408,Bajra,Not Specified,47.26,4512.97,Inviting offers for Bajra from farmers in the region.,2026-08-08,2026-11-15,Western Maharashtra (Desh),Pune,Haveli,Ambee
D3980,B4667,Vari,Local Bhagar landrace,33.03,3808.46,Inviting offers for Vari from farmers in the region.,2026-05-29,2026-08-21,Konkan,Raigad,Murud,Adad
D3981,B0651,Sugarcane,CoM 0265,197.44,289.91,Buyer looking to purchase Sugarcane directly from farmers.,2026-06-23,2026-09-21,Marathwada,Chhatrapati Sambhajinagar (Aurangabad),Kannad,Chincholi (L)
D3982,B3424,Soybean,JS 20-29,63.03,5515.9,Need consistent Soybean supply for ongoing operations.,2026-08-20,2026-09-24,Marathwada,Nanded,Deglur,Shahapur
D3983,B3482,Cashew,Vengurla-8,5.64,20445.06,Requirement raised for Cashew to meet upcoming production schedule.,2026-08-14,2026-09-06,Konkan,Sindhudurg,Devgad,Jamsande
D3984,B2488,Sugarcane,Co 740,318.36,614.78,Looking to procure Sugarcane for institutional buyers.,2026-07-01,2026-10-09,Marathwada,Nanded,Deglur,Hanegaon
D3985,B1201,Field Beans,Konkan Val landrace,9.05,4156.37,Requirement raised for Field Beans to meet upcoming production schedule.,2026-06-30,2026-07-23,Konkan,Raigad,Uran,Aware
D3986,B1968,Maize,Not Specified,54.17,2262.7,"Procurement need for good quality Maize, open to multiple sellers.",2026-05-01,2026-06-20,Khandesh,Dhule,Dhule,Kusumbe
D3987,B0815,Soybean,MAUS 71,38.55,6341.51,Seeking regular Soybean supply from nearby farmers.,2026-08-15,2026-09-22,Marathwada,Nanded,Mudkhed,Niwgha
D3988,B3041,Udid,TAU-2,53.68,6501.96,Bulk Udid requirement for processing.,2026-05-20,2026-09-07,Konkan,Palghar,Dahanu,Charoti
D3989,B0472,Ragi,Dapoli-2,34.09,3275.95,Requirement raised for Ragi to meet upcoming production schedule.,2026-05-02,2026-06-03,Konkan,Raigad,Mahad,Pachad
D3990,B2803,Cotton,Ajeet-155 Bt,40.49,9586.91,Looking for fresh Cotton for wholesale procurement.,2026-07-29,2026-11-06,Vidarbha,Yavatmal,Ner,Manikwada
D3991,B4511,Ragi,Not Specified,21.91,3636.92,Looking to procure Ragi for institutional buyers.,2026-07-03,2026-10-02,Konkan,Thane,Shahapur,Cherpoli
D3992,B4178,Cashew,Vengurla-7,16.38,17700.53,Looking for fresh Cashew for wholesale procurement.,2026-05-29,2026-06-26,Konkan,Raigad,Karjat,Khanand
D3993,B2038,Maize,African Tall,10.18,2365.68,Sourcing Maize in bulk for our processing unit.,2026-06-01,2026-07-16,Khandesh,Jalgaon,Parola,Babhale Nag
D3994,B2517,Groundnut,Not Specified,23.13,5619.56,Sourcing Groundnut for export-quality grading and packaging.,2026-08-25,2026-10-24,Vidarbha,Akola,Akot,Mundgaon
D3995,B0872,Linseed,Sharda,39.29,7129.92,Requirement raised for Linseed to meet upcoming production schedule.,2026-08-26,2026-11-11,Vidarbha,Gadchiroli,Gadchiroli,Kotgal
D3996,B3175,Vari,Local Bhagar landrace,57.09,3962.86,Inviting offers for Vari from farmers in the region.,2026-07-22,2026-10-03,Konkan,Raigad,Poladpur,Adavale Kh.
D3997,B1285,Linseed,NL-97,32.84,6339.27,Buyer looking to purchase Linseed directly from farmers.,2026-05-07,2026-06-22,Vidarbha,Gadchiroli,Mulchera,Gomani
D3998,B1044,Udid,Phule Uttara,23.65,9473.69,Looking for fresh Udid for wholesale procurement.,2026-06-22,2026-10-20,Konkan,Palghar,Vikramgad,Dadade
D3999,B3835,Sugarcane,Co 740,157.71,305.95,Requirement raised for Sugarcane to meet upcoming production schedule.,2026-07-11,2026-11-07,Western Maharashtra (Desh),Pune,Khed,Adgaon
D4000,B0357,Bajra,Not Specified,14.92,3374.57,Looking to procure Bajra for institutional buyers.,2026-05-24,2026-08-21,Khandesh,Dhule,Shirpur,Boradi
D4001,B0099,Groundnut,TAG-24,34.63,5711.69,Inviting offers for Groundnut from farmers in the region.,2026-08-12,2026-09-29,Vidarbha,Washim,Washim,Ansing
D4002,B1782,Sunflower,Not Specified,43.1,6813.42,Sourcing Sunflower in bulk for our processing unit.,2026-07-07,2026-10-18,Vidarbha,Buldhana,Chikhli,Isoli
D4003,B0276,Bajra,Not Specified,32.93,2530.98,Bulk Bajra requirement for processing.,2026-06-16,2026-09-09,Western Maharashtra (Desh),Ahilyanagar (Ahmednagar),Nagar,Ambilwadi
D4004,B3203,Tur,Not Specified,61.62,8311.0,Sourcing Tur in bulk for our processing unit.,2026-06-12,2026-07-26,Marathwada,Latur,Deoni,Ambegaon
D4005,B0122,Wheat,Sharbati,51.34,2246.02,Inviting offers for Wheat from farmers in the region.,2026-07-14,2026-09-27,Vidarbha,Amravati,Amravati,Brahmanwada Govindpur
D4006,B1568,Coconut,Not Specified,12.15,4474.49,Need consistent Coconut supply for ongoing operations.,2026-05-10,2026-06-12,Konkan,Sindhudurg,Vaibhavwadi,Vabhave
D4007,B0341,Jowar,CSH-16,64.48,6136.37,Inviting offers for Jowar from farmers in the region.,2026-05-03,2026-06-16,Marathwada,Parbhani,Sailu,Deulgaon Gat
D4008,B3116,Areca Nut,Not Specified,25.16,53999.09,Sourcing Areca Nut in bulk for our processing unit.,2026-08-11,2026-09-05,Konkan,Ratnagiri,Sangameshwar,Devrukh
D4009,B4701,Gram,Vijay,14.11,5298.62,Bulk Gram requirement for processing.,2026-08-18,2026-11-23,Marathwada,Latur,Deoni,Achwala
D4010,B1017,Ragi,Not Specified,29.66,4177.34,"Standing requirement for Ragi, quantity flexible based on quality.",2026-05-18,2026-07-22,Konkan,Palghar,Jawhar,Kharonda
D4011,B3100,Sugarcane,Not Specified,405.27,329.63,Sourcing Sugarcane in bulk for our processing unit.,2026-08-04,2026-10-20,Western Maharashtra (Desh),Kolhapur,Hatkanangale,Rukadi
D4012,B4590,Rice,Not Specified,76.65,3913.92,Looking for fresh Rice for wholesale procurement.,2026-06-01,2026-07-06,Western Maharashtra (Desh),Kolhapur,Bhudargad,Madilge Bk.
D4013,B2302,Jowar,CSH-16,43.0,2880.34,Inviting offers for Jowar from farmers in the region.,2026-07-25,2026-09-27,Western Maharashtra (Desh),Pune,Mulshi,Adgaon
D4014,B0080,Areca Nut,Not Specified,15.58,34591.86,Sourcing Areca Nut for export-quality grading and packaging.,2026-06-02,2026-07-02,Konkan,Sindhudurg,Malwan,Waghavane
D4015,B0949,Mango (Alphonso),Alphonso (Hapus),14.32,17162.85,Inviting offers for Mango (Alphonso) from farmers in the region.,2026-06-20,2026-06-30,Konkan,Raigad,Uran,Antrabamdakhar
D4016,B4691,Cotton,Not Specified,58.63,9750.17,Buyer looking to purchase Cotton directly from farmers.,2026-07-03,2026-09-03,Vidarbha,Chandrapur,Warora,Abamakta
D4017,B4124,Maize,DHM-117,12.9,1964.55,Sourcing Maize in bulk for our processing unit.,2026-08-13,2026-10-22,Khandesh,Dhule,Dhule,Songir
D4018,B3193,Sunflower,Phule Raviraj,17.76,7478.75,Need consistent Sunflower supply for ongoing operations.,2026-06-16,2026-09-09,Vidarbha,Buldhana,Lonar,Sultanpur
D4019,B2202,Maize,Not Specified,38.0,2037.78,"Procurement need for good quality Maize, open to multiple sellers.",2026-05-31,2026-08-21,Khandesh,Dhule,Shirpur,Sangavi
D4020,B2176,Wheat,Tapovan (NIAW-917),8.28,3373.11,"Procurement need for good quality Wheat, open to multiple sellers.",2026-07-22,2026-11-14,Vidarbha,Amravati,Morshi,Ambada
D4021,B1874,Linseed,Sharda,23.61,5985.83,Looking to procure Linseed for institutional buyers.,2026-06-26,2026-08-28,Vidarbha,Gadchiroli,Armori,Churmura
D4022,B0581,Udid,TAU-2,9.76,6991.98,Need consistent Udid supply for ongoing operations.,2026-06-19,2026-07-22,Konkan,Thane,Thane,Adavli
D4023,B4560,Sugarcane,CoM 0265,530.5,423.16,Bulk Sugarcane requirement for processing.,2026-07-31,2026-08-29,Marathwada,Dharashiv (Osmanabad),Washi,Terkheda
D4024,B0666,Sugarcane,CoVSI 09292,368.05,514.42,Sourcing Sugarcane in bulk for our processing unit.,2026-06-27,2026-08-03,Western Maharashtra (Desh),Kolhapur,Kagal,Siddhanerli
D4025,B1358,Ragi,Dapoli-2,5.23,4399.61,Looking for fresh Ragi for wholesale procurement.,2026-05-08,2026-07-28,Konkan,Thane,Shahapur,Shirol
D4026,B2381,Field Beans,Not Specified,18.16,4340.36,Inviting offers for Field Beans from farmers in the region.,2026-06-23,2026-08-05,Konkan,Raigad,Tala,Adnale
D4027,B2226,Tur,Vipula,12.76,5568.37,Looking to procure Tur for institutional buyers.,2026-06-04,2026-07-12,Konkan,Palghar,Palghar,Chahade
D4028,B0208,Ragi,Not Specified,33.02,3566.83,Need consistent Ragi supply for ongoing operations.,2026-04-29,2026-06-02,Konkan,Thane,Thane,Agasan
D4029,B3642,Turmeric,Phule Swarupa,21.57,12309.94,Sourcing Turmeric in bulk for our processing unit.,2026-07-21,2026-08-12,Western Maharashtra (Desh),Sangli,Khanapur,Balvadi
D4030,B0303,Groundnut,JL-24,15.62,8730.06,Need consistent Groundnut supply for ongoing operations.,2026-05-15,2026-09-07,Vidarbha,Akola,Balapur,Paras
D4031,B3467,Cashew,Not Specified,36.27,16574.46,Looking for fresh Cashew for wholesale procurement.,2026-05-24,2026-06-08,Konkan,Sindhudurg,Devgad,Padel
D4032,B2196,Mango (Alphonso),Alphonso (Hapus),35.04,25691.14,Requirement raised for Mango (Alphonso) to meet upcoming production schedule.,2026-08-16,2026-09-22,Konkan,Sindhudurg,Dodamarg,Talkat
D4033,B3668,Ragi,Dapoli-1,11.39,3927.94,Sourcing Ragi in bulk for our processing unit.,2026-07-28,2026-11-23,Konkan,Palghar,Vikramgad,Balapur
D4034,B3336,Coconut,Not Specified,34.33,4150.06,Seeking regular Coconut supply from nearby farmers.,2026-06-02,2026-06-18,Konkan,Sindhudurg,Malwan,Devli
D4035,B3933,Coconut,Not Specified,5.06,3545.78,"Procurement need for good quality Coconut, open to multiple sellers.",2026-06-20,2026-06-30,Konkan,Sindhudurg,Vaibhavwadi,Nadhavade
D4036,B0454,Chickoo,Cricket Ball,15.75,2843.91,Requirement raised for Chickoo to meet upcoming production schedule.,2026-05-31,2026-07-04,Konkan,Palghar,Dahanu,Bordi
D4037,B0915,Field Beans,Not Specified,25.48,4466.56,Need consistent Field Beans supply for ongoing operations.,2026-06-03,2026-07-12,Konkan,Raigad,Murud,Agardande
D4038,B1774,Banana,Not Specified,30.57,4390.47,Sourcing Banana for export-quality grading and packaging.,2026-08-21,2026-09-17,Khandesh,Jalgaon,Amalner,Ambasan
D4039,B4150,Soybean,JS 335,66.87,5056.3,Sourcing Soybean for export-quality grading and packaging.,2026-08-13,2026-10-21,Marathwada,Nanded,Naigaon,Kahala Bk.
D4040,B4310,Coconut,Pratap,35.76,3666.28,"Standing requirement for Coconut, quantity flexible based on quality.",2026-05-22,2026-07-01,Konkan,Sindhudurg,Vengurla,Chipi
D4041,B3179,Mango (Alphonso),Not Specified,25.87,12666.31,Bulk Mango (Alphonso) requirement for processing.,2026-08-26,2026-09-20,Konkan,Ratnagiri,Lanja,Gangar Kargaon
D4042,B2241,Jowar,Not Specified,61.37,6235.08,Need consistent Jowar supply for ongoing operations.,2026-08-22,2026-11-04,Marathwada,Nanded,Nanded,Vishnupuri
D4043,B3608,Wheat,Not Specified,34.9,2553.03,Inviting offers for Wheat from farmers in the region.,2026-07-26,2026-10-20,Marathwada,Nanded,Biloli,Kasrali
D4044,B1876,Banana,Not Specified,18.12,1910.91,Sourcing Banana for export-quality grading and packaging.,2026-05-17,2026-06-04,Khandesh,Jalgaon,Muktainagar,Anjangaon
D4045,B2778,Soybean,MAUS 71,43.37,5030.01,Requirement raised for Soybean to meet upcoming production schedule.,2026-08-07,2026-10-21,Marathwada,Nanded,Ardhapur,Malegaon
D4046,B2477,Rice,Kolam,56.19,4648.13,Looking for fresh Rice for wholesale procurement.,2026-05-14,2026-07-15,Vidarbha,Gadchiroli,Korchi,Kotgul
D4047,B2685,Vari,Konkan local Vari landrace,67.77,3699.02,Sourcing Vari for export-quality grading and packaging.,2026-06-03,2026-09-20,Konkan,Thane,Thane,Agasan
D4048,B1084,Ragi,Dapoli-1,26.82,4495.23,Buyer looking to purchase Ragi directly from farmers.,2026-08-24,2026-12-01,Konkan,Ratnagiri,Rajapur,Varachiwadi (Kasheli)
D4049,B1237,Rice,IR-64,62.04,5262.01,Looking for fresh Rice for wholesale procurement.,2026-06-16,2026-09-28,Vidarbha,Gondia,Arjuni-Morgaon,Arjuni
D4050,B1423,Sunflower,KBSH-1,9.51,7170.85,Bulk Sunflower requirement for processing.,2026-07-29,2026-11-26,Vidarbha,Buldhana,Malkapur,Datala
D4051,B0454,Chickoo,Kalipatti,16.96,2871.31,"Standing requirement for Chickoo, quantity flexible based on quality.",2026-07-04,2026-08-18,Konkan,Palghar,Dahanu,Bordi
D4052,B2113,Rice,Not Specified,92.8,5009.87,Looking to procure Rice for institutional buyers.,2026-07-11,2026-08-22,Western Maharashtra (Desh),Kolhapur,Bhudargad,Gargoti
D4053,B0719,Sugarcane,Not Specified,65.52,524.96,Inviting offers for Sugarcane from farmers in the region.,2026-07-10,2026-10-26,Western Maharashtra (Desh),Ahilyanagar (Ahmednagar),Shrirampur,Takalibhan
D4054,B1583,Bajra,Saburi,51.28,3005.88,"Standing requirement for Bajra, quantity flexible based on quality.",2026-07-24,2026-11-13,Marathwada,Beed,Parli,Sirsala
D4055,B4594,Udid,Not Specified,40.62,7082.94,"Procurement need for good quality Udid, open to multiple sellers.",2026-05-10,2026-07-07,Konkan,Palghar,Dahanu,Bordi
D4056,B2150,Ragi,Dapoli-2,25.31,4422.25,Need consistent Ragi supply for ongoing operations.,2026-08-24,2026-10-19,Konkan,Thane,Murbad,Deogaon
D4057,B3381,Gram,Not Specified,70.31,6893.43,Sourcing Gram for export-quality grading and packaging.,2026-06-28,2026-10-08,Marathwada,Latur,Shirur Anantpal,Ajani Bk.
D4058,B1135,Jowar,CSH-16,60.11,4675.86,Seeking regular Jowar supply from nearby farmers.,2026-08-19,2026-09-15,Western Maharashtra (Desh),Ahilyanagar (Ahmednagar),Parner,Parner
D4059,B3365,Bajra,ICTP-8203,42.26,4595.92,Sourcing Bajra in bulk for our processing unit.,2026-05-17,2026-07-30,Marathwada,Beed,Patoda,Chumbli
D4060,B0518,Sugarcane,Not Specified,380.54,541.63,Looking for fresh Sugarcane for wholesale procurement.,2026-05-22,2026-08-07,Western Maharashtra (Desh),Ahilyanagar (Ahmednagar),Kopargaon,Suregaon
D4061,B2145,Linseed,Not Specified,46.29,6611.69,"Procurement need for good quality Linseed, open to multiple sellers.",2026-06-29,2026-08-17,Vidarbha,Gadchiroli,Korchi,Betakathi
D4062,B2596,Coconut,Not Specified,24.04,3007.93,Need consistent Coconut supply for ongoing operations.,2026-06-30,2026-07-10,Konkan,Sindhudurg,Malwan,Waghavane
D4063,B1998,Sugarcane,CoVSI 09292,400.18,539.87,Sourcing Sugarcane for export-quality grading and packaging.,2026-06-02,2026-07-19,Western Maharashtra (Desh),Pune,Maval,Adavi
D4064,B2813,Vari,Konkan local Vari landrace,70.45,4529.43,Buyer looking to purchase Vari directly from farmers.,2026-08-12,2026-09-19,Western Maharashtra (Desh),Satara,Satara,Ambavade Bk.
D4065,B1433,Sunflower,LSF-8,41.23,5889.7,"Standing requirement for Sunflower, quantity flexible based on quality.",2026-07-17,2026-09-01,Vidarbha,Buldhana,Malkapur,Umali
D4066,B1528,Coconut,T x D hybrid,28.99,3720.2,Looking to procure Coconut for institutional buyers.,2026-07-11,2026-08-05,Konkan,Sindhudurg,Dodamarg,Panturli
D4067,B3517,Ragi,Not Specified,26.99,3530.03,Bulk Ragi requirement for processing.,2026-08-18,2026-09-26,Konkan,Thane,Shahapur,Cherpoli
D4068,B0610,Cashew,Vengurla-4,11.31,18040.82,Looking for fresh Cashew for wholesale procurement.,2026-07-22,2026-09-03,Konkan,Sindhudurg,Vengurla,Parule
D4069,B0201,Wheat,Tapovan (NIAW-917),37.92,3228.69,Requirement raised for Wheat to meet upcoming production schedule.,2026-08-02,2026-11-11,Marathwada,Nanded,Hadgaon,Palsa
D4070,B0458,Chickoo,Not Specified,31.85,3573.07,Seeking regular Chickoo supply from nearby farmers.,2026-08-10,2026-09-22,Konkan,Thane,Thane,Agasan
D4071,B3924,Banana,Not Specified,5.55,5008.15,"Standing requirement for Banana, quantity flexible based on quality.",2026-05-14,2026-06-02,Khandesh,Jalgaon,Chopda,Adwad
D4072,B0130,Jowar,Not Specified,26.38,4075.99,"Procurement need for good quality Jowar, open to multiple sellers.",2026-07-05,2026-08-13,Vidarbha,Buldhana,Mehkar,Dongaon
D4073,B3379,Field Beans,Local Konkan landrace,18.0,2827.99,Seeking regular Field Beans supply from nearby farmers.,2026-05-27,2026-07-08,Konkan,Raigad,Mahad,Pachad
D4074,B2433,Field Beans,Konkan Val landrace,10.44,3606.47,Looking to procure Field Beans for institutional buyers.,2026-07-23,2026-09-02,Konkan,Raigad,Murud,Abitghar
D4075,B3838,Cotton,Not Specified,54.12,10178.67,"Standing requirement for Cotton, quantity flexible based on quality.",2026-05-28,2026-08-06,Marathwada,Beed,Georai,Dhondrai
D4076,B4005,Sugarcane,Not Specified,223.81,404.6,"Standing requirement for Sugarcane, quantity flexible based on quality.",2026-08-25,2026-10-07,Vidarbha,Bhandara,Lakhani,Lakhani
D4077,B2088,Areca Nut,Not Specified,13.19,34576.21,Bulk Areca Nut requirement for processing.,2026-07-06,2026-07-29,Konkan,Ratnagiri,Chiplun,Ketki
D4078,B3208,Jowar,Not Specified,39.03,3340.75,Inviting offers for Jowar from farmers in the region.,2026-06-29,2026-09-07,Vidarbha,Washim,Manora,Manora
D4079,B3220,Chickoo,Not Specified,18.15,2910.47,Bulk Chickoo requirement for processing.,2026-05-23,2026-07-07,Konkan,Thane,Kalyan,Antarde
D4080,B2390,Linseed,Not Specified,16.35,6041.22,Looking for fresh Linseed for wholesale procurement.,2026-07-14,2026-09-23,Vidarbha,Gondia,Goregaon,Bhadanga
D4081,B3260,Banana,Not Specified,4.93,5107.01,Sourcing Banana for export-quality grading and packaging.,2026-05-21,2026-06-10,Khandesh,Jalgaon,Bhadgaon,Adalase
D4082,B2071,Maize,Not Specified,44.74,2293.3,"Procurement need for good quality Maize, open to multiple sellers.",2026-08-25,2026-10-10,Khandesh,Dhule,Sakri,Kasare
D4083,B0907,Turmeric,Rajapuri,22.37,14414.88,"Procurement need for good quality Turmeric, open to multiple sellers.",2026-05-11,2026-06-18,Western Maharashtra (Desh),Sangli,Khanapur,Balvadi
D4084,B1881,Jowar,Not Specified,74.08,5669.81,Sourcing Jowar in bulk for our processing unit.,2026-07-14,2026-08-27,Western Maharashtra (Desh),Pune,Ambegaon,Ahupe
D4085,B1507,Gram,JAKI-9218,8.93,6097.43,Looking for fresh Gram for wholesale procurement.,2026-07-15,2026-08-26,Marathwada,Latur,Ausa,Ujani
D4086,B4463,Bajra,ICTP-8203,36.5,3896.82,Need consistent Bajra supply for ongoing operations.,2026-07-23,2026-10-11,Khandesh,Nashik,Trimbakeshwar,Ajneri
D4087,B1715,Vari,Not Specified,31.61,3547.5,Sourcing Vari for export-quality grading and packaging.,2026-08-05,2026-10-14,Konkan,Thane,Kalyan,Antarde
D4088,B2720,Jowar,CSH-16,9.83,3961.52,Bulk Jowar requirement for processing.,2026-05-04,2026-06-12,Vidarbha,Chandrapur,Chandrapur,Agarzari
D4089,B2487,Tur,Not Specified,57.73,7966.34,Seeking regular Tur supply from nearby farmers.,2026-06-30,2026-08-16,Marathwada,Latur,Nilanga,Aurad
D4090,B1704,Gram,Not Specified,9.34,5648.09,Need consistent Gram supply for ongoing operations.,2026-05-19,2026-07-13,Marathwada,Latur,Jalkot,Belsangvi
D4091,B2640,Turmeric,Selam,21.58,11479.24,Sourcing Turmeric for export-quality grading and packaging.,2026-08-21,2026-09-17,Western Maharashtra (Desh),Sangli,Palus,Andhali
D4092,B1167,Cashew,Not Specified,24.86,15776.77,Need consistent Cashew supply for ongoing operations.,2026-06-16,2026-07-09,Konkan,Sindhudurg,Vaibhavwadi,Nadhavade
D4093,B4705,Ragi,Dapoli-2,28.18,3015.56,Inviting offers for Ragi from farmers in the region.,2026-05-03,2026-08-13,Konkan,Raigad,Mangaon,Alsunde
D4094,B0917,Ragi,Not Specified,26.36,3155.05,Buyer looking to purchase Ragi directly from farmers.,2026-08-15,2026-11-02,Konkan,Palghar,Vasai,Bhatane
D4095,B3159,Bajra,Not Specified,38.72,3791.24,Looking for fresh Bajra for wholesale procurement.,2026-06-05,2026-06-30,Western Maharashtra (Desh),Pune,Mulshi,Akole
D4096,B2083,Soybean,JS 9560,12.22,4480.9,Bulk Soybean requirement for processing.,2026-06-30,2026-08-27,Vidarbha,Washim,Malegaon,Chiwara
D4097,B4754,Coconut,Banawali,26.52,3828.72,Sourcing Coconut for export-quality grading and packaging.,2026-06-16,2026-06-27,Konkan,Sindhudurg,Malwan,Kalethar
D4098,B0818,Maize,African Tall,40.27,2070.93,"Standing requirement for Maize, quantity flexible based on quality.",2026-08-24,2026-12-15,Marathwada,Chhatrapati Sambhajinagar (Aurangabad),Khuldabad,Verul
D4099,B1393,Chickoo,Cricket Ball,13.02,2137.49,Looking for fresh Chickoo for wholesale procurement.,2026-06-15,2026-06-26,Konkan,Thane,Thane,Adavli
D4100,B3342,Soybean,Not Specified,69.97,5769.41,Sourcing Soybean for export-quality grading and packaging.,2026-08-03,2026-09-21,Vidarbha,Washim,Malegaon,Amani
D4101,B1001,Turmeric,Phule Swarupa,23.07,12908.39,Sourcing Turmeric for export-quality grading and packaging.,2026-06-04,2026-06-24,Western Maharashtra (Desh),Sangli,Tasgaon,Arwade
D4102,B1091,Coconut,Not Specified,36.08,6232.56,Requirement raised for Coconut to meet upcoming production schedule.,2026-07-09,2026-08-23,Konkan,Sindhudurg,Kankavli,Waingani
D4103,B1582,Udid,Not Specified,51.98,8469.88,"Procurement need for good quality Udid, open to multiple sellers.",2026-06-19,2026-08-17,Konkan,Thane,Thane,Agasan
D4104,B0470,Linseed,Not Specified,55.36,6286.2,Buyer looking to purchase Linseed directly from farmers.,2026-05-25,2026-08-01,Vidarbha,Gadchiroli,Sironcha,Jafrabad Chak
D4105,B1626,Groundnut,Not Specified,11.45,5937.88,Bulk Groundnut requirement for processing.,2026-08-22,2026-10-06,Western Maharashtra (Desh),Kolhapur,Bhudargad,Waghapur
D4106,B2660,Banana,Red Banana,29.52,3223.3,Sourcing Banana for export-quality grading and packaging.,2026-07-14,2026-08-27,Khandesh,Jalgaon,Pachora,Anturli Bk. Pr. Pachora
D4107,B1452,Maize,DHM-117,13.76,2223.92,Inviting offers for Maize from farmers in the region.,2026-07-20,2026-09-13,Khandesh,Dhule,Shirpur,Sangavi
D4108,B0163,Gram,Phule Vikram,61.34,5908.66,Inviting offers for Gram from farmers in the region.,2026-04-30,2026-08-08,Marathwada,Latur,Nilanga,Halgara
D4109,B3858,Groundnut,TAG-24,12.8,8743.98,Sourcing Groundnut in bulk for our processing unit.,2026-08-14,2026-09-24,Western Maharashtra (Desh),Satara,Koregaon,Ambawade S. Koregaon
D4110,B1459,Jowar,Not Specified,68.17,3980.97,Sourcing Jowar for export-quality grading and packaging.,2026-06-16,2026-10-07,Vidarbha,Gadchiroli,Chamorshi,Talodhi Mokasa
D4111,B2417,Groundnut,Not Specified,32.15,8709.67,Looking for fresh Groundnut for wholesale procurement.,2026-06-16,2026-08-25,Western Maharashtra (Desh),Pune,Shirur,Alegaon Paga
D4112,B4617,Areca Nut,Sumangala,18.99,48318.17,Bulk Areca Nut requirement for processing.,2026-05-15,2026-06-06,Konkan,Ratnagiri,Khed,Tulashi Bk.
D4113,B3680,Chickoo,Not Specified,28.41,2396.29,Sourcing Chickoo for export-quality grading and packaging.,2026-06-13,2026-07-14,Konkan,Palghar,Vikramgad,Dadade
D4114,B3832,Maize,DHM-117,37.17,2019.3,Looking to procure Maize for institutional buyers.,2026-05-14,2026-07-27,Khandesh,Dhule,Dhule,Songir
D4115,B0005,Cotton,DCH-32,69.8,9131.06,Looking for fresh Cotton for wholesale procurement.,2026-08-11,2026-09-18,Marathwada,Dharashiv (Osmanabad),Kalamb,Khamaswadi
D4116,B2856,Chickoo,Not Specified,33.52,2292.35,"Procurement need for good quality Chickoo, open to multiple sellers.",2026-05-29,2026-07-11,Konkan,Palghar,Talasari,Upalat
D4117,B3080,Field Beans,Konkan Val landrace,13.78,3903.06,Sourcing Field Beans for export-quality grading and packaging.,2026-05-09,2026-06-20,Konkan,Raigad,Poladpur,Agryachakond
D4118,B4734,Vari,Not Specified,49.7,4707.0,Looking for fresh Vari for wholesale procurement.,2026-07-31,2026-10-27,Western Maharashtra (Desh),Satara,Koregaon,Arvi
D4119,B2301,Jowar,CSH-16,58.0,5606.47,Sourcing Jowar for export-quality grading and packaging.,2026-08-15,2026-11-25,Western Maharashtra (Desh),Pune,Purandhar,Ambodi
D4120,B3926,Maize,Not Specified,64.37,2380.51,Need consistent Maize supply for ongoing operations.,2026-05-15,2026-07-21,Khandesh,Dhule,Dhule,Kapadne
D4121,B3228,Sugarcane,Not Specified,523.91,592.72,"Procurement need for good quality Sugarcane, open to multiple sellers.",2026-05-30,2026-09-18,Marathwada,Latur,Renapur,Kharola
D4122,B3980,Field Beans,Not Specified,34.7,4542.66,Seeking regular Field Beans supply from nearby farmers.,2026-07-10,2026-08-24,Konkan,Raigad,Mangaon,Adghar
D4123,B4196,Sunflower,KBSH-1,47.17,7486.37,"Procurement need for good quality Sunflower, open to multiple sellers.",2026-08-25,2026-11-17,Vidarbha,Buldhana,Deulgaon Raja,Andhera
D4124,B3244,Udid,Not Specified,12.05,9333.03,"Standing requirement for Udid, quantity flexible based on quality.",2026-04-30,2026-05-25,Konkan,Palghar,Vada,Ambiste Kh.
D4125,B3853,Sunflower,Morden,52.02,8157.94,Sourcing Sunflower for export-quality grading and packaging.,2026-07-27,2026-09-28,Vidarbha,Buldhana,Jalgaon Jamod,Pimpalgaon Kale
D4126,B2267,Ragi,Phule Nachani,32.37,3923.51,Sourcing Ragi in bulk for our processing unit.,2026-06-09,2026-07-09,Konkan,Palghar,Vasai,Arnala
D4127,B3702,Cashew,Vengurla-4,28.22,15162.17,Looking to procure Cashew for institutional buyers.,2026-08-09,2026-09-09,Konkan,Ratnagiri,Sangameshwar,Devade
D4128,B2334,Tur,Not Specified,27.45,7079.56,Requirement raised for Tur to meet upcoming production schedule.,2026-08-26,2026-10-03,Marathwada,Latur,Shirur Anantpal,Aari
D4129,B3204,Linseed,Sharda,21.93,6373.18,Looking to procure Linseed for institutional buyers.,2026-08-22,2026-10-12,Vidarbha,Gadchiroli,Bhamragad,Brahmanpalli
D4130,B4225,Bajra,ICTP-8203,38.12,3608.12,"Standing requirement for Bajra, quantity flexible based on quality.",2026-08-25,2026-11-04,Marathwada,Chhatrapati Sambhajinagar (Aurangabad),Soegaon,Gondegaon
D4131,B4148,Field Beans,Not Specified,19.89,4751.58,Looking to procure Field Beans for institutional buyers.,2026-07-08,2026-08-13,Konkan,Raigad,Mangaon,Alsunde
D4132,B4524,Chickoo,Kalipatti,20.09,4309.69,"Procurement need for good quality Chickoo, open to multiple sellers.",2026-08-26,2026-09-07,Konkan,Thane,Ambarnath,Chinchpada
D4133,B4005,Sugarcane,Not Specified,413.76,297.83,Need consistent Sugarcane supply for ongoing operations.,2026-07-27,2026-09-02,Vidarbha,Bhandara,Lakhani,Lakhani
D4134,B3818,Tur,Phule Rajeshwari,14.34,8692.03,Looking to procure Tur for institutional buyers.,2026-08-17,2026-10-21,Marathwada,Parbhani,Jintur,Bori
D4135,B0210,Field Beans,Not Specified,4.52,4100.28,"Procurement need for good quality Field Beans, open to multiple sellers.",2026-06-24,2026-07-14,Konkan,Raigad,Poladpur,Agryachakond
D4136,B1218,Vari,Local Bhagar landrace,28.58,3710.36,"Procurement need for good quality Vari, open to multiple sellers.",2026-06-27,2026-10-05,Konkan,Thane,Kalyan,Antarli
D4137,B2786,Bajra,Saburi,52.32,2137.82,Seeking regular Bajra supply from nearby farmers.,2026-06-01,2026-07-13,Marathwada,Chhatrapati Sambhajinagar (Aurangabad),Gangapur,Turkabad Kharadi
D4138,B3217,Udid,Phule Uttara,39.31,7452.06,Looking to procure Udid for institutional buyers.,2026-08-03,2026-09-12,Konkan,Thane,Kalyan,Antarde
D4139,B2333,Udid,Not Specified,19.06,8338.15,Looking for fresh Udid for wholesale procurement.,2026-05-27,2026-07-07,Konkan,Thane,Shahapur,Shirol
D4140,B2013,Turmeric,Rajapuri,5.62,13427.33,"Standing requirement for Turmeric, quantity flexible based on quality.",2026-06-16,2026-06-28,Western Maharashtra (Desh),Sangli,Shirala,Bilashi
D4141,B4794,Mango (Alphonso),Pairi,14.45,14655.48,Need consistent Mango (Alphonso) supply for ongoing operations.,2026-08-26,2026-09-07,Konkan,Sindhudurg,Kudal,Padave
D4142,B1219,Ragi,Dapoli-2,7.63,3208.28,"Procurement need for good quality Ragi, open to multiple sellers.",2026-06-28,2026-08-31,Konkan,Thane,Kalyan,Antarde
D4143,B2175,Areca Nut,Not Specified,30.51,47356.6,Need consistent Areca Nut supply for ongoing operations.,2026-08-12,2026-08-29,Konkan,Ratnagiri,Ratnagiri,Bhandarwadi
D4144,B1312,Linseed,Sharda,21.37,7177.02,Bulk Linseed requirement for processing.,2026-08-24,2026-10-06,Vidarbha,Gadchiroli,Desaiganj,Visora
D4145,B3913,Field Beans,Not Specified,30.37,2806.45,Buyer looking to purchase Field Beans directly from farmers.,2026-06-15,2026-07-23,Konkan,Raigad,Uran,Aware
D4146,B3320,Cotton,Bt Cotton (Bollgard II hybrid),18.95,8027.67,Inviting offers for Cotton from farmers in the region.,2026-07-27,2026-11-12,Vidarbha,Amravati,Dhamangaon,Juna Dhamangaon
D4147,B0217,Coconut,Pratap,13.42,4830.47,Requirement raised for Coconut to meet upcoming production schedule.,2026-06-05,2026-06-15,Konkan,Sindhudurg,Dodamarg,Talkat
D4148,B2103,Groundnut,SB-11,61.26,6775.77,Requirement raised for Groundnut to meet upcoming production schedule.,2026-05-06,2026-07-22,Western Maharashtra (Desh),Satara,Koregaon,Ambawade S. Koregaon
D4149,B1739,Cashew,Not Specified,18.03,18770.13,Need consistent Cashew supply for ongoing operations.,2026-08-09,2026-09-07,Konkan,Ratnagiri,Chiplun,Ketki
D4150,B1773,Maize,DHM-117,40.16,2656.89,"Procurement need for good quality Maize, open to multiple sellers.",2026-07-18,2026-10-27,Marathwada,Chhatrapati Sambhajinagar (Aurangabad),Khuldabad,Takali
D4151,B0506,Groundnut,TAG-24,10.71,7419.38,Sourcing Groundnut for export-quality grading and packaging.,2026-08-06,2026-10-01,Western Maharashtra (Desh),Pune,Mulshi,Adgaon
D4152,B3280,Sugarcane,Not Specified,427.57,639.47,Seeking regular Sugarcane supply from nearby farmers.,2026-08-24,2026-11-11,Marathwada,Chhatrapati Sambhajinagar (Aurangabad),Sillod,Ajantha
D4153,B4611,Ragi,Phule Nachani,9.83,2876.23,Need consistent Ragi supply for ongoing operations.,2026-06-22,2026-08-29,Konkan,Thane,Murbad,Deogaon
D4154,B0192,Gram,Vijay,59.42,4786.62,Looking to procure Gram for institutional buyers.,2026-08-23,2026-11-15,Marathwada,Latur,Shirur Anantpal,Aari
D4155,B0195,Chickoo,Not Specified,6.01,2686.73,Bulk Chickoo requirement for processing.,2026-05-25,2026-06-07,Konkan,Thane,Murbad,Deogaon
D4156,B1698,Rice,Not Specified,28.58,3961.53,Looking for fresh Rice for wholesale procurement.,2026-07-03,2026-10-12,Vidarbha,Gondia,Amgaon,Anjora
D4157,B3897,Turmeric,Not Specified,28.7,13008.49,Sourcing Turmeric for export-quality grading and packaging.,2026-05-10,2026-06-01,Western Maharashtra (Desh),Sangli,Kavathemahankal,Deshing
D4158,B1947,Cotton,Not Specified,60.25,9177.52,Looking to procure Cotton for institutional buyers.,2026-08-17,2026-09-20,Vidarbha,Gadchiroli,Chamorshi,Kunghada Raiyyatwari
D4159,B1291,Sugarcane,Not Specified,255.04,516.18,Seeking regular Sugarcane supply from nearby farmers.,2026-05-16,2026-07-23,Western Maharashtra (Desh),Ahilyanagar (Ahmednagar),Nevasa,Sonai
D4160,B1838,Sunflower,KBSH-1,20.17,7967.16,Looking for fresh Sunflower for wholesale procurement.,2026-08-18,2026-11-22,Vidarbha,Buldhana,Buldhana,Chandol
D4161,B1032,Mango (Alphonso),Not Specified,20.88,21950.31,Need consistent Mango (Alphonso) supply for ongoing operations.,2026-08-07,2026-08-28,Konkan,Raigad,Khalapur,Adoshi
D4162,B3720,Sugarcane,Not Specified,223.66,505.73,Requirement raised for Sugarcane to meet upcoming production schedule.,2026-07-08,2026-10-10,Western Maharashtra (Desh),Kolhapur,Bhudargad,Waghapur
D4163,B4387,Sugarcane,Not Specified,461.99,605.39,Seeking regular Sugarcane supply from nearby farmers.,2026-05-08,2026-06-26,Western Maharashtra (Desh),Ahilyanagar (Ahmednagar),Shevgaon,Adhodi
D4164,B1235,Coconut,Banawali,35.44,6400.98,Seeking regular Coconut supply from nearby farmers.,2026-06-29,2026-08-13,Konkan,Sindhudurg,Kudal,Kasal
D4165,B0435,Udid,Not Specified,25.94,8683.7,Requirement raised for Udid to meet upcoming production schedule.,2026-07-09,2026-09-13,Konkan,Thane,Kalyan,Antarli
D4166,B1126,Groundnut,Not Specified,26.05,7020.54,"Standing requirement for Groundnut, quantity flexible based on quality.",2026-06-28,2026-10-19,Western Maharashtra (Desh),Pune,Purandhar,Ambodi
D4167,B0160,Linseed,Not Specified,57.35,7896.79,Need consistent Linseed supply for ongoing operations.,2026-05-22,2026-09-04,Vidarbha,Gadchiroli,Sironcha,Asaralli
D4168,B2106,Soybean,Not Specified,71.31,4993.99,Need consistent Soybean supply for ongoing operations.,2026-05-31,2026-09-03,Marathwada,Nanded,Nanded,Wadi Bk.
D4169,B3816,Field Beans,Not Specified,20.54,4204.07,Inviting offers for Field Beans from farmers in the region.,2026-06-06,2026-07-14,Konkan,Raigad,Mangaon,Adghar
D4170,B0030,Field Beans,Not Specified,28.42,3483.56,Requirement raised for Field Beans to meet upcoming production schedule.,2026-07-06,2026-08-14,Konkan,Raigad,Alibag,Akshi
D4171,B0434,Sugarcane,Not Specified,108.39,610.64,Inviting offers for Sugarcane from farmers in the region.,2026-07-09,2026-09-30,Western Maharashtra (Desh),Pune,Pune City,Keshavnagar-Mundwa
D4172,B1255,Groundnut,Phule Unnati,34.39,5775.72,"Standing requirement for Groundnut, quantity flexible based on quality.",2026-05-19,2026-07-01,Khandesh,Nashik,Nashik,Dasak
D4173,B3286,Sunflower,Not Specified,13.99,7098.7,Buyer looking to purchase Sunflower directly from farmers.,2026-06-06,2026-08-26,Vidarbha,Buldhana,Malkapur,Datala
D4174,B0220,Chickoo,Cricket Ball,30.5,2027.31,Inviting offers for Chickoo from farmers in the region.,2026-08-24,2026-09-05,Konkan,Palghar,Dahanu,Bordi
D4175,B2742,Soybean,MACS 1281,42.45,4454.0,"Procurement need for good quality Soybean, open to multiple sellers.",2026-05-10,2026-08-25,Marathwada,Nanded,Kandhar,Shiradhon
D4176,B3289,Coconut,T x D hybrid,35.75,4903.81,Requirement raised for Coconut to meet upcoming production schedule.,2026-07-25,2026-08-13,Konkan,Sindhudurg,Vengurla,Parule
D4177,B3820,Mango (Alphonso),Not Specified,10.44,9404.91,Seeking regular Mango (Alphonso) supply from nearby farmers.,2026-08-08,2026-09-03,Konkan,Raigad,Alibag,Agarkot
D4178,B1094,Bajra,Not Specified,31.6,4593.13,Looking to procure Bajra for institutional buyers.,2026-07-31,2026-09-04,Marathwada,Beed,Kaij,Adas
D4179,B3268,Bajra,Not Specified,13.79,3602.79,"Standing requirement for Bajra, quantity flexible based on quality.",2026-07-16,2026-09-12,Western Maharashtra (Desh),Pune,Pune City,Keshavnagar-Mundwa
D4180,B4557,Cashew,Vengurla-8,4.26,20778.01,Need consistent Cashew supply for ongoing operations.,2026-04-29,2026-06-10,Konkan,Sindhudurg,Vengurla,Chipi
D4181,B3280,Sugarcane,Co 740,249.55,291.42,Need consistent Sugarcane supply for ongoing operations.,2026-07-27,2026-11-21,Marathwada,Chhatrapati Sambhajinagar (Aurangabad),Sillod,Ajantha
D4182,B0450,Sunflower,Morden,13.08,5782.78,Buyer looking to purchase Sunflower directly from farmers.,2026-08-26,2026-12-03,Vidarbha,Buldhana,Mehkar,Janefal
D4183,B3056,Sugarcane,Not Specified,365.3,443.97,Seeking regular Sugarcane supply from nearby farmers.,2026-07-27,2026-09-27,Marathwada,Chhatrapati Sambhajinagar (Aurangabad),Sillod,Shivna
D4184,B3378,Udid,BDU-1,30.54,6674.84,Looking for fresh Udid for wholesale procurement.,2026-08-22,2026-11-28,Konkan,Palghar,Vasai,Agashi
D4185,B0005,Cotton,RCH-2 Bt,11.46,7914.21,Inviting offers for Cotton from farmers in the region.,2026-08-05,2026-09-02,Marathwada,Dharashiv (Osmanabad),Kalamb,Khamaswadi
D4186,B1447,Groundnut,JL-24,18.09,7941.53,"Standing requirement for Groundnut, quantity flexible based on quality.",2026-07-05,2026-10-25,Vidarbha,Bhandara,Pauni,Akot
D4187,B1882,Soybean,Not Specified,47.2,4526.07,Looking for fresh Soybean for wholesale procurement.,2026-08-26,2026-10-12,Khandesh,Nashik,Sinnar,Wavi
D4188,B3856,Turmeric,Selam,25.34,13926.95,Looking to procure Turmeric for institutional buyers.,2026-07-04,2026-08-04,Western Maharashtra (Desh),Sangli,Khanapur,Balvadi
D4189,B1885,Udid,Not Specified,36.88,8340.57,Sourcing Udid for export-quality grading and packaging.,2026-08-26,2026-12-24,Konkan,Palghar,Jawhar,Vavar
D4190,B2534,Ragi,Dapoli-1,14.95,3439.87,Looking to procure Ragi for institutional buyers.,2026-07-30,2026-11-26,Konkan,Ratnagiri,Ratnagiri,Bhandarwadi
D4191,B2113,Rice,Not Specified,24.94,3894.32,Buyer looking to purchase Rice directly from farmers.,2026-06-10,2026-08-18,Western Maharashtra (Desh),Kolhapur,Bhudargad,Gargoti
D4192,B1731,Soybean,JS 20-29,67.63,6974.66,Requirement raised for Soybean to meet upcoming production schedule.,2026-05-13,2026-07-01,Marathwada,Nanded,Umri,Talegaon
D4193,B1953,Coconut,Dwarf Green,32.46,5690.88,Buyer looking to purchase Coconut directly from farmers.,2026-08-06,2026-09-13,Konkan,Sindhudurg,Kankavli,Shivajipeth
D4194,B3108,Gram,Vijay,59.02,4713.56,Inviting offers for Gram from farmers in the region.,2026-06-15,2026-09-11,Marathwada,Latur,Deoni,Ambegaon
D4195,B0725,Tur,Not Specified,37.74,7583.93,Looking for fresh Tur for wholesale procurement.,2026-08-12,2026-11-11,Marathwada,Hingoli,Basmath,Kurunda
D4196,B2444,Banana,Not Specified,15.93,3402.58,Sourcing Banana in bulk for our processing unit.,2026-06-08,2026-06-20,Khandesh,Jalgaon,Bhusawal,Achegaon
D4197,B4224,Areca Nut,Sumangala,20.92,36863.05,Sourcing Areca Nut for export-quality grading and packaging.,2026-05-05,2026-06-06,Konkan,Ratnagiri,Lanja,Nivasar
D4198,B3639,Areca Nut,Sumangala,5.16,48788.98,Inviting offers for Areca Nut from farmers in the region.,2026-07-01,2026-07-22,Konkan,Ratnagiri,Khed,Tulashi Kh.
D4199,B2118,Sugarcane,Co 86032,224.56,636.14,Sourcing Sugarcane for export-quality grading and packaging.,2026-07-20,2026-08-26,Marathwada,Latur,Shirur Anantpal,Aari
D4200,B0955,Field Beans,Konkan Val landrace,35.7,4127.07,Sourcing Field Beans for export-quality grading and packaging.,2026-08-17,2026-09-30,Konkan,Raigad,Sudhagad-Pali,Koshimbale
D4201,B2051,Field Beans,Local Konkan landrace,35.22,4367.2,Looking to procure Field Beans for institutional buyers.,2026-08-26,2026-09-25,Konkan,Raigad,Karjat,Khandape
D4202,B1822,Sunflower,Not Specified,14.35,6194.98,"Standing requirement for Sunflower, quantity flexible based on quality.",2026-06-27,2026-09-24,Vidarbha,Buldhana,Chikhli,Isoli
D4203,B1718,Udid,TAU-2,57.02,7088.99,Sourcing Udid in bulk for our processing unit.,2026-08-01,2026-11-02,Konkan,Thane,Shahapur,Cherpoli
D4204,B0069,Jowar,Not Specified,11.27,3074.4,Looking to procure Jowar for institutional buyers.,2026-08-17,2026-10-14,Vidarbha,Chandrapur,Bramhapuri,Adyal Tukum
D4205,B1269,Jowar,Phule Vasudha,52.81,2980.48,Requirement raised for Jowar to meet upcoming production schedule.,2026-08-16,2026-10-17,Marathwada,Hingoli,Basmath,Kurunda
D4206,B4479,Tur,Not Specified,61.21,7303.31,Need consistent Tur supply for ongoing operations.,2026-08-22,2026-11-25,Marathwada,Beed,Kaij,Hol
D4207,B0836,Sugarcane,Not Specified,135.8,300.58,Sourcing Sugarcane in bulk for our processing unit.,2026-07-05,2026-10-25,Western Maharashtra (Desh),Kolhapur,Panhala,Arale
D4208,B2093,Groundnut,Not Specified,43.58,7158.65,Buyer looking to purchase Groundnut directly from farmers.,2026-04-29,2026-06-15,Vidarbha,Bhandara,Mohadi,Andhalgaon
D4209,B4784,Sunflower,Phule Raviraj,75.98,6588.09,Inviting offers for Sunflower from farmers in the region.,2026-08-22,2026-12-12,Vidarbha,Buldhana,Khamgaon,Pimpalgaon Raja
D4210,B3887,Soybean,Not Specified,63.74,4681.38,Buyer looking to purchase Soybean directly from farmers.,2026-05-11,2026-06-28,Marathwada,Nanded,Naigaon,Khairgaon
D4211,B4089,Jowar,CSH-16,62.55,3878.92,Seeking regular Jowar supply from nearby farmers.,2026-07-24,2026-09-10,Marathwada,Parbhani,Sailu,Ravalgaon
D4212,B3472,Cashew,Vengurla-8,24.21,18807.02,Looking to procure Cashew for institutional buyers.,2026-07-23,2026-09-05,Konkan,Sindhudurg,Sawantwadi,Amboli
D4213,B4299,Maize,Karveer,29.91,2049.38,Inviting offers for Maize from farmers in the region.,2026-06-06,2026-08-27,Khandesh,Dhule,Shirpur,Thalner
D4214,B2416,Areca Nut,Not Specified,12.07,32409.9,"Standing requirement for Areca Nut, quantity flexible based on quality.",2026-08-22,2026-09-09,Konkan,Sindhudurg,Malwan,Devli
D4215,B4762,Mango (Alphonso),Not Specified,36.31,16345.22,Looking for fresh Mango (Alphonso) for wholesale procurement.,2026-07-31,2026-09-06,Konkan,Ratnagiri,Lanja,Nivasar
D4216,B1491,Mango (Alphonso),Not Specified,15.07,29979.79,Sourcing Mango (Alphonso) for export-quality grading and packaging.,2026-07-19,2026-08-14,Konkan,Raigad,Murud,Agardande
D4217,B3088,Vari,Not Specified,44.78,3280.91,Seeking regular Vari supply from nearby farmers.,2026-08-15,2026-11-15,Western Maharashtra (Desh),Kolhapur,Radhanagari,Turambe
D4218,B2346,Linseed,Not Specified,34.32,6127.17,Sourcing Linseed for export-quality grading and packaging.,2026-08-11,2026-10-19,Vidarbha,Gadchiroli,Bhamragad,Arewada
D4219,B3336,Coconut,Banawali,36.13,4281.98,Buyer looking to purchase Coconut directly from farmers.,2026-05-19,2026-06-06,Konkan,Sindhudurg,Malwan,Devli
D4220,B1967,Turmeric,Not Specified,5.27,18656.9,Need consistent Turmeric supply for ongoing operations.,2026-05-03,2026-06-08,Western Maharashtra (Desh),Sangli,Atpadi,Awalai
D4221,B2747,Cashew,Not Specified,20.94,22401.68,"Procurement need for good quality Cashew, open to multiple sellers.",2026-05-14,2026-05-26,Konkan,Sindhudurg,Malwan,Waghavane
D4222,B1076,Wheat,Not Specified,36.09,3346.45,"Procurement need for good quality Wheat, open to multiple sellers.",2026-06-05,2026-07-27,Vidarbha,Wardha,Ashti,Wadala
D4223,B3605,Vari,Not Specified,21.2,5042.7,Looking to procure Vari for institutional buyers.,2026-08-03,2026-10-29,Konkan,Raigad,Khalapur,Ajivali
D4224,B0553,Linseed,Sharda,43.94,6231.76,Need consistent Linseed supply for ongoing operations.,2026-08-18,2026-10-27,Vidarbha,Gondia,Amgaon,Asordi
D4225,B3428,Coconut,Banawali,30.23,3152.68,Looking to procure Coconut for institutional buyers.,2026-05-10,2026-06-23,Konkan,Sindhudurg,Vengurla,Karli
D4226,B0118,Vari,Konkan local Vari landrace,47.68,4227.91,Looking for fresh Vari for wholesale procurement.,2026-08-21,2026-11-07,Konkan,Palghar,Vikramgad,Dadade
D4227,B0636,Coconut,Pratap,15.48,5959.25,Requirement raised for Coconut to meet upcoming production schedule.,2026-07-10,2026-08-13,Konkan,Sindhudurg,Kankavli,Shivajipeth
D4228,B1898,Chickoo,Kalipatti,25.68,2576.98,Inviting offers for Chickoo from farmers in the region.,2026-08-23,2026-09-12,Konkan,Palghar,Vasai,Arnala
D4229,B4514,Ragi,Not Specified,9.59,3011.99,Seeking regular Ragi supply from nearby farmers.,2026-08-22,2026-11-21,Konkan,Palghar,Talasari,Vasa
D4230,B4427,Areca Nut,Mangala,34.43,40742.72,"Standing requirement for Areca Nut, quantity flexible based on quality.",2026-06-08,2026-07-21,Konkan,Ratnagiri,Sangameshwar,Devade
D4231,B2541,Maize,Pratap Hybrid-1,66.34,2799.27,Inviting offers for Maize from farmers in the region.,2026-08-26,2026-11-16,Khandesh,Nandurbar,Akkalkuwa,Molgi
D4232,B0295,Soybean,JS 20-29,23.48,6594.6,Looking to procure Soybean for institutional buyers.,2026-05-24,2026-09-04,Marathwada,Nanded,Biloli,Sagroli
D4233,B4427,Areca Nut,Not Specified,34.2,34732.07,Sourcing Areca Nut for export-quality grading and packaging.,2026-08-07,2026-08-27,Konkan,Ratnagiri,Sangameshwar,Devade
D4234,B1718,Udid,Not Specified,70.05,7118.75,Buyer looking to purchase Udid directly from farmers.,2026-08-24,2026-11-23,Konkan,Thane,Shahapur,Cherpoli
D4235,B3576,Wheat,Not Specified,15.96,2662.73,Sourcing Wheat for export-quality grading and packaging.,2026-07-06,2026-09-18,Western Maharashtra (Desh),Pune,Mulshi,Akole
D4236,B1116,Coconut,Pratap,10.26,3296.91,Need consistent Coconut supply for ongoing operations.,2026-08-06,2026-08-17,Konkan,Sindhudurg,Sawantwadi,Madkhol
D4237,B1993,Udid,TAU-2,38.66,7177.19,Sourcing Udid in bulk for our processing unit.,2026-07-01,2026-08-05,Konkan,Thane,Bhiwandi,Anjur
D4238,B0060,Turmeric,Selam,18.35,17465.49,Sourcing Turmeric in bulk for our processing unit.,2026-07-25,2026-08-26,Western Maharashtra (Desh),Sangli,Khanapur,Balvadi
D4239,B3017,Sugarcane,Co 94012,513.01,340.87,Looking to procure Sugarcane for institutional buyers.,2026-05-18,2026-08-08,Western Maharashtra (Desh),Ahilyanagar (Ahmednagar),Parner,Nighoj
D4240,B4094,Mango (Alphonso),Not Specified,29.24,7809.91,Requirement raised for Mango (Alphonso) to meet upcoming production schedule.,2026-05-31,2026-07-13,Konkan,Raigad,Shrivardhan,Arathi
D4241,B2921,Field Beans,Not Specified,20.56,2928.67,Seeking regular Field Beans supply from nearby farmers.,2026-08-09,2026-09-02,Konkan,Raigad,Murud,Abitghar
D4242,B1037,Coconut,Pratap,30.75,5767.63,Looking for fresh Coconut for wholesale procurement.,2026-06-14,2026-07-04,Konkan,Sindhudurg,Kudal,Gaorai
D4243,B2086,Tur,BSMR-736,29.59,6687.26,Buyer looking to purchase Tur directly from farmers.,2026-07-11,2026-11-05,Marathwada,Latur,Renapur,Pangaon
D4244,B1827,Sunflower,Not Specified,64.62,7881.27,Need consistent Sunflower supply for ongoing operations.,2026-07-27,2026-09-27,Vidarbha,Buldhana,Jalgaon Jamod,Sungaon
D4245,B0855,Vari,Local Bhagar landrace,76.39,4328.9,Bulk Vari requirement for processing.,2026-06-20,2026-09-27,Western Maharashtra (Desh),Satara,Koregaon,Ambawade S. Wagholi
D4246,B3452,Sugarcane,Not Specified,499.69,424.32,Looking to procure Sugarcane for institutional buyers.,2026-07-04,2026-10-04,Marathwada,Beed,Wadwani,Wadvani
D4247,B3203,Tur,Not Specified,71.74,6706.22,"Standing requirement for Tur, quantity flexible based on quality.",2026-04-30,2026-06-29,Marathwada,Latur,Deoni,Ambegaon
D4248,B4219,Rice,Not Specified,86.87,5007.82,Buyer looking to purchase Rice directly from farmers.,2026-07-09,2026-09-01,Konkan,Palghar,Talasari,Vasa
D4249,B1698,Rice,IR-64,63.67,3389.54,Sourcing Rice for export-quality grading and packaging.,2026-05-23,2026-08-25,Vidarbha,Gondia,Amgaon,Anjora
D4250,B2706,Sugarcane,CoM 0265,526.75,438.32,Looking for fresh Sugarcane for wholesale procurement.,2026-07-28,2026-10-15,Western Maharashtra (Desh),Ahilyanagar (Ahmednagar),Sangamner,Gunjalwadi
D4251,B1325,Coconut,Pratap,34.79,4924.04,"Standing requirement for Coconut, quantity flexible based on quality.",2026-07-30,2026-08-26,Konkan,Sindhudurg,Devgad,Shirgaon
D4252,B1308,Mango (Alphonso),Alphonso (Hapus),20.14,7053.49,Inviting offers for Mango (Alphonso) from farmers in the region.,2026-07-20,2026-08-12,Konkan,Sindhudurg,Malwan,Kalethar
D4253,B0485,Rice,Ambemohar,29.98,5508.67,"Standing requirement for Rice, quantity flexible based on quality.",2026-07-10,2026-10-31,Konkan,Palghar,Palghar,Betegaon
D4254,B0962,Soybean,MAUS 71,39.68,7235.2,Buyer looking to purchase Soybean directly from farmers.,2026-05-20,2026-07-12,Vidarbha,Washim,Malegaon,Bramhanwada Najik Marsul
D4255,B2030,Cotton,Suraj Bt,47.95,8475.94,Inviting offers for Cotton from farmers in the region.,2026-08-09,2026-09-12,Marathwada,Nanded,Biloli,Kasrali
D4256,B0313,Groundnut,JL-24,70.08,6868.54,"Procurement need for good quality Groundnut, open to multiple sellers.",2026-05-30,2026-07-29,Western Maharashtra (Desh),Pune,Baramati,Ambi Kh.
D4257,B1620,Chickoo,Kalipatti,4.61,3417.73,Need consistent Chickoo supply for ongoing operations.,2026-07-08,2026-08-19,Konkan,Thane,Thane,Adavli
D4258,B3775,Soybean,JS 9560,66.67,5607.42,Buyer looking to purchase Soybean directly from farmers.,2026-07-28,2026-10-08,Vidarbha,Amravati,Dharni,Dabhayakheda
D4259,B3791,Turmeric,Not Specified,19.57,18213.52,Requirement raised for Turmeric to meet upcoming production schedule.,2026-08-25,2026-09-25,Western Maharashtra (Desh),Sangli,Palus,Andhali
D4260,B4656,Soybean,MAUS 71,31.59,5614.02,Requirement raised for Soybean to meet upcoming production schedule.,2026-06-15,2026-10-01,Marathwada,Nanded,Mudkhed,Niwgha
D4261,B1967,Turmeric,Not Specified,14.21,14833.26,Looking to procure Turmeric for institutional buyers.,2026-05-11,2026-05-28,Western Maharashtra (Desh),Sangli,Atpadi,Awalai
D4262,B2461,Rice,Indrayani,86.85,4559.93,"Standing requirement for Rice, quantity flexible based on quality.",2026-06-18,2026-08-02,Konkan,Thane,Bhiwandi,Ambardi
D4263,B2564,Areca Nut,Sumangala,9.02,57228.65,Need consistent Areca Nut supply for ongoing operations.,2026-08-20,2026-10-02,Konkan,Ratnagiri,Lanja,Gangar Kargaon
D4264,B4102,Chickoo,Cricket Ball,16.05,2618.8,Bulk Chickoo requirement for processing.,2026-07-22,2026-08-12,Konkan,Thane,Shahapur,Cherpoli
D4265,B0759,Jowar,Maldandi,41.39,5447.36,Requirement raised for Jowar to meet upcoming production schedule.,2026-05-21,2026-07-11,Vidarbha,Washim,Mangrulpir,Shahapur Kh.
D4266,B0331,Turmeric,Not Specified,21.87,13929.11,Buyer looking to purchase Turmeric directly from farmers.,2026-08-08,2026-09-03,Western Maharashtra (Desh),Sangli,Miraj,Bamnoli
D4267,B3795,Turmeric,Selam,23.69,14669.52,Sourcing Turmeric in bulk for our processing unit.,2026-08-24,2026-09-15,Western Maharashtra (Desh),Sangli,Tasgaon,Arwade
D4268,B2969,Cashew,Not Specified,12.0,20986.43,Bulk Cashew requirement for processing.,2026-08-10,2026-09-07,Konkan,Sindhudurg,Kankavli,Waingani
D4269,B2341,Gram,JAKI-9218,46.87,6959.51,Buyer looking to purchase Gram directly from farmers.,2026-06-03,2026-09-18,Marathwada,Latur,Jalkot,Atnoor
D4270,B0181,Sugarcane,Not Specified,110.32,570.93,Bulk Sugarcane requirement for processing.,2026-08-14,2026-09-12,Western Maharashtra (Desh),Ahilyanagar (Ahmednagar),Kopargaon,Suregaon
D4271,B2964,Linseed,Not Specified,44.58,6404.9,"Standing requirement for Linseed, quantity flexible based on quality.",2026-06-14,2026-09-19,Vidarbha,Gondia,Amgaon,Asordi
D4272,B0501,Gram,Not Specified,27.09,6549.65,"Standing requirement for Gram, quantity flexible based on quality.",2026-08-21,2026-09-26,Marathwada,Latur,Shirur Anantpal,Aari
D4273,B1117,Maize,Not Specified,51.04,2705.59,Requirement raised for Maize to meet upcoming production schedule.,2026-06-12,2026-07-08,Khandesh,Nandurbar,Talode,Amoni
D4274,B0708,Tur,Not Specified,46.52,8807.5,Bulk Tur requirement for processing.,2026-05-29,2026-07-31,Vidarbha,Gadchiroli,Armori,Arsoda
D4275,B1911,Chickoo,Kalipatti,18.46,2343.36,"Standing requirement for Chickoo, quantity flexible based on quality.",2026-08-08,2026-09-14,Konkan,Palghar,Mokhada,Khodala
D4276,B1441,Bajra,Not Specified,35.9,3111.81,Seeking regular Bajra supply from nearby farmers.,2026-07-08,2026-09-08,Marathwada,Jalna,Badnapur,Dabhadi
D4277,B1053,Banana,Ardhapuri,8.57,4429.03,"Standing requirement for Banana, quantity flexible based on quality.",2026-05-12,2026-06-04,Khandesh,Jalgaon,Bhadgaon,Adalase
D4278,B4117,Turmeric,Phule Swarupa,4.64,12075.73,Sourcing Turmeric in bulk for our processing unit.,2026-07-16,2026-08-05,Western Maharashtra (Desh),Sangli,Palus,Amanapur
D4279,B4307,Udid,Not Specified,12.03,8182.83,Inviting offers for Udid from farmers in the region.,2026-08-03,2026-11-10,Konkan,Thane,Kalyan,Antarde
D4280,B3112,Linseed,Not Specified,24.35,6422.09,"Procurement need for good quality Linseed, open to multiple sellers.",2026-05-16,2026-08-22,Vidarbha,Gondia,Sadak-Arjuni,Sadakarjuni
D4281,B0883,Maize,Not Specified,64.93,1794.76,Seeking regular Maize supply from nearby farmers.,2026-05-09,2026-06-30,Khandesh,Jalgaon,Bodwad,Bodwad
D4282,B1575,Udid,Phule Uttara,14.93,9490.04,"Procurement need for good quality Udid, open to multiple sellers.",2026-08-08,2026-11-21,Konkan,Thane,Kalyan,Antarde
D4283,B3267,Maize,Ganga Safed-2,71.76,2503.4,Sourcing Maize for export-quality grading and packaging.,2026-08-26,2026-11-20,Khandesh,Jalgaon,Amalner,Ambasan
D4284,B0697,Maize,DHM-117,53.34,2703.15,Bulk Maize requirement for processing.,2026-07-23,2026-10-20,Khandesh,Nashik,Baglan,Morane Di
D4285,B3926,Maize,Ganga Safed-2,61.3,1788.54,"Procurement need for good quality Maize, open to multiple sellers.",2026-08-04,2026-09-18,Khandesh,Dhule,Dhule,Kapadne
D4286,B0188,Soybean,Not Specified,70.47,5304.22,Sourcing Soybean in bulk for our processing unit.,2026-07-20,2026-10-08,Vidarbha,Nagpur,Savner,Ajani
D4287,B0228,Bajra,Not Specified,13.26,4361.61,Need consistent Bajra supply for ongoing operations.,2026-08-09,2026-10-17,Marathwada,Jalna,Jafrabad,Bharaj Bk.
D4288,B0476,Groundnut,Not Specified,40.72,6799.59,Sourcing Groundnut for export-quality grading and packaging.,2026-05-22,2026-09-14,Vidarbha,Bhandara,Lakhani,Palandur
D4289,B3763,Maize,African Tall,62.11,2549.96,"Procurement need for good quality Maize, open to multiple sellers.",2026-05-17,2026-06-14,Marathwada,Chhatrapati Sambhajinagar (Aurangabad),Vaijapur,Khandala
D4290,B1605,Coconut,Not Specified,35.43,4631.54,Bulk Coconut requirement for processing.,2026-05-13,2026-05-26,Konkan,Sindhudurg,Devgad,Jamsande
D4291,B2585,Linseed,Not Specified,46.27,6619.51,Looking for fresh Linseed for wholesale procurement.,2026-08-24,2026-11-30,Vidarbha,Gadchiroli,Gadchiroli,Kotgal
D4292,B3106,Gram,Not Specified,22.05,5662.06,Need consistent Gram supply for ongoing operations.,2026-05-02,2026-07-10,Marathwada,Latur,Shirur Anantpal,Aari
D4293,B2302,Jowar,Phule Yashoda,66.15,6548.86,Buyer looking to purchase Jowar directly from farmers.,2026-07-31,2026-09-25,Western Maharashtra (Desh),Pune,Mulshi,Adgaon
D4294,B1122,Udid,Not Specified,25.21,8640.55,Looking for fresh Udid for wholesale procurement.,2026-05-03,2026-06-10,Konkan,Thane,Murbad,Deogaon
D4295,B2608,Sunflower,KBSH-1,63.61,6897.43,Bulk Sunflower requirement for processing.,2026-06-08,2026-07-09,Vidarbha,Buldhana,Jalgaon Jamod,Asalgaon
D4296,B4583,Gram,JAKI-9218,20.52,5376.69,Looking for fresh Gram for wholesale procurement.,2026-08-12,2026-10-27,Marathwada,Latur,Nilanga,Halgara
D4297,B2766,Cashew,Not Specified,29.34,16724.22,Sourcing Cashew for export-quality grading and packaging.,2026-07-14,2026-08-26,Konkan,Sindhudurg,Malwan,Waghavane
D4298,B4523,Udid,Phule Uttara,24.92,7519.91,Sourcing Udid for export-quality grading and packaging.,2026-04-29,2026-08-05,Konkan,Thane,Shahapur,Cherpoli
D4299,B4038,Field Beans,Local Konkan landrace,35.78,4966.89,Seeking regular Field Beans supply from nearby farmers.,2026-07-31,2026-09-14,Konkan,Raigad,Sudhagad-Pali,Kumbharghar
D4300,B2767,Mango (Alphonso),Not Specified,15.83,30166.85,Bulk Mango (Alphonso) requirement for processing.,2026-05-30,2026-06-16,Konkan,Sindhudurg,Kankavli,Waingani
D4301,B4720,Mango (Alphonso),Not Specified,29.72,29335.14,Sourcing Mango (Alphonso) in bulk for our processing unit.,2026-07-11,2026-07-31,Konkan,Raigad,Panvel,Bhatan
D4302,B1927,Chickoo,Cricket Ball,20.75,3054.0,Buyer looking to purchase Chickoo directly from farmers.,2026-08-19,2026-09-10,Konkan,Thane,Murbad,Dhasai
D4303,B1191,Jowar,Not Specified,44.09,2545.06,Sourcing Jowar for export-quality grading and packaging.,2026-06-03,2026-07-30,Vidarbha,Yavatmal,Darwha,Lohi
D4304,B3597,Sunflower,Morden,37.89,7900.84,Sourcing Sunflower in bulk for our processing unit.,2026-07-11,2026-11-07,Vidarbha,Buldhana,Nandura,Yerali
D4305,B3929,Gram,Not Specified,26.0,5590.58,Need consistent Gram supply for ongoing operations.,2026-08-08,2026-09-18,Marathwada,Latur,Nilanga,Halgara
D4306,B0317,Groundnut,JL-24,38.2,6794.05,Seeking regular Groundnut supply from nearby farmers.,2026-07-18,2026-10-12,Vidarbha,Bhandara,Sakoli,Parsodi
D4307,B3274,Cashew,Vengurla-7,15.76,16810.95,Inviting offers for Cashew from farmers in the region.,2026-05-14,2026-06-10,Konkan,Ratnagiri,Ratnagiri,Bhandarwada
D4308,B2074,Vari,Not Specified,34.64,3591.16,Bulk Vari requirement for processing.,2026-08-02,2026-11-26,Western Maharashtra (Desh),Kolhapur,Kagal,Boravade
D4309,B1755,Jowar,Not Specified,68.08,2716.94,Inviting offers for Jowar from farmers in the region.,2026-06-23,2026-07-31,Western Maharashtra (Desh),Kolhapur,Panhala,Arale
D4310,B2515,Wheat,Lokwan,61.68,3280.6,Bulk Wheat requirement for processing.,2026-05-12,2026-08-22,Marathwada,Nanded,Kandhar,Shiradhon
D4311,B1364,Areca Nut,Mangala,30.17,41426.72,Sourcing Areca Nut for export-quality grading and packaging.,2026-07-25,2026-08-28,Konkan,Ratnagiri,Chiplun,Karambavane
D4312,B2873,Vari,Not Specified,21.14,4042.98,"Procurement need for good quality Vari, open to multiple sellers.",2026-06-23,2026-08-19,Western Maharashtra (Desh),Kolhapur,Radhanagari,Phejiwade
D4313,B1897,Field Beans,Konkan Val landrace,38.36,4884.29,"Procurement need for good quality Field Beans, open to multiple sellers.",2026-06-11,2026-07-08,Konkan,Raigad,Alibag,Agarsure
D4314,B2579,Gram,Phule Vikram,64.32,5503.08,Buyer looking to purchase Gram directly from farmers.,2026-08-11,2026-09-08,Marathwada,Latur,Shirur Anantpal,Anandwadi
D4315,B0073,Coconut,Banawali,31.9,3106.59,Buyer looking to purchase Coconut directly from farmers.,2026-07-26,2026-08-13,Konkan,Sindhudurg,Sawantwadi,Kariwade
D4316,B1247,Chickoo,Cricket Ball,33.28,4242.01,Buyer looking to purchase Chickoo directly from farmers.,2026-08-12,2026-09-21,Konkan,Palghar,Vasai,Arnala
D4317,B2188,Mango (Alphonso),Not Specified,26.74,21932.89,Sourcing Mango (Alphonso) for export-quality grading and packaging.,2026-08-25,2026-10-02,Konkan,Ratnagiri,Chiplun,Ketki
D4318,B1702,Wheat,NIAW-34,41.43,2969.02,Looking for fresh Wheat for wholesale procurement.,2026-08-24,2026-10-29,Marathwada,Nanded,Ardhapur,Malegaon
D4319,B3695,Areca Nut,Mangala,12.83,53163.18,"Standing requirement for Areca Nut, quantity flexible based on quality.",2026-07-18,2026-08-23,Konkan,Sindhudurg,Malwan,Waghavane
D4320,B2955,Udid,BDU-1,13.29,7762.4,Sourcing Udid for export-quality grading and packaging.,2026-08-11,2026-09-07,Konkan,Palghar,Vikramgad,Alonde
D4321,B1971,Cotton,Suraj Bt,48.19,9108.87,"Procurement need for good quality Cotton, open to multiple sellers.",2026-08-18,2026-11-11,Marathwada,Beed,Kaij,Hol
D4322,B3797,Vari,Local Bhagar landrace,20.95,4225.33,"Standing requirement for Vari, quantity flexible based on quality.",2026-06-16,2026-10-03,Western Maharashtra (Desh),Satara,Jaoli,Alewadi
D4323,B4722,Sugarcane,Phule 265,127.35,576.12,"Standing requirement for Sugarcane, quantity flexible based on quality.",2026-08-24,2026-10-20,Western Maharashtra (Desh),Pune,Shirur,Amdabad
D4324,B2336,Tur,Not Specified,33.2,7506.16,Sourcing Tur in bulk for our processing unit.,2026-05-20,2026-06-24,Marathwada,Dharashiv (Osmanabad),Washi,Para
D4325,B3900,Vari,Not Specified,57.44,3951.56,Buyer looking to purchase Vari directly from farmers.,2026-05-18,2026-07-25,Konkan,Thane,Murbad,Deogaon
D4326,B1381,Coconut,Banawali,7.85,6349.02,Sourcing Coconut for export-quality grading and packaging.,2026-08-20,2026-09-03,Konkan,Sindhudurg,Vengurla,Parule
D4327,B3661,Jowar,Maldandi,39.36,5240.74,Sourcing Jowar in bulk for our processing unit.,2026-08-01,2026-10-05,Marathwada,Chhatrapati Sambhajinagar (Aurangabad),Soegaon,Fardapur
D4328,B4793,Mango (Alphonso),Pairi,26.21,25832.47,Sourcing Mango (Alphonso) for export-quality grading and packaging.,2026-05-31,2026-06-24,Konkan,Ratnagiri,Mandangad,Ambavane Bk.
D4329,B1330,Mango (Alphonso),Ratna,27.65,22767.86,Looking to procure Mango (Alphonso) for institutional buyers.,2026-08-17,2026-08-30,Konkan,Ratnagiri,Khed,Tulashi Bk.
D4330,B0742,Tur,Phule Rajeshwari,44.07,8777.03,Seeking regular Tur supply from nearby farmers.,2026-07-31,2026-11-12,Vidarbha,Bhandara,Mohadi,Kardi
D4331,B2326,Chickoo,Not Specified,14.31,2845.94,Bulk Chickoo requirement for processing.,2026-08-05,2026-08-30,Konkan,Palghar,Jawhar,Winwal
D4332,B0336,Sugarcane,Not Specified,504.59,563.91,"Standing requirement for Sugarcane, quantity flexible based on quality.",2026-06-12,2026-08-12,Western Maharashtra (Desh),Pune,Khed,Adgaon
D4333,B0737,Gram,Not Specified,64.68,5095.31,Sourcing Gram for export-quality grading and packaging.,2026-08-20,2026-10-15,Marathwada,Latur,Ausa,Killari
D4334,B2568,Ragi,Not Specified,28.38,4147.43,Inviting offers for Ragi from farmers in the region.,2026-05-29,2026-07-20,Konkan,Thane,Shahapur,Cherpoli
D4335,B3960,Udid,TAU-2,56.33,9175.43,Looking to procure Udid for institutional buyers.,2026-07-08,2026-10-12,Konkan,Thane,Kalyan,Antarde
D4336,B1022,Banana,Not Specified,5.43,1962.31,Requirement raised for Banana to meet upcoming production schedule.,2026-06-23,2026-08-01,Khandesh,Jalgaon,Erandol,Ambe
D4337,B3870,Groundnut,JL-24,30.67,7565.79,Sourcing Groundnut for export-quality grading and packaging.,2026-08-05,2026-09-07,Western Maharashtra (Desh),Solapur,Solapur South,Achegaon
D4338,B4299,Maize,Not Specified,70.87,2763.86,Looking to procure Maize for institutional buyers.,2026-08-20,2026-11-29,Khandesh,Dhule,Shirpur,Thalner
D4339,B2275,Mango (Alphonso),Alphonso (Hapus),20.12,20160.1,Bulk Mango (Alphonso) requirement for processing.,2026-08-26,2026-09-12,Konkan,Sindhudurg,Malwan,Kalethar
D4340,B0624,Jowar,Phule Vasudha,25.8,4040.25,Looking to procure Jowar for institutional buyers.,2026-05-11,2026-06-18,Vidarbha,Yavatmal,Kelapur,Both
D4341,B4773,Cashew,Not Specified,11.97,21330.63,Need consistent Cashew supply for ongoing operations.,2026-06-21,2026-07-20,Konkan,Ratnagiri,Dapoli,Anjarla
D4342,B1413,Field Beans,Not Specified,14.79,5176.19,"Procurement need for good quality Field Beans, open to multiple sellers.",2026-08-25,2026-10-07,Konkan,Raigad,Murud,Adad
D4343,B4478,Banana,Not Specified,27.39,5193.8,Seeking regular Banana supply from nearby farmers.,2026-06-04,2026-07-14,Khandesh,Jalgaon,Muktainagar,Anturli
D4344,B2396,Rice,Not Specified,81.88,4964.42,Need consistent Rice supply for ongoing operations.,2026-04-29,2026-07-23,Konkan,Thane,Thane,Agasan
D4345,B4591,Rice,Not Specified,21.15,3572.73,"Procurement need for good quality Rice, open to multiple sellers.",2026-05-25,2026-07-01,Konkan,Ratnagiri,Khed,Khed (Bhadgaon)
D4346,B1285,Linseed,Sharda,48.37,6907.87,Looking for fresh Linseed for wholesale procurement.,2026-07-15,2026-08-29,Vidarbha,Gadchiroli,Mulchera,Gomani
D4347,B1360,Groundnut,JL-24,48.44,7944.11,Buyer looking to purchase Groundnut directly from farmers.,2026-08-04,2026-09-16,Western Maharashtra (Desh),Pune,Purandhar,Ambale
D4348,B4434,Gram,JAKI-9218,44.67,5188.59,"Standing requirement for Gram, quantity flexible based on quality.",2026-07-26,2026-10-05,Marathwada,Latur,Chakur,Algarwadi
D4349,B3764,Tur,ICPL-87,34.19,8362.41,Inviting offers for Tur from farmers in the region.,2026-05-19,2026-06-26,Khandesh,Nandurbar,Akkalkuwa,Dab
D4350,B0010,Udid,Not Specified,21.27,9597.14,Need consistent Udid supply for ongoing operations.,2026-04-30,2026-08-28,Konkan,Palghar,Vasai,Agashi
D4351,B0174,Groundnut,Phule Unnati,40.16,8341.77,Inviting offers for Groundnut from farmers in the region.,2026-07-25,2026-11-20,Vidarbha,Gondia,Gondia,Adashi
D4352,B3416,Udid,Not Specified,55.8,7834.32,"Standing requirement for Udid, quantity flexible based on quality.",2026-06-01,2026-06-30,Konkan,Thane,Kalyan,Antarde
D4353,B4086,Groundnut,Not Specified,60.17,8089.22,"Standing requirement for Groundnut, quantity flexible based on quality.",2026-08-25,2026-11-23,Western Maharashtra (Desh),Satara,Satara,Angapur Vandan
D4354,B1922,Groundnut,SB-11,47.1,7967.58,Sourcing Groundnut for export-quality grading and packaging.,2026-06-30,2026-10-25,Western Maharashtra (Desh),Pune,Maval,Adavi
D4355,B2495,Groundnut,TAG-24,69.25,6187.15,Buyer looking to purchase Groundnut directly from farmers.,2026-06-19,2026-09-12,Vidarbha,Bhandara,Pauni,Akot
D4356,B2347,Chickoo,Not Specified,12.2,2685.63,Requirement raised for Chickoo to meet upcoming production schedule.,2026-07-01,2026-08-07,Konkan,Palghar,Jawhar,Vavar
D4357,B3858,Groundnut,SB-11,14.26,7701.07,Seeking regular Groundnut supply from nearby farmers.,2026-07-09,2026-09-29,Western Maharashtra (Desh),Satara,Koregaon,Ambawade S. Koregaon
D4358,B2224,Udid,TAU-1,8.87,9364.82,Looking for fresh Udid for wholesale procurement.,2026-05-28,2026-08-03,Konkan,Palghar,Vikramgad,Balapur
D4359,B1085,Jowar,Not Specified,12.68,4278.43,Seeking regular Jowar supply from nearby farmers.,2026-06-25,2026-08-17,Western Maharashtra (Desh),Satara,Jaoli,Anewadi
D4360,B0478,Field Beans,Local Konkan landrace,27.2,5138.75,Requirement raised for Field Beans to meet upcoming production schedule.,2026-05-25,2026-06-27,Konkan,Raigad,Karjat,Khandape
D4361,B3632,Udid,BDU-1,49.56,8721.77,Looking for fresh Udid for wholesale procurement.,2026-08-26,2026-11-18,Konkan,Thane,Ambarnath,Ashele
D4362,B2113,Rice,Not Specified,14.23,4133.42,Requirement raised for Rice to meet upcoming production schedule.,2026-05-12,2026-08-10,Western Maharashtra (Desh),Kolhapur,Bhudargad,Gargoti
D4363,B2809,Udid,Phule Uttara,26.81,7724.04,Need consistent Udid supply for ongoing operations.,2026-06-21,2026-08-01,Konkan,Thane,Murbad,Dhasai
D4364,B2807,Groundnut,Not Specified,21.44,8282.03,"Standing requirement for Groundnut, quantity flexible based on quality.",2026-07-20,2026-08-17,Western Maharashtra (Desh),Kolhapur,Shirol,Nandani
D4365,B0507,Cashew,Not Specified,15.75,22123.32,"Procurement need for good quality Cashew, open to multiple sellers.",2026-06-26,2026-08-01,Konkan,Sindhudurg,Dodamarg,Panturli
D4366,B1712,Gram,Vijay,37.11,5193.32,Sourcing Gram in bulk for our processing unit.,2026-05-18,2026-08-19,Marathwada,Latur,Latur,Pimpalgaon Amba
D4367,B2908,Maize,Not Specified,18.76,2749.89,Inviting offers for Maize from farmers in the region.,2026-06-02,2026-07-14,Khandesh,Jalgaon,Dharangaon,Ahire Bk.
D4368,B1795,Jowar,CSH-25,21.03,5620.23,"Procurement need for good quality Jowar, open to multiple sellers.",2026-05-14,2026-07-07,Vidarbha,Gadchiroli,Etapalli,Burgi
D4369,B1880,Gram,Not Specified,62.8,6359.94,Sourcing Gram for export-quality grading and packaging.,2026-08-19,2026-09-13,Marathwada,Latur,Nilanga,Aurad
D4370,B4451,Soybean,Not Specified,27.88,6546.32,Sourcing Soybean in bulk for our processing unit.,2026-08-23,2026-09-21,Marathwada,Nanded,Hadgaon,Palsa
D4371,B1675,Jowar,Not Specified,9.35,3251.27,"Procurement need for good quality Jowar, open to multiple sellers.",2026-08-19,2026-10-08,Western Maharashtra (Desh),Solapur,Mohol,Angar
D4372,B1015,Cotton,Not Specified,42.4,9760.72,"Procurement need for good quality Cotton, open to multiple sellers.",2026-07-13,2026-09-22,Marathwada,Hingoli,Aundha Nagnath,Aundha Nagnath
D4373,B3266,Turmeric,Not Specified,30.24,10439.09,Looking to procure Turmeric for institutional buyers.,2026-07-07,2026-08-21,Western Maharashtra (Desh),Sangli,Jat,Asangi Jat
D4374,B0104,Wheat,NIAW-34,35.49,2875.72,Sourcing Wheat for export-quality grading and packaging.,2026-07-26,2026-10-06,Vidarbha,Wardha,Seloo,Akoli
D4375,B0932,Udid,TAU-2,46.86,7679.62,Looking for fresh Udid for wholesale procurement.,2026-08-20,2026-12-06,Konkan,Thane,Shahapur,Cherpoli
D4376,B3164,Udid,TAU-1,29.18,8760.15,Sourcing Udid for export-quality grading and packaging.,2026-05-20,2026-07-31,Konkan,Palghar,Vasai,Arnala
D4377,B4010,Sugarcane,Not Specified,336.27,358.93,"Standing requirement for Sugarcane, quantity flexible based on quality.",2026-07-29,2026-10-17,Marathwada,Nanded,Loha,Kalambar Bk.
D4378,B2371,Linseed,NL-97,47.59,7093.5,Need consistent Linseed supply for ongoing operations.,2026-05-28,2026-09-07,Vidarbha,Gondia,Salekasa,Tirkhedi
D4379,B3512,Jowar,Maldandi,49.75,3531.91,Seeking regular Jowar supply from nearby farmers.,2026-07-12,2026-10-16,Western Maharashtra (Desh),Pune,Velhe,Ambavane
D4380,B1749,Coconut,Not Specified,22.82,3582.25,Need consistent Coconut supply for ongoing operations.,2026-07-23,2026-08-31,Konkan,Sindhudurg,Dodamarg,Kumbral
D4381,B4243,Wheat,Not Specified,50.32,2148.18,Requirement raised for Wheat to meet upcoming production schedule.,2026-05-02,2026-06-17,Marathwada,Nanded,Umri,Sindhi
D4382,B0775,Wheat,Not Specified,31.39,2860.39,Looking to procure Wheat for institutional buyers.,2026-06-28,2026-09-05,Marathwada,Nanded,Mudkhed,Barad
D4383,B2973,Groundnut,Not Specified,52.77,8165.2,Seeking regular Groundnut supply from nearby farmers.,2026-06-16,2026-08-30,Western Maharashtra (Desh),Pune,Purandhar,Ambale
D4384,B3571,Jowar,Phule Yashoda,35.61,5278.54,Looking for fresh Jowar for wholesale procurement.,2026-06-26,2026-09-17,Marathwada,Nanded,Biloli,Lohgaon
D4385,B1829,Gram,Not Specified,41.04,5767.16,Sourcing Gram in bulk for our processing unit.,2026-08-14,2026-11-20,Marathwada,Latur,Renapur,Pangaon
D4386,B4358,Rice,IR-64,58.25,4078.99,"Standing requirement for Rice, quantity flexible based on quality.",2026-05-12,2026-09-07,Khandesh,Nashik,Malegaon,Pimpalgaon
D4387,B0008,Vari,Local Bhagar landrace,21.82,3526.2,Need consistent Vari supply for ongoing operations.,2026-06-23,2026-08-06,Western Maharashtra (Desh),Satara,Satara,Angapur Vandan
D4388,B0846,Coconut,T x D hybrid,12.08,5273.91,Sourcing Coconut in bulk for our processing unit.,2026-05-30,2026-07-05,Konkan,Sindhudurg,Sawantwadi,Kariwade
D4389,B1867,Ragi,Not Specified,12.14,3357.9,"Standing requirement for Ragi, quantity flexible based on quality.",2026-06-10,2026-07-30,Konkan,Raigad,Poladpur,Adavale Bk.
D4390,B4558,Udid,Not Specified,30.07,8811.27,Buyer looking to purchase Udid directly from farmers.,2026-06-21,2026-10-08,Konkan,Thane,Kalyan,Antarli
D4391,B3015,Tur,Phule Rajeshwari,12.04,7212.45,Looking for fresh Tur for wholesale procurement.,2026-05-07,2026-09-03,Marathwada,Latur,Ahmedpur,Shirur Tajband
D4392,B0746,Chickoo,Cricket Ball,26.53,4183.14,"Procurement need for good quality Chickoo, open to multiple sellers.",2026-06-23,2026-07-27,Konkan,Thane,Thane,Adavli
D4393,B1815,Sugarcane,Not Specified,554.4,406.32,Buyer looking to purchase Sugarcane directly from farmers.,2026-07-28,2026-10-20,Marathwada,Parbhani,Sailu,Ravalgaon
D4394,B1679,Areca Nut,Not Specified,31.63,36838.9,Sourcing Areca Nut for export-quality grading and packaging.,2026-05-29,2026-07-10,Konkan,Ratnagiri,Rajapur,Kondsar Bk.
D4395,B3703,Areca Nut,Mangala,24.07,34041.05,Looking to procure Areca Nut for institutional buyers.,2026-06-25,2026-07-11,Konkan,Ratnagiri,Chiplun,Bivali
D4396,B4754,Coconut,Banawali,14.04,4689.29,Buyer looking to purchase Coconut directly from farmers.,2026-08-04,2026-08-15,Konkan,Sindhudurg,Malwan,Kalethar
D4397,B3624,Jowar,CSH-25,36.18,3707.99,Need consistent Jowar supply for ongoing operations.,2026-08-09,2026-11-13,Western Maharashtra (Desh),Solapur,Pandharpur,Bhose
D4398,B4678,Udid,Not Specified,21.86,7942.87,Requirement raised for Udid to meet upcoming production schedule.,2026-07-23,2026-11-05,Konkan,Thane,Shahapur,Shirol
D4399,B2289,Udid,TAU-2,61.82,8946.37,"Standing requirement for Udid, quantity flexible based on quality.",2026-07-29,2026-11-07,Konkan,Palghar,Talasari,Upalat
D4400,B1621,Rice,Karjat-3,35.67,5466.74,Sourcing Rice for export-quality grading and packaging.,2026-07-28,2026-10-07,Konkan,Raigad,Tala,Ambeli
D4401,B4582,Turmeric,Rajapuri,13.2,14103.34,"Procurement need for good quality Turmeric, open to multiple sellers.",2026-08-03,2026-09-08,Western Maharashtra (Desh),Sangli,Shirala,Arala
D4402,B3567,Jowar,Not Specified,64.33,3497.1,Need consistent Jowar supply for ongoing operations.,2026-08-11,2026-12-02,Vidarbha,Buldhana,Jalgaon Jamod,Pimpalgaon Kale
D4403,B1916,Field Beans,Konkan Val landrace,29.97,4830.35,Sourcing Field Beans for export-quality grading and packaging.,2026-06-16,2026-07-28,Konkan,Raigad,Khalapur,Ajivali
D4404,B4691,Cotton,DCH-32,32.96,8539.63,Bulk Cotton requirement for processing.,2026-07-15,2026-10-04,Vidarbha,Chandrapur,Warora,Abamakta
D4405,B4443,Coconut,Not Specified,14.06,4429.5,Bulk Coconut requirement for processing.,2026-07-20,2026-09-02,Konkan,Sindhudurg,Malwan,Devli
D4406,B4117,Turmeric,Rajapuri,11.09,17378.77,Requirement raised for Turmeric to meet upcoming production schedule.,2026-05-05,2026-06-09,Western Maharashtra (Desh),Sangli,Palus,Amanapur
D4407,B4163,Udid,Phule Uttara,42.31,7709.39,Sourcing Udid for export-quality grading and packaging.,2026-06-15,2026-07-29,Konkan,Thane,Thane,Adavli
D4408,B1964,Banana,Shrimanti,23.7,4644.42,Buyer looking to purchase Banana directly from farmers.,2026-06-09,2026-06-29,Khandesh,Jalgaon,Chopda,Adgaon
D4409,B2173,Banana,Not Specified,13.08,4823.83,Requirement raised for Banana to meet upcoming production schedule.,2026-06-05,2026-07-10,Khandesh,Jalgaon,Bhusawal,Anjansonde
D4410,B2704,Groundnut,JL-24,20.57,5922.16,Requirement raised for Groundnut to meet upcoming production schedule.,2026-06-24,2026-08-18,Western Maharashtra (Desh),Satara,Jaoli,Akhade
D4411,B4133,Maize,African Tall,42.3,1804.11,Requirement raised for Maize to meet upcoming production schedule.,2026-08-18,2026-11-04,Khandesh,Dhule,Sindkheda,Betawad
D4412,B2382,Gram,Digvijay,68.08,6030.14,Looking for fresh Gram for wholesale procurement.,2026-05-30,2026-08-14,Marathwada,Latur,Jalkot,Atnoor
D4413,B2127,Soybean,MACS 1281,35.35,7387.35,Bulk Soybean requirement for processing.,2026-07-28,2026-09-01,Vidarbha,Akola,Balapur,Wadegaon
D4414,B3491,Banana,Grand Naine,7.5,2737.62,"Procurement need for good quality Banana, open to multiple sellers.",2026-08-04,2026-09-08,Khandesh,Jalgaon,Yawal,Adgaon
D4415,B2565,Mango (Alphonso),Not Specified,22.2,16175.15,Inviting offers for Mango (Alphonso) from farmers in the region.,2026-08-03,2026-08-17,Konkan,Ratnagiri,Ratnagiri,Bhandarwadi
D4416,B4613,Turmeric,Not Specified,4.78,17101.55,Sourcing Turmeric in bulk for our processing unit.,2026-05-17,2026-06-29,Western Maharashtra (Desh),Sangli,Miraj,Ankali
D4417,B1816,Sunflower,Morden,18.17,6783.45,Sourcing Sunflower for export-quality grading and packaging.,2026-08-03,2026-10-18,Vidarbha,Buldhana,Khamgaon,Pimpalgaon Raja
D4418,B0011,Areca Nut,Mangala,21.33,40730.82,Looking for fresh Areca Nut for wholesale procurement.,2026-08-08,2026-08-19,Konkan,Sindhudurg,Kudal,Padave
D4419,B1371,Tur,Not Specified,58.81,7182.63,Inviting offers for Tur from farmers in the region.,2026-04-30,2026-05-28,Konkan,Palghar,Dahanu,Dapchari
D4420,B0562,Field Beans,Local Konkan landrace,32.25,5013.24,Bulk Field Beans requirement for processing.,2026-08-25,2026-09-09,Konkan,Raigad,Poladpur,Agryachakond
D4421,B3071,Areca Nut,Not Specified,17.0,56729.0,Bulk Areca Nut requirement for processing.,2026-07-21,2026-08-07,Konkan,Ratnagiri,Rajapur,Kondsar Bk.
D4422,B1554,Chickoo,Not Specified,23.13,3636.04,Looking for fresh Chickoo for wholesale procurement.,2026-08-19,2026-09-19,Konkan,Palghar,Palghar,Chahade
D4423,B0990,Rice,Not Specified,67.75,4992.41,"Standing requirement for Rice, quantity flexible based on quality.",2026-06-01,2026-09-07,Vidarbha,Bhandara,Lakhandur,Lakhandur
D4424,B3374,Bajra,ICTP-8203,40.68,4101.87,Need consistent Bajra supply for ongoing operations.,2026-05-10,2026-06-04,Western Maharashtra (Desh),Pune,Maval,Adhale Bk.
D4425,B4394,Tur,ICPL-87,47.55,6033.9,"Procurement need for good quality Tur, open to multiple sellers.",2026-08-02,2026-11-06,Konkan,Palghar,Mokhada,Gonde Bk.
D4426,B2996,Jowar,CSH-16,48.64,2764.19,"Standing requirement for Jowar, quantity flexible based on quality.",2026-06-01,2026-07-13,Western Maharashtra (Desh),Solapur,Barshi,Kari
D4427,B0609,Udid,Not Specified,27.33,7576.61,Seeking regular Udid supply from nearby farmers.,2026-05-05,2026-07-02,Konkan,Palghar,Dahanu,Bordi
D4428,B0339,Tur,Not Specified,68.99,8367.8,Need consistent Tur supply for ongoing operations.,2026-08-18,2026-09-21,Vidarbha,Gondia,Tiroda,Arjuni
D4429,B3860,Turmeric,Selam,18.87,13038.41,Sourcing Turmeric for export-quality grading and packaging.,2026-07-02,2026-08-15,Western Maharashtra (Desh),Sangli,Walwa,Bagani
D4430,B0057,Wheat,Lokwan,12.31,3338.4,Seeking regular Wheat supply from nearby farmers.,2026-08-21,2026-12-18,Marathwada,Nanded,Naigaon,Naigaon
D4431,B1076,Wheat,Not Specified,48.57,3336.57,Buyer looking to purchase Wheat directly from farmers.,2026-07-20,2026-09-30,Vidarbha,Wardha,Ashti,Wadala
D4432,B0602,Cotton,RCH-2 Bt,51.08,8076.4,Bulk Cotton requirement for processing.,2026-07-16,2026-08-16,Marathwada,Parbhani,Pathri,Limba
D4433,B0520,Udid,BDU-1,53.27,6878.1,Looking to procure Udid for institutional buyers.,2026-08-03,2026-09-26,Konkan,Palghar,Mokhada,Poshera
D4434,B1816,Sunflower,LSF-8,31.69,6909.14,Sourcing Sunflower for export-quality grading and packaging.,2026-07-10,2026-10-06,Vidarbha,Buldhana,Khamgaon,Pimpalgaon Raja
D4435,B4758,Udid,Not Specified,17.71,7817.1,Seeking regular Udid supply from nearby farmers.,2026-06-01,2026-08-01,Konkan,Palghar,Vasai,Bhatane
D4436,B2793,Bajra,Not Specified,44.12,3821.19,Sourcing Bajra for export-quality grading and packaging.,2026-07-22,2026-08-29,Khandesh,Dhule,Sindkheda,Chimthane
D4437,B0166,Gram,Not Specified,54.85,6133.77,"Standing requirement for Gram, quantity flexible based on quality.",2026-08-08,2026-11-11,Marathwada,Latur,Ausa,Ujani
D4438,B0397,Ragi,Not Specified,15.35,3370.1,Bulk Ragi requirement for processing.,2026-05-09,2026-06-09,Konkan,Ratnagiri,Lanja,Shirambavali
D4439,B1779,Linseed,Not Specified,7.62,5827.53,Sourcing Linseed in bulk for our processing unit.,2026-08-09,2026-11-30,Vidarbha,Gadchiroli,Desaiganj,Kurud
D4440,B4562,Vari,Not Specified,26.54,4759.66,Buyer looking to purchase Vari directly from farmers.,2026-08-15,2026-11-17,Konkan,Raigad,Shrivardhan,Arathi
D4441,B0618,Field Beans,Not Specified,21.58,3036.96,Looking for fresh Field Beans for wholesale procurement.,2026-08-12,2026-09-26,Konkan,Raigad,Murud,Agardande
D4442,B1935,Turmeric,Selam,12.53,11979.73,Requirement raised for Turmeric to meet upcoming production schedule.,2026-05-03,2026-06-07,Western Maharashtra (Desh),Sangli,Kadegaon,Amrapur
D4443,B0095,Gram,Not Specified,61.94,6375.43,Inviting offers for Gram from farmers in the region.,2026-05-04,2026-06-14,Marathwada,Latur,Chakur,Ambulga
D4444,B3742,Areca Nut,Sumangala,18.57,47193.62,Looking to procure Areca Nut for institutional buyers.,2026-07-23,2026-09-05,Konkan,Ratnagiri,Sangameshwar,Devade
D4445,B2854,Chickoo,Not Specified,5.2,2481.48,"Standing requirement for Chickoo, quantity flexible based on quality.",2026-08-26,2026-09-10,Konkan,Thane,Kalyan,Antarde
D4446,B2499,Mango (Alphonso),Alphonso (Hapus),13.68,14997.12,Looking to procure Mango (Alphonso) for institutional buyers.,2026-07-01,2026-08-07,Konkan,Ratnagiri,Ratnagiri,Bhandarwadi
D4447,B1468,Wheat,NIAW-34,50.12,2924.96,Sourcing Wheat in bulk for our processing unit.,2026-07-03,2026-09-15,Vidarbha,Nagpur,Umred,Amboli
D4448,B0702,Sunflower,Not Specified,65.36,5685.65,Bulk Sunflower requirement for processing.,2026-06-24,2026-08-24,Vidarbha,Buldhana,Nandura,Chandur Biswa
D4449,B4059,Groundnut,TAG-24,16.45,9104.03,Looking to procure Groundnut for institutional buyers.,2026-08-03,2026-11-02,Vidarbha,Bhandara,Tumsar,Ashti
D4450,B2623,Ragi,Not Specified,4.51,4461.08,Looking to procure Ragi for institutional buyers.,2026-06-24,2026-10-04,Konkan,Ratnagiri,Ratnagiri,Bhandarwadi
D4451,B3654,Cotton,Not Specified,13.61,9624.07,Buyer looking to purchase Cotton directly from farmers.,2026-05-19,2026-09-13,Vidarbha,Chandrapur,Saoli,Akapur
D4452,B4425,Sunflower,KBSH-1,62.68,6042.15,Inviting offers for Sunflower from farmers in the region.,2026-05-18,2026-08-02,Vidarbha,Buldhana,Buldhana,Dhad
D4453,B4493,Soybean,Not Specified,48.05,6972.05,Buyer looking to purchase Soybean directly from farmers.,2026-07-07,2026-08-06,Vidarbha,Washim,Mangrulpir,Shahapur Kh.
D4454,B1024,Banana,Red Banana,8.77,3357.87,Need consistent Banana supply for ongoing operations.,2026-08-14,2026-09-11,Khandesh,Jalgaon,Jalgaon,Asoda
D4455,B0368,Gram,Phule Vikram,62.62,5826.38,Seeking regular Gram supply from nearby farmers.,2026-05-30,2026-09-23,Marathwada,Latur,Nilanga,Halgara
D4456,B1209,Vari,Local Bhagar landrace,21.41,3642.13,Seeking regular Vari supply from nearby farmers.,2026-06-18,2026-10-16,Western Maharashtra (Desh),Kolhapur,Shahuwadi,Sarud
D4457,B3198,Groundnut,Not Specified,8.45,6707.33,Inviting offers for Groundnut from farmers in the region.,2026-08-15,2026-10-18,Western Maharashtra (Desh),Kolhapur,Radhanagari,Turambe
D4458,B3199,Sunflower,Not Specified,40.64,5410.85,Looking for fresh Sunflower for wholesale procurement.,2026-06-18,2026-08-01,Vidarbha,Buldhana,Buldhana,Dhad
D4459,B0068,Sunflower,Not Specified,72.47,7896.14,Requirement raised for Sunflower to meet upcoming production schedule.,2026-05-29,2026-07-04,Vidarbha,Buldhana,Deulgaon Raja,Singaon \[Jahnagir\]
D4460,B1544,Bajra,Not Specified,41.54,2995.43,Buyer looking to purchase Bajra directly from farmers.,2026-05-01,2026-08-12,Khandesh,Nashik,Peth,Tandeval
D4461,B1884,Ragi,Dapoli-1,11.67,2989.84,Sourcing Ragi for export-quality grading and packaging.,2026-08-03,2026-08-28,Konkan,Ratnagiri,Sangameshwar,Wadi Adhishti
D4462,B0698,Coconut,Not Specified,34.19,4909.09,Sourcing Coconut in bulk for our processing unit.,2026-08-20,2026-09-13,Konkan,Sindhudurg,Kankavli,Bandargaon
D4463,B0893,Gram,Not Specified,26.75,6280.85,Bulk Gram requirement for processing.,2026-06-09,2026-07-07,Marathwada,Latur,Udgir,Arasnal
D4464,B4410,Banana,Not Specified,18.82,2288.45,Sourcing Banana for export-quality grading and packaging.,2026-08-21,2026-09-12,Khandesh,Jalgaon,Pachora,Anturli Kh. Pr. Lohare
D4465,B3815,Bajra,Not Specified,39.39,4015.93,Seeking regular Bajra supply from nearby farmers.,2026-07-31,2026-10-02,Khandesh,Dhule,Dhule,Kapadne
D4466,B0370,Soybean,Not Specified,14.26,4792.27,Inviting offers for Soybean from farmers in the region.,2026-05-21,2026-06-26,Vidarbha,Washim,Manora,Manora
D4467,B1778,Bajra,ICTP-8203,40.71,3731.37,Looking for fresh Bajra for wholesale procurement.,2026-08-12,2026-11-17,Western Maharashtra (Desh),Pune,Ambegaon,Adivare
D4468,B3137,Jowar,Maldandi,19.45,4154.01,Need consistent Jowar supply for ongoing operations.,2026-07-11,2026-10-22,Western Maharashtra (Desh),Pune,Maval,Adhale Bk.
D4469,B3566,Chickoo,Not Specified,24.78,2738.4,Need consistent Chickoo supply for ongoing operations.,2026-07-03,2026-07-31,Konkan,Palghar,Vikramgad,Alonde
D4470,B2842,Soybean,Not Specified,34.51,6910.83,Sourcing Soybean in bulk for our processing unit.,2026-07-09,2026-10-10,Khandesh,Nashik,Nandgaon,Hiranwadi
D4471,B1178,Jowar,Phule Vasudha,63.57,3043.99,Sourcing Jowar in bulk for our processing unit.,2026-06-11,2026-07-29,Western Maharashtra (Desh),Sangli,Jat,Ankale
D4472,B1051,Sunflower,Not Specified,23.17,5438.43,Need consistent Sunflower supply for ongoing operations.,2026-08-25,2026-12-14,Vidarbha,Buldhana,Chikhli,Amdapur
D4473,B4564,Linseed,Not Specified,38.56,6348.79,"Procurement need for good quality Linseed, open to multiple sellers.",2026-06-05,2026-08-15,Vidarbha,Gadchiroli,Desaiganj,Visora
D4474,B1888,Jowar,Not Specified,43.78,4592.29,Need consistent Jowar supply for ongoing operations.,2026-05-23,2026-07-20,Khandesh,Dhule,Sindkheda,Chimthane
D4475,B3616,Coconut,T x D hybrid,16.56,4168.01,Looking for fresh Coconut for wholesale procurement.,2026-07-13,2026-08-26,Konkan,Sindhudurg,Vaibhavwadi,Nadhavade
D4476,B4473,Jowar,Not Specified,28.57,5431.25,Inviting offers for Jowar from farmers in the region.,2026-07-02,2026-10-27,Marathwada,Hingoli,Sengaon,Pankanhergaon
D4477,B1060,Jowar,Phule Vasudha,29.51,2715.07,"Procurement need for good quality Jowar, open to multiple sellers.",2026-08-03,2026-10-16,Western Maharashtra (Desh),Ahilyanagar (Ahmednagar),Pathardi,Karanji
D4478,B4551,Maize,DHM-117,15.08,2572.23,Sourcing Maize for export-quality grading and packaging.,2026-05-19,2026-06-29,Khandesh,Jalgaon,Jamner,Ambadi
D4479,B0781,Cashew,Not Specified,5.29,22154.16,Sourcing Cashew for export-quality grading and packaging.,2026-08-20,2026-09-04,Konkan,Sindhudurg,Sawantwadi,Madkhol
D4480,B2105,Cotton,Not Specified,24.97,7645.99,Bulk Cotton requirement for processing.,2026-05-01,2026-07-14,Vidarbha,Akola,Akola,Tapalabad
D4481,B0669,Vari,Local Bhagar landrace,33.64,4438.68,"Standing requirement for Vari, quantity flexible based on quality.",2026-06-23,2026-08-26,Konkan,Thane,Ambarnath,Chinchpada
D4482,B2888,Linseed,Not Specified,24.91,7848.74,"Procurement need for good quality Linseed, open to multiple sellers.",2026-05-09,2026-08-20,Vidarbha,Gadchiroli,Kurkheda,Malewada
D4483,B3923,Field Beans,Konkan Val landrace,27.89,3719.06,"Procurement need for good quality Field Beans, open to multiple sellers.",2026-08-13,2026-09-09,Konkan,Raigad,Sudhagad-Pali,Kumbharshet
D4484,B4757,Rice,Not Specified,24.84,4255.68,"Standing requirement for Rice, quantity flexible based on quality.",2026-07-05,2026-08-10,Vidarbha,Gondia,Sadak-Arjuni,Sadakarjuni
D4485,B0207,Groundnut,Not Specified,57.03,8395.98,Sourcing Groundnut in bulk for our processing unit.,2026-06-02,2026-08-04,Western Maharashtra (Desh),Pune,Junnar,Ahinavewadi
D4486,B4066,Banana,Shrimanti,25.42,4586.23,Sourcing Banana for export-quality grading and packaging.,2026-06-28,2026-07-12,Khandesh,Jalgaon,Dharangaon,Anjan Vihire
D4487,B4348,Areca Nut,Mangala,31.99,45020.03,Buyer looking to purchase Areca Nut directly from farmers.,2026-05-07,2026-05-25,Konkan,Ratnagiri,Mandangad,Ambavane Bk.
D4488,B0948,Linseed,Sharda,15.96,7037.96,"Procurement need for good quality Linseed, open to multiple sellers.",2026-07-03,2026-08-25,Vidarbha,Gondia,Salekasa,Pipariya
D4489,B4219,Rice,Indrayani,60.27,3328.41,"Procurement need for good quality Rice, open to multiple sellers.",2026-05-31,2026-07-15,Konkan,Palghar,Talasari,Vasa
D4490,B1372,Cashew,Vengurla-7,12.71,14226.41,Need consistent Cashew supply for ongoing operations.,2026-05-01,2026-06-08,Konkan,Sindhudurg,Kudal,Padave
D4491,B1694,Ragi,Not Specified,34.88,4050.41,Sourcing Ragi for export-quality grading and packaging.,2026-08-19,2026-11-19,Konkan,Raigad,Karjat,Khandape
D4492,B1789,Wheat,Not Specified,42.7,2473.99,Need consistent Wheat supply for ongoing operations.,2026-08-04,2026-10-31,Vidarbha,Nagpur,Hingna,Amgaon
D4493,B2096,Mango (Alphonso),Alphonso (Hapus),11.43,15611.38,Requirement raised for Mango (Alphonso) to meet upcoming production schedule.,2026-06-26,2026-07-06,Konkan,Raigad,Karjat,Khanand
D4494,B3681,Soybean,JS 335,18.4,7642.11,Seeking regular Soybean supply from nearby farmers.,2026-05-17,2026-07-04,Vidarbha,Washim,Mangrulpir,Shahapur Kh.
D4495,B4414,Sugarcane,CoVSI 09292,481.96,355.27,Inviting offers for Sugarcane from farmers in the region.,2026-06-28,2026-09-29,Western Maharashtra (Desh),Kolhapur,Radhanagari,Phejiwade
D4496,B1352,Banana,Rajapuri,27.31,1943.43,Sourcing Banana in bulk for our processing unit.,2026-08-02,2026-08-25,Khandesh,Jalgaon,Amalner,Ambare
D4497,B1688,Rice,Ambemohar,87.59,4949.84,Requirement raised for Rice to meet upcoming production schedule.,2026-07-26,2026-10-14,Konkan,Thane,Kalyan,Antarde
D4498,B4669,Turmeric,Phule Swarupa,28.36,13195.19,Buyer looking to purchase Turmeric directly from farmers.,2026-05-04,2026-05-31,Western Maharashtra (Desh),Sangli,Palus,Ankalkhop
D4499,B4449,Bajra,Phule Adishakti,14.42,2553.67,Looking to procure Bajra for institutional buyers.,2026-08-22,2026-10-12,Khandesh,Dhule,Sakri,Dusane
D4500,B2786,Bajra,Saburi,45.62,4636.72,Bulk Bajra requirement for processing.,2026-05-16,2026-08-15,Marathwada,Chhatrapati Sambhajinagar (Aurangabad),Gangapur,Turkabad Kharadi
D4501,B2534,Ragi,Not Specified,29.15,3383.61,Seeking regular Ragi supply from nearby farmers.,2026-08-25,2026-10-12,Konkan,Ratnagiri,Ratnagiri,Bhandarwadi
D4502,B0970,Jowar,Phule Vasudha,58.59,4407.79,Looking to procure Jowar for institutional buyers.,2026-05-12,2026-09-04,Vidarbha,Chandrapur,Pombhurna,Ashta
D4503,B0156,Chickoo,Cricket Ball,28.15,2467.92,Inviting offers for Chickoo from farmers in the region.,2026-05-13,2026-06-18,Konkan,Palghar,Palghar,Barhanpur
D4504,B2770,Udid,Not Specified,70.56,8792.38,Inviting offers for Udid from farmers in the region.,2026-08-12,2026-12-05,Konkan,Thane,Bhiwandi,Ambardi
D4505,B3050,Areca Nut,Not Specified,12.81,34253.22,"Procurement need for good quality Areca Nut, open to multiple sellers.",2026-07-09,2026-07-31,Konkan,Ratnagiri,Ratnagiri,Bhandarwada
D4506,B0856,Field Beans,Local Konkan landrace,11.07,4576.01,Requirement raised for Field Beans to meet upcoming production schedule.,2026-07-18,2026-08-08,Konkan,Raigad,Mahad,Pachad
D4507,B4005,Sugarcane,CoM 0265,326.35,452.54,Requirement raised for Sugarcane to meet upcoming production schedule.,2026-07-17,2026-09-26,Vidarbha,Bhandara,Lakhani,Lakhani
D4508,B4580,Tur,BSMR-736,61.9,6587.09,Need consistent Tur supply for ongoing operations.,2026-06-06,2026-09-15,Konkan,Thane,Kalyan,Antarde
D4509,B0598,Vari,Not Specified,24.24,4897.02,Inviting offers for Vari from farmers in the region.,2026-05-02,2026-08-05,Konkan,Raigad,Murud,Abitghar
D4510,B4460,Banana,Not Specified,9.44,4480.91,Seeking regular Banana supply from nearby farmers.,2026-05-28,2026-06-07,Khandesh,Jalgaon,Bhadgaon,Achalgaon
D4511,B4015,Rice,Not Specified,20.64,5294.69,Looking for fresh Rice for wholesale procurement.,2026-05-13,2026-06-17,Vidarbha,Gondia,Goregaon,Dawwa
D4512,B1835,Vari,Not Specified,32.17,4304.77,Looking for fresh Vari for wholesale procurement.,2026-06-13,2026-07-31,Konkan,Palghar,Dahanu,Bordi
D4513,B1629,Ragi,Dapoli-2,19.75,3041.4,Bulk Ragi requirement for processing.,2026-06-07,2026-09-14,Konkan,Palghar,Talasari,Vasa
D4514,B0105,Areca Nut,Sumangala,7.49,57248.44,Sourcing Areca Nut in bulk for our processing unit.,2026-08-14,2026-08-25,Konkan,Ratnagiri,Mandangad,Ambavane Bk.
D4515,B2555,Gram,Not Specified,73.09,6191.19,"Standing requirement for Gram, quantity flexible based on quality.",2026-08-24,2026-10-31,Marathwada,Latur,Renapur,Kharola
D4516,B3943,Udid,BDU-1,34.15,8397.7,"Standing requirement for Udid, quantity flexible based on quality.",2026-06-23,2026-10-11,Konkan,Thane,Kalyan,Antarli
D4517,B1894,Bajra,Phule Adishakti,71.39,3550.8,Buyer looking to purchase Bajra directly from farmers.,2026-05-17,2026-07-04,Western Maharashtra (Desh),Ahilyanagar (Ahmednagar),Nevasa,Sonai
D4518,B1587,Soybean,MACS 1281,27.46,6610.11,Looking for fresh Soybean for wholesale procurement.,2026-06-21,2026-09-03,Marathwada,Nanded,Bhokar,Amdariwadi
D4519,B4650,Bajra,Not Specified,71.59,4365.37,Requirement raised for Bajra to meet upcoming production schedule.,2026-07-23,2026-10-16,Khandesh,Dhule,Sakri,Kasare
D4520,B0849,Tur,Not Specified,56.72,6777.57,Looking to procure Tur for institutional buyers.,2026-07-02,2026-08-21,Khandesh,Jalgaon,Yawal,Ambapani
D4521,B1286,Field Beans,Not Specified,21.21,2787.69,Bulk Field Beans requirement for processing.,2026-07-30,2026-08-28,Konkan,Raigad,Uran,Bandhpada
D4522,B0786,Udid,Not Specified,39.84,8037.92,Looking to procure Udid for institutional buyers.,2026-08-12,2026-12-08,Konkan,Palghar,Mokhada,Poshera
D4523,B3390,Coconut,T x D hybrid,20.73,4269.78,Inviting offers for Coconut from farmers in the region.,2026-07-31,2026-09-14,Konkan,Sindhudurg,Kudal,Padave
D4524,B3442,Tur,Not Specified,10.55,8125.02,Requirement raised for Tur to meet upcoming production schedule.,2026-07-30,2026-10-23,Vidarbha,Amravati,Chandurbazar,Khel Mahal (Karajgaon)
D4525,B1643,Banana,Not Specified,19.29,5256.92,Need consistent Banana supply for ongoing operations.,2026-08-17,2026-09-14,Khandesh,Jalgaon,Chalisgaon,Alwadi
D4526,B1742,Cotton,Not Specified,66.48,10238.13,Buyer looking to purchase Cotton directly from farmers.,2026-06-08,2026-09-04,Marathwada,Beed,Shirur-Kasar,Pimpalner
D4527,B0419,Bajra,Phule Adishakti,18.02,3058.52,Need consistent Bajra supply for ongoing operations.,2026-07-28,2026-10-05,Khandesh,Dhule,Sindkheda,Betawad
D4528,B3226,Mango (Alphonso),Not Specified,30.26,23917.72,Inviting offers for Mango (Alphonso) from farmers in the region.,2026-07-02,2026-08-05,Konkan,Sindhudurg,Sawantwadi,Kariwade
D4529,B3155,Banana,Not Specified,29.04,3883.96,Need consistent Banana supply for ongoing operations.,2026-08-06,2026-09-07,Khandesh,Jalgaon,Bodwad,Bodwad
D4530,B2897,Areca Nut,Not Specified,31.04,38672.11,Need consistent Areca Nut supply for ongoing operations.,2026-08-21,2026-09-20,Konkan,Sindhudurg,Vengurla,Karli
D4531,B0296,Tur,Not Specified,16.64,5607.54,Requirement raised for Tur to meet upcoming production schedule.,2026-06-04,2026-08-31,Vidarbha,Gadchiroli,Kurkheda,Wadegaon
D4532,B1390,Maize,Not Specified,8.76,2517.51,Looking to procure Maize for institutional buyers.,2026-08-15,2026-11-15,Khandesh,Dhule,Shirpur,Boradi
D4533,B3264,Areca Nut,Mangala,25.5,39208.83,Looking for fresh Areca Nut for wholesale procurement.,2026-06-03,2026-07-05,Konkan,Ratnagiri,Chiplun,Karambavane
D4534,B2291,Coconut,Not Specified,34.85,5629.44,Need consistent Coconut supply for ongoing operations.,2026-07-12,2026-08-14,Konkan,Sindhudurg,Kankavli,Shivajipeth
D4535,B1881,Jowar,CSH-25,57.26,3997.65,Buyer looking to purchase Jowar directly from farmers.,2026-07-19,2026-09-05,Western Maharashtra (Desh),Pune,Ambegaon,Ahupe
D4536,B0991,Linseed,Sharda,28.75,7959.76,Inviting offers for Linseed from farmers in the region.,2026-05-05,2026-07-04,Vidarbha,Gadchiroli,Armori,Arsoda
D4537,B0240,Sunflower,Phule Raviraj,23.62,8118.17,Sourcing Sunflower in bulk for our processing unit.,2026-05-12,2026-06-06,Vidarbha,Buldhana,Shegaon,Shegaon (R)
D4538,B3165,Sugarcane,Phule 265,194.49,287.7,Bulk Sugarcane requirement for processing.,2026-05-06,2026-09-02,Western Maharashtra (Desh),Ahilyanagar (Ahmednagar),Shrirampur,Nipani Wadgaon
D4539,B1157,Linseed,Sharda,20.31,6853.0,Looking to procure Linseed for institutional buyers.,2026-07-19,2026-09-08,Vidarbha,Gadchiroli,Dhanora,Murumgaon
D4540,B1656,Field Beans,Not Specified,36.16,3993.91,Looking to procure Field Beans for institutional buyers.,2026-06-29,2026-08-03,Konkan,Raigad,Poladpur,Agryachakond
D4541,B3538,Mango (Alphonso),Not Specified,12.29,26653.95,Seeking regular Mango (Alphonso) supply from nearby farmers.,2026-08-21,2026-09-12,Konkan,Sindhudurg,Vaibhavwadi,Vabhave
D4542,B4673,Groundnut,Not Specified,25.64,6759.86,Seeking regular Groundnut supply from nearby farmers.,2026-08-10,2026-12-03,Vidarbha,Akola,Murtajapur,Kurum
D4543,B4716,Chickoo,Cricket Ball,5.59,2062.62,Seeking regular Chickoo supply from nearby farmers.,2026-07-24,2026-08-30,Konkan,Thane,Shahapur,Cherpoli
D4544,B0368,Gram,Digvijay,53.41,6050.29,Bulk Gram requirement for processing.,2026-06-25,2026-09-24,Marathwada,Latur,Nilanga,Halgara
D4545,B2150,Ragi,Not Specified,18.56,3759.3,Need consistent Ragi supply for ongoing operations.,2026-05-29,2026-07-18,Konkan,Thane,Murbad,Deogaon
D4546,B1934,Bajra,Not Specified,9.72,2252.72,Sourcing Bajra in bulk for our processing unit.,2026-05-31,2026-08-05,Western Maharashtra (Desh),Ahilyanagar (Ahmednagar),Sangamner,Ashwi Bk.
D4547,B3664,Cashew,Not Specified,16.17,20811.32,Need consistent Cashew supply for ongoing operations.,2026-07-12,2026-08-04,Konkan,Sindhudurg,Devgad,Shirgaon
D4548,B2797,Jowar,Maldandi,53.21,5695.65,Looking to procure Jowar for institutional buyers.,2026-05-26,2026-06-24,Western Maharashtra (Desh),Pune,Purandhar,Ambale
D4549,B1522,Coconut,Not Specified,5.14,4259.35,Inviting offers for Coconut from farmers in the region.,2026-07-05,2026-08-11,Konkan,Sindhudurg,Dodamarg,Talkat
D4550,B3854,Groundnut,JL-24,49.88,8835.28,Inviting offers for Groundnut from farmers in the region.,2026-07-30,2026-09-08,Western Maharashtra (Desh),Pune,Baramati,Anjangaon
D4551,B1311,Ragi,Not Specified,11.57,4027.52,Bulk Ragi requirement for processing.,2026-08-17,2026-11-22,Konkan,Thane,Ambarnath,Chinchpada
D4552,B0900,Vari,Local Bhagar landrace,41.02,3972.49,Looking to procure Vari for institutional buyers.,2026-07-20,2026-09-21,Western Maharashtra (Desh),Kolhapur,Hatkanangale,Rukadi
D4553,B0840,Groundnut,Not Specified,71.34,8817.08,"Procurement need for good quality Groundnut, open to multiple sellers.",2026-07-09,2026-10-06,Western Maharashtra (Desh),Pune,Ambegaon,Amondi
D4554,B3653,Chickoo,Cricket Ball,18.96,2006.52,Looking for fresh Chickoo for wholesale procurement.,2026-07-24,2026-08-28,Konkan,Palghar,Talasari,Sutrakar
D4555,B2977,Udid,BDU-1,63.4,7306.1,Need consistent Udid supply for ongoing operations.,2026-05-04,2026-07-26,Konkan,Thane,Kalyan,Antarli
D4556,B4324,Gram,Phule Vikram,37.56,6354.07,Inviting offers for Gram from farmers in the region.,2026-08-25,2026-09-20,Marathwada,Latur,Shirur Anantpal,Anandwadi
D4557,B1868,Wheat,Sharbati,36.89,2649.02,Requirement raised for Wheat to meet upcoming production schedule.,2026-07-28,2026-11-18,Marathwada,Nanded,Naigaon,Naigaon
D4558,B0060,Turmeric,Not Specified,27.74,15409.17,Need consistent Turmeric supply for ongoing operations.,2026-05-26,2026-06-08,Western Maharashtra (Desh),Sangli,Khanapur,Balvadi
D4559,B0082,Maize,Karveer,44.45,2616.33,"Procurement need for good quality Maize, open to multiple sellers.",2026-08-11,2026-10-24,Khandesh,Nandurbar,Shahada,Ambapur
D4560,B2100,Jowar,CSH-16,37.16,5591.51,Requirement raised for Jowar to meet upcoming production schedule.,2026-08-06,2026-11-03,Western Maharashtra (Desh),Pune,Baramati,Ambi Kh.
D4561,B2188,Mango (Alphonso),Not Specified,36.64,27554.7,Inviting offers for Mango (Alphonso) from farmers in the region.,2026-07-16,2026-08-15,Konkan,Ratnagiri,Chiplun,Ketki
D4562,B1767,Gram,JAKI-9218,72.49,4778.82,Looking to procure Gram for institutional buyers.,2026-08-19,2026-11-07,Marathwada,Latur,Chakur,Ajansonda Kh.
D4563,B0042,Jowar,Not Specified,63.63,3067.2,"Standing requirement for Jowar, quantity flexible based on quality.",2026-07-24,2026-08-24,Vidarbha,Washim,Risod,Kenwad
D4564,B1018,Wheat,Not Specified,17.96,3218.03,Looking to procure Wheat for institutional buyers.,2026-05-04,2026-06-14,Vidarbha,Bhandara,Bhandara,Bhilewada
D4565,B3295,Chickoo,Cricket Ball,4.61,3329.83,Seeking regular Chickoo supply from nearby farmers.,2026-08-21,2026-09-22,Konkan,Thane,Murbad,Deogaon
D4566,B3274,Cashew,Konkan Kalpa,35.81,14111.47,"Standing requirement for Cashew, quantity flexible based on quality.",2026-07-26,2026-08-12,Konkan,Ratnagiri,Ratnagiri,Bhandarwada
D4567,B2894,Vari,Konkan local Vari landrace,64.81,4627.1,"Procurement need for good quality Vari, open to multiple sellers.",2026-08-22,2026-09-19,Konkan,Thane,Shahapur,Shirol
D4568,B0963,Ragi,Phule Nachani,23.21,3144.34,Inviting offers for Ragi from farmers in the region.,2026-08-26,2026-10-31,Konkan,Palghar,Vikramgad,Alonde
D4569,B0036,Udid,Phule Uttara,22.04,8559.35,Inviting offers for Udid from farmers in the region.,2026-05-20,2026-06-18,Konkan,Palghar,Vada,Ambiste Kh.
D4570,B3150,Groundnut,Not Specified,16.64,8814.71,Sourcing Groundnut in bulk for our processing unit.,2026-07-12,2026-08-21,Western Maharashtra (Desh),Pune,Baramati,Ambi Bk.
D4571,B0267,Cashew,Not Specified,33.6,14374.57,Requirement raised for Cashew to meet upcoming production schedule.,2026-06-12,2026-07-10,Konkan,Ratnagiri,Ratnagiri,Bhandarwada
D4572,B3673,Udid,TAU-1,38.3,9065.27,"Standing requirement for Udid, quantity flexible based on quality.",2026-07-02,2026-08-22,Konkan,Thane,Bhiwandi,Ambardi
D4573,B4305,Groundnut,Not Specified,18.2,8536.59,Requirement raised for Groundnut to meet upcoming production schedule.,2026-07-25,2026-09-29,Khandesh,Nashik,Trimbakeshwar,Talwade Tri
D4574,B1940,Udid,BDU-1,33.7,6729.36,Seeking regular Udid supply from nearby farmers.,2026-07-07,2026-10-26,Konkan,Palghar,Talasari,Vasa
D4575,B1539,Banana,Not Specified,30.61,3120.64,Sourcing Banana in bulk for our processing unit.,2026-08-16,2026-09-17,Khandesh,Jalgaon,Pachora,Anturli Bk. Pr. Pachora
D4576,B0807,Areca Nut,Mangala,33.09,42052.95,Need consistent Areca Nut supply for ongoing operations.,2026-07-31,2026-09-12,Konkan,Sindhudurg,Sawantwadi,Madkhol
D4577,B4309,Udid,Not Specified,13.94,9320.08,"Standing requirement for Udid, quantity flexible based on quality.",2026-05-05,2026-06-05,Konkan,Thane,Thane,Adavli
D4578,B4205,Maize,Karveer,55.76,2651.19,"Standing requirement for Maize, quantity flexible based on quality.",2026-06-16,2026-08-18,Marathwada,Chhatrapati Sambhajinagar (Aurangabad),Kannad,Deogaon (R)
D4579,B2145,Linseed,Not Specified,32.91,5779.73,Requirement raised for Linseed to meet upcoming production schedule.,2026-05-01,2026-08-24,Vidarbha,Gadchiroli,Korchi,Betakathi
D4580,B2410,Mango (Alphonso),Pairi,23.3,9213.29,Sourcing Mango (Alphonso) for export-quality grading and packaging.,2026-08-16,2026-08-27,Konkan,Sindhudurg,Vengurla,Chipi
D4581,B4182,Wheat,Not Specified,48.87,2443.38,Sourcing Wheat for export-quality grading and packaging.,2026-06-11,2026-08-05,Western Maharashtra (Desh),Pune,Baramati,Ambi Bk.
D4582,B2724,Jowar,Phule Vasudha,48.34,3951.59,Requirement raised for Jowar to meet upcoming production schedule.,2026-07-21,2026-09-10,Vidarbha,Chandrapur,Saoli,Belgaon
D4583,B3017,Sugarcane,Not Specified,320.63,305.58,Looking for fresh Sugarcane for wholesale procurement.,2026-07-10,2026-11-03,Western Maharashtra (Desh),Ahilyanagar (Ahmednagar),Parner,Nighoj
D4584,B1099,Coconut,Not Specified,18.74,5640.99,Sourcing Coconut in bulk for our processing unit.,2026-07-02,2026-08-09,Konkan,Sindhudurg,Vaibhavwadi,Vabhave
D4585,B4069,Field Beans,Not Specified,13.75,4274.76,Seeking regular Field Beans supply from nearby farmers.,2026-06-22,2026-07-09,Konkan,Raigad,Tala,Bamanghar
D4586,B1034,Turmeric,Rajapuri,7.64,12060.17,"Standing requirement for Turmeric, quantity flexible based on quality.",2026-08-13,2026-09-07,Western Maharashtra (Desh),Sangli,Miraj,Ankali
D4587,B3953,Wheat,Not Specified,46.45,2058.29,Looking for fresh Wheat for wholesale procurement.,2026-08-03,2026-10-09,Marathwada,Nanded,Nanded,Tuppa
D4588,B2984,Sugarcane,Not Specified,207.89,583.8,"Standing requirement for Sugarcane, quantity flexible based on quality.",2026-07-31,2026-10-17,Western Maharashtra (Desh),Pune,Mulshi,Akole
D4589,B3784,Linseed,Not Specified,59.38,7633.6,Bulk Linseed requirement for processing.,2026-07-01,2026-08-11,Vidarbha,Gadchiroli,Gadchiroli,Navegaon
D4590,B1618,Jowar,Not Specified,31.35,4211.26,Need consistent Jowar supply for ongoing operations.,2026-05-16,2026-07-22,Marathwada,Nanded,Mukhed,Mukramabad
D4591,B2983,Vari,Not Specified,32.81,3286.36,Seeking regular Vari supply from nearby farmers.,2026-08-09,2026-10-28,Western Maharashtra (Desh),Satara,Koregaon,Ambawade S. Koregaon
D4592,B3660,Udid,BDU-1,33.76,6853.37,Seeking regular Udid supply from nearby farmers.,2026-08-21,2026-10-04,Konkan,Thane,Shahapur,Cherpoli
D4593,B4021,Vari,Local Bhagar landrace,36.55,3630.35,Bulk Vari requirement for processing.,2026-08-24,2026-11-04,Konkan,Palghar,Vada,Abitghar
D4594,B0928,Chickoo,Not Specified,10.15,2098.37,Looking to procure Chickoo for institutional buyers.,2026-08-14,2026-08-27,Konkan,Palghar,Palghar,Chahade
D4595,B2777,Sunflower,Morden,32.52,5828.67,Sourcing Sunflower in bulk for our processing unit.,2026-06-19,2026-10-01,Vidarbha,Buldhana,Buldhana,Chandol
D4596,B2755,Gram,Not Specified,32.44,5686.05,Seeking regular Gram supply from nearby farmers.,2026-08-25,2026-11-12,Marathwada,Latur,Shirur Anantpal,Anandwadi
D4597,B4574,Cashew,Not Specified,25.63,15836.65,Looking to procure Cashew for institutional buyers.,2026-07-07,2026-08-12,Konkan,Sindhudurg,Vengurla,Karli
D4598,B3398,Chickoo,Kalipatti,27.21,2589.54,Sourcing Chickoo for export-quality grading and packaging.,2026-07-19,2026-07-30,Konkan,Palghar,Mokhada,Gonde Bk.
D4599,B4119,Banana,Ardhapuri,12.95,1732.78,Bulk Banana requirement for processing.,2026-06-22,2026-07-23,Khandesh,Jalgaon,Bhusawal,Anjansonde
D4600,B3863,Cotton,Not Specified,56.95,7881.07,Sourcing Cotton for export-quality grading and packaging.,2026-07-19,2026-10-26,Marathwada,Jalna,Ambad,Jamkhed
D4601,B1897,Field Beans,Local Konkan landrace,34.88,4809.53,"Standing requirement for Field Beans, quantity flexible based on quality.",2026-07-30,2026-08-24,Konkan,Raigad,Alibag,Agarsure
D4602,B0562,Field Beans,Not Specified,18.85,4141.31,Inviting offers for Field Beans from farmers in the region.,2026-08-26,2026-10-09,Konkan,Raigad,Poladpur,Agryachakond
D4603,B2870,Soybean,Not Specified,9.7,4705.37,Requirement raised for Soybean to meet upcoming production schedule.,2026-06-22,2026-09-25,Vidarbha,Washim,Malegaon,Bramhanwada Najik Marsul
D4604,B1614,Groundnut,Not Specified,14.45,6880.91,"Procurement need for good quality Groundnut, open to multiple sellers.",2026-05-25,2026-07-09,Western Maharashtra (Desh),Kolhapur,Panhala,Kale
D4605,B3326,Bajra,ICTP-8203,47.73,2520.95,Looking to procure Bajra for institutional buyers.,2026-08-05,2026-11-28,Khandesh,Dhule,Shirpur,Thalner
D4606,B1779,Linseed,Not Specified,31.78,6770.09,Looking for fresh Linseed for wholesale procurement.,2026-05-27,2026-06-21,Vidarbha,Gadchiroli,Desaiganj,Kurud
D4607,B1935,Turmeric,Selam,15.89,10859.84,Looking to procure Turmeric for institutional buyers.,2026-08-26,2026-09-09,Western Maharashtra (Desh),Sangli,Kadegaon,Amrapur
D4608,B4585,Soybean,JS 335,41.54,5339.6,Need consistent Soybean supply for ongoing operations.,2026-07-11,2026-09-26,Marathwada,Beed,Ambajogai,Jogaiwadi
D4609,B3710,Turmeric,Phule Swarupa,24.16,11903.81,Seeking regular Turmeric supply from nearby farmers.,2026-08-06,2026-09-19,Western Maharashtra (Desh),Sangli,Palus,Andhali
D4610,B1906,Gram,Digvijay,20.72,5123.83,Buyer looking to purchase Gram directly from farmers.,2026-06-30,2026-09-24,Marathwada,Latur,Udgir,Kumtha Kh.
D4611,B2279,Tur,Phule Rajeshwari,28.04,8441.27,Sourcing Tur in bulk for our processing unit.,2026-07-04,2026-10-08,Vidarbha,Gondia,Salekasa,Tirkhedi
D4612,B1591,Mango (Alphonso),Not Specified,29.17,24540.62,"Standing requirement for Mango (Alphonso), quantity flexible based on quality.",2026-08-14,2026-09-19,Konkan,Ratnagiri,Lanja,Shirambavali
D4613,B1963,Wheat,Sharbati,40.38,3004.51,Inviting offers for Wheat from farmers in the region.,2026-07-05,2026-09-06,Marathwada,Nanded,Loha,Sonkhed
D4614,B2234,Groundnut,Not Specified,19.4,6948.15,Need consistent Groundnut supply for ongoing operations.,2026-07-28,2026-09-30,Western Maharashtra (Desh),Pune,Maval,Adavi
D4615,B2108,Udid,Phule Uttara,74.38,8258.6,Sourcing Udid for export-quality grading and packaging.,2026-06-17,2026-07-23,Konkan,Palghar,Palghar,Chahade
D4616,B2680,Mango (Alphonso),Ratna,17.37,21979.39,"Procurement need for good quality Mango (Alphonso), open to multiple sellers.",2026-07-23,2026-08-02,Konkan,Raigad,Shrivardhan,Arathi
D4617,B1251,Sugarcane,Not Specified,463.47,492.04,Looking for fresh Sugarcane for wholesale procurement.,2026-08-16,2026-11-21,Marathwada,Jalna,Badnapur,Dabhadi
D4618,B3073,Groundnut,TAG-24,33.85,7950.67,Inviting offers for Groundnut from farmers in the region.,2026-05-08,2026-06-17,Western Maharashtra (Desh),Pune,Ambegaon,Adivare
D4619,B4406,Bajra,Phule Adishakti,45.51,4090.68,"Procurement need for good quality Bajra, open to multiple sellers.",2026-07-29,2026-11-14,Khandesh,Nashik,Kalwan,Kalwan Khu
D4620,B1118,Chickoo,Kalipatti,8.17,4080.12,"Procurement need for good quality Chickoo, open to multiple sellers.",2026-07-05,2026-07-29,Konkan,Palghar,Jawhar,Kharonda
D4621,B3982,Tur,Not Specified,58.05,5709.65,Buyer looking to purchase Tur directly from farmers.,2026-07-30,2026-09-01,Marathwada,Latur,Shirur Anantpal,Ajani Bk.
D4622,B1670,Linseed,Parbhani Alsi,59.26,7287.36,Inviting offers for Linseed from farmers in the region.,2026-08-25,2026-11-21,Vidarbha,Gondia,Goregaon,Dawwa
D4623,B4108,Jowar,Maldandi,61.12,3809.24,Buyer looking to purchase Jowar directly from farmers.,2026-07-31,2026-10-05,Western Maharashtra (Desh),Kolhapur,Hatkanangale,Rendal
D4624,B3682,Coconut,Not Specified,25.41,5233.41,Requirement raised for Coconut to meet upcoming production schedule.,2026-08-14,2026-09-22,Konkan,Sindhudurg,Sawantwadi,Amboli
D4625,B4116,Maize,African Tall,11.92,2126.78,Bulk Maize requirement for processing.,2026-08-16,2026-09-26,Khandesh,Jalgaon,Pachora,Anturli Bk. Pr. Pachora
D4626,B3241,Jowar,Not Specified,40.56,4222.29,Looking to procure Jowar for institutional buyers.,2026-06-06,2026-09-16,Vidarbha,Yavatmal,Yavatmal,Akola Bajar
D4627,B2163,Mango (Alphonso),Ratna,34.08,10410.09,Looking for fresh Mango (Alphonso) for wholesale procurement.,2026-06-21,2026-07-07,Konkan,Raigad,Poladpur,Adavale Kh.
D4628,B2092,Coconut,Not Specified,15.76,6037.31,Sourcing Coconut in bulk for our processing unit.,2026-05-25,2026-06-07,Konkan,Sindhudurg,Dodamarg,Panturli
D4629,B2391,Gram,Vijay,37.68,5732.99,Bulk Gram requirement for processing.,2026-08-18,2026-09-29,Marathwada,Latur,Ahmedpur,Hadolti
D4630,B0416,Coconut,Banawali,24.75,3106.49,Inviting offers for Coconut from farmers in the region.,2026-06-19,2026-06-30,Konkan,Sindhudurg,Vaibhavwadi,Vabhave
D4631,B2788,Chickoo,Cricket Ball,11.17,2626.89,Inviting offers for Chickoo from farmers in the region.,2026-06-15,2026-07-29,Konkan,Thane,Shahapur,Shirol
D4632,B0718,Rice,Not Specified,94.58,5406.21,Seeking regular Rice supply from nearby farmers.,2026-08-02,2026-10-30,Vidarbha,Chandrapur,Mul,Agdi
D4633,B3898,Sunflower,Not Specified,37.72,8204.82,Seeking regular Sunflower supply from nearby farmers.,2026-08-17,2026-12-05,Vidarbha,Buldhana,Sangrampur,Sangrampur Pr. Jamod
D4634,B0391,Jowar,Not Specified,17.2,3280.98,Bulk Jowar requirement for processing.,2026-04-29,2026-05-29,Western Maharashtra (Desh),Ahilyanagar (Ahmednagar),Nevasa,Chanda
D4635,B4141,Groundnut,Not Specified,13.45,8509.5,Looking for fresh Groundnut for wholesale procurement.,2026-05-04,2026-06-17,Western Maharashtra (Desh),Kolhapur,Hatkanangale,Rukadi
D4636,B1040,Groundnut,Not Specified,42.85,6809.71,Looking to procure Groundnut for institutional buyers.,2026-08-10,2026-10-11,Western Maharashtra (Desh),Solapur,Pandharpur,Bhandi Shegaon
D4637,B4755,Mango (Alphonso),Not Specified,17.47,21138.7,Looking for fresh Mango (Alphonso) for wholesale procurement.,2026-06-17,2026-07-05,Konkan,Sindhudurg,Vaibhavwadi,Vabhave
D4638,B3876,Areca Nut,Mangala,15.9,48875.4,Bulk Areca Nut requirement for processing.,2026-08-25,2026-09-22,Konkan,Ratnagiri,Sangameshwar,Devrukh
D4639,B1766,Mango (Alphonso),Kesar,5.67,28821.17,Looking for fresh Mango (Alphonso) for wholesale procurement.,2026-07-24,2026-09-02,Konkan,Raigad,Khalapur,Adoshi
D4640,B3001,Chickoo,Cricket Ball,17.08,1869.55,Seeking regular Chickoo supply from nearby farmers.,2026-08-20,2026-09-07,Konkan,Thane,Kalyan,Antarli
D4641,B0891,Linseed,Sharda,33.04,6368.86,"Procurement need for good quality Linseed, open to multiple sellers.",2026-08-14,2026-09-22,Vidarbha,Gadchiroli,Chamorshi,Talodhi Mokasa
D4642,B2315,Turmeric,Not Specified,10.15,17571.43,Looking for fresh Turmeric for wholesale procurement.,2026-06-10,2026-06-25,Western Maharashtra (Desh),Sangli,Jat,Asangi Jat
D4643,B1035,Sugarcane,Co 86032,467.3,343.13,Buyer looking to purchase Sugarcane directly from farmers.,2026-06-27,2026-09-10,Marathwada,Nanded,Biloli,Kasrali
D4644,B0355,Udid,Phule Uttara,35.51,9317.12,Requirement raised for Udid to meet upcoming production schedule.,2026-06-18,2026-07-15,Konkan,Thane,Bhiwandi,Anjur
D4645,B3429,Ragi,Not Specified,11.93,3338.69,Requirement raised for Ragi to meet upcoming production schedule.,2026-05-21,2026-08-12,Konkan,Ratnagiri,Lanja,Shirambavali
D4646,B1138,Chickoo,Not Specified,24.63,2846.3,Need consistent Chickoo supply for ongoing operations.,2026-08-06,2026-08-25,Konkan,Thane,Shahapur,Cherpoli
D4647,B3725,Linseed,Not Specified,13.66,5540.89,Requirement raised for Linseed to meet upcoming production schedule.,2026-08-21,2026-12-11,Vidarbha,Gadchiroli,Desaiganj,Kurud
D4648,B3577,Jowar,CSH-16,37.04,2417.49,Need consistent Jowar supply for ongoing operations.,2026-08-24,2026-09-27,Western Maharashtra (Desh),Pune,Haveli,Ambee
D4649,B1457,Linseed,Sharda,12.45,6478.57,Sourcing Linseed for export-quality grading and packaging.,2026-07-21,2026-09-07,Vidarbha,Gadchiroli,Armori,Churmura
D4650,B1974,Soybean,JS 335,44.45,5165.27,Sourcing Soybean for export-quality grading and packaging.,2026-08-22,2026-09-18,Vidarbha,Washim,Manora,Poharadevi
D4651,B3036,Areca Nut,Sumangala,28.56,51024.59,Bulk Areca Nut requirement for processing.,2026-08-18,2026-09-23,Konkan,Sindhudurg,Malwan,Kalethar
D4652,B2711,Rice,Ambemohar,86.75,4613.9,"Procurement need for good quality Rice, open to multiple sellers.",2026-05-21,2026-06-28,Konkan,Raigad,Shrivardhan,Adgaon
D4653,B4326,Sunflower,LSF-8,27.98,6317.75,Sourcing Sunflower in bulk for our processing unit.,2026-06-27,2026-09-27,Vidarbha,Buldhana,Mehkar,Dongaon
D4654,B2739,Jowar,Not Specified,54.24,5570.15,"Standing requirement for Jowar, quantity flexible based on quality.",2026-05-02,2026-08-27,Western Maharashtra (Desh),Pune,Velhe,Adavali
D4655,B0283,Banana,Ardhapuri,13.84,2608.41,Inviting offers for Banana from farmers in the region.,2026-05-04,2026-06-03,Khandesh,Jalgaon,Jamner,Ambilhol
D4656,B0808,Sunflower,LSF-8,22.32,6303.28,Requirement raised for Sunflower to meet upcoming production schedule.,2026-08-04,2026-09-26,Vidarbha,Buldhana,Malkapur,Datala
D4657,B3414,Jowar,CSH-25,9.04,4469.05,Requirement raised for Jowar to meet upcoming production schedule.,2026-08-01,2026-09-19,Vidarbha,Buldhana,Jalgaon Jamod,Sungaon
D4658,B3814,Sugarcane,Not Specified,91.54,489.94,Inviting offers for Sugarcane from farmers in the region.,2026-08-20,2026-09-29,Western Maharashtra (Desh),Pune,Baramati,Ambi Bk.
D4659,B3323,Rice,Not Specified,33.21,4300.47,Need consistent Rice supply for ongoing operations.,2026-05-04,2026-08-19,Konkan,Sindhudurg,Devgad,Jamsande
D4660,B1202,Sunflower,Phule Raviraj,9.76,8115.23,Sourcing Sunflower in bulk for our processing unit.,2026-07-01,2026-08-09,Vidarbha,Buldhana,Mehkar,Anjani Bk.
D4661,B1507,Gram,JAKI-9218,44.84,6239.3,"Procurement need for good quality Gram, open to multiple sellers.",2026-08-17,2026-11-30,Marathwada,Latur,Ausa,Ujani
D4662,B4632,Areca Nut,Not Specified,7.33,49450.12,Inviting offers for Areca Nut from farmers in the region.,2026-06-22,2026-08-04,Konkan,Sindhudurg,Vaibhavwadi,Vabhave
D4663,B0889,Gram,Vijay,33.19,5504.06,Bulk Gram requirement for processing.,2026-07-08,2026-11-04,Marathwada,Latur,Renapur,Kharola
D4664,B1940,Udid,Not Specified,60.43,7216.6,Sourcing Udid for export-quality grading and packaging.,2026-05-09,2026-06-10,Konkan,Palghar,Talasari,Vasa
D4665,B2844,Chickoo,Not Specified,31.32,3303.24,Buyer looking to purchase Chickoo directly from farmers.,2026-07-22,2026-09-05,Konkan,Palghar,Vasai,Arnala
D4666,B1550,Soybean,JS 20-29,39.0,5107.62,Buyer looking to purchase Soybean directly from farmers.,2026-06-10,2026-09-06,Vidarbha,Washim,Mangrulpir,Shahapur Kh.
D4667,B0229,Coconut,Pratap,27.72,2922.77,Requirement raised for Coconut to meet upcoming production schedule.,2026-08-02,2026-08-30,Konkan,Sindhudurg,Devgad,Jamsande
D4668,B2908,Maize,Not Specified,72.1,2107.36,"Procurement need for good quality Maize, open to multiple sellers.",2026-08-23,2026-11-03,Khandesh,Jalgaon,Dharangaon,Ahire Bk.
D4669,B3827,Maize,Karveer,63.86,2796.06,Requirement raised for Maize to meet upcoming production schedule.,2026-04-30,2026-06-27,Marathwada,Chhatrapati Sambhajinagar (Aurangabad),Gangapur,Turkabad Kharadi
D4670,B3211,Gram,Digvijay,39.38,6693.01,Requirement raised for Gram to meet upcoming production schedule.,2026-06-29,2026-10-15,Marathwada,Latur,Chakur,Ambulga
D4671,B1494,Field Beans,Konkan Val landrace,18.53,4761.44,Looking to procure Field Beans for institutional buyers.,2026-07-28,2026-08-11,Konkan,Raigad,Poladpur,Adavale Bk.
D4672,B0994,Ragi,Not Specified,20.17,4284.06,Sourcing Ragi for export-quality grading and packaging.,2026-05-17,2026-08-27,Konkan,Raigad,Shrivardhan,Adgaon
D4673,B1805,Gram,Digvijay,47.2,4856.39,Sourcing Gram in bulk for our processing unit.,2026-08-16,2026-09-10,Marathwada,Latur,Deoni,Batanpur
D4674,B4553,Cashew,Vengurla-8,5.76,22460.79,Seeking regular Cashew supply from nearby farmers.,2026-07-09,2026-08-13,Konkan,Sindhudurg,Dodamarg,Talkat
D4675,B1377,Banana,Rajapuri,32.41,4541.7,Looking to procure Banana for institutional buyers.,2026-07-31,2026-09-08,Khandesh,Jalgaon,Bodwad,Bhankhede Pr. Varangaon
D4676,B3809,Cotton,Not Specified,62.37,9693.1,Bulk Cotton requirement for processing.,2026-06-09,2026-09-17,Vidarbha,Wardha,Arvi,Rohna
D4677,B3803,Mango (Alphonso),Ratna,20.74,27369.39,Bulk Mango (Alphonso) requirement for processing.,2026-05-15,2026-06-15,Konkan,Sindhudurg,Sawantwadi,Kariwade
D4678,B3497,Groundnut,Not Specified,58.76,7707.58,Buyer looking to purchase Groundnut directly from farmers.,2026-06-13,2026-07-11,Vidarbha,Gondia,Goregaon,Bhadanga
D4679,B4022,Cashew,Vengurla-7,35.27,17406.26,Sourcing Cashew for export-quality grading and packaging.,2026-08-12,2026-08-29,Konkan,Sindhudurg,Kankavli,Waingani
D4680,B1371,Tur,ICPL-87,63.95,8624.59,Bulk Tur requirement for processing.,2026-08-25,2026-11-05,Konkan,Palghar,Dahanu,Dapchari
D4681,B3288,Wheat,Tapovan (NIAW-917),57.77,3072.0,Looking to procure Wheat for institutional buyers.,2026-07-22,2026-09-30,Marathwada,Jalna,Jalna,Deomurti
D4682,B0368,Gram,Phule Vikram,15.47,5757.99,Sourcing Gram in bulk for our processing unit.,2026-08-19,2026-12-14,Marathwada,Latur,Nilanga,Halgara
D4683,B4301,Sunflower,Phule Raviraj,22.23,6775.68,Inviting offers for Sunflower from farmers in the region.,2026-05-18,2026-06-26,Vidarbha,Buldhana,Shegaon,Matargaon Bk.
D4684,B4015,Rice,Not Specified,33.09,4296.73,Sourcing Rice in bulk for our processing unit.,2026-07-09,2026-10-19,Vidarbha,Gondia,Goregaon,Dawwa
D4685,B1956,Turmeric,Selam,29.14,15878.37,Requirement raised for Turmeric to meet upcoming production schedule.,2026-07-27,2026-08-25,Western Maharashtra (Desh),Sangli,Khanapur,Ainwadi
D4686,B1771,Banana,Rajapuri,15.79,3672.85,Need consistent Banana supply for ongoing operations.,2026-08-07,2026-08-28,Khandesh,Jalgaon,Muktainagar,Anjangaon
D4687,B2873,Vari,Konkan local Vari landrace,67.45,4481.3,Looking for fresh Vari for wholesale procurement.,2026-08-01,2026-09-27,Western Maharashtra (Desh),Kolhapur,Radhanagari,Phejiwade
D4688,B3489,Sunflower,Not Specified,17.62,6272.33,Need consistent Sunflower supply for ongoing operations.,2026-05-16,2026-06-21,Vidarbha,Buldhana,Sindkhed Raja,Adgaon Raja
D4689,B4658,Sugarcane,CoVSI 09292,354.28,354.64,"Procurement need for good quality Sugarcane, open to multiple sellers.",2026-07-30,2026-09-20,Western Maharashtra (Desh),Kolhapur,Shirol,Lat
D4690,B0626,Field Beans,Local Konkan landrace,23.54,2872.86,Looking to procure Field Beans for institutional buyers.,2026-06-25,2026-07-13,Konkan,Raigad,Panvel,Barwai
D4691,B4224,Areca Nut,Not Specified,28.22,45054.2,"Procurement need for good quality Areca Nut, open to multiple sellers.",2026-06-03,2026-07-04,Konkan,Ratnagiri,Lanja,Nivasar
D4692,B1458,Vari,Konkan local Vari landrace,12.66,4453.76,Sourcing Vari in bulk for our processing unit.,2026-08-09,2026-11-04,Western Maharashtra (Desh),Kolhapur,Kagal,Sangaon Kasaba
D4693,B2078,Rice,Ambemohar,20.54,4558.44,Buyer looking to purchase Rice directly from farmers.,2026-07-20,2026-11-07,Western Maharashtra (Desh),Kolhapur,Hatkanangale,Rukadi
D4694,B1614,Groundnut,SB-11,16.37,6383.55,Seeking regular Groundnut supply from nearby farmers.,2026-08-12,2026-09-23,Western Maharashtra (Desh),Kolhapur,Panhala,Kale
D4695,B4744,Mango (Alphonso),Ratna,25.25,18591.21,Requirement raised for Mango (Alphonso) to meet upcoming production schedule.,2026-08-21,2026-08-31,Konkan,Ratnagiri,Mandangad,Dandnagari
D4696,B2002,Ragi,Not Specified,12.76,4031.8,Need consistent Ragi supply for ongoing operations.,2026-06-22,2026-10-07,Konkan,Ratnagiri,Rajapur,Avali Chiwadi
D4697,B0455,Maize,Karveer,53.47,2276.17,Need consistent Maize supply for ongoing operations.,2026-08-10,2026-11-15,Khandesh,Nandurbar,Navapur,Chinchpada
D4698,B0647,Cashew,Vengurla-4,6.57,15064.13,Sourcing Cashew in bulk for our processing unit.,2026-05-30,2026-06-29,Konkan,Raigad,Murud,Agardande
D4699,B1691,Sunflower,KBSH-1,13.82,6111.39,Requirement raised for Sunflower to meet upcoming production schedule.,2026-05-03,2026-08-11,Vidarbha,Buldhana,Lonar,Kingaon Jatu
D4700,B1153,Jowar,Not Specified,39.25,2620.5,Sourcing Jowar in bulk for our processing unit.,2026-07-11,2026-11-06,Western Maharashtra (Desh),Ahilyanagar (Ahmednagar),Sangamner,Ashwi Bk.
D4701,B1541,Turmeric,Selam,27.1,13698.15,Requirement raised for Turmeric to meet upcoming production schedule.,2026-08-26,2026-09-16,Western Maharashtra (Desh),Sangli,Shirala,Arala
D4702,B2102,Soybean,MAUS 71,14.5,6159.48,Need consistent Soybean supply for ongoing operations.,2026-08-26,2026-11-25,Vidarbha,Washim,Washim,Kata
D4703,B4400,Sunflower,KBSH-1,36.95,7461.26,"Procurement need for good quality Sunflower, open to multiple sellers.",2026-08-09,2026-11-16,Vidarbha,Buldhana,Sangrampur,Sonala
D4704,B2234,Groundnut,JL-24,12.34,8127.08,Looking for fresh Groundnut for wholesale procurement.,2026-06-12,2026-09-07,Western Maharashtra (Desh),Pune,Maval,Adavi
D4705,B3883,Udid,Phule Uttara,31.97,9118.75,Seeking regular Udid supply from nearby farmers.,2026-05-16,2026-06-10,Konkan,Thane,Thane,Adavli
D4706,B0875,Sunflower,Not Specified,64.89,6661.0,Looking to procure Sunflower for institutional buyers.,2026-07-23,2026-11-03,Vidarbha,Buldhana,Malkapur,Malkapur (Rural)
D4707,B0931,Wheat,NIAW-34,55.62,3259.59,"Standing requirement for Wheat, quantity flexible based on quality.",2026-06-04,2026-08-25,Vidarbha,Yavatmal,Yavatmal,Moha
D4708,B2630,Mango (Alphonso),Pairi,30.2,27530.55,Bulk Mango (Alphonso) requirement for processing.,2026-05-14,2026-06-13,Konkan,Sindhudurg,Malwan,Devli
D4709,B4092,Cashew,Vengurla-4,13.86,17479.7,Looking for fresh Cashew for wholesale procurement.,2026-07-26,2026-08-31,Konkan,Sindhudurg,Devgad,Jamsande
D4710,B2346,Linseed,Not Specified,56.94,5924.76,Seeking regular Linseed supply from nearby farmers.,2026-06-12,2026-08-18,Vidarbha,Gadchiroli,Bhamragad,Arewada
D4711,B2649,Bajra,Phule Adishakti,8.53,2489.62,Bulk Bajra requirement for processing.,2026-08-15,2026-10-22,Khandesh,Nashik,Yeola,Bokte
D4712,B2054,Coconut,Not Specified,24.48,5343.51,Seeking regular Coconut supply from nearby farmers.,2026-07-28,2026-08-25,Konkan,Sindhudurg,Malwan,Waghavane
D4713,B0033,Soybean,JS 20-29,55.6,5218.79,Sourcing Soybean in bulk for our processing unit.,2026-06-02,2026-08-15,Western Maharashtra (Desh),Satara,Koregaon,Ambawade S. Koregaon
D4714,B3138,Turmeric,Not Specified,28.86,17238.94,Requirement raised for Turmeric to meet upcoming production schedule.,2026-08-15,2026-09-10,Western Maharashtra (Desh),Sangli,Jat,Ankalagi
D4715,B3869,Groundnut,Not Specified,55.36,5737.48,Looking for fresh Groundnut for wholesale procurement.,2026-08-11,2026-10-06,Khandesh,Nashik,Igatpuri,Bortembhe
D4716,B4676,Rice,Ambemohar,15.27,4605.3,Requirement raised for Rice to meet upcoming production schedule.,2026-05-15,2026-07-03,Konkan,Palghar,Mokhada,Khodala
D4717,B2764,Coconut,Pratap,24.78,5500.68,Sourcing Coconut for export-quality grading and packaging.,2026-05-25,2026-06-14,Konkan,Sindhudurg,Devgad,Shirgaon
D4718,B1356,Vari,Konkan local Vari landrace,42.82,4045.29,Buyer looking to purchase Vari directly from farmers.,2026-07-11,2026-10-21,Konkan,Raigad,Shrivardhan,Asuf
D4719,B2765,Coconut,Banawali,21.41,6302.38,Requirement raised for Coconut to meet upcoming production schedule.,2026-06-08,2026-06-30,Konkan,Sindhudurg,Devgad,Jamsande
D4720,B1789,Wheat,Not Specified,35.17,2545.03,Looking for fresh Wheat for wholesale procurement.,2026-05-20,2026-07-27,Vidarbha,Nagpur,Hingna,Amgaon
D4721,B0552,Udid,TAU-2,55.24,9238.01,Inviting offers for Udid from farmers in the region.,2026-05-16,2026-08-31,Konkan,Thane,Thane,Adavli
D4722,B0811,Vari,Not Specified,59.44,4352.25,"Standing requirement for Vari, quantity flexible based on quality.",2026-05-08,2026-07-14,Konkan,Raigad,Alibag,Agarkot
D4723,B1456,Field Beans,Not Specified,14.86,3236.37,Bulk Field Beans requirement for processing.,2026-08-13,2026-08-30,Konkan,Raigad,Poladpur,Adavale Kh.
D4724,B0841,Jowar,Not Specified,19.28,4900.99,"Standing requirement for Jowar, quantity flexible based on quality.",2026-06-08,2026-07-17,Western Maharashtra (Desh),Pune,Mulshi,Admal
D4725,B2378,Ragi,Dapoli-1,27.67,3146.79,Inviting offers for Ragi from farmers in the region.,2026-08-25,2026-12-16,Konkan,Thane,Ambarnath,Ashele
D4726,B3251,Gram,Not Specified,46.76,6014.51,Sourcing Gram in bulk for our processing unit.,2026-08-17,2026-11-02,Marathwada,Latur,Chakur,Algarwadi
D4727,B2634,Sugarcane,Co 740,481.89,579.62,Looking for fresh Sugarcane for wholesale procurement.,2026-05-15,2026-07-17,Western Maharashtra (Desh),Pune,Shirur,Amdabad
D4728,B0352,Field Beans,Local Konkan landrace,28.52,3911.5,Inviting offers for Field Beans from farmers in the region.,2026-07-10,2026-08-22,Konkan,Raigad,Mahad,Pachad
D4729,B3204,Linseed,Sharda,24.09,5706.76,Inviting offers for Linseed from farmers in the region.,2026-05-21,2026-07-08,Vidarbha,Gadchiroli,Bhamragad,Brahmanpalli
D4730,B1021,Vari,Local Bhagar landrace,40.7,4597.13,"Standing requirement for Vari, quantity flexible based on quality.",2026-08-24,2026-11-10,Western Maharashtra (Desh),Kolhapur,Bhudargad,Waghapur
D4731,B2558,Gram,Not Specified,54.19,6005.98,Requirement raised for Gram to meet upcoming production schedule.,2026-05-27,2026-07-10,Marathwada,Latur,Jalkot,Belsangvi
D4732,B0932,Udid,Not Specified,10.33,6762.38,"Procurement need for good quality Udid, open to multiple sellers.",2026-05-08,2026-07-12,Konkan,Thane,Shahapur,Cherpoli
D4733,B1126,Groundnut,SB-11,34.64,8704.44,Seeking regular Groundnut supply from nearby farmers.,2026-08-19,2026-10-13,Western Maharashtra (Desh),Pune,Purandhar,Ambodi
D4734,B2375,Gram,Phule Vikram,70.01,6901.16,Sourcing Gram for export-quality grading and packaging.,2026-05-18,2026-09-12,Marathwada,Latur,Nilanga,Kasarshirshi
D4735,B2063,Coconut,T x D hybrid,19.71,3065.63,"Procurement need for good quality Coconut, open to multiple sellers.",2026-08-26,2026-09-15,Konkan,Sindhudurg,Kudal,Kasal
D4736,B0083,Rice,Not Specified,37.41,5465.74,Sourcing Rice in bulk for our processing unit.,2026-05-23,2026-08-24,Konkan,Raigad,Murud,Agardande
D4737,B3473,Coconut,Banawali,30.68,4521.22,Looking for fresh Coconut for wholesale procurement.,2026-06-14,2026-07-02,Konkan,Sindhudurg,Devgad,Jamsande
D4738,B1622,Bajra,Not Specified,49.24,3752.19,"Standing requirement for Bajra, quantity flexible based on quality.",2026-08-07,2026-11-03,Marathwada,Beed,Shirur-Kasar,Raimoha
D4739,B3495,Chickoo,Not Specified,31.85,2591.68,Inviting offers for Chickoo from farmers in the region.,2026-08-02,2026-09-12,Konkan,Palghar,Vada,Chinchghar
D4740,B3988,Cashew,Not Specified,6.6,18266.0,Requirement raised for Cashew to meet upcoming production schedule.,2026-05-26,2026-06-23,Konkan,Sindhudurg,Devgad,Padel
D4741,B0425,Gram,JAKI-9218,54.53,6696.93,Requirement raised for Gram to meet upcoming production schedule.,2026-08-17,2026-09-13,Marathwada,Latur,Deoni,Batanpur
D4742,B4040,Cotton,Not Specified,17.41,9728.18,Seeking regular Cotton supply from nearby farmers.,2026-06-18,2026-08-05,Vidarbha,Wardha,Hinganghat,Allipur
D4743,B3542,Mango (Alphonso),Alphonso (Hapus),18.46,25707.0,Inviting offers for Mango (Alphonso) from farmers in the region.,2026-07-20,2026-08-12,Konkan,Sindhudurg,Malwan,Devli
D4744,B1458,Vari,Local Bhagar landrace,61.21,5183.5,Sourcing Vari for export-quality grading and packaging.,2026-08-03,2026-11-10,Western Maharashtra (Desh),Kolhapur,Kagal,Sangaon Kasaba
D4745,B4514,Ragi,Dapoli-1,10.96,3920.2,Inviting offers for Ragi from farmers in the region.,2026-05-24,2026-08-22,Konkan,Palghar,Talasari,Vasa
D4746,B4724,Ragi,Dapoli-2,24.43,4468.37,Looking to procure Ragi for institutional buyers.,2026-05-24,2026-08-15,Konkan,Raigad,Tala,Adnale
D4747,B4500,Cashew,Not Specified,20.86,18556.02,Sourcing Cashew for export-quality grading and packaging.,2026-08-22,2026-09-18,Konkan,Sindhudurg,Vengurla,Parule
D4748,B1480,Sugarcane,Not Specified,181.75,610.23,Need consistent Sugarcane supply for ongoing operations.,2026-08-09,2026-10-02,Western Maharashtra (Desh),Kolhapur,Shirol,Lat
D4749,B0648,Mango (Alphonso),Pairi,23.1,8161.78,Bulk Mango (Alphonso) requirement for processing.,2026-08-04,2026-08-25,Konkan,Ratnagiri,Mandangad,Dandnagari
D4750,B0663,Vari,Not Specified,31.09,3866.8,Need consistent Vari supply for ongoing operations.,2026-08-04,2026-10-12,Konkan,Palghar,Palghar,Chahade
D4751,B0057,Wheat,Not Specified,69.39,3449.95,Looking for fresh Wheat for wholesale procurement.,2026-07-08,2026-09-18,Marathwada,Nanded,Naigaon,Naigaon
D4752,B0051,Areca Nut,Not Specified,22.52,52987.73,Sourcing Areca Nut in bulk for our processing unit.,2026-07-17,2026-08-21,Konkan,Ratnagiri,Mandangad,Ambavane Bk.
D4753,B1621,Rice,Not Specified,49.5,4429.18,Sourcing Rice for export-quality grading and packaging.,2026-08-25,2026-10-05,Konkan,Raigad,Tala,Ambeli
D4754,B0580,Areca Nut,Mangala,31.13,56665.45,Requirement raised for Areca Nut to meet upcoming production schedule.,2026-05-10,2026-06-05,Konkan,Ratnagiri,Lanja,Nivasar
D4755,B4526,Ragi,Dapoli-2,12.79,3067.75,Requirement raised for Ragi to meet upcoming production schedule.,2026-07-19,2026-09-25,Konkan,Raigad,Mangaon,Ambarle
D4756,B0826,Coconut,Dwarf Green,27.24,5516.84,"Standing requirement for Coconut, quantity flexible based on quality.",2026-05-09,2026-06-06,Konkan,Sindhudurg,Sawantwadi,Amboli
D4757,B0789,Coconut,Not Specified,10.97,5317.53,Bulk Coconut requirement for processing.,2026-08-22,2026-09-07,Konkan,Sindhudurg,Vaibhavwadi,Vabhave
D4758,B0213,Turmeric,Not Specified,17.27,12607.01,Looking to procure Turmeric for institutional buyers.,2026-06-02,2026-07-09,Western Maharashtra (Desh),Sangli,Jat,Ankale
D4759,B1880,Gram,Phule Vikram,56.84,4724.9,Requirement raised for Gram to meet upcoming production schedule.,2026-08-05,2026-10-01,Marathwada,Latur,Nilanga,Aurad
D4760,B0532,Tur,Phule Rajeshwari,65.08,8638.44,Seeking regular Tur supply from nearby farmers.,2026-06-03,2026-07-15,Marathwada,Beed,Ashti,Dhamangaon
D4761,B3440,Maize,Not Specified,40.07,2283.91,Need consistent Maize supply for ongoing operations.,2026-08-18,2026-09-17,Khandesh,Dhule,Sakri,Dusane
D4762,B1628,Cotton,Not Specified,60.77,8088.11,Looking to procure Cotton for institutional buyers.,2026-08-14,2026-09-22,Marathwada,Jalna,Jafrabad,Jafrabad
D4763,B1147,Cotton,RCH-2 Bt,12.23,9712.91,Inviting offers for Cotton from farmers in the region.,2026-08-13,2026-11-29,Marathwada,Parbhani,Jintur,Kausadi
D4764,B4672,Udid,Not Specified,32.27,9179.45,Looking to procure Udid for institutional buyers.,2026-07-01,2026-10-21,Konkan,Palghar,Palghar,Chahade
D4765,B2623,Ragi,Not Specified,34.05,2977.8,Seeking regular Ragi supply from nearby farmers.,2026-07-01,2026-09-04,Konkan,Ratnagiri,Ratnagiri,Bhandarwadi
D4766,B4763,Ragi,Dapoli-2,32.07,3148.64,Bulk Ragi requirement for processing.,2026-06-13,2026-08-03,Konkan,Ratnagiri,Sangameshwar,Devrukh
D4767,B1955,Mango (Alphonso),Not Specified,7.64,6866.65,Inviting offers for Mango (Alphonso) from farmers in the region.,2026-07-09,2026-07-29,Konkan,Sindhudurg,Kankavli,Bandargaon
D4768,B1973,Ragi,Dapoli-2,27.07,3353.53,"Standing requirement for Ragi, quantity flexible based on quality.",2026-08-20,2026-12-09,Konkan,Raigad,Tala,Ambeli
D4769,B0216,Rice,Kolam,19.0,5139.66,"Procurement need for good quality Rice, open to multiple sellers.",2026-08-02,2026-10-04,Western Maharashtra (Desh),Kolhapur,Panhala,Karanjphen
D4770,B4483,Udid,Not Specified,56.48,8601.05,Looking for fresh Udid for wholesale procurement.,2026-05-18,2026-08-15,Konkan,Thane,Kalyan,Antarde
D4771,B1254,Linseed,Sharda,21.57,6880.5,Need consistent Linseed supply for ongoing operations.,2026-05-06,2026-08-05,Vidarbha,Gadchiroli,Chamorshi,Ghot
D4772,B2145,Linseed,Not Specified,10.83,7106.41,Need consistent Linseed supply for ongoing operations.,2026-07-13,2026-10-28,Vidarbha,Gadchiroli,Korchi,Betakathi
D4773,B1570,Sunflower,KBSH-1,28.69,6981.16,Need consistent Sunflower supply for ongoing operations.,2026-08-17,2026-09-12,Vidarbha,Buldhana,Chikhli,Isoli
D4774,B1718,Udid,Not Specified,73.03,7346.43,Looking to procure Udid for institutional buyers.,2026-06-14,2026-09-10,Konkan,Thane,Shahapur,Cherpoli
D4775,B2096,Mango (Alphonso),Kesar,14.22,9558.98,Looking for fresh Mango (Alphonso) for wholesale procurement.,2026-06-27,2026-07-11,Konkan,Raigad,Karjat,Khanand
D4776,B0369,Tur,Not Specified,27.22,6884.31,Bulk Tur requirement for processing.,2026-04-30,2026-07-01,Marathwada,Latur,Renapur,Pangaon
D4777,B0906,Areca Nut,Mangala,15.4,41219.96,Sourcing Areca Nut for export-quality grading and packaging.,2026-07-03,2026-08-01,Konkan,Sindhudurg,Kankavli,Shivajipeth
D4778,B1091,Coconut,T x D hybrid,28.93,6466.47,Looking to procure Coconut for institutional buyers.,2026-07-30,2026-08-23,Konkan,Sindhudurg,Kankavli,Waingani
D4779,B2928,Banana,Red Banana,7.95,1754.65,Buyer looking to purchase Banana directly from farmers.,2026-08-11,2026-08-25,Khandesh,Jalgaon,Parola,Adgaon
D4780,B4283,Banana,Not Specified,22.32,4371.64,"Standing requirement for Banana, quantity flexible based on quality.",2026-07-16,2026-08-30,Khandesh,Jalgaon,Dharangaon,Anjan Vihire
D4781,B3719,Gram,Vijay,56.94,6776.82,Bulk Gram requirement for processing.,2026-05-31,2026-08-25,Marathwada,Latur,Deoni,Ambegaon
D4782,B3807,Turmeric,Not Specified,7.1,11299.23,Inviting offers for Turmeric from farmers in the region.,2026-05-11,2026-06-04,Western Maharashtra (Desh),Sangli,Khanapur,Alsund
D4783,B3740,Sunflower,Not Specified,64.9,5202.1,Inviting offers for Sunflower from farmers in the region.,2026-07-06,2026-08-04,Vidarbha,Buldhana,Sindkhed Raja,Changefal
D4784,B2253,Areca Nut,Sumangala,14.83,52050.76,Buyer looking to purchase Areca Nut directly from farmers.,2026-08-23,2026-09-07,Konkan,Sindhudurg,Devgad,Shirgaon
D4785,B3738,Linseed,Not Specified,19.91,5805.1,Inviting offers for Linseed from farmers in the region.,2026-08-20,2026-09-17,Vidarbha,Gondia,Salekasa,Tirkhedi
D4786,B4085,Turmeric,Not Specified,19.5,13213.9,Sourcing Turmeric in bulk for our processing unit.,2026-08-04,2026-08-16,Western Maharashtra (Desh),Sangli,Shirala,Biur
D4787,B2032,Soybean,Not Specified,58.42,5549.05,Need consistent Soybean supply for ongoing operations.,2026-08-12,2026-11-10,Vidarbha,Washim,Malegaon,Amani
D4788,B2716,Coconut,Not Specified,33.72,3156.03,Inviting offers for Coconut from farmers in the region.,2026-07-25,2026-08-19,Konkan,Sindhudurg,Malwan,Kalethar
D4789,B3206,Groundnut,Not Specified,10.55,8785.88,Sourcing Groundnut in bulk for our processing unit.,2026-07-21,2026-09-14,Vidarbha,Bhandara,Mohadi,Kardi
D4790,B4781,Linseed,NL-97,45.38,6311.52,Looking for fresh Linseed for wholesale procurement.,2026-08-24,2026-10-17,Vidarbha,Gadchiroli,Kurkheda,Malewada
D4791,B4232,Ragi,Dapoli-2,32.23,2782.2,Looking for fresh Ragi for wholesale procurement.,2026-08-06,2026-11-20,Konkan,Palghar,Palghar,Barhanpur
D4792,B0612,Sugarcane,Not Specified,164.13,483.03,Sourcing Sugarcane in bulk for our processing unit.,2026-05-27,2026-09-16,Western Maharashtra (Desh),Pune,Haveli,Agalambe
D4793,B2838,Tur,ICPL-87,54.54,8123.56,Looking to procure Tur for institutional buyers.,2026-06-15,2026-08-15,Marathwada,Hingoli,Sengaon,Sengaon
D4794,B0296,Tur,Vipula,53.85,7854.75,Need consistent Tur supply for ongoing operations.,2026-07-05,2026-10-02,Vidarbha,Gadchiroli,Kurkheda,Wadegaon
D4795,B4306,Maize,Pratap Hybrid-1,68.72,1929.73,Sourcing Maize for export-quality grading and packaging.,2026-08-20,2026-10-01,Marathwada,Chhatrapati Sambhajinagar (Aurangabad),Phulambri,Ganori
D4796,B0868,Soybean,Not Specified,10.13,4545.31,Seeking regular Soybean supply from nearby farmers.,2026-07-30,2026-08-25,Marathwada,Latur,Ausa,Killari
D4797,B2272,Vari,Local Bhagar landrace,43.3,5217.19,Bulk Vari requirement for processing.,2026-08-10,2026-10-11,Western Maharashtra (Desh),Satara,Koregaon,Ambawade S. Wagholi
D4798,B3298,Tur,Phule Rajeshwari,31.91,7216.51,Sourcing Tur for export-quality grading and packaging.,2026-05-01,2026-06-30,Vidarbha,Washim,Karanja,Bhambdevi
D4799,B0777,Tur,Not Specified,9.78,7911.54,Sourcing Tur in bulk for our processing unit.,2026-07-15,2026-09-30,Konkan,Thane,Murbad,Dhasai
D4800,B3961,Sunflower,Phule Raviraj,26.98,5931.85,Buyer looking to purchase Sunflower directly from farmers.,2026-05-18,2026-07-19,Vidarbha,Buldhana,Deulgaon Raja,Singaon \[Jahnagir\]
D4801,B2463,Ragi,Not Specified,34.27,2871.36,Sourcing Ragi in bulk for our processing unit.,2026-07-17,2026-10-03,Konkan,Ratnagiri,Dapoli,Satamba
D4802,B3851,Gram,Digvijay,73.01,5837.32,Need consistent Gram supply for ongoing operations.,2026-08-10,2026-10-03,Marathwada,Latur,Nilanga,Aurad
D4803,B1985,Sugarcane,CoM 0265,455.59,532.47,Looking to procure Sugarcane for institutional buyers.,2026-06-11,2026-07-09,Western Maharashtra (Desh),Solapur,Solapur South,Aherwadi
D4804,B3798,Wheat,Sharbati,60.45,2970.85,Inviting offers for Wheat from farmers in the region.,2026-07-17,2026-10-28,Western Maharashtra (Desh),Pune,Maval,Adhale Bk.
D4805,B3956,Linseed,Not Specified,21.77,7548.26,Looking to procure Linseed for institutional buyers.,2026-05-08,2026-06-29,Vidarbha,Gondia,Sadak-Arjuni,Sadakarjuni
D4806,B0468,Wheat,NIAW-34,40.08,2177.72,Need consistent Wheat supply for ongoing operations.,2026-07-01,2026-10-10,Vidarbha,Gondia,Arjuni-Morgaon,Nawegaon Bondh
D4807,B4098,Gram,Not Specified,46.26,5292.8,"Standing requirement for Gram, quantity flexible based on quality.",2026-05-23,2026-08-15,Marathwada,Latur,Latur,Bhosa
D4808,B0183,Areca Nut,Mangala,7.75,57278.53,"Procurement need for good quality Areca Nut, open to multiple sellers.",2026-05-08,2026-06-19,Konkan,Ratnagiri,Rajapur,Varachiwadi (Kasheli)
D4809,B3490,Banana,Not Specified,12.78,1952.12,Bulk Banana requirement for processing.,2026-08-13,2026-09-14,Khandesh,Jalgaon,Chopda,Adwad
D4810,B3105,Udid,Not Specified,15.11,8947.16,Seeking regular Udid supply from nearby farmers.,2026-07-04,2026-10-13,Konkan,Palghar,Mokhada,Gonde Bk.
D4811,B0661,Udid,Not Specified,40.39,6530.24,Sourcing Udid in bulk for our processing unit.,2026-06-04,2026-08-26,Konkan,Palghar,Dahanu,Dapchari
D4812,B2219,Soybean,JS 335,30.53,5657.81,Looking to procure Soybean for institutional buyers.,2026-07-05,2026-08-02,Marathwada,Beed,Patoda,Chumbli
D4813,B2709,Gram,JAKI-9218,29.25,6680.81,Looking to procure Gram for institutional buyers.,2026-05-22,2026-07-01,Marathwada,Latur,Chakur,Ajansonda Kh.
D4814,B0599,Linseed,Not Specified,21.86,7112.86,Bulk Linseed requirement for processing.,2026-07-20,2026-08-17,Vidarbha,Gadchiroli,Korchi,Kotgul
D4815,B1127,Coconut,Banawali,20.11,3682.02,Buyer looking to purchase Coconut directly from farmers.,2026-07-27,2026-08-19,Konkan,Sindhudurg,Kudal,Kasal
D4816,B0433,Linseed,Not Specified,27.66,5842.88,Bulk Linseed requirement for processing.,2026-08-26,2026-10-29,Vidarbha,Gadchiroli,Mulchera,Vivekanandpur
D4817,B2170,Rice,Karjat-3,77.26,4269.1,"Procurement need for good quality Rice, open to multiple sellers.",2026-08-07,2026-10-17,Konkan,Palghar,Vada,Abitghar
D4818,B1640,Wheat,Not Specified,49.83,2482.96,Buyer looking to purchase Wheat directly from farmers.,2026-05-17,2026-08-02,Vidarbha,Yavatmal,Kelapur,Akoli Kh.
D4819,B0891,Linseed,Not Specified,24.95,7431.25,"Standing requirement for Linseed, quantity flexible based on quality.",2026-08-03,2026-10-06,Vidarbha,Gadchiroli,Chamorshi,Talodhi Mokasa
D4820,B2213,Ragi,Not Specified,17.04,3997.71,Inviting offers for Ragi from farmers in the region.,2026-06-09,2026-08-15,Konkan,Palghar,Vasai,Arnala
D4821,B2578,Coconut,Pratap,21.62,3334.74,Inviting offers for Coconut from farmers in the region.,2026-05-18,2026-06-20,Konkan,Sindhudurg,Kankavli,Bandargaon
D4822,B0492,Cotton,DCH-32,62.39,9157.5,Looking to procure Cotton for institutional buyers.,2026-06-14,2026-07-13,Vidarbha,Amravati,Warud,Jarud
D4823,B1499,Chickoo,Not Specified,8.05,2703.02,Requirement raised for Chickoo to meet upcoming production schedule.,2026-07-20,2026-08-21,Konkan,Thane,Shahapur,Shirol
D4824,B4188,Gram,JAKI-9218,70.99,6367.76,Looking to procure Gram for institutional buyers.,2026-06-17,2026-10-02,Marathwada,Latur,Deoni,Ambegaon
D4825,B1405,Soybean,JS 20-29,29.39,7426.48,Need consistent Soybean supply for ongoing operations.,2026-06-14,2026-09-10,Vidarbha,Washim,Washim,Ansing
D4826,B4166,Wheat,Tapovan (NIAW-917),58.47,2546.53,Sourcing Wheat in bulk for our processing unit.,2026-08-21,2026-10-30,Vidarbha,Yavatmal,Arni,Anjargaon
D4827,B1482,Gram,Vijay,40.92,5792.9,Sourcing Gram in bulk for our processing unit.,2026-08-10,2026-10-09,Marathwada,Latur,Udgir,Kumtha Kh.
D4828,B4633,Sugarcane,CoVSI 09292,188.31,389.79,Sourcing Sugarcane in bulk for our processing unit.,2026-08-12,2026-09-12,Marathwada,Nanded,Ardhapur,Malegaon
D4829,B3562,Banana,Shrimanti,20.25,3409.94,Seeking regular Banana supply from nearby farmers.,2026-06-24,2026-08-07,Khandesh,Jalgaon,Amalner,Amalgaon
D4830,B3559,Vari,Local Bhagar landrace,34.25,3974.73,"Procurement need for good quality Vari, open to multiple sellers.",2026-07-08,2026-10-16,Western Maharashtra (Desh),Satara,Jaoli,Akhade
D4831,B1867,Ragi,Not Specified,29.69,3753.5,Looking to procure Ragi for institutional buyers.,2026-08-18,2026-12-04,Konkan,Raigad,Poladpur,Adavale Bk.
D4832,B3112,Linseed,NL-97,15.18,5576.95,Sourcing Linseed in bulk for our processing unit.,2026-05-02,2026-06-16,Vidarbha,Gondia,Sadak-Arjuni,Sadakarjuni
D4833,B2953,Vari,Local Bhagar landrace,59.73,4463.68,Looking for fresh Vari for wholesale procurement.,2026-05-13,2026-08-01,Konkan,Thane,Kalyan,Antarli
D4834,B0496,Soybean,Not Specified,70.82,7193.93,"Procurement need for good quality Soybean, open to multiple sellers.",2026-05-20,2026-09-02,Vidarbha,Washim,Washim,Adoli
D4835,B2072,Tur,Phule Rajeshwari,44.55,6891.32,Seeking regular Tur supply from nearby farmers.,2026-06-20,2026-07-28,Khandesh,Nandurbar,Akkalkuwa,Bhagdari
D4836,B3907,Mango (Alphonso),Alphonso (Hapus),26.58,24830.48,"Procurement need for good quality Mango (Alphonso), open to multiple sellers.",2026-05-19,2026-06-01,Konkan,Ratnagiri,Dapoli,Satamba
D4837,B1894,Bajra,Not Specified,71.43,4054.93,Sourcing Bajra in bulk for our processing unit.,2026-06-04,2026-09-18,Western Maharashtra (Desh),Ahilyanagar (Ahmednagar),Nevasa,Sonai
D4838,B4166,Wheat,Not Specified,24.18,2414.02,Seeking regular Wheat supply from nearby farmers.,2026-07-04,2026-10-10,Vidarbha,Yavatmal,Arni,Anjargaon
D4839,B2929,Ragi,Dapoli-1,17.49,4145.99,Need consistent Ragi supply for ongoing operations.,2026-07-20,2026-09-16,Konkan,Palghar,Dahanu,Bordi
D4840,B4669,Turmeric,Rajapuri,12.82,17208.66,"Standing requirement for Turmeric, quantity flexible based on quality.",2026-08-01,2026-09-02,Western Maharashtra (Desh),Sangli,Palus,Ankalkhop
D4841,B2901,Coconut,Not Specified,28.06,6011.48,Seeking regular Coconut supply from nearby farmers.,2026-07-02,2026-07-24,Konkan,Sindhudurg,Malwan,Kalethar
D4842,B0895,Sugarcane,Co 94012,407.54,595.25,Seeking regular Sugarcane supply from nearby farmers.,2026-07-01,2026-08-08,Vidarbha,Bhandara,Bhandara,Ambadi
D4843,B4335,Banana,Grand Naine,32.49,2511.56,Looking for fresh Banana for wholesale procurement.,2026-05-23,2026-06-15,Khandesh,Jalgaon,Parola,Ambapimpri
D4844,B3229,Areca Nut,Not Specified,34.52,45010.26,Bulk Areca Nut requirement for processing.,2026-07-04,2026-07-31,Konkan,Ratnagiri,Sangameshwar,Wadi Adhishti
D4845,B0250,Sugarcane,Not Specified,204.15,291.8,Sourcing Sugarcane for export-quality grading and packaging.,2026-08-22,2026-10-29,Western Maharashtra (Desh),Pune,Purandhar,Ambale
D4846,B3004,Banana,Grand Naine,20.87,2323.27,Bulk Banana requirement for processing.,2026-08-24,2026-09-04,Khandesh,Jalgaon,Raver,Ajanad
D4847,B2869,Bajra,Phule Adishakti,53.94,4127.22,Inviting offers for Bajra from farmers in the region.,2026-08-03,2026-09-17,Khandesh,Dhule,Sakri,Kasare
D4848,B0311,Groundnut,SB-11,52.65,6770.03,Requirement raised for Groundnut to meet upcoming production schedule.,2026-05-24,2026-08-24,Khandesh,Dhule,Dhule,Songir
D4849,B1105,Chickoo,Kalipatti,18.99,3810.82,Seeking regular Chickoo supply from nearby farmers.,2026-05-30,2026-06-22,Konkan,Thane,Murbad,Deogaon
D4850,B2608,Sunflower,Not Specified,24.18,7439.19,Looking to procure Sunflower for institutional buyers.,2026-08-26,2026-11-17,Vidarbha,Buldhana,Jalgaon Jamod,Asalgaon
D4851,B1586,Gram,Not Specified,17.27,5698.08,"Procurement need for good quality Gram, open to multiple sellers.",2026-07-22,2026-11-19,Marathwada,Latur,Latur,Bhosa
D4852,B4739,Tur,ICPL-87,16.0,5567.69,Buyer looking to purchase Tur directly from farmers.,2026-04-29,2026-07-19,Marathwada,Latur,Chakur,Ambulga
D4853,B1353,Wheat,NIAW-34,63.82,2924.3,Sourcing Wheat for export-quality grading and packaging.,2026-07-12,2026-10-17,Western Maharashtra (Desh),Sangli,Atpadi,Ambewadi
D4854,B3135,Cotton,Not Specified,67.16,8535.68,Need consistent Cotton supply for ongoing operations.,2026-05-09,2026-07-18,Marathwada,Beed,Wadwani,Chikhal Bid
D4855,B3903,Vari,Konkan local Vari landrace,33.69,3233.84,"Standing requirement for Vari, quantity flexible based on quality.",2026-07-16,2026-08-18,Konkan,Thane,Shahapur,Shirol
D4856,B4556,Coconut,Banawali,25.85,4870.86,Requirement raised for Coconut to meet upcoming production schedule.,2026-05-07,2026-05-30,Konkan,Sindhudurg,Devgad,Shirgaon
D4857,B1909,Sunflower,LSF-8,16.38,5480.7,Need consistent Sunflower supply for ongoing operations.,2026-08-26,2026-10-25,Vidarbha,Buldhana,Jalgaon Jamod,Asalgaon
D4858,B0702,Sunflower,Not Specified,45.15,5233.44,Seeking regular Sunflower supply from nearby farmers.,2026-07-31,2026-10-22,Vidarbha,Buldhana,Nandura,Chandur Biswa
D4859,B3057,Mango (Alphonso),Not Specified,31.27,23001.87,Inviting offers for Mango (Alphonso) from farmers in the region.,2026-05-21,2026-07-04,Konkan,Raigad,Shrivardhan,Adgaon
D4860,B0152,Tur,BDN-711,38.66,6120.56,Inviting offers for Tur from farmers in the region.,2026-07-27,2026-10-21,Marathwada,Latur,Nilanga,Aurad
D4861,B0700,Gram,Not Specified,70.65,4976.69,"Standing requirement for Gram, quantity flexible based on quality.",2026-08-16,2026-10-15,Marathwada,Latur,Ahmedpur,Shirur Tajband
D4862,B2845,Udid,TAU-1,46.78,8900.7,Seeking regular Udid supply from nearby farmers.,2026-06-03,2026-07-07,Konkan,Thane,Shahapur,Shirol
D4863,B2686,Vari,Not Specified,71.94,5060.61,Inviting offers for Vari from farmers in the region.,2026-08-04,2026-10-12,Konkan,Palghar,Dahanu,Dapchari
D4864,B0942,Field Beans,Local Konkan landrace,31.53,2846.52,Seeking regular Field Beans supply from nearby farmers.,2026-05-28,2026-07-12,Konkan,Raigad,Panvel,Bhatan
D4865,B4308,Linseed,Parbhani Alsi,56.09,7734.87,Sourcing Linseed in bulk for our processing unit.,2026-08-23,2026-11-15,Vidarbha,Gadchiroli,Gadchiroli,Kotgal
D4866,B2755,Gram,Phule Vikram,16.52,5202.21,Looking for fresh Gram for wholesale procurement.,2026-05-06,2026-08-04,Marathwada,Latur,Shirur Anantpal,Anandwadi
D4867,B4475,Groundnut,SB-11,42.0,8358.48,Requirement raised for Groundnut to meet upcoming production schedule.,2026-06-18,2026-09-20,Khandesh,Nashik,Chandwad,Pattharsenbe
D4868,B2770,Udid,Not Specified,8.96,7531.67,Bulk Udid requirement for processing.,2026-06-13,2026-07-13,Konkan,Thane,Bhiwandi,Ambardi
D4869,B2431,Vari,Not Specified,72.06,3586.46,"Procurement need for good quality Vari, open to multiple sellers.",2026-06-24,2026-10-06,Western Maharashtra (Desh),Kolhapur,Shirol,Shirol
D4870,B2387,Gram,Not Specified,16.92,5104.92,Buyer looking to purchase Gram directly from farmers.,2026-08-24,2026-10-01,Marathwada,Latur,Chakur,Ajansonda Kh.
D4871,B4426,Mango (Alphonso),Not Specified,13.61,22837.73,Looking for fresh Mango (Alphonso) for wholesale procurement.,2026-06-13,2026-07-07,Konkan,Raigad,Alibag,Agarsure
D4872,B4534,Udid,TAU-1,69.73,8615.16,Sourcing Udid for export-quality grading and packaging.,2026-06-06,2026-08-21,Konkan,Palghar,Dahanu,Charoti
D4873,B1198,Wheat,Tapovan (NIAW-917),24.32,2308.81,Sourcing Wheat in bulk for our processing unit.,2026-07-22,2026-09-10,Marathwada,Nanded,Biloli,Kasrali
D4874,B4703,Areca Nut,Not Specified,7.8,53249.21,Sourcing Areca Nut for export-quality grading and packaging.,2026-08-07,2026-09-10,Konkan,Sindhudurg,Dodamarg,Panturli
D4875,B3680,Chickoo,Cricket Ball,17.5,4058.06,Inviting offers for Chickoo from farmers in the region.,2026-07-29,2026-09-03,Konkan,Palghar,Vikramgad,Dadade
D4876,B4618,Coconut,Pratap,21.54,4418.96,"Standing requirement for Coconut, quantity flexible based on quality.",2026-05-10,2026-05-25,Konkan,Sindhudurg,Kudal,Gaorai
D4877,B0448,Groundnut,TAG-24,38.23,6098.32,Buyer looking to purchase Groundnut directly from farmers.,2026-06-11,2026-07-17,Khandesh,Nashik,Dindori,Vanarvadi
D4878,B4129,Areca Nut,Mangala,25.88,44321.34,"Standing requirement for Areca Nut, quantity flexible based on quality.",2026-08-20,2026-09-12,Konkan,Sindhudurg,Malwan,Devli
D4879,B3724,Sunflower,KBSH-1,76.58,5948.6,"Procurement need for good quality Sunflower, open to multiple sellers.",2026-08-19,2026-09-27,Vidarbha,Buldhana,Buldhana,Deulghat
D4880,B3533,Wheat,Not Specified,30.28,2985.89,Inviting offers for Wheat from farmers in the region.,2026-08-26,2026-10-23,Marathwada,Nanded,Kinwat,Mandvi
D4881,B2023,Bajra,Not Specified,36.61,2063.02,Need consistent Bajra supply for ongoing operations.,2026-04-29,2026-05-29,Western Maharashtra (Desh),Pune,Velhe,Ambavane
D4882,B3953,Wheat,Not Specified,20.58,2523.58,Inviting offers for Wheat from farmers in the region.,2026-08-15,2026-10-26,Marathwada,Nanded,Nanded,Tuppa
D4883,B3227,Ragi,Not Specified,9.67,3524.95,Sourcing Ragi for export-quality grading and packaging.,2026-08-21,2026-10-02,Konkan,Thane,Ambarnath,Chinchpada
D4884,B0412,Bajra,Not Specified,58.21,4482.07,"Procurement need for good quality Bajra, open to multiple sellers.",2026-07-29,2026-11-23,Western Maharashtra (Desh),Pune,Maval,Adavi
D4885,B1303,Sugarcane,Co 86032,549.83,563.22,Bulk Sugarcane requirement for processing.,2026-05-20,2026-08-02,Western Maharashtra (Desh),Solapur,Madha,Bhosare
D4886,B3964,Rice,Not Specified,94.59,3590.14,"Procurement need for good quality Rice, open to multiple sellers.",2026-04-29,2026-08-02,Vidarbha,Nagpur,Katol,Ajangaon
D4887,B2797,Jowar,Phule Yashoda,66.14,3899.42,"Standing requirement for Jowar, quantity flexible based on quality.",2026-05-16,2026-07-09,Western Maharashtra (Desh),Pune,Purandhar,Ambale
D4888,B1163,Udid,Not Specified,20.78,8910.7,Buyer looking to purchase Udid directly from farmers.,2026-05-02,2026-08-09,Konkan,Thane,Ambarnath,Chinchpada
D4889,B4421,Cotton,Not Specified,62.55,9930.46,Requirement raised for Cotton to meet upcoming production schedule.,2026-08-22,2026-11-23,Marathwada,Latur,Udgir,Arasnal
D4890,B1744,Wheat,Lokwan,51.57,2326.09,"Procurement need for good quality Wheat, open to multiple sellers.",2026-08-21,2026-10-19,Western Maharashtra (Desh),Sangli,Khanapur,Alsund
D4891,B0600,Chickoo,Not Specified,33.86,3878.25,Buyer looking to purchase Chickoo directly from farmers.,2026-06-17,2026-07-09,Konkan,Thane,Kalyan,Antarde
D4892,B1025,Mango (Alphonso),Not Specified,14.75,23844.8,Inviting offers for Mango (Alphonso) from farmers in the region.,2026-06-07,2026-07-15,Konkan,Raigad,Sudhagad-Pali,Kumbharghar
D4893,B3615,Coconut,Not Specified,5.1,4611.17,Looking for fresh Coconut for wholesale procurement.,2026-06-29,2026-07-10,Konkan,Sindhudurg,Malwan,Kalethar
D4894,B4086,Groundnut,TAG-24,14.88,6552.98,"Procurement need for good quality Groundnut, open to multiple sellers.",2026-06-05,2026-08-25,Western Maharashtra (Desh),Satara,Satara,Angapur Vandan
D4895,B0258,Chickoo,Not Specified,27.99,3658.9,Bulk Chickoo requirement for processing.,2026-08-05,2026-09-15,Konkan,Palghar,Palghar,Barhanpur
D4896,B2531,Sunflower,Not Specified,28.84,6291.21,Need consistent Sunflower supply for ongoing operations.,2026-05-11,2026-09-06,Vidarbha,Buldhana,Nandura,Alampur
D4897,B3126,Cotton,RCH-2 Bt,35.99,9929.21,Requirement raised for Cotton to meet upcoming production schedule.,2026-08-20,2026-12-13,Khandesh,Dhule,Shirpur,Boradi
D4898,B4013,Udid,Not Specified,64.32,8795.35,Sourcing Udid in bulk for our processing unit.,2026-08-25,2026-11-22,Konkan,Thane,Murbad,Dhasai
D4899,B3581,Maize,Pratap Hybrid-1,18.11,2554.58,Sourcing Maize for export-quality grading and packaging.,2026-07-09,2026-08-11,Khandesh,Nashik,Dindori,Dindori
D4900,B2246,Soybean,MAUS 71,31.0,5179.0,Bulk Soybean requirement for processing.,2026-06-05,2026-09-30,Marathwada,Nanded,Nanded,Wadi Bk.
D4901,B4122,Udid,Phule Uttara,36.61,8699.84,Looking to procure Udid for institutional buyers.,2026-07-18,2026-08-22,Konkan,Thane,Kalyan,Antarli
D4902,B1320,Banana,Grand Naine,21.6,3698.28,Inviting offers for Banana from farmers in the region.,2026-08-20,2026-09-09,Khandesh,Jalgaon,Jalgaon,Asoda
D4903,B1005,Vari,Konkan local Vari landrace,9.95,4660.09,Bulk Vari requirement for processing.,2026-05-30,2026-07-11,Konkan,Raigad,Panvel,Bhatan
D4904,B0056,Gram,Phule Vikram,70.93,5287.03,Requirement raised for Gram to meet upcoming production schedule.,2026-06-28,2026-09-22,Marathwada,Latur,Nilanga,Aurad
D4905,B0583,Banana,Rajapuri,7.33,5118.21,Looking to procure Banana for institutional buyers.,2026-08-01,2026-09-04,Khandesh,Jalgaon,Jamner,Ambilhol
D4906,B0058,Maize,Karveer,44.06,2635.91,"Standing requirement for Maize, quantity flexible based on quality.",2026-05-12,2026-06-18,Khandesh,Dhule,Shirpur,Boradi
D4907,B3293,Areca Nut,Not Specified,28.71,42198.68,Looking to procure Areca Nut for institutional buyers.,2026-06-26,2026-08-03,Konkan,Ratnagiri,Dapoli,Murdi
D4908,B3273,Chickoo,Not Specified,28.99,3625.02,Buyer looking to purchase Chickoo directly from farmers.,2026-06-26,2026-07-22,Konkan,Thane,Ambarnath,Chinchpada
D4909,B3938,Rice,Not Specified,14.88,4065.61,Looking for fresh Rice for wholesale procurement.,2026-07-09,2026-11-05,Vidarbha,Chandrapur,Chandrapur,Adegaon
D4910,B2802,Rice,Not Specified,22.73,4264.43,Requirement raised for Rice to meet upcoming production schedule.,2026-08-19,2026-10-06,Konkan,Palghar,Talasari,Upalat
D4911,B0579,Linseed,NL-97,23.53,7078.43,Inviting offers for Linseed from farmers in the region.,2026-07-08,2026-08-19,Vidarbha,Gadchiroli,Desaiganj,Koregaon
D4912,B4574,Cashew,Vengurla-4,19.31,16782.98,Sourcing Cashew in bulk for our processing unit.,2026-05-20,2026-05-30,Konkan,Sindhudurg,Vengurla,Karli
D4913,B3532,Field Beans,Local Konkan landrace,28.19,3854.65,"Standing requirement for Field Beans, quantity flexible based on quality.",2026-05-24,2026-07-07,Konkan,Raigad,Poladpur,Adavale Kh.
D4914,B3830,Jowar,Not Specified,24.09,4658.23,Looking to procure Jowar for institutional buyers.,2026-06-09,2026-07-11,Vidarbha,Wardha,Seloo,Ghorad
D4915,B3113,Wheat,Not Specified,16.76,2623.48,Buyer looking to purchase Wheat directly from farmers.,2026-05-29,2026-06-27,Marathwada,Nanded,Kinwat,Bodhadi Bk.
D4916,B2014,Jowar,CSH-16,25.75,2643.81,Bulk Jowar requirement for processing.,2026-07-14,2026-09-01,Vidarbha,Akola,Akot,Mundgaon
D4917,B4643,Cashew,Not Specified,11.9,21950.13,Bulk Cashew requirement for processing.,2026-05-15,2026-06-01,Konkan,Raigad,Sudhagad-Pali,Koshimbale
D4918,B4165,Groundnut,JL-24,34.5,6458.27,Inviting offers for Groundnut from farmers in the region.,2026-06-15,2026-09-14,Khandesh,Nashik,Sinnar,Sayandalwadi
D4919,B4081,Jowar,CSH-25,55.07,3927.47,"Standing requirement for Jowar, quantity flexible based on quality.",2026-06-25,2026-09-01,Vidarbha,Akola,Barshitakli,Mahan
D4920,B0613,Gram,Vijay,48.58,6818.8,Requirement raised for Gram to meet upcoming production schedule.,2026-07-03,2026-10-02,Marathwada,Latur,Chakur,Ajansonda Kh.
D4921,B1730,Rice,Karjat-3,91.93,5327.77,"Procurement need for good quality Rice, open to multiple sellers.",2026-07-27,2026-10-18,Vidarbha,Nagpur,Parseoni,Dahegaon
D4922,B0730,Maize,Not Specified,29.75,2773.41,Buyer looking to purchase Maize directly from farmers.,2026-08-22,2026-11-10,Khandesh,Nandurbar,Nandurbar,Ambapur
D4923,B2028,Sunflower,Not Specified,23.22,7719.38,Sourcing Sunflower for export-quality grading and packaging.,2026-08-12,2026-10-21,Vidarbha,Buldhana,Buldhana,Chandol
D4924,B4401,Gram,Phule Vikram,12.99,6179.11,Seeking regular Gram supply from nearby farmers.,2026-06-16,2026-10-06,Marathwada,Latur,Jalkot,Chera
D4925,B3171,Areca Nut,Not Specified,27.18,48329.43,Sourcing Areca Nut for export-quality grading and packaging.,2026-07-19,2026-08-05,Konkan,Sindhudurg,Kankavli,Shivajipeth
D4926,B3541,Cotton,RCH-2 Bt,67.66,8439.38,Need consistent Cotton supply for ongoing operations.,2026-06-29,2026-08-14,Khandesh,Nandurbar,Shahada,Ambapur
D4927,B1606,Maize,Pratap Hybrid-1,26.87,2209.72,Requirement raised for Maize to meet upcoming production schedule.,2026-08-15,2026-11-10,Khandesh,Jalgaon,Pachora,Anturli Bk. Pr. Pachora
D4928,B3749,Udid,TAU-2,46.4,9109.17,Looking for fresh Udid for wholesale procurement.,2026-05-12,2026-06-06,Konkan,Palghar,Vada,Chinchghar
D4929,B1075,Wheat,Not Specified,66.09,3240.46,Bulk Wheat requirement for processing.,2026-07-22,2026-08-23,Western Maharashtra (Desh),Pune,Pune City,Keshavnagar-Mundwa
D4930,B2563,Coconut,Not Specified,28.32,5967.07,Looking for fresh Coconut for wholesale procurement.,2026-05-27,2026-07-05,Konkan,Sindhudurg,Dodamarg,Kumbral
D4931,B1302,Sunflower,LSF-8,17.69,7780.75,Requirement raised for Sunflower to meet upcoming production schedule.,2026-07-25,2026-10-31,Vidarbha,Buldhana,Mehkar,Anjani Bk.
D4932,B0340,Groundnut,Not Specified,66.98,8177.85,Buyer looking to purchase Groundnut directly from farmers.,2026-05-25,2026-07-28,Western Maharashtra (Desh),Pune,Ambegaon,Ahupe
D4933,B2218,Cotton,Bt Cotton (Bollgard II hybrid),17.79,7882.02,Requirement raised for Cotton to meet upcoming production schedule.,2026-06-29,2026-08-20,Marathwada,Dharashiv (Osmanabad),Osmanabad,Dhoki
D4934,B1932,Chickoo,Not Specified,34.17,2716.57,Inviting offers for Chickoo from farmers in the region.,2026-05-22,2026-06-13,Konkan,Palghar,Vikramgad,Dadade
D4935,B1078,Cashew,Vengurla-7,11.95,19153.8,Sourcing Cashew in bulk for our processing unit.,2026-05-01,2026-05-14,Konkan,Sindhudurg,Kankavli,Waingani
D4936,B4052,Gram,Phule Vikram,12.81,5321.12,Seeking regular Gram supply from nearby farmers.,2026-05-08,2026-07-08,Marathwada,Latur,Renapur,Pangaon
D4937,B4336,Soybean,JS 9560,11.27,5328.86,Looking for fresh Soybean for wholesale procurement.,2026-08-08,2026-12-06,Marathwada,Parbhani,Manwath,Kolha
D4938,B1740,Chickoo,Not Specified,11.52,2298.69,Looking for fresh Chickoo for wholesale procurement.,2026-08-17,2026-09-25,Konkan,Palghar,Palghar,Betegaon
D4939,B0201,Wheat,Sharbati,8.29,3352.23,"Procurement need for good quality Wheat, open to multiple sellers.",2026-05-12,2026-08-24,Marathwada,Nanded,Hadgaon,Palsa
D4940,B0099,Groundnut,JL-24,52.01,6179.57,Looking to procure Groundnut for institutional buyers.,2026-06-16,2026-10-07,Vidarbha,Washim,Washim,Ansing
D4941,B1979,Cashew,Not Specified,8.35,22435.93,Need consistent Cashew supply for ongoing operations.,2026-07-25,2026-08-18,Konkan,Sindhudurg,Dodamarg,Kumbral
D4942,B4011,Jowar,Maldandi,25.77,4108.8,Need consistent Jowar supply for ongoing operations.,2026-05-18,2026-07-27,Vidarbha,Wardha,Seloo,Akoli
D4943,B3898,Sunflower,Not Specified,32.6,6047.01,Bulk Sunflower requirement for processing.,2026-06-10,2026-07-17,Vidarbha,Buldhana,Sangrampur,Sangrampur Pr. Jamod
D4944,B1473,Udid,Not Specified,35.81,6796.0,Looking to procure Udid for institutional buyers.,2026-06-05,2026-07-27,Konkan,Thane,Kalyan,Antarde
D4945,B4728,Bajra,Not Specified,16.55,2720.55,Need consistent Bajra supply for ongoing operations.,2026-08-02,2026-09-13,Marathwada,Chhatrapati Sambhajinagar (Aurangabad),Khuldabad,Verul
D4946,B0566,Jowar,CSH-16,22.46,3495.99,"Procurement need for good quality Jowar, open to multiple sellers.",2026-07-25,2026-10-30,Vidarbha,Gadchiroli,Dhanora,Dhanora
D4947,B0415,Groundnut,TAG-24,48.72,8213.16,"Standing requirement for Groundnut, quantity flexible based on quality.",2026-07-26,2026-10-01,Western Maharashtra (Desh),Kolhapur,Karvir,Amashi
D4948,B4131,Mango (Alphonso),Pairi,30.72,17701.46,"Procurement need for good quality Mango (Alphonso), open to multiple sellers.",2026-08-02,2026-08-16,Konkan,Raigad,Tala,Bamanghar
D4949,B1079,Cashew,Not Specified,23.69,14250.62,Need consistent Cashew supply for ongoing operations.,2026-08-22,2026-09-08,Konkan,Sindhudurg,Kankavli,Bandargaon
D4950,B1213,Gram,Not Specified,31.33,5250.54,Sourcing Gram for export-quality grading and packaging.,2026-08-10,2026-10-14,Marathwada,Latur,Renapur,Kadepur
D4951,B3785,Udid,Not Specified,14.49,7370.8,Seeking regular Udid supply from nearby farmers.,2026-05-11,2026-09-07,Konkan,Palghar,Palghar,Betegaon
D4952,B0734,Udid,Phule Uttara,74.4,6568.2,Sourcing Udid for export-quality grading and packaging.,2026-06-25,2026-10-11,Konkan,Thane,Ambarnath,Chinchpada
D4953,B2665,Jowar,Not Specified,11.67,5475.65,Sourcing Jowar in bulk for our processing unit.,2026-05-27,2026-07-23,Western Maharashtra (Desh),Ahilyanagar (Ahmednagar),Kopargaon,Samvatsar
D4954,B1767,Gram,Phule Vikram,25.03,6564.15,Sourcing Gram for export-quality grading and packaging.,2026-08-10,2026-10-27,Marathwada,Latur,Chakur,Ajansonda Kh.
D4955,B0762,Gram,JAKI-9218,53.94,6918.64,Sourcing Gram for export-quality grading and packaging.,2026-04-30,2026-06-01,Marathwada,Latur,Shirur Anantpal,Aari
D4956,B3797,Vari,Not Specified,20.43,5051.41,Need consistent Vari supply for ongoing operations.,2026-06-25,2026-09-22,Western Maharashtra (Desh),Satara,Jaoli,Alewadi
D4957,B1958,Bajra,Shraddha,41.13,4238.32,Inviting offers for Bajra from farmers in the region.,2026-08-21,2026-11-11,Western Maharashtra (Desh),Pune,Junnar,Ahinavewadi
D4958,B4468,Ragi,Dapoli-2,7.4,3822.07,"Procurement need for good quality Ragi, open to multiple sellers.",2026-05-27,2026-08-07,Konkan,Palghar,Vasai,Arnala
D4959,B1787,Cotton,Ajeet-155 Bt,45.62,9993.49,Looking to procure Cotton for institutional buyers.,2026-06-29,2026-10-13,Vidarbha,Chandrapur,Pombhurna,Ambai Tukum
D4960,B1152,Maize,Karveer,50.39,2256.13,Need consistent Maize supply for ongoing operations.,2026-08-19,2026-10-19,Khandesh,Nandurbar,Shahada,Ambapur
D4961,B3298,Tur,Phule Rajeshwari,16.05,6096.08,Looking to procure Tur for institutional buyers.,2026-06-13,2026-09-05,Vidarbha,Washim,Karanja,Bhambdevi
D4962,B0228,Bajra,Saburi,60.14,3691.08,"Procurement need for good quality Bajra, open to multiple sellers.",2026-05-26,2026-07-26,Marathwada,Jalna,Jafrabad,Bharaj Bk.
D4963,B3102,Chickoo,Kalipatti,30.19,3151.4,Bulk Chickoo requirement for processing.,2026-06-17,2026-07-23,Konkan,Thane,Kalyan,Antarde
D4964,B1645,Gram,Vijay,29.08,5163.75,Bulk Gram requirement for processing.,2026-08-13,2026-11-11,Marathwada,Latur,Deoni,Achwala
D4965,B3002,Tur,Phule Rajeshwari,33.76,7844.75,Requirement raised for Tur to meet upcoming production schedule.,2026-08-02,2026-11-07,Konkan,Palghar,Jawhar,Winwal
D4966,B2957,Sunflower,Not Specified,37.55,7555.91,Looking for fresh Sunflower for wholesale procurement.,2026-05-05,2026-08-19,Vidarbha,Buldhana,Sangrampur,Sonala
D4967,B1874,Linseed,Not Specified,32.58,6307.97,Seeking regular Linseed supply from nearby farmers.,2026-07-17,2026-09-30,Vidarbha,Gadchiroli,Armori,Churmura
D4968,B2229,Field Beans,Konkan Val landrace,7.46,4247.32,Seeking regular Field Beans supply from nearby farmers.,2026-08-25,2026-09-12,Konkan,Raigad,Karjat,Khandape
D4969,B2672,Rice,Indrayani,39.55,4370.23,"Standing requirement for Rice, quantity flexible based on quality.",2026-07-25,2026-11-19,Vidarbha,Gadchiroli,Chamorshi,Ghot
D4970,B1622,Bajra,Phule Adishakti,23.15,3060.83,Looking for fresh Bajra for wholesale procurement.,2026-06-08,2026-08-08,Marathwada,Beed,Shirur-Kasar,Raimoha
D4971,B1180,Linseed,Not Specified,24.63,5665.08,"Standing requirement for Linseed, quantity flexible based on quality.",2026-08-16,2026-09-15,Vidarbha,Gadchiroli,Kurkheda,Wadegaon
D4972,B4466,Udid,TAU-2,19.02,8325.85,Seeking regular Udid supply from nearby farmers.,2026-05-17,2026-08-29,Konkan,Palghar,Vikramgad,Dadade
D4973,B1641,Cashew,Vengurla-4,14.24,23516.42,"Procurement need for good quality Cashew, open to multiple sellers.",2026-07-22,2026-08-11,Konkan,Sindhudurg,Dodamarg,Kumbral
D4974,B3026,Chickoo,Kalipatti,21.36,4066.39,Inviting offers for Chickoo from farmers in the region.,2026-06-06,2026-07-15,Konkan,Palghar,Vikramgad,Balapur
D4975,B3544,Jowar,Not Specified,53.14,5873.11,"Procurement need for good quality Jowar, open to multiple sellers.",2026-07-21,2026-10-23,Western Maharashtra (Desh),Sangli,Shirala,Arala
D4976,B3833,Turmeric,Phule Swarupa,21.72,15773.41,Need consistent Turmeric supply for ongoing operations.,2026-06-26,2026-07-07,Western Maharashtra (Desh),Sangli,Jat,Asangi Jat
D4977,B0413,Sunflower,Not Specified,39.64,5561.49,Sourcing Sunflower in bulk for our processing unit.,2026-06-26,2026-09-09,Vidarbha,Buldhana,Sindkhed Raja,Changefal
D4978,B3091,Groundnut,Not Specified,53.22,6352.06,Looking to procure Groundnut for institutional buyers.,2026-08-14,2026-12-04,Western Maharashtra (Desh),Pune,Purandhar,Ambodi
D4979,B4630,Soybean,Not Specified,21.45,5745.94,Seeking regular Soybean supply from nearby farmers.,2026-08-19,2026-12-17,Vidarbha,Washim,Mangrulpir,Borwha Kh.
D4980,B2917,Areca Nut,Not Specified,4.81,41033.47,"Standing requirement for Areca Nut, quantity flexible based on quality.",2026-05-26,2026-07-02,Konkan,Ratnagiri,Ratnagiri,Bhandarwadi
D4981,B1354,Wheat,Not Specified,57.5,2569.67,"Standing requirement for Wheat, quantity flexible based on quality.",2026-08-07,2026-09-19,Marathwada,Nanded,Kandhar,Kurla
D4982,B1727,Jowar,Not Specified,60.51,3807.25,Sourcing Jowar for export-quality grading and packaging.,2026-08-13,2026-11-08,Western Maharashtra (Desh),Pune,Velhe,Ambed
D4983,B2008,Rice,Not Specified,36.65,5203.72,Buyer looking to purchase Rice directly from farmers.,2026-08-22,2026-12-16,Konkan,Palghar,Vasai,Arnala
D4984,B1357,Ragi,Dapoli-1,26.93,3241.6,Seeking regular Ragi supply from nearby farmers.,2026-05-28,2026-09-16,Konkan,Raigad,Uran,Bandhpada
D4985,B1974,Soybean,JS 9560,63.47,7595.59,Buyer looking to purchase Soybean directly from farmers.,2026-06-25,2026-07-25,Vidarbha,Washim,Manora,Poharadevi
D4986,B2896,Udid,TAU-1,48.74,8809.85,Bulk Udid requirement for processing.,2026-07-15,2026-09-26,Konkan,Palghar,Dahanu,Charoti
D4987,B4205,Maize,Pratap Hybrid-1,61.34,2161.99,Sourcing Maize for export-quality grading and packaging.,2026-08-06,2026-11-28,Marathwada,Chhatrapati Sambhajinagar (Aurangabad),Kannad,Deogaon (R)
D4988,B4275,Groundnut,Not Specified,69.82,7765.6,Seeking regular Groundnut supply from nearby farmers.,2026-06-08,2026-08-04,Khandesh,Nashik,Deola,Vijayanagara
D4989,B2088,Areca Nut,Not Specified,29.22,50471.91,Looking to procure Areca Nut for institutional buyers.,2026-07-30,2026-09-01,Konkan,Ratnagiri,Chiplun,Ketki
D4990,B0684,Bajra,Shraddha,48.41,2871.44,Bulk Bajra requirement for processing.,2026-06-02,2026-08-04,Western Maharashtra (Desh),Pune,Shirur,Ambale
D4991,B2238,Gram,JAKI-9218,54.29,5234.53,Bulk Gram requirement for processing.,2026-07-14,2026-10-16,Marathwada,Latur,Shirur Anantpal,Ajani Bk.
D4992,B0227,Cotton,Suraj Bt,55.37,8338.05,Buyer looking to purchase Cotton directly from farmers.,2026-07-19,2026-08-30,Vidarbha,Washim,Malegaon,Amani
D4993,B1667,Groundnut,TAG-24,47.66,8371.68,Looking to procure Groundnut for institutional buyers.,2026-08-25,2026-11-28,Khandesh,Nashik,Dindori,Dhakambe
D4994,B0020,Cotton,Bt Cotton (Bollgard II hybrid),18.39,9732.16,Bulk Cotton requirement for processing.,2026-06-24,2026-07-31,Vidarbha,Nagpur,Katol,Ajangaon
D4995,B4106,Turmeric,Not Specified,8.53,9207.66,Seeking regular Turmeric supply from nearby farmers.,2026-06-04,2026-06-20,Western Maharashtra (Desh),Sangli,Jat,Ankalagi
D4996,B2981,Rice,Ambemohar,89.44,3801.1,Buyer looking to purchase Rice directly from farmers.,2026-07-25,2026-11-14,Vidarbha,Nagpur,Katol,Ambada
D4997,B1777,Linseed,Not Specified,23.73,5533.81,Inviting offers for Linseed from farmers in the region.,2026-05-25,2026-07-10,Vidarbha,Gondia,Arjuni-Morgaon,Arjuni
D4998,B3974,Wheat,NIAW-34,15.67,2879.08,Buyer looking to purchase Wheat directly from farmers.,2026-07-07,2026-08-05,Vidarbha,Wardha,Samudrapur,Bothuda
D4999,B0921,Mango (Alphonso),Pairi,23.93,27763.53,"Procurement need for good quality Mango (Alphonso), open to multiple sellers.",2026-05-14,2026-06-22,Konkan,Ratnagiri,Khed,Khed (Bhadgaon)
D5000,B3981,Sunflower,Not Specified,36.88,6882.62,Sourcing Sunflower for export-quality grading and packaging.,2026-05-01,2026-08-23,Vidarbha,Buldhana,Motala,Rohinkhed
